P=100
004213208123 254085243136
001099040185 255134180010
002189111183 253126141164
001008205121 254089224075
005184209149 254247099188
002047089030 255148167233
000005066043 254055101171
001024246082 253213069147
000096090237 254206141098
003253033150 252205113055
000055188075 254170188093
004233091151 254107200115
002003091238 249171083030
000175049210 255060091018
000007235085 248060106220
000194255021 255205202105
001033135060 250191026032
002099161203 255147011176
001117229119 255174247090
001075119071 254039109090
004081033230 255242041154
003229195035 251164177049
001055168026 252062074126
002113150189 255197038171
001048151170 254190054200
003159181225 254007218203
002000127214 254044155218
000198211110 255235131225
002003241018 252005045033
003061013046 252250114123
001068084020 255000022182
003183094014 255073046160
003186049162 255026133108
001054103095 255165131255
000229025073 253228097042
003041006213 252071219252
001240054041 255069031231
000058152137 255115016254
001120254003 255119197020
000015232094 252170250113
001017251176 255151142220
004012145188 254185037039
001008121149 254081060010
008255001246 254207005022
004112118093 254196017245
005085092189 247064021139
009227137192 251193150060
000210244022 253194154030
003026150255 254041217181
001077161074 253085173014
002065044131 255097174091
003000002127 253086189051
000097105076 255226224251
003199189223 254218006019
002178247064 255110182111
000016155084 253149180205
001137064025 252235248195
001164012138 253173013255
002122206018 255227107014
003037043212 255148247177
002108186000 254106106211
005245219038 253039110104
001008044045 241021110042
000105020237 253081038183
004005224040 252145179059
008002195232 254209215185
004086161203 255210101043
007208248089 248059054251
003159187077 255178022255
001144036016 254113209084
008052211054 251188149136
001165013055 252104094205
001157018105 254229184194
001001232116 250177247041
000035049017 255248073194
000240073178 252042115119
003230096092 253048014159
000078250207 255226166222
001242076242 255198146041
001139059173 254017013081
001081000157 247165010120
010217027024 251052063027
000041164185 255129132047
000063177234 255164245128
001245010219 254245115139
002108144170 252193162172
006003200230 255210150041
003153179010 254130045168
001131190174 247096096029
003213188115 253069044246
001143017204 254021161251
003206068163 255102055155
004003163220 255046009002
002114235096 250210034042
001008080053 252018170160
000234195159 250005115015
001142131155 255009104045
001171202129 250182248005
005099182221 250247006008
002229103135 251194179129
000090081221 254067253234
002209079104 252107024059
000049116019 254094189201
002041244221 255254099194
000185112034 255025254216
000076080172 254050003046
000106103192 255083002025
000030153212 255217011092
006197190238 255118118040
003221175111 253087251232
005244114161 255231096073
000010169209 254127081069
004017063194 255172037061
001190243048 253009245242
001231235177 253091117122
001143092088 252159079131
001032155199 249043251171
003084047141 248198031051
000249135017 253011105116
001056163013 255060022000
000010104162 246108210172
000034085022 251230195028
003015119203 254166243178
003097247218 254145004142
000070048227 249006055094
000172061088 253095029135
003236020187 255150252024
001027214074 255103105107
011133061184 255176160057
003101112251 254075010132
005013249247 254081141170
002036129024 249059093026
000115142033 255169178022
004100100071 255089041142
000142005183 255122195017
001009203191 251178193198
000057191062 251085198198
002058159243 253156097244
005059108093 255105162068
000251026223 255013041140
002241197044 254183121241
003236148003 255060085095
000029108177 254042149238
002078001013 255022012030
006018049065 254141042147
003016192232 254238075099
001148050182 252169146103
001035024054 255110196195
006244046051 252108215120
004215179084 254070138098
005198147019 254202023120
001193237227 251152151152
003025236113 255153164065
003227251254 253067105035
000221090200 254063169234
001230104148 254032065042
002207144168 255178022144
000156117207 255038110253
001107234135 253212068083
000024143182 255231190000
000146185081 254143103050
002083089119 254049244212
000091092244 253153153114
002202153158 253147253040
001064020228 254153050167
002174251045 254150166254
000166240255 248110066091
001182243065 255147149112
001073144103 255150038250
000226150248 245145210071
001039248215 255199027088
002223033115 254068177228
001141198239 246139127125
000140191198 255245137111
003074032217 253254007064
003012166032 254159196181
000149231155 255170062002
000177207220 254124058191
000025236252 252235076234
001177159070 251237179096
001039124238 254233225246
000031178188 252026150225
001119164099 255215145140
000109010194 255201137192
000211130132 254206062238
001027232166 253074063113
004151235043 254158156041
001116121004 253245167098
001165251024 254007212083
000060086136 245180110017
009029118028 253201108110
002035122003 254018058044
005217138098 253214207000
006110189001 254144207054
000047083070 254249181189
001197197209 253218042208
000033244142 252242232189
000004248112 255074058209
000013223235 255201242242
003053024222 253193100112
000144210254 251152161055
004231073173 252220219122
001027173116 253048117170
000113252248 249028254244
003112142073 254128155117
001225093139 255154228191
002161223176 254072033198
000211110083 250194014109
001126090100 251106249099
003005203120 251197105181
001170012099 255171218174
003055022013 253156143049
006163063060 252153096179
001134061139 255192077043
006101245204 255072231053
000147019200 252002083166
000002057226 255232203249
009091000092 252068086209
000152201202 251108170197
000019165127 250149099195
000009113021 255079159008
001138017027 252123179122
002006116198 255084057032
002003173233 251214011079
002237196219 255076060255
001090057167 252124207176
000255144153 251145171109
000081102152 254249170120
000032136045 253021044107
000229009202 250131017255
006040031122 255046103052
000147248041 253216161125
001189213018 252075166002
000153056150 255184099101
000109099249 255053150018
000222058211 251204223147
000087197054 251238199026
003106023174 255078075243
005221210037 255161160072
000191160087 255227050135
000233073109 253139149187
002054045007 253201005191
005047203037 247120250032
004208136240 254202075120
005045154082 255143250007
000026155085 255229157150
000059180041 254177235158
002158197029 252031212014
001133127077 252108121114
000118136158 252100079227
002230168134 254115007218
002197224252 253105130195
000085139109 255250080067
001123112084 254043006065
006152093106 252109219146
000010255058 252244017017
001007141062 254187137042
001140089178 254107068086
001164202205 254095011081
000109060233 255222025202
004112150180 251222160236
002028076190 255233241154
003218180172 251076161223
000139046006 250241162134
000155055109 254160042133
004153172187 255010254163
000239105071 254114113022
000030252057 253088038048
000188005195 254205038174
001242049110 250247119002
000023218133 254116068201
001084216164 253063074030
000084172170 254042148003
003203095023 252170033087
008000245246 253139213240
003244079255 244084035064
003188159017 253164069116
001218124007 251137129103
001227142074 246214082110
001231079055 249067156223
000000188058 255014009034
002108142165 251206036114
008128059128 252050012111
014250218136 255125198153
005249102062 255216084159
003039239172 249103017221
000043177074 255028002144
002146159227 255130008157
001230016034 253034040222
000025060029 251210092126
001185071092 251175164211
004048069012 254245179054
003248186126 251030106159
001010186088 254235218011
000121093198 255255242180
000205245160 255177231211
001104143033 255241120004
002186249152 252109252102
001186088167 253237020241
000043207103 254109094127
000137140254 248107028131
004195156236 254225063183
008155150045 255022228028
005142144045 254091169206
001121023197 253195247169
000214028000 254074154217
002208068169 255069000216
000115082215 252132106058
003012050010 253232219045
000130041024 255220097137
000237118144 255057083184
007129077009 254051008014
006216154082 254158243040
000175029037 253063243014
004073043243 254227000040
000155015008 255005245084
007118234014 253022232034
003016227167 251027148229
001070026126 253115128121
000064169016 255139194025
000072074133 255075087019
001186029217 252249061179
001209192245 255176116060
010069060172 255186233164
001030146211 242255240229
000137033172 255184093101
006129246149 254152232034
005018139169 251205085071
003039118091 253079196171
001218002042 253104054130
001162127027 254034157154
002067141198 252186085219
000214073165 255030238091
001108139161 247097165246
000114062163 253057038087
000199135112 255080210157
001052056117 253199240253
007040238050 253133230183
005123058246 255246099115
004200253183 255187094145
001171102207 255069233187
001185162127 255134065216
001203014034 255111207170
003158007159 254189241216
001057173150 255041050216
001238172124 251156231043
000152146227 254171128042
002114137000 253219238190
000055118103 255047050163
002107086236 255138122247
002218019089 255252250175
003240071108 253053011198
003124179192 255028250002
004129057176 255216020044
002007086253 255012185117
000162187188 254185157107
000162248100 255164110244
005104049047 253048077016
010175113104 254140059032
001158091099 255036094087
001226078207 251160166066
000244018251 254209180247
002037107081 254063249163
000101184031 251019070236
002196020213 254014046144
002154218118 251191029213
000000240110 252228062237
004028012045 255153176051
000140016066 255019059224
000221007237 255241052044
000182230213 250041135151
001068159182 253103239143
000151011177 254180004185
008222153130 254106135091
000040142042 251212238219
000104175210 247049082173
002117068228 255006120213
004095117042 254024080047
000082183028 253128148088
009097035089 255255142195
004157086202 254198162095
001125235149 254085085156
004014047128 254218048038
006164117108 255137135143
004229121065 255157008064
002238138016 254169127072
000076138051 247026225110
003040076060 255165062184
001223161151 253165149226
000242166009 247231113067
000045149040 255155234201
001063091060 255055215179
001155113215 254176149123
000014007150 254029018117
002112169189 250041151209
000157063171 255120060204
005093093190 254202110198
000010118039 253022228032
003029183098 254075109013
001123039096 254146125233
002057017255 254083134241
000152240095 251203130134
002186197172 255255040086
000253125052 252098114138
001199031049 252196109146
000043230151 253115094100
004009101030 251232110041
004118010179 255201015097
008127136095 247218044034
001203202134 255118146255
003147056086 255249105001
002057086195 255154194199
001033145185 247220230015
002128157244 255049210112
000106072086 255248251147
002194225153 254113167168
001215131227 249130185094
001050238154 253222236221
000160150089 250099015086
000252127219 255049201031
001088011075 248162049187
000031187063 255010025008
000192105030 251104080207
000129082047 254139013025
002190132056 255067199135
005222019032 252019000206
005026233229 250145071179
000046119016 255081050254
001073216214 251239067173
001078044090 255127196201
000204155191 251022150039
000069132191 249079128170
000197158236 255070078203
008017190017 250018175230
004005097050 255015137018
000038234155 255095153048
012081134172 251130057000
000027232215 255011251036
003209201226 254077071248
005009219110 248099211081
002254131199 252095013173
001094079034 251158059122
002218113041 252183126170
001072058110 255198097101
000168231241 255237135024
000181219163 253253072222
000063025029 254095097048
004252200087 253200174098
001235151139 253013087130
003195178235 255073250230
001043106250 250077102008
000248045124 253077037139
004226137023 255024010042
003061241194 255120033248
001225014122 250180122222
000211227247 254222091248
002074051187 255082022162
001042005001 254170141092
000007148064 255103174244
000150133220 255046054066
000003135238 252026145071
002055144171 255177052005
005206166012 247079135031
001025223254 254018210198
004059053248 250240173146
001130161148 254228123082
001105011110 253069213242
001252173216 253205030092
002012032072 255035146042
001151247182 252216236034
000060158197 255012214119
002113149199 255120215042
000042189092 254084018023
002114113092 253217203011
001213196215 254124197075
002114102145 250029006153
000052016011 254160116001
006230227207 251111175088
000102247152 253189153064
008036092069 255006234125
005172151152 254165107205
007047234159 253010054090
001011110215 250135244148
002061153215 255101185207
008149251127 254214069008
002064196025 254125037230
003108096137 255150135113
000170210030 253033018216
001109248216 253255231013
004066176090 253209148103
000038029165 253223139185
000144129217 252146234250
000097219178 255219245239
007203113015 255033000109
005215222125 255236222059
003041043137 250246254204
001224151087 252056166058
000127025082 255025094072
001013172116 251066021180
003016188068 253021137191
004075085210 255173062018
001223243136 247167214071
000004002210 252136122156
004148116252 254057054150
007130216125 254210234016
000122215244 255146144097
000062192035 255206194141
003212034176 252251204006
001003204252 255127239205
012164108237 253103230080
000052113173 255077049168
000250084102 255230078191
002008200175 255228111239
001071138177 255053181007
002071187076 255187096183
001092198011 255094241123
002008086004 251168107098
000157012044 253092065219
003035074174 253034090011
000199018111 252213004047
000066249021 255246211184
000241054040 253071020203
001156201114 255045246205
004155192149 255060066015
000191027082 254165081060
000189117146 254158045108
005024001246 251081001107
002158195005 254032103209
000061227251 246251211116
002022127127 255208211011
005196133123 251250065077
002219224071 252220237142
004183233239 253150119179
000003255118 254166126242
000216199061 255230112243
002099092009 253001183212
008167065092 247161239151
004199041095 255241071029
000110217129 254033126040
002224098125 255117250193
001104109125 250139019160
002030140112 255195014090
001048181054 255234005028
001048039191 254204165129
002216002190 255251220000
004002070024 254014178102
002182149253 254120056002
004124167215 255246233049
000126063092 255160186141
002108103106 254243209012
004085150119 253174193194
012002140136 254239108184
000248071167 255194196230
000008069235 254101024220
001214179072 255045081159
000073007047 254207048052
000153040085 253156101120
000115101061 251094046184
001146158008 254130176150
001064155022 255241129218
005141003185 251240042198
000020119125 251163034096
003034174006 255075048178
001137185155 255052114157
002135047168 250084072002
000032031065 254089017039
000193244200 255007035212
002009241238 254220123012
003098226125 255151207092
000086220232 255189228069
005031142249 251180167237
003130077198 254031019192
005031028056 252198023206
001228150080 244150046082
003157125091 255233207014
004111116171 255212016177
005198094206 254204117129
000029050235 255054184097
001126046080 255177033028
000034144090 250140184122
000232217130 251192155062
000215028133 254206245110
001240082029 254185223172
001099115084 252067247147
002068019131 255078028139
003136075159 254203085055
004046237146 251216124178
002191193214 255214250004
000055014066 255094086068
000009082107 251216226182
003151023059 252226070211
001029194120 255083032035
001065038129 254213183185
000202228062 255185119218
001131250235 255246140147
000087035240 254050048091
006211165199 250101088103
002165155079 251164233173
005000118205 254186136192
005158018091 255200009034
002145235117 252019185063
002170010109 254035252136
000234113214 254098116060
001106039165 255162165222
001162245110 253242189067
005142105098 255062179033
000002211133 255227230221
005111136130 254095135048
001071135099 255015154074
010102051192 254204238132
004133167019 255009226109
001152202084 253114071171
002112080192 250189121034
002100074251 247190026029
010162011046 254122069213
000216001165 254077249014
000225144141 255124160206
003124178197 253251178144
008112139185 250135033145
000065184091 253092104176
002249032065 255077155225
006015014248 254174117174
000043070025 254212247217
004074098124 255222180126
000188167040 252072236018
004084099050 255010141141
003012047169 250090072066
003000206180 254091126196
006113168224 255217173007
002149051074 254222244183
000038138150 255171076169
000148039087 255083095252
000028181066 255112173229
002163155052 253175192117
003186086218 254185012180
001042212014 255239186242
002095026206 246184228109
001224046028 255195246033
001034178245 255205250172
002128234119 254151202061
000143114079 254137087140
000082077197 255166231186
008252206033 253178134156
003058085004 253004250168
003059145129 254038162197
002214181009 253086155200
001073011198 254216187077
000027052157 254013250025
004011089015 255176198032
009191237235 255186062059
001106017096 250078188013
000056149037 255094205150
001135157116 255023048104
010165215158 255175138168
001241112177 255101220108
002141086050 247009158219
003118135117 254253070255
004100197187 254020073178
002143166076 254064061149
000041012252 253037255220
007186230228 254134039077
002033135236 255093052148
004081034087 253085243064
000050204243 253022174090
000124224087 254052203179
006081093151 255181193254
000200091034 255160253037
001067109085 248076158180
003049154072 255189241219
001088227041 252140233190
004174149131 252176196086
000068115223 255134154170
002205144237 254085181021
000192068040 253228160080
004137050075 255252214144
000161021165 252244115062
000061044111 253122081058
006178243027 248061203103
000128029201 255150122173
007027184064 253102175119
000209173135 247183036085
003018001109 245067132198
001071176248 252131107255
000220139229 255201248047
000215021013 255224102025
000135238189 253078004065
003045243251 255095004154
000008209083 255248009077
000112195032 248247207143
000032091023 255175182072
004082169188 255097100069
001007203037 253171216088
000056021144 244136237039
001054248024 255099228146
004068254142 252161138115
000099185087 255169051058
000011198223 255196159249
002201144211 254153026127
005151224132 255193147138
013185097255 254189183014
005144143202 253126233036
002007237075 251053012083
000160048245 252087245244
005162163155 255057020194
004004236074 251170105015
000232071116 255243248109
000134232024 252047016122
007060074086 254230053000
001155067212 254034144013
001057085058 250122049065
000073136121 255021139151
010059207089 253237099017
003143185083 254018213092
001012080192 253250143248
003029247141 254229198147
006112203228 253236072131
000191081069 254148232099
007141086172 254185253138
000234205074 253108173004
000209112101 254185159016
001191213158 253026014252
000121081224 255174001082
001193071100 255210253076
003114109216 253029006249
005055084017 255240164023
001161002041 253052016059
006029216206 252086151163
002220197233 254126179098
002029044035 255110123123
004214170222 250168124075
000142163048 251018231044
001250237041 251194221209
000124182223 251238150032
000014073174 253011132068
000044005253 254238093096
001217061253 249121150149
001095232118 255117222182
010054221183 255219061155
000018049064 250116216190
003227123190 255225157069
004158001163 254110217109
001065028231 253063215086
000070171157 252084006115
000233213065 254110203194
000055181159 254123218119
000068008075 254085004186
001046179214 255187115169
001147111226 255194110195
000168064191 254027054239
001136047061 247181154121
000030144219 252187125091
001103148186 244073017087
003027186123 255093018169
001115165039 253195120128
001183074021 254108000200
002196164048 254111097049
000215197073 254235066148
001049000054 255198180107
001153023002 254142148037
003039086063 254226164094
003201060055 255163024095
000231199044 253023077001
000153105072 255152117192
002102220128 248016093252
000132131097 254119189236
003027121166 255050138112
005031007120 253227083245
004135139141 253138054012
000082122073 254071059203
002220053022 253239091243
000156241124 255104092110
001199212029 250242002226
002084247001 254072136008
001151192137 253012030034
000230176079 255136113125
002037010123 252220007018
006032059004 252158061117
000170138091 255240042091
000118094214 254141182009
001128249065 253203085131
010105149167 255059234241
000047237109 254069102014
001191232147 252156138165
002198128023 247024143067
004196214169 254042023162
005103226233 255100046212
000109241087 251162099118
003077144057 255161202145
000113016114 252113045128
007169016112 253157209092
001085152173 253081072250
003225159038 251028194050
000091024055 249181135209
001051002000 255156034167
000131025197 253000063079
000137213049 252191234009
000230033234 250219016145
001043169039 255244090117
005121076046 255027211174
004218182164 250002033134
001009223035 249048145147
004071061211 254005174074
000169117040 255117104083
000217144143 254111162183
001084145110 255007152188
006128127152 249180244129
000110075119 249024084158
000126140254 253094089025
002158134159 252044050249
001087152195 254104167209
012094104236 243132018107
000246186003 255006027015
001185175026 238170203125
000249029166 252022243076
000057173132 250242031119
001132178252 255232195205
000241127191 255098032040
000205137037 255097005204
007247207060 250010122121
003214090174 255115168108
008209036115 254008022098
007175202190 253121040054
003043085163 255226024066
003047056093 252252112064
005095149198 254027087014
002108002020 255177211028
000013246049 255194158127
002089125127 250199092070
001218223152 255227245113
005220231094 254117014146
005239079176 254133072144
000197185073 251083139034
000239250051 254079221182
005104165192 255044217255
001132203140 254146028107
004162253100 254058117109
001189218182 248079253238
001195254203 254201180055
001021025194 253200250056
008123016224 255216075070
001023065055 255108126160
005045171227 252242013020
000009044241 255246162194
001042198006 249178245175
003244086250 255206255146
003106092073 255210037019
001199111207 255081234246
006035228240 254156017087
002002068056 255215027102
003246085025 254195056135
001082189130 252225021068
001192072176 254182047136
001023118218 254138124253
008227045101 251193035175
000066139112 254095080238
000255050141 253144027178
000109046215 255017201073
006166008054 251176096024
000007134159 252186240135
001201224138 249241173144
001037179180 250199126159
000156115096 253020255188
000177132059 255080106246
001022088102 249122214133
002041179000 254148078234
002198172214 255019009058
001043136052 252060021139
003166124023 252060087228
001075026107 254150073142
002207115144 252188059080
001011251201 254168056223
002223096056 254221212131
005050028062 255254050089
003014116140 251146163203
002000175254 254013112049
003082241203 255087018255
004189151070 255137119252
001069243041 253079129067
004029073058 244219248202
003212195008 254186025176
006094011104 249070103096
005119236067 255065044099
000177159011 254078008152
006086041052 249038161119
002120191010 254250126156
000055067164 248229080102
006125077157 253065112171
001041028105 246210032213
000132204020 254230246212
004137245114 255083203220
001222148183 255242193121
000012116158 254159135131
003122223019 254130149063
001076110135 250133094143
000075034099 252174085221
003233093039 255113218163
001098048048 250101204159
001100034033 254185082031
000075179060 255134066241
000089134039 254094125068
000183183022 253215176149
001185183180 248241190001
000239102236 250211156219
001036014015 254090203209
005158119234 254210131182
004030053064 248214001134
000071205196 255107012218
000049021083 254197231021
002103248065 255047218034
002134019189 255172069023
002128017060 255210025169
002213160109 254118097181
002198034059 250094052188
004061167053 255229093000
000234032009 252035147113
004251070096 255220200098
005029020220 254238183220
001010118200 253107163159
001152032127 253177186157
005166131183 244068166100
002178184036 254207001118
001137042120 252245171239
000238040046 255029254154
001006021116 253025035053
000115088023 255189195177
001212166218 238247013234
000173249066 255247022174
006102014172 254170148188
000084170017 247063115105
000159090031 255238122254
002139009207 255083153170
000189098057 254198238121
000053056245 248118052247
001073181201 253130115141
003110156148 253131207141
000123237199 253204240249
000203000011 255016062183
006243142073 255208176096
002113073247 255092052208
005151008196 254115208198
000064145243 249226057177
007175098004 253011107037
002100193039 253041194067
003123084203 254165029138
000244048017 245150164198
001102061158 251222091038
000040021205 252195044110
002062067188 255184111006
000133011216 251081137137
001207250193 252227234245
006158199201 255220005156
000020251013 255002225241
002135119104 245180117242
001059161130 250127161000
000159210247 254252041017
000242255045 255109062222
002018114192 252027232025
001096030085 252169169008
003075002241 255211146064
000086172034 251248078232
005032050129 253141096119
003190114225 254074090129
003084053123 255188189204
003114228214 252075076177
002183119084 255099129234
001013233098 250241038126
011067014046 247091003072
000160104065 254126174159
003144114075 253120114088
000026065002 251200142245
000082036221 250008207026
000040059069 253203222079
007022032130 255027000066
002210110230 254165092118
001019224106 252121214175
000242129065 255185031090
000132075141 251198141100
002172080215 253075063204
000160078157 255116240115
000120156201 255161209227
002221183008 255119138031
001085038238 255079076019
001043221213 253114127001
002177167066 250029135080
004066229247 255066191052
000235035079 255153000159
005227098180 254095251130
000015240045 250134089064
003097221208 255137189084
001212008028 252145032210
000108255160 252189022102
000163031191 255037040226
006072250203 249190175056
003089018176 247145018183
003053227193 252074203222
002230128113 255026132212
004206199245 252099215245
000067123249 255164158245
003232088212 255165058207
002018094185 255006062183
000213086207 255212026143
000078252053 255097112203
000137169056 253005176140
001209217127 252186249236
000066028062 254252009103
001072087170 248055029155
000075250047 250059170113
002141077020 252060009151
004161140055 255157111164
000211154076 254087187015
001152127042 254212000186
002014017229 247167210251
004033116030 250021203079
003169194135 253207161243
002037212077 255193172213
002050247200 254159205219
000208185100 255168049253
005147105156 254072233248
004067071155 254240099185
007064025194 255022017114
002178137045 248135230025
001051241017 255019137240
006143062114 253175066212
000092240071 252000132165
003198179143 253068069024
000212084124 249191181242
006042096124 253238201173
000118202021 249227155089
001171035109 254225052115
000003152137 255129071022
000030054152 253205098184
007238213241 246038140243
002136115082 254044175185
000162095112 255116091037
005057069038 251154192244
004241036142 254120221034
002123086103 254251172139
000209230042 250230181057
000175233049 251215079156
002055056129 254226000244
004214200184 254143088196
000153203010 254063072027
003002134255 255238172246
005247089065 246083108118
001167138175 254003063243
009064042089 255225203235
000175055073 255046204091
001230238169 250212213139
000254212057 254237096033
001161225187 251001015252
004178249072 252254110088
000022150101 251177069017
001115042165 251067016213
000130029007 255184167048
000118222075 255083194147
001084094096 252024239024
000039182019 254173074063
000003016084 254171101173
000173123056 252152044204
012227022020 252011154097
000110204126 255174230080
002175128020 255244223059
007180124130 253182047195
001027217107 251251164252
001253055230 253242126216
002123243225 255026198115
000032018139 249022125146
002007215247 255173099075
002089230044 244108140129
001154225119 250101029130
000108137093 255098092034
000116175198 254128208124
001053057010 255020219195
002129196118 252204205204
002051206214 254171212144
007247070118 255228060166
000146147097 253120039052
002084081163 255098101028
002007092092 255191245010
000037095066 255076118185
005018201081 252087151152
000046059209 255111157174
009158064135 255254135090
004127244137 255122154032
000109217204 241019070009
002085013248 250203202158
005151103136 254236250171
001066218044 254244056018
002017124022 253067091080
000045085184 249215255048
000168170213 253035004153
003104085167 252027101004
000080092037 252240033046
012097180207 255126225250
001225242010 255082163159
002006121089 254071109092
003025225007 250035153196
002168034116 254147038216
005081003202 253200205112
001074067144 255157145202
000097188182 255197097220
003162066231 253038095101
003096144050 254178095248
002184059196 255089161122
005110052232 254072160141
002090152178 253189238076
005059201138 254020036075
002017099242 251118241075
000150121092 255242182197
014013126053 255072168080
014204004174 255015000193
002096101036 254198153095
000041058209 255247188089
001162220102 252232037226
000114100239 253012219214
002016143242 255189108195
000151224061 255254140200
000066050187 252230210252
008037191192 252180231174
002092191234 251010057056
003240038174 255141047143
000009220190 251121042039
000059001005 251121237124
003044194093 249252108086
002035001180 254048196110
002010198128 251197003190
005251099007 252154230161
001026022232 255136009214
003201120036 250037216040
000060143147 252096111057
000172228123 251084167002
002098006128 249142160058
005145112108 255160217024
007043088023 255083177086
000196248091 249130034086
002112119103 253050128039
001235095120 254125119021
004243197174 246252128054
011128191093 250093184181
002026025107 255163150062
002152144157 251253092213
004130095104 248140107114
000157201162 254246022000
001131078212 249007003206
005221210027 253083222101
002036037209 255215201023
002061126130 255187044246
003220184034 255097051187
001024061149 255041055250
010136198089 255237113134
000164137064 247086094097
001056224045 255139001245
000051142079 253087074192
000178033002 253099077083
005250226220 244103063021
002111172175 255066220126
000063021173 255102201185
008148123124 251038096227
000006166242 255027052004
000043149007 254187036024
000089043210 251043128078
002126001238 252195137064
000186170249 254177176112
000084225008 247048020124
002128216201 255239173103
003057066215 255108189085
000202160087 253239005156
001101223130 254007092216
001222104213 253194024079
001048057222 245231128110
000133162182 255135159241
002181086247 253224042006
001026191234 250003217156
001092071077 254039093051
000100083160 252030146085
004072040043 255199208093
001109062238 255229229100
000046236238 254155037045
003002228157 255154006078
001041067113 254189175126
003198142079 255026064013
000082095234 251152166074
001161014072 252189242126
003159001083 249208176187
001056146245 251122090105
002188152226 252118008178
000022228118 251151119030
000069110199 253009217245
004157009119 255138204063
001153081225 252223204217
001220083228 255115224014
000113066175 255168128069
000133007107 252180016123
005111160239 251255188013
010050213019 254187158026
000158086200 254145221014
002031163184 254081081221
000134034169 250076088070
003021231158 255183176193
002069213056 253144195129
001034116194 255189062144
000029023095 255111195091
003176010246 252182166191
004180164107 255048109061
000190072177 255021240187
006080120073 254142192029
011144230215 255144185212
003144098143 249119105152
001196222190 254240203163
001109077221 254149044094
007237066201 254084008019
004002252058 255002066079
002058186180 255013251202
003160245217 255223055137
002064077228 255202124049
000228071116 252008121239
000046047134 254109004163
003103133068 254104237049
005079232055 255124001065
003066039123 254236025010
000005103176 253113252137
000080153253 255220106148
002120120134 255181110133
000201027228 251029139006
009213103163 255053101166
000056209042 253033122132
003115171231 250218096187
002083185017 252006130140
003005118118 255204182233
000115144165 251229110147
000088148051 252029231071
005068198226 255128105096
014164231248 246229204128
000150249199 255149035217
000175111076 252178216112
001216208096 253248201078
001222064245 255184061010
001114021252 254139223168
006237145142 255231149240
000075148040 251215247244
000193133056 252086011197
013013227210 252144203184
003126102125 247243144034
000216200030 247141024112
004255164008 252078029194
000245016088 252013074076
001244186135 254243051115
005164114247 255248046111
000019225251 253100215240
000124242038 255060219104
001226088068 242101074230
000027167204 254198223204
003137065146 248045001137
009241048249 253124018216
000063152101 253221253159
003061082069 246235161068
000235164157 255050090110
006101240056 251077134144
002025070214 255032212197
000133128157 255227179177
006005182250 254221136130
001093149155 255014079085
001059057049 253079171030
000060138239 246181002142
000171162200 252040229153
003048125050 253176175083
004017182056 255241069222
000106124106 245218016040
004195042142 255090189114
003103202226 252057107174
001121087140 253005041166
000193087213 254195083206
000099220155 254172207099
002228065122 254025194023
002210134041 255183181023
001124141185 253237039224
003028192161 255213239058
000213224142 250063017200
000020006081 251039224233
006018128093 255135180227
006169168065 253018113087
001122193216 254161128117
002193204042 255138155017
000152245208 253191113190
007006084170 250063073135
006201155019 252159254055
000150188017 255177014120
008065084177 253047213217
001136100151 255014053065
002113082108 250243068236
008110255177 243132208040
001169122187 254012066222
000220159188 255158054114
000066061111 254180249224
001133044057 253118038008
000080154028 251253086111
004078179096 255122207150
000045047182 252021042251
004077086185 254043140158
000040028214 248225145001
000004229028 250075171018
000095084152 255030175195
001094111002 255043069238
002253242069 255203225015
000092158017 254252151242
002094115029 255118124181
003134243145 255015064139
000163092219 251129093137
001023016138 254047158201
000041096222 255153033149
000225112180 254124237087
002112018213 252239128102
001028136183 255159137078
006053194101 252176020094
006117235026 254053177207
001184057108 246005176033
000197169150 254003080201
001035015038 252162009137
002004132107 252189073030
001124133208 252070069140
002039203103 251014009154
003232077106 254120083105
000168052123 253247119004
000222141142 254126078060
000062092097 255148185165
000214185177 254226170121
000154169210 255013006189
001032115014 255230125123
001049239182 254203251129
000120229206 255249128135
000239038220 255078188227
000020250031 255195066056
002028045143 255010116166
005032123164 252252242073
002081111151 254137103026
000100044105 251161009055
009048039054 250049107009
002182033254 251016025068
002059248063 255170150221
000228200253 254180222108
003131223230 253103052251
003052049063 253010173049
011062120026 253214078071
004183102225 255211190163
003092151027 255022099119
001191086100 247120086250
002178120013 251012112202
003242151021 250073179087
005022225136 255050064001
002028066046 252185066248
000028199181 255151165182
002076221101 255142087180
009191058099 255209090110
000143210008 255189007032
000050250117 254171157231
000229098120 253052223215
002110204080 253003019163
001025161154 253200068088
000006003250 254141225049
000163074129 255124091066
001191212079 249013011242
001156162114 254077133038
000111223108 255214045192
007237223132 249127082201
000128075060 253010238227
000091118019 250093058172
001068004036 252244120080
001125082131 255230048199
005111070247 252231236189
003045172131 251213006255
001034083175 255203252141
001098253207 253182223020
002182242248 254215071035
001117072117 255019063076
000093243225 255247179059
000098221023 255196051053
000040233184 254128052114
001003090060 253005188188
003129041036 253181114219
001124126198 255072070107
000035166094 255207174142
002015232223 255246073058
002151070238 255221061150
005228062111 254004188052
001083069231 249139111123
001117252234 253011018245
000219115012 255064046193
000127232062 249248245119
000006216038 254132234211
007060041047 255221251131
008106143087 255239248197
003043208172 249110053120
000074048253 251148234087
006205160212 251248193042
002009061038 255128128051
002017080216 255161183043
001161206195 254094160062
000009119021 255181006037
005047113202 254014202193
002058213166 254232101197
000134127005 255102057043
004084157163 250101165081
003185049012 244212190090
003018081010 253235042110
000056180014 255102018076
000094037255 249082080105
000071161206 254215110093
000142174171 253148255112
003190124240 253096162244
000113153067 253039133134
000028141054 254066212224
000114121019 253220092115
004152043245 255094187139
000073110167 254204155078
005036073140 253168069236
001013153202 254142113095
000154101133 254050221139
000251010228 252045238060
001025188018 251085177233
001020085242 249228126080
005050051005 254165164050
000000116005 255213132129
000052213061 254003159217
002188134086 255192249248
001112105173 252034044110
001065232007 253150126133
002050136143 255044145167
000061022146 251215164066
000000054000 253164182146
000129220074 255079115228
000154108170 255227158138
000236175014 251012012094
011201135079 248145040069
000176007048 255107089041
003090228043 255083066147
001000146221 254192040083
002254060078 255172008225
000092098107 242242163172
027082070123 253192250190
000007144056 254208249052
002111178100 253151123190
001241075064 249027020215
000041057227 255036209081
005095076225 251031202066
001230031063 254224160155
002085222214 251200081171
000078224191 255219089091
001142181089 255252188250
000097190133 253103174020
003225203222 246125222246
000002203153 255090159176
002080141133 253217190024
000148046203 251063095138
003126222122 254223152103
005224119015 255246137000
004034021073 252223153127
003170008066 254065213184
004130127180 255023055175
000062033201 255208250029
002082008049 251065222021
001040179150 252084048074
002252225074 255062117058
000108200028 254109198201
001139091019 254198222113
003016146204 254188010228
004055085211 255220083168
004244239095 255039057224
005076114122 252007234066
000019174241 253191226051
001008019063 254252019199
000028147223 253077157127
001090235246 254196088059
004122216044 254180218126
002049164074 252250066129
002074226114 254050244022
003000130008 248222014223
004053100067 255031189155
003161009157 252180169033
000004145224 255179249194
002116052226 253008032217
003023027043 249082248156
000130154236 253079174115
005186056091 255166145237
007023009169 251097171091
005051022003 254102083098
002054205005 249166109191
002026071227 255152220165
002073196238 253120232161
000141001041 255235194034
000133033037 250154135133
004003180188 255254166065
000132217016 253129198138
001188014047 255081116224
000031017044 255102087132
001095052118 253222226178
002023042065 253025114015
002051008157 253150243202
001142185212 255214027058
001171145046 253217192195
005090005026 255053252092
007177210125 249050155024
003034061186 255167148100
000020198208 253106194188
004092194217 255203040142
006044098211 250157003253
003097155048 250080096110
002215118141 253109157252
001226055187 254173080136
003216063196 251199193106
001129054182 253090154014
003043005038 254151030153
000105106172 255164214045
002173086060 254107087105
000093005112 253188138011
000057115154 255127233118
001124090117 249070070160
000013129075 254060245225
000021222051 254176031162
002220047242 255119073116
003056176212 255116007069
001112096154 251029012138
007217005251 253013143240
001254192092 255166237075
001250095004 254026186069
002027249205 252250110006
004238180031 254094050052
003185118170 255016137110
004173032093 253179163027
000244185192 254005058176
000011130120 254252010173
003227085062 253199147072
000100074085 255017114019
001031156002 255227000183
001243075085 255155077185
003084232218 250209075081
005185102207 255124112117
000070074061 255202242132
003073144102 252166104001
000235170065 253046125026
003172156010 252177254102
003075036004 255028163173
002082123018 253165024255
001009084068 254005140219
001049039253 254053234076
001092066245 253070032171
003222112058 252148170039
002044079230 253136159195
001196118196 253240204059
003001223234 255091248029
002101151035 254227019220
001139046190 253092188133
000054013094 252147219096
001033048065 254233006134
004180084214 255188202078
001018107069 253225241076
000121022126 252217118045
002147008061 253178255222
004035202145 249138136181
000033230198 255178157212
001173015113 254236066156
004062197149 251106041000
000083158046 246213117132
002097155210 250169077179
001144159057 252143131112
001037247084 254033171122
002148007042 255087041100
002245192039 249056066231
003068017202 255233041007
002076134208 254188162015
001179055026 255117195114
004160131016 253036233112
000071053169 254179200225
001127043192 247209046254
002239049045 255239069209
001130134217 255172171150
000029164184 252134117087
003076106243 255242028217
004119021175 252220251033
000101105111 253141202237
001213160164 249222056018
009239085211 255171014188
000110099155 253181128164
001055068163 252011008075
010101043216 252093030246
001130102148 252037060188
000178008083 254115087189
000083031083 254212248027
001125253021 255237152247
003165196207 254023084033
000196020201 253041008177
000151178180 247185255161
000071052203 253041027111
005185205181 255086176069
000128222053 254164088063
002057123000 253044230114
000006075080 254106155067
002225251214 255100158110
001211210033 250157136191
000102046228 255002098052
000205185108 254077024247
001049138249 248123176134
003116120170 254015208044
001136038152 254069163113
003051199058 255246162237
004103006169 253230177044
000244183187 249020147099
000091054243 255235201183
000222102223 254015157226
001134022065 252048148150
000044099154 249142060060
000170105058 251180153119
004001012006 255006251176
003104018090 252155086180
000185212169 253201236032
013101118100 247196075020
000055076200 254186244033
000003028087 253020208242
001219172074 254119016125
003011069221 250001018169
000074203114 249033076190
005232139179 250228066194
001149081173 255153165042
000101189188 255232116189
000062113207 252158188061
001139005058 249008096194
000238139117 255118253075
002079084102 252244251056
000016115031 253036183097
000232225125 250150244155
001101090006 254034150031
004248035246 248010013151
000169038184 255165126147
011145014135 254088004184
005183252255 253088210176
001118131083 252239209109
000165107078 253142201254
003040165039 255147157119
001092159157 254143093148
001163215152 255019001123
004005192061 255019074170
003135181043 254087137181
000030002040 254185017070
007206047030 252040174085
002215011064 253044061114
000132168180 252036020014
009145063172 254057002202
003228037018 252242158158
000044200241 249109018091
000253058158 255012028021
004019103192 255157032114
002205079064 255149185233
002126009192 254136067216
000187072084 253054006053
002052002013 253033177173
003068211096 254201172052
001119060205 252151168173
003099130010 254068063169
000070045069 254179250054
002010171255 250160228154
000144030070 252199128114
000057078174 254244146065
001087032115 255037076059
004209226138 255233021122
001224031060 255198020059
000037104192 253060027217
002249042073 255240149162
010085049201 255080056159
009041188086 255209154112
000217125145 254090157190
000087063219 255017198192
000085191224 253154180023
005138217128 252114021176
001140201054 248238039149
004233075047 244123149123
000009191036 255242010159
001101168073 255232179102
002252163027 254162190032
007250211147 255016057214
013056128197 255229104194
001080101136 255234149212
004148163176 254003158112
003216216172 255030024012
011187143125 255174021004
002170063170 253231114071
006094225212 253018008209
000025213075 251107071030
002235008245 255038149090
004195224014 251139248062
010091084142 254184101219
002230154102 255134181113
000196121169 254056051024
000017238004 254173147021
000243255167 255226141065
004015100064 248003108007
001099225204 255048173213
000202240121 253233038155
001200144072 255017235187
000154193009 255122007092
000133215222 254032220226
005048211030 254134218153
001123134230 254125179099
001072011232 247212101130
000079022192 255183221103
004226190029 251127150025
005124033037 254135118234
005092168090 255149181209
000217003116 252102170007
003245153009 251006228177
001169073202 250132184074
001247099106 254051233212
002174087067 254247247244
004163205166 254027014116
004233143207 252002194192
002007094208 255155023010
000139027163 253167137165
001046055022 253219055177
000169224122 253171095000
003119165136 253238084235
000023170027 255211100100
001155059154 249163184139
000249082133 255187197118
005176069077 254109080250
012199192048 254158050018
002255249236 253207137098
001216243217 255015100082
002130222086 255254250057
000057068218 251009255105
006181005018 255177150059
003018037150 247068242242
000096047152 255193115095
001008074222 252204010251
001005036035 253195050231
002249081081 255001059171
003103114128 246227105140
001094038099 253084170223
004050081163 255167124009
003149200162 252251097229
001006164002 253010253034
000199026217 253004237089
000035007240 245050161023
004191187199 255010064089
000043145178 251124055159
007134012146 251225045107
001092164184 252250111216
000085218012 254165128099
000022131122 252097111077
001048210147 255211130185
002097130234 254146055191
000017029131 255203112007
000035183230 255082192183
002248239030 251032166127
002024229153 252196067172
000222028136 251011109064
001106030227 255053240140
005203036137 255229141004
002056251197 255154111031
001045058030 254089211091
003007081021 255085086210
002069251152 254079130000
002236125006 255033178179
002110128021 252030198171
001170015108 250038070148
000218048187 253036009220
000081161203 255153026148
000215023193 254198038021
011167026193 254175048094
001072001110 255191065131
001062107057 250200014205
000040234093 255022183162
000243013141 253039042131
000007057011 255026223248
005249116150 255121141179
001112088173 255239157083
001129248044 255137192001
002064192125 251203022230
006128072100 255187246005
000200017184 252007124089
004222007110 244163216129
002108155229 254161107187
005239192055 255143201096
000116044217 255139104181
001008217113 254215060151
002046002197 253087151005
000089193008 253151080063
003002074140 253128007062
000070097233 245238161219
001120168064 252111223008
004169005194 255015005201
001063210025 255117233063
001012176078 254070082200
007062078045 247231003219
002094107247 251140156072
000055088222 254156150096
002080023178 254061057050
001044184106 255121044008
000064207024 255162091096
002004195120 253186029059
001163053189 253016170230
001126148187 254222043044
000243211217 255196147079
003250011023 253047157170
000040247249 255026054050
002145175083 252239193188
000216219167 253204110181
000040163078 254188052142
001106126112 254043105225
000130154066 254062158235
001114163201 254061106111
000020109007 255231136056
000178121115 255143231211
005168149045 254110124127
002134028190 255100058119
002191092225 255240038152
000029191029 253054211142
004103040144 249046002195
003107180179 254173220091
001210185205 254239176047
002016039243 252136021147
004107120195 253166203160
000061169219 255121049098
007223111054 255054076134
000214189091 254170213189
003164186047 252195164183
002186000106 254172152127
004198216255 254223016236
005100246150 255156045065
003009077160 255210056220
002117216049 255186156134
002208200018 255106169162
000244132036 248150214095
000077249245 252185124198
002043196150 255072070223
003206108047 255021081244
001124245043 255040077229
001212169005 252223103226
001215179048 255232108213
000050046037 254088223075
006113045013 249098005120
002064201042 253029225078
004020074093 255151072100
003061191097 254004148191
002104233102 253185203092
000201039063 252098028057
001009083220 249054196150
003163154207 255175004067
001046227249 252013004210
001089054111 253086151212
002015142007 252073114008
000043225203 255026129145
000045177070 255016032066
000198059196 253056048181
003180174087 251100126109
001008134047 250060163139
000127082208 251130115112
004111194173 251179097116
001021250088 248156086144
001155052059 255082062210
001206200043 255157112037
001094195046 255243087091
004135083183 255199114154
000184093021 253254063239
000106029003 252152168132
000004212145 254027160160
006165137056 255049075021
009091166019 255190096225
000194089104 255123111252
000221003110 254249003110
009037137049 255002067230
001050128066 255115134007
001126053145 252158218051
001070160232 254003050226
001060189097 250245008013
001042009142 255119160015
001190183244 253140084193
002207115069 253177172247
000249079130 255141147025
000043239079 254155227147
000039255183 252065114133
003084214013 254162245170
004120183219 255246137136
001222135201 254213152017
007055087084 250091200160
000134096042 255207007152
001198069214 255070096151
000002045176 254212147089
001138057132 254009224192
011013168178 252012227240
003151237017 254166157001
007168201074 254120152107
001151085094 254036238006
000124028077 255113181090
000137144090 248105022174
003052070221 252158254134
002017120030 244214195118
004114184188 255028043179
000148110158 254081123093
004120223108 255255165143
004008023170 254018052103
002185204037 253145029103
002101255216 252034128164
006172137198 248223083232
001136128029 253127108097
003078115159 248171126086
003246145110 242137242250
001139045075 251081253110
000033155058 254090206202
002135022198 251180190146
002181078068 252133184174
002147235106 253222172213
003182038064 252246236254
009095001013 254248209009
001229049229 255187144141
013123234163 254237130028
001001233245 251142063063
011140053043 254245064091
003130166156 254083085197
000013070062 253046144187
001209102028 253120125082
000065143226 248233115223
000179038037 254252114179
000233124052 253072058117
003237156243 250157238173
002090052226 255030213107
000190012177 251047177236
001081022042 254230240165
000006153239 254070111239
001063230093 251171068113
002074132030 255013052225
000209194023 255020155037
002126101084 254148140230
002244208137 253186148129
005207206038 254190076204
001111122247 255226230224
001182066251 254100019180
002012122045 255193208024
004185226074 249152149143
002187176169 251058229187
000117035029 254201081150
005041232099 251201165214
000247078094 254020212128
002201231071 245171145202
007137208107 253187178010
001230123104 253219003069
001059225121 255165226000
000070142202 255065092063
001046029027 251209167251
000190238229 255230013199
001113234253 252202080131
001101050000 253063185100
007094137067 255244064239
008015082075 254145163048
000032191116 254204010121
003007226146 251171175214
008000194109 252067129019
000038120116 255225206113
002236032073 255081008048
003176031017 255067077001
001248135104 251004119220
002005093073 252026067079
000027208247 254201244040
000023254091 253044041091
000065242107 255230095118
002002064035 253212208131
002076115137 250152025163
000182221010 255051221152
000133092095 251088144009
009063035239 251072168028
000030144213 248150245214
005074160218 254067217042
001112254134 255151155175
002188180186 253095095095
002092251005 255237216087
004103069250 255066207117
004207071148 255173186073
000189104016 254052023215
004090166227 253114246116
001019131125 252205223078
001109116045 255067010242
002167248145 254206208045
000006151083 255246122129
002115078117 253199186244
004114134149 255210032029
005124084138 255135025025
000162110173 255049026166
001011022144 254005058026
001180142217 255201215048
000085159236 255067010137
001217065202 252119069227
004146063057 253252189125
001020107251 254192034213
000025241078 254199044124
001096129140 248165214101
000111180010 255181129010
000182000020 247024218247
000117185047 253026103148
000002024122 255074122007
001169172005 251151171130
000207004074 254162121091
003070241006 255034117030
000180197117 250213018062
004029009143 253177170059
003090002164 255021013171
004181210169 255018114190
000239237067 252094192209
001163125053 255082240197
000141178066 253228165009
016039134089 252240150130
001191232106 248164127033
002033179139 253019020119
001170023060 251246038131
000147041252 255147058211
000086244010 254146089091
001180093159 252220160066
000097045005 255112201180
000044162151 255184082183
005195118201 254093232212
001132229151 255239098079
002062127214 254241202232
003177031179 255054060217
002041178205 254220218030
002217075120 254238014051
000092064031 253244190192
000128247238 255180143200
005063010228 254127220103
002196234207 248004016242
002193220206 255012062039
000098062246 254121182225
002092124222 255165023114
002220124136 253054041118
003147071206 254078218138
000140146179 255005152218
001008019206 252112061099
002008018164 254236176072
000199229084 254099158079
001155127080 251018100166
000168020151 255083176077
001084133019 246233022227
000243039237 255206127230
001119003246 251154084152
000107061244 254067085037
002051182211 253111179207
001013249175 255178184148
000072092058 249252127181
003004206023 255203053113
000101133075 255179031174
014021074145 255153250240
000013215131 253187108203
000105076006 254204188074
002167072193 254131080172
002190184101 252184123121
007132163111 255051076180
001075207088 255116243059
004133055045 254177024061
002197062055 252153227070
001150129211 255100225044
000207231087 254040038206
000091050212 254225137080
003195021176 254191173004
001166042035 252051223097
000185020105 255055141217
001176247248 255155168073
004181079079 254213252010
002240060164 254128141186
001120020025 245184051162
006163241023 252229118145
001224186252 254116209126
000048013037 251233091146
001045206070 255015250165
002182253188 254036173089
000137158122 255188081124
000064054083 255115085104
003174176177 255011111252
003097039248 255026111171
003100090248 255183012049
001051197080 253217208167
000058254104 255213120010
002012143187 255060205033
006072014018 254135119198
004172150006 253019065105
000077202011 255214203253
002169228053 255193132184
005101074022 255243222137
004063101159 255005004042
000065143046 251185027251
000079130218 255216132234
004024034018 255162213249
000163025141 255201103098
000228121026 255194210204
005172221176 255093126172
000150162135 249133186016
001119033017 255042181112
000118113145 255239186113
001024195038 253152237067
000138144156 254251109157
001090153072 251090093072
006050189117 254248093031
001000232115 254148255162
000174147134 252140243057
000099075094 254070063090
004102173238 254139147166
006207163233 254248230174
002056166062 252113239066
003105232022 255080010072
000088151158 252123171142
001177048128 253166033095
001087247174 253153134162
000213018014 252242114181
001179093228 255057124172
001125133218 254173044255
000162130008 253022112118
003188015073 255222016189
002001231057 253212069163
004175147103 254004240131
001043254133 254118193030
000002011012 255179096016
000091118085 255062199063
000050091131 255144251019
000018049022 255189189192
002000141103 254006141189
003172027070 255003075127
003009094126 255250254075
003108184100 255027140181
002141207042 251021060112
001220138022 255141057171
013098122185 255139244139
005099232242 254146189193
002016130171 250253226113
001036128206 255219150187
001147100030 253071235146
000076137143 255237110029
000206136085 251185046157
001237168205 255221086122
002250208236 254241002026
009081208073 252239140105
001115144224 254253066102
001225147203 255098244137
000061059038 251245075063
000192117012 255229137208
000055042007 246029134139
001144143005 254227201204
002073134114 255005086192
003210049233 251247125104
002097134142 250213117093
007148076153 253210229153
002022177188 255220222076
000177232066 254255151191
001094165173 250024175254
008215119079 251207217050
001008214117 248241189158
001043100111 254066230182
011189071088 255111065165
000066146056 250241133250
003094194147 254193254228
000090164023 253216137021
001059233202 255221149053
000073069121 249177161169
002150088192 248145205048
000099174055 254204041032
001136103215 254246203159
004162133105 253174223192
000195116210 253182070174
001004008012 255134139016
001092209210 254249177193
000015220234 248000155244
005062165252 254179060173
002148233024 254157100102
003186027080 253155089159
009111066166 253226244120
008111039157 255217059114
000225078067 253201142108
002010149043 255247156228
000040152089 253160237066
000031101227 255029070076
001106027027 254156125170
006239160102 255164049250
000115076016 255034058015
001018127138 255220159162
001012080218 248180008226
000034019032 252189037022
001213051053 252168134043
004001248131 253154176224
000160149060 255071032028
000211230035 254058192170
004141061046 252052188051
000026146060 253161051211
002229064109 254248054227
000066071018 253204049012
001043207175 250218211112
003229177175 255139102136
001133201013 255119153161
001051182204 255099028144
000038081224 254139060019
000167130044 255180110255
001183000110 254038071132
002003188004 252251139107
009041244062 253083137185
000109136236 255190090061
002083172221 251159112118
008252058239 255189050146
001125138161 255065118169
000161179012 253037067212
011251121214 255224158124
001174010164 255075078178
001179230023 255134102129
000029010079 253145134060
002183109006 253223012017
004064024086 244179206152
001195093023 251204092193
000239075048 246084234239
001128102113 255033226182
001163130255 252165103164
000163096067 245238234140
001075060099 254104159020
000021085007 255061079217
000121144167 249093247117
001172234139 252206067144
007070027223 253217120232
003035191079 254184091118
000236131138 254077255148
001108116237 252147182076
001059238066 251195139216
001043011035 254199039157
001156017034 255234052207
004014015094 253203167005
002198240098 255043179198
003209026062 251078040049
003212036252 254253075202
004045179225 254141001221
001206110188 254070230070
000239067227 254140177100
000141035220 255088156255
001116047203 248082066238
002107139151 255156110135
000159070047 254196191034
005217196147 253034011081
003128197208 255022001080
001070201254 254114163105
001220168041 255067207138
002077184213 254217023018
006007090202 251083048129
002005185233 255192052177
002011178015 255145254146
000020224150 251215064134
000121093088 254244119223
002150135138 242199221150
003129027193 255255136227
000011209007 252164008060
001133152229 255212035005
001236174221 252053047150
000123009055 254070081009
000046003199 254205110094
001249118195 255069090235
006249159002 252241021032
000011201173 255200131127
004236232051 249124083228
002087130054 255159054168
004024227007 255050230208
003061077062 255012170132
004016225004 243249231168
000072152191 255170201050
003096089117 253246187154
002131234071 252022025137
003073178131 249033119212
001085211100 255226005114
000016239161 255215250175
005000031192 253145108004
002165209139 254077193242
003020042192 255123122205
000037050217 254021023133
000122019115 252139226139
000166051089 250240015166
001252019043 253071123056
002226201025 252248088090
000230184168 252019023228
000159120127 255203143246
001098006026 254244096149
005137168133 255127244177
003122167216 253016034130
000189107232 254174075001
004074179069 251192032216
008203136205 250120198029
012107106039 255188177108
005188014230 255176017062
002023138030 255153101227
005209058178 254222090206
001215211108 254234225079
000071247159 251213213150
000250111253 251076086252
002055166084 255110221105
000067027089 255036090217
002078023070 255231165067
002138128091 251018138094
001013225134 254108004113
010208126204 252123138075
002051064088 252177123143
001212236005 253146207203
000232230184 254163079052
000001208226 253211237025
002146078132 255031255178
003128020004 255250053175
005157044230 254075255048
002208080247 253123176132
007184155189 254035162089
000143034064 253113216173
000219217142 250036034014
002123060008 253093233252
000063181095 253141195178
002067162244 253063149226
001222032239 249253176152
000144164156 251109156249
000198151022 255136063054
001218083161 254020161216
000246228129 251222189185
002039156183 255211039234
000011251139 252185155210
001116198160 252070035085
003174040038 254082167217
000199248076 251170157211
003203227223 254101002109
000190148093 255007096092
001022075136 255187192144
003107185110 255136058093
002066128064 248203113049
000024041069 251008010154
002054171248 255041197175
001106036227 247221144100
001048071079 255194064030
000005159235 254222055166
001201213254 247220224235
002102086213 253129150115
003010124225 251252103034
003052149152 255046106136
002040007210 254038037200
003011208029 251139227137
000038086007 253021130095
000042017166 255010105176
005154153223 248055093200
001094134201 255113254100
001148145212 253203126077
003001127131 254207026153
001021135029 255164090101
000149206224 254115067121
001001058057 255034013173
001026007154 251014244246
013075098061 253154097059
004107161170 255103060208
002041044117 254220130197
000079128226 255022024130
000013185191 254204100000
002056150100 250191043206
001017050158 254113066192
000214233191 255059169034
002236194095 254146122210
003014190212 254222232039
002230229063 255133146009
000035185224 255207068098
000046009168 254239023183
000140027137 251163204085
000102157040 251183156098
001242189064 253060028099
000050005167 255133200207
002039242084 249033203129
000114166148 254213189007
001184248142 254086110001
003144080115 255221049072
008101020147 254192004251
003138086241 252123065136
002030055113 253157047193
003092097142 253087008082
002153099236 255085206151
003253083010 255198172014
003063099016 251126219216
000070100232 251215202142
001154060118 255172048031
000151003012 253157241117
002026001234 255048194046
004100139217 248139115161
002185083038 253178150085
002250236037 255230116042
002056203009 255173156163
001055139032 255015100016
001042235220 254210088101
002092254090 255117057092
004017174107 248201049003
008215131189 253125178232
002014202001 255146066098
006016181155 255240020074
000043136212 255069187194
003116034048 252173066166
005211248187 255017201168
005161063004 253141121220
003091004192 243131147006
001046192013 252113066054
000096081158 255155093213
005228255190 255249167008
001104066066 255110139079
003165015111 255183239096
004080066157 255210094134
000089244057 255146069214
000133200065 255074117042
000223100247 255252016041
001166128074 255022226081
001140027048 252175216169
000139016243 255226129132
000096194167 255068243230
002188062084 247012089228
000093025238 255228087208
001237074206 248071004218
002244211162 251253043133
002250084155 251132137158
001025249167 249241222076
002115072021 252053245189
002148202164 255212059241
000153109120 254145041175
000241167149 255009083119
003106207084 248207239047
005249170000 254119041130
000062162206 249138207116
000150081069 251240249126
001140087144 250212244138
001198042221 252119232193
001207098209 255176247103
001116244093 255218045248
001160232237 251195157054
004224080022 253149241102
003047020178 251142025124
003227190116 254250116073
001029130156 255025235125
000087208086 254079159172
001121085154 252000043244
000101079066 253044190167
000184201044 253106155096
001156047015 249243189199
001218145038 249059055228
000055160135 254173143193
015058225060 252241112160
002165221188 254099042239
000138057219 253239176252
000241024153 253165129199
002248095240 252212106216
000178157013 254253189140
000114160023 252075238051
000207147104 254052215201
006096090048 252107103064
003017011127 252228232255
003005152115 250016181243
001082107111 254143095026
003106043133 255201068076
006220224170 248156182205
002012022241 254122101193
001217228191 251237181028
000039030133 253143244205
004013204226 255041077196
001097203212 255104225081
012188197200 255244183017
001087040238 255165221024
004235193101 246116143078
000195113036 255053065123
000078032135 252164001180
006043108223 255000084014
004023037023 255248016201
000132150187 254060077036
001108152064 255229080250
002153043062 251249007232
006048121157 252230103243
003094189106 255038203077
001244202165 255111229052
006100095222 254245005176
000053143037 254014219005
005125001078 254255127179
000040018250 254076144045
001204120100 253059146048
002019221080 254219127135
000076079193 252160009130
000004106075 255076035048
001144008052 250087183229
004014202047 254225130249
001015236181 255007061147
001252144197 255065185058
001118234142 255030045157
003159141157 254047221061
000085225238 253246070199
001122107084 253143172079
004088018096 255172232162
000235219214 254230149046
005093160183 249146167053
002224067051 253153051007
006132041146 255037055062
003117166111 253120255037
004051152173 253005204082
006045197035 254005119243
001167250136 255143204146
000241205125 253191098067
000110050124 251253042027
000141177177 251253216177
004147253184 254058123127
001165059221 250189214047
000175154204 255147061079
001006171081 253083173052
001189166194 254066213080
003095099115 251183014158
000227025252 254251135192
002137036156 254052004129
000183078222 255076029115
003058150083 252102240120
002043192020 251182208211
002186120076 254195121108
008178080183 255177228195
000132035053 255085179218
001244142022 255028143202
002047243205 252003024024
001168019000 248036162230
001062155165 252253195220
001005116193 251172060167
000013231058 255041164071
004190180170 252183180153
000008238111 254251206138
007142072062 253186198225
003031089087 255024000129
002232092097 251172017059
003053231247 251229084191
002126168098 253073134088
001041066002 254057067112
000176119044 248191206213
001082024163 253067237026
001030102116 255175220126
003236147081 255130057068
002039142001 251119012173
000250055244 255185132057
000080132166 252116097253
005170206021 254242118215
000104050219 255085016138
000144200130 251173130048
000164054012 250068127036
001225231053 254043139235
000108151228 252232116088
005127036102 255090146182
001082053107 253249210122
002147178089 248045052160
002052073131 253196069056
000216110248 253219055040
000171169133 253227189176
000083020193 251215027080
000234141026 251180093155
000017090105 250081063128
001104125240 255095212077
000239052023 254081083255
003103210024 251187226151
000070087173 255170199212
004010246240 254212000099
003133058027 255027046232
003091171197 251219060250
003103105045 251035105040
000188018138 252153015252
001021048065 254037249105
001208222192 251078111091
011150169091 251037063174
000187076250 255021045115
004244166081 255139102206
000111250250 252217073220
000081132248 255234132184
006211093030 249194131254
001184253072 255218219065
002131019075 254196189180
003172108060 252138139033
014067104190 255192051023
002022002236 249253022028
000190100177 254105189029
001093021162 249187180125
001103213225 253158115088
000092175001 255228237087
004168216239 255063098249
000051242152 248107006113
001227141196 254145095208
006085132105 252214141024
001170230211 255189023081
003084239009 251214119169
003096181151 250059131016
000221245076 255203032046
000094024040 250251079104
003149070089 252157066186
000142092097 255233029085
000129147077 252143006247
000075022114 253138130062
000164191192 255185059195
003247236017 255081056066
006000018119 250172250251
000253045106 254064168215
001229111046 255028141115
005018174060 254093154167
002212089114 252154008033
007166211112 255253213007
000134041048 252216218111
001095120222 248081199056
003248044011 253236198174
008078084168 251184028110
003155213068 255061021039
003172102050 254156013151
011146193005 252050020061
001072027051 246127206191
001007076010 251007213149
003038057004 254028225100
000220163211 253181008030
000138117186 253205200089
005031132149 255137155064
007129225226 255104004090
002041149112 253043253122
003230164169 253012246197
001163205018 254054033177
000147179219 242227013060
001226121150 249151162115
005045027038 251208241110
004006058185 249249031139
002104107119 251245196015
000065089247 255092195106
000098149033 253155092209
000252244132 251043052111
005240147224 255107017086
003129089042 249222135174
003192175083 251242180223
003153153077 251252168067
001051039147 252066099065
001242020238 255195253102
000083198059 252235119076
002241169092 253183134049
001055101171 255142042237
005033113064 255038017179
002059254231 249141028119
003031177166 254077050202
000034075150 255248106129
001020089074 253071242242
008124252035 251228090135
001145035198 251225033101
000084094124 254001245018
001250091200 251195041187
000213006237 252009018037
001060211172 255242200018
000248248170 253250171103
006215174010 255066111032
004231007185 255177142013
006125055182 250194099217
003205062220 254142053133
006081236233 254122176009
001219010227 255114210013
002016014242 254214242188
000150219133 254233056068
004104251129 254240011228
001050022068 255212204167
000204072243 252246235082
006004076000 252014238168
003160134012 254184080095
001069044130 250172108250
001210187034 252237062160
011220245136 251119240138
001205189054 254200192033
003239084086 254034221038
000038022193 254081050169
002042169147 254135035069
002118058166 247069242224
000235241042 253172126199
000094253134 255195037132
004058195219 253251249137
004086140246 248155073023
003188212149 253255112229
000108190083 254172054191
001179161233 253199162124
000082009104 253035249184
004039195140 252159180118
001171072056 255186045003
006205222183 255144191013
000127013175 254210071194
014095186116 255088178026
002012066168 255175126079
000136089099 253092186030
000097176128 255069186151
001030171219 255238161048
003160151150 252025073227
000212217044 252100211047
001213039061 252111228101
002149077072 254172149195
007083197036 255180196080
000128177079 255190113243
003125244241 254032249240
000085236037 251103205050
002028041221 252242207094
000171251198 255208005083
001098229074 251224120192
001162134158 254206246031
005107168023 252116133132
001162111173 253229041161
001119102234 249202010230
002208205173 250149220239
001169110166 251216040216
001146171137 254238023044
000043148164 255135029155
003036067221 254140191204
000059202250 253228006101
002227106247 254232079157
000029164004 254113099186
002025237155 252030002174
001116188070 255028161133
000048026085 255197037178
002208052000 252153029059
002097232224 247190012034
002023061241 248170049174
000191206039 254157233046
001201136166 248011240012
004084109119 255136010254
006004088140 255249198223
003070226183 248034246035
001157155220 255177238234
001184023033 255170224021
007127250039 255198130195
000212235158 255201092003
000119185035 254156230052
000000141147 255194071121
000046061235 255077116196
000121205097 250195135050
000193202027 254217157206
000170088192 255068242002
003118160198 252188109015
000027068065 254152187117
000117135089 255064095192
001087064180 254128193001
000151072220 253096217245
004213135071 254078100114
001039084057 252019236012
002077148094 255243045122
002222045001 254091078223
002117003061 243088152153
010246179016 251004182041
000178022043 250041209130
004104207057 255203002078
006017098133 254205129236
012041137171 254098142245
001102175239 252075008144
001003146116 251034054080
000129175181 250179176216
002235062090 255128131239
003091015051 251253207253
007066121053 253226033098
002054179214 255198190093
000035065017 255000061168
000046071143 255197209088
001139168008 251074062108
006171066058 250209185089
003114144070 252216073081
001244249251 254092252077
006024153013 255171059148
004165104149 252235104211
000069248004 254239051223
000169085034 252254254043
000074104182 254109094174
005044105088 252104014092
003227223125 252117238060
000018189107 253034201178
003093221244 253218252211
009151016033 252093212126
000108179007 255216225170
000205232051 254115183124
001179066141 253095224113
001000086008 255061058060
001164058067 255238192030
003190087188 255166023070
002092046063 253179245049
000071058149 254246007201
000048215198 255014149059
002100241012 253146142155
000119134028 255094016137
005228060138 254053179132
000051137088 252009241076
000057237242 255206200043
004026051193 253111097090
000231091138 252004168162
000212128041 253171160086
001022251231 255147188075
003062190194 255189114040
000009150097 255224028133
004051220229 251160186081
000063102199 255206215221
003151190229 255203097048
000104219117 249118086248
003084002200 254097119149
003015116201 252006147229
000117104176 255165100112
001116201024 255240112035
001217184177 252077174224
000080014244 254125067199
000130070028 253009112198
001172099039 250128062205
001247248111 255074114093
003029172076 251144149223
000028228229 251163010183
002066153237 254104249033
003232158054 248055127157
000142209094 254078045166
005159138054 255234102186
003085176162 254100115088
004075141129 254114139238
000246065224 255227147247
000074147136 252033076118
002158134177 251097252121
002096104165 247225042018
001084050067 253203079061
001054216197 254218170063
003248103007 254236212109
000200158072 254166099101
001047005124 251086172074
009112069070 254167041066
002132108212 254139121207
001207243087 252252005101
007090218243 254150102006
003161206174 247010254001
000041075069 255225129082
000058191250 255229177148
000013083138 255206240100
005231035082 254011090175
001081128011 255241037003
000217074231 254049104245
000156099057 254140147239
001036132201 255013077198
000041087185 251213177091
000143137079 255217126156
003069220035 253053222008
000072240166 255212128112
001019208048 255051063140
001063201073 255121214138
002191178121 255244249112
003037111166 255122225044
006099103088 253177011174
000166085094 253003144208
001098202039 253116049149
002076132026 254179061195
004096150013 252137224048
001076053127 254128247088
000230100119 246213051045
002046215140 255047042128
002180050063 255035206089
000022041008 255158192179
002192000151 255110131179
000181015001 255217211013
003054196106 245031067084
004134042029 252111250078
004240143080 254181025154
003149065110 255078059018
006076193036 254124209186
001030252158 255122120156
000069120058 253250046121
004008112241 248141073254
002036000225 255044093120
007121118192 252039190123
001137248011 253241149032
001138117221 252170196149
000209154040 252181145013
009129224129 255104038162
000017092038 251200150142
000012104218 251042236024
001137168220 254062157105
000151097137 254198029071
002053066141 254198108040
000058044243 246229241223
000035099173 253124022242
000031222080 246217048233
000083096243 251144060057
000010039024 255236089095
005250009072 255140175184
003146091047 255112251238
000081057109 250096064082
008041184060 255126052162
001110104141 252248151043
001038146155 252156109198
001039242059 253231236241
001164178133 252235195149
001026166041 249254233196
002152092013 255185134124
003094234076 252080141095
000230170060 252240120189
001014004198 254230109165
002010016138 254184199254
004172087014 255145245021
006104191138 254125158159
002247064106 249217059166
002107174185 255048244193
004074245171 255114094180
000101233053 251086132229
000122254035 255156133089
001118060018 255094168067
009249007222 255043214128
003113046129 252185143214
000224176008 253063135081
000162087071 254141148058
001159189163 255113108034
006190038058 248203118069
000173173129 254195065023
003038128142 252027107096
001005018201 249075107054
009065208226 255091108213
001219135222 255061219128
001166055028 254254119020
000082050221 255123070054
000153164213 253030151171
005065025169 253087164157
000105129248 251189138185
006108234131 253118057210
003143066202 254196018031
002100071168 252131190149
000086060024 251230188208
000016017170 255240004011
000064071139 254191014049
009220151185 255092048045
004229133021 252160109038
004217182150 247038144095
000203022037 249009027107
000130243128 251030092074
000019086022 255137114145
001031109122 252174172241
006205165043 255086124148
001105113183 254220031054
005238030031 253215188167
001142172182 254144204084
004153127135 253254122120
000114247223 253208002009
005076232226 254153131228
004033072016 254020092222
003213103006 255227209253
000031179061 255089157229
000077007001 255129137246
004027227061 254054039015
002009170065 253067158213
008085004195 252170158235
003033117158 252197247254
005039114086 254088071249
002234040190 251008037061
000063222137 250035180094
001146215008 255098248024
001184215218 255184045169
000089137237 255090244030
006238137037 255064173167
002016043103 255098174061
002140255218 254096238173
014091119123 255001134071
002147214185 251036042234
000162107238 254196130115
002109143002 255220119123
005148031166 255045216253
002221158238 254169106188
001032173238 255193032123
001171074208 254182083237
007115165136 255158194047
000084006157 253145024096
004121212200 254007218113
001080121038 255044210214
002176249138 254121084156
004090180183 255104222041
002206157246 251146040098
000052095240 248044076165
000023161136 255082091149
003033013127 255162057232
004054041175 253214127092
006059109034 252246138127
000197049233 253188207071
002206237003 252186053152
004167055235 251248123209
004206139105 252051245171
000140035125 253218105255
000043208170 244220232166
002249003204 249048065215
004025038144 255248100140
005239166196 255113021004
002171219196 249015131180
000055250081 250103247038
001039236052 246215120122
001044118069 255113229159
008082111221 254234023171
001149108056 255142191039
002254058111 254236079036
002138060016 254194156116
002022091207 254023098185
000252056082 253019076047
000239249242 254071006070
000003010091 254080069251
000153249099 255214247093
002212097002 253179112167
001141153246 255063051108
000067211153 254077147000
001142051161 255204042245
001127033208 255173087107
001188176129 252066132244
000135196131 253172008000
001173071065 253255174042
003112118134 255201137120
003087068128 255191234095
000005095219 255220060199
000012106176 255253036103
004250138183 251203071216
002146064139 255036069243
005106204095 254052040233
009194030150 251145240229
000206127233 255083108085
006091226093 246230226130
000061077118 254142216249
003148057009 255083125148
002034236180 254214064106
008126000091 250209032071
000024179224 253171044047
001069029220 254251144235
000093110203 253070070220
000011141119 254242118233
001157168087 252247075116
000143099022 252069106138
001005128125 254055073108
001024046092 249199175255
008001100126 255147145021
001015207219 255103230198
000138053200 252001242079
015053166043 253023122092
002228157173 254014053207
002119219195 254247182177
000114148149 253196038020
001069151237 255098137004
004069222097 254105032077
006212112079 254219083086
012114231109 255177218035
002061063095 253113194225
001199079094 252054216155
000132247085 254076150213
003060040019 249018061202
001141185041 253228073236
000159067214 255149204157
002042051154 255251184015
005126236245 254183033151
001037147075 255255079241
002117110046 255159237111
004000028201 255234037236
004012072001 253197209208
000144101139 252026255207
003158032079 255233031228
002170026230 255026073236
001069107201 255096222213
004052022083 254105121108
000255249095 255194004163
000165185133 253134042007
001046018045 249094167093
002165019233 252188239032
002088069171 254188098209
000175160241 254107157140
002083030143 253076232048
001144244084 251152076229
001009053171 253094238030
000002128224 237024115013
002255024193 255207138153
001174108051 255159123255
004007164158 254098157002
000243252159 255248091099
000063148096 249003053197
002020228226 253100124197
005200166178 254107148175
006253000222 252127184230
000078008174 246080171086
004020177047 253195144020
000088151241 252212109153
000167208028 254239241031
000021079020 253129188060
000143238089 255006111143
000076254223 253193056148
000014075206 251153023105
001017096120 250059172110
012025018180 254187051159
000156130071 255227223142
000005030004 255128154076
002084055064 252201019143
000055104199 255000034179
000187035109 249229073066
001141007101 255129073253
004159244088 255188210233
007171137024 255160228078
003085182114 255183126202
000026105138 255153059132
000155192071 252234008073
003249238139 253044116149
000048138052 252133231029
000235099020 254133040092
001135089150 255253193103
002192028191 255014180249
005009132043 254157234146
002168109106 253201092005
001131106195 255250162094
000194115171 249210058193
001214043043 254104048034
000094034089 253089145076
007194137196 249084145233
000011036174 254088068154
002078091102 255178034085
000049236080 252204109076
000016010209 255201144140
000151083034 252141084087
000047058163 255210148211
007224041015 255065140059
000050204132 255121161183
000111139082 255141211064
000127071018 251176230010
003059097155 255220088231
005138044020 249030012148
002167019253 255232014077
000159211052 254237027173
000236111183 254174148250
000041143019 250199252041
001139143168 251040154212
002153178066 254017075191
000161071128 255225111161
001093033104 255030011044
001149133121 255143232144
000121186180 252013001220
000194059253 255043151221
002241195098 252170227226
000185122041 255191198044
001049115227 255061032237
001190076196 253113164023
001214028120 255006089109
002109001205 250224169099
000011021224 252019049118
004086162101 255049205115
003236065204 255122038124
004113251193 251124116255
002210221088 255135132148
000076115051 255179206142
000191018198 254215137088
002121109082 249066104153
002107135194 251132196215
005200171013 254133139114
001143157159 255043038096
001043183226 255225196254
003000199152 254244248007
000121142210 254056068036
003042106046 241240190054
002167031166 248075128157
003251207227 255019255223
000024209221 250173163138
004140070027 253211180194
001146153027 250160226154
000245047156 253000103224
004184047140 242067156245
005127075211 255074071059
001017009081 254079108192
001172018007 254003254022
001188248251 252153130116
001196025062 255156222147
005241234161 252186023006
002162127119 255015093108
000151089161 254095099108
001045018111 252144194051
001158136117 254166128242
008166207048 255140234075
002121071243 246044120082
007042031233 254178147007
003004162177 253029008172
000204075014 253184166251
002008107225 252151112071
002077193110 255083154028
001218153133 253089140246
000050138246 254233189149
001167135171 251042018141
000009040113 248120057058
000211185070 251015110147
001123195046 255086121239
002174188177 254229011197
004162119013 255079105037
002103012094 253253052041
000244014196 255152077045
000040067001 255130044012
003084010014 250038035093
000011242229 253199173223
000052167142 255135145051
001078036083 255051083197
004024190103 255134245030
001012230021 241164244090
004210073221 254171231126
001231193040 251078052080
000079037105 246094116074
003074105053 255240124203
003244214126 251239177150
001086050247 255087150064
003024061192 254161225225
004192081005 255052251104
007048038210 252010089209
000010049215 253062152011
000074223014 254240137075
001105191176 255244157101
001129234219 250169035085
000067232065 254090242036
000034193032 255121056244
000245059109 251200195046
000082208229 255030025232
000109083247 254211095118
007046054063 252059152156
006084245054 255050110211
001200193120 253184059217
002253168130 255060115187
003216136046 253166149105
000252162247 252141043101
007193241118 253226232098
002235223107 255153126040
004150023079 255005208047
008183195052 254126057075
000211059196 254035171094
000070012124 252130066234
000141092061 254164116149
007060250006 253064115053
003086239083 255139149218
001119038048 254179026200
004076178199 253127145034
005107221251 255127032173
006128190192 252054133228
000138043131 255232051055
002196109059 254228181154
003106241094 255188163023
000129072005 250165170074
001020169203 253249027209
004154191049 253213063169
001028189028 252068150185
003135202044 255209255045
001001181095 255178152233
003167020053 253144164076
013085235008 253133014030
000096240218 254233207084
005188043246 255126236072
000226217013 250182008045
000089046213 253074200040
000147017170 251221121127
000194224071 255167160156
000102136104 253217040245
004022109022 253169073136
000193095214 254153240053
000152209251 255056106029
000136154240 252064227011
000139015043 253253183158
001136216078 252158172250
002183046037 255132053120
001141045126 254175173171
001022227029 254148155131
000077191147 254079254107
000171074233 251117139067
000126049049 255026186184
001181234221 252204003026
010025099157 255070216252
001170086080 252185051050
005126049210 250080045125
001002002017 250032208172
000207042094 253125025032
002214203135 252228130084
000180083201 255229112219
000040040118 254032186123
001229152091 247217152010
001051034127 255228056149
001140146122 254093066010
007044127217 246120080102
005097090228 254044248120
000073106012 255190226045
004129180248 253235179227
002043194250 254135174086
001037253065 253195100243
003152076204 255240112209
000241243111 253155037175
004115041179 255114210050
000180148083 255219035095
004066072139 254200180237
004251223254 255249009127
006063042072 252131056000
000236218077 255159085175
001067113149 251198154081
001062250161 253234210101
004241084049 254085188203
005182198226 247028123138
003201254172 255194244243
000035130202 252215255101
000138229075 254176164138
004103200254 253135008072
001051004150 253140032244
008156042249 248124233086
001019010009 255072151022
001006154110 253219118249
004229001029 255044118059
000118094174 254124248122
000057135043 254133178056
001215054175 255022075179
010137040026 254217215174
001118175005 255173095135
003085060070 248051195234
004025238134 250255203185
003244054067 255188182050
000234022213 255064165077
000063244088 253197009027
000109214045 252123071002
000012252189 254153055130
001119105075 253042141077
002134214148 255181017184
004009169023 254037119175
003033148033 255203184235
000026075147 255168070183
003098117149 255025210103
001029094002 254229179023
001089179218 250072071085
000146225071 253112022156
000055241253 247173117245
000143013037 249126173054
003079169062 248156011182
000091225124 252159248164
001028184135 255255074126
002051156100 255249155116
002143065165 255063041089
002054136028 255135124101
004023114192 251092116112
021093192155 255018217195
008035155142 255090218224
002242224023 255159167064
000175119135 254213177116
004181052189 255194041155
002143169011 254141152219
002060135088 255171095154
001005198064 254174003138
001144163070 250031197022
001075210146 255023169182
003160224013 255031148113
007102236144 255206032132
002021117106 248041074196
001185061137 254074247203
000189083058 252252035213
013047217097 254188165201
002069128038 255118173224
001145081159 244190056125
007027017063 255075075084
000076047164 255072188243
000099213063 254230037196
001219102174 255021239177
000001109076 255210166194
000111110121 255152067023
000243202140 253215060186
000083181101 254120241087
002127248103 252199132117
003199149133 251121200184
002189040105 253127037140
000235154092 254252019179
009179156177 249182140031
004090228045 253103058090
000118078021 253236118067
001086081159 254157137129
000075087162 253052083111
000132123068 254133129079
001047219025 254018225025
000098089038 252019188175
001019003166 246169252192
000033020135 255162187024
000231168114 255021100137
000129025220 253079029072
000244033238 254061005023
000033107106 252181050135
001198043179 255169232217
002177140080 255017013051
002067147023 250029243160
006000001084 252119113051
000141241253 255022146039
004001178018 248224027218
000087221139 254033203193
002201108225 254107148092
000194247002 251151155175
001109137045 253145148167
002197247042 254042155178
001214179175 252172143148
003032019101 254013093179
000110199089 254071223109
000142194145 254132121013
003221154010 250251083123
000106234167 252190044016
000020213210 255195120190
001186174183 251254097041
001105090193 254216068254
000019193080 253174120155
000074113020 253124013096
007083122105 251080219001
000039206124 252095254104
002243205121 255178044224
003181005034 251038189196
003069195190 253222062080
001102066021 255222106023
000196217253 249058119032
002007073202 254085038163
000070011195 255150021084
002097255097 255252068112
002067015013 254011013103
001032119107 253026103088
003234225057 251172000184
003134215234 252237060050
000101104213 246123089134
003039100075 249129010030
004094073017 250243092244
000146100225 255097051105
004129045098 255233250108
004078101108 249219234080
006109005129 254042061117
000134005052 255013170250
011221124050 255244031156
000088049158 255220099109
004150061183 253024086122
000000197114 253202180057
002071186102 255092181201
002153087148 254090209010
000210244095 253194157202
004166090182 254116185128
001119172120 255128130005
001026157030 255235216084
000209080176 255197144072
000002086155 246057005215
000215235140 255178093021
005203118197 255025160192
011037253165 253177241055
001244009011 255072183150
003113151009 254095082140
001144163048 255014008017
003008005181 255232065221
009149072246 255249047011
000161163201 254091017238
001209087229 252128023096
000119231187 251168253016
002117171183 255126132197
001022075128 249084123071
001069110073 254030157022
007228037244 255238199129
002014019144 251158146158
002066230183 253250124156
003146127024 252135095157
001072156035 252206026255
004199031059 254217115212
003161135037 255163088217
001014048222 252022252210
000121211035 255155056203
000187224167 255031060253
002183104151 250228045220
001056076220 255111113073
001136210093 255180217058
000166139144 252179178173
003194078129 253138117225
004081192011 255228134049
007222074148 254081056095
001221169012 252213169138
001173099239 255190167232
007183099111 255142027008
000235204193 254132241150
003195184156 254236084243
003168034195 250110124089
002175241213 254193053220
001168100016 253220210014
002224242080 251239207113
002022231034 253016165249
000028137157 254244198234
001021147055 255177188196
000166145164 241041009123
001091033160 255140192186
005253165229 255255097135
000086081159 247009104232
000175113231 250009176017
002178237128 246249022118
002010251048 249183243035
002241067225 251251233220
000046051001 251157183092
000082060227 252020252071
002214128031 252218031129
002193158132 252172245073
001015163137 250211155133
000097010104 247192007231
004082158012 255213240095
004198007239 255163134203
000030224033 255088081082
000105069089 255092017015
000238132068 255074185074
001194052132 252238228034
000032171186 254182001246
000051004087 254067162202
004002050112 255130010169
001097215117 251169108059
002019044081 255186082211
001033058100 253122012192
000169255146 249218242157
000183106169 255043244032
000198195076 255137042120
001223223206 254045168120
004040061166 254103100060
003047079088 251182144142
003205029093 254162210015
001124088156 249231075036
001164031100 247052095055
004075239089 255178111017
000216097128 254113144091
000066125198 254222176174
000045210055 254023238056
001215123023 248049077227
001007219178 255215138253
001172004209 254231073004
001246163001 241144206154
002197063001 254131119044
000071045160 254178028222
000199096075 255250040120
005066178233 254011005009
004252250036 255156213014
000183086150 255188152034
002061154181 255199001174
000185076090 254165110074
002203100211 255037006175
004052180213 253190236027
003214253179 253159048081
003054134231 252199066032
001087022153 254078002221
003215103200 254247042069
001171060196 255136227070
001075232168 255221170002
000089084152 254110051059
001235153053 250089067246
000056241231 249143216047
002184044151 244074178073
000028176065 252036116173
001132215152 252155148138
000080154160 255033059038
003103064224 253182105245
002125101092 254039115024
007076149022 255126011002
006118059223 252097209191
002187247063 255161179115
001167085151 253078158052
007158197132 255192249181
001029053042 253067220198
000044016026 253077178183
004066079254 252195119071
000210109081 253071084090
001166041081 251004200116
000135182230 245154070017
004156041161 255009234016
000138026184 254248003224
004213198004 249205133191
001034253153 249072179057
002204196137 254036012042
000120142242 254164204005
000026191205 254128210237
003217252057 254193078237
002001233019 255117219128
001035240020 252175191055
000030079170 255172093211
000234209194 255037036178
004197054204 255239006069
000192128146 254125252051
004012152204 254220114073
000164038138 250162073168
001003097178 255225094087
001098187110 255106030232
001099199008 254093176227
000006092045 255231146051
001120170251 255173085164
001207002200 251205166124
006140178064 255089135126
010136121077 254182151244
000022152224 255035128088
000080025186 254170137213
001135138021 254230019179
001050113203 253247191099
002201213004 253120207168
002143183007 255187015145
000038110097 251201229207
002134107136 254083028237
000077112023 254170081074
000246035126 255122104116
004162100255 251063218196
000077068240 253130071064
000093056006 254107221046
002203007083 250128235190
004185045211 254189093229
003019057167 255089190086
001173086057 255233164180
003020203084 253186139121
001167011206 255207061043
001058115170 255143170204
008119154025 255159159230
003042143186 254099174239
005012220130 255040076097
001047224026 252246140211
002097154156 255177139146
001178169037 251160199196
000196149063 252186062015
000223228114 255239192169
000019071199 246098190078
000195047151 251142231023
001027193226 254114194066
006245192074 252153062028
000078133107 255167005094
000103245113 255134131131
001041156158 255202060062
000009204218 254218097235
001029231250 251230184247
001025254011 254072210146
002077003250 255184047154
001005234212 255015087006
002030206085 255158250167
000252004032 254157019016
000166023022 254098055056
002100155064 254236255191
001141008065 251161190151
004034240070 251178202069
000082171134 250226038237
007252218172 253020039089
006035062255 255033238105
000176156039 255098061029
005023169049 253090058178
002122179135 252128070102
002055130255 255082093093
004166222095 249217157224
004208042118 249108035231
000254130142 252049031005
001135120217 249203009009
003054245041 254069009120
000034057083 255017145066
000019008180 252043059026
000025152203 252176095212
004121072054 252009152128
000112137091 249064049056
002091215088 248074099199
000087122252 248150060051
001147178250 251191222146
002056205080 255247142181
001147177245 255201095141
003028045071 254120171055
002150196010 254020189081
000051210060 255125231024
003164157104 254129018058
004102118167 254150084190
000192035198 255113137189
002022121236 252197071084
003157229142 254230160067
007087018167 255219246212
003206165161 252242243196
003140004003 255152243100
002024036086 251223036171
003143227002 254193241121
001246164225 250168157047
002142058017 251226101174
008235089070 255104094059
002062115246 251226116052
004228112148 255233029142
000045059139 252014138215
004017036051 255196212102
005073006051 254138223063
007109014173 255105187246
003018113178 249087169073
007030238085 255076080120
000204056030 253158181247
004044012144 255238158222
002255007218 254091051175
000085004176 246092255218
000024143054 251070254049
002221110024 253195048103
001123131063 254108087028
005124019027 254125198131
003043218228 249080014122
003153017200 246203161041
006249160088 255129235221
002111122050 254080239053
007077093056 255204172050
000222213212 252047138089
002036030069 253092237151
003166089134 253099162199
000149107231 252189187028
007167230069 255134233152
002031116157 255092136160
000043201169 253250198132
004061227217 253222003061
000137253151 254220028227
003121015103 255193004141
000224128082 252136154192
001093155033 255251127187
000107071009 255150233132
007229021086 253119043231
004238114155 249058138128
002212128148 255167060003
000018001029 253007247098
005136058112 254098177148
004110191141 255173190077
003004183087 250118179150
002215023101 253022167042
003230046213 251151068128
001238166055 250054114060
003154027165 252178009148
002081007202 255043111171
003055093247 255070058196
001188104000 255187250102
001101053169 252224128127
001029234097 253119215241
000097226008 251065017093
000191139162 254250201078
001064092213 254204108113
000224109227 252214208179
001034002043 251247252120
003133108210 252081061073
004068058027 255133108124
001227004043 255215157180
000148003113 250140205179
002048130229 252121144199
001203223218 255166026216
001128145171 249238058253
000085030178 253025096152
005125038179 255173230032
003096088063 251214105034
003109129096 255186034170
002138052098 249040238010
001083232209 254229241028
000101036070 254129215037
000019031174 254096214103
001056024193 251099217133
005095084069 254159044028
000058178182 254087123250
002097021179 254132096177
010085254028 251030225027
004062109140 250138114149
001197090088 255237029040
000018119157 255025209145
000061176124 255219054009
001138133172 253067104003
000135088227 255097198074
001066090247 254051188175
003004128108 253181021079
000214192056 255121138074
000134049089 253139244071
004088063091 255032046147
000124061160 254008093226
002032069251 251134026243
000084238114 255239199008
000018206198 255173166215
003006045140 247187227013
001001229152 255087130144
000089044002 255006205089
008006037253 255212233181
004234173246 255072038199
001016121180 255133180150
001199079082 254139041255
000153024203 255146169001
012017172020 255039231077
002002219065 254021028204
000210198149 253114236107
001021194070 253156100196
002136196070 246171129238
007170001034 253151077240
002002212238 251096237233
000108188067 253045030096
005102095132 251033002046
000138229047 254231160114
000008250002 251138078035
001221138050 255161091246
002123061218 253203050162
000158242163 254110162057
002249089035 254131152052
000132090025 254116037187
000255017184 253147070154
004080103216 253085087065
001219004180 248052217211
004027178068 249210108231
000083179090 252255010138
001009143101 255119046145
000129148222 255215016094
000072155108 253230063244
002096020027 255242109062
005102170255 251249098121
003162139083 248134184225
007253230251 252188117126
000220220104 253165230065
007005030189 250120205063
012003187009 254182049031
002207059079 252041063000
002056209077 254102223155
004047221166 250221249070
004008071207 251056246065
002063141050 255239178048
001088248175 253242224134
010113162174 255214248082
000078003115 253001086131
000091090233 255142096007
001234127207 255127179182
000164025095 254113175080
003127251119 251151054230
002035137229 254010250032
000193182231 255096155215
000223215016 255239239145
000059023239 250211100046
004001006066 250219078041
001240044136 253137124201
006089201124 255037023091
006054045232 254221115001
001247185184 252123115064
000042242099 249211215037
000155034140 253255241136
004118090057 253003222070
001193116183 255223059101
004050115132 250117127102
001035059247 254186059117
009183007151 254076025032
002161113000 253248234247
000022146086 249114080002
001023140121 253034059114
004196217142 251057209173
002060141050 255178076154
000159072054 253092116116
001063086199 254252222074
001245029223 254093219104
000250254212 245195200236
003232045055 253052070158
002117052118 248167048221
005027129069 255020051081
001244060139 253233228097
001112160178 255073216216
000175037078 253205038060
005224068111 255071153099
002148057172 251105062095
000016189237 247203184008
004236088195 252241209244
002059135252 254253006204
002137169131 251155058124
007155073031 255091186051
004006176241 253014125029
003024102242 254214013044
002215193195 255007056003
006056024131 252095061036
000143081020 253182184064
000027203036 255027115092
003073116081 245087186025
003227252093 254121232116
004014082237 247227033105
004032254096 255030178011
003158063148 255024199021
002235181231 252223043044
003156227190 255250147086
007078015088 254206081064
006058229137 255144174121
001147117109 253060235225
001247171106 253003145013
000095233017 255090148238
008117112055 253127159172
000177060032 254075059236
002187220097 254102034164
003214129033 255152189210
003043199251 253207187071
000126193233 254233067219
007077188203 250159170103
000210255055 255060220156
000203091180 253040237204
001214221177 251050002046
000147078188 253246134125
000008000109 255156119125
000107033155 252188205190
001059201134 254254250192
001057025206 251221013094
001182021021 253167230097
003228005143 255098236002
000047202097 255247112255
000200060127 252231154054
002103225110 254128191200
001066192211 248154230225
001115165004 255178106127
003217194121 255174219127
018094037199 255024039022
003055075209 253220247252
001195065049 255108226083
001064199238 254005106224
001239072222 253221001239
007100036193 252218002193
000241108066 253218230095
003123141252 254197038200
003173159089 255101083186
005174059251 254227159054
002215072142 253227182009
003193005218 248037141065
003093238005 255218008233
000038087180 254011074229
000223136182 255049255153
000164164024 254225174021
002040188028 254210047043
001012150215 255227231143
001018194018 252149121137
003102045065 254006038001
005073236164 254220192098
003090045198 255156033067
000199069210 255249186233
001084179247 255107058200
002052143060 254149251062
000126103003 252156101202
000088010002 254003186068
005122053007 255238252190
000047116176 255202131032
001128084252 255199167195
001164196173 251052045018
002008243241 251161252213
000216137170 253187120087
001046111187 252078065110
001212114088 255146161222
008081094194 252136234229
000090179035 254245008166
000127218252 252172255115
003230072230 253117143236
001251214110 241097156112
005123042035 255045184001
005021117215 253107027063
001045129026 252120124095
000043193202 251040014242
002203116066 254006224020
003029044152 250114169247
004140086214 255125116194
000219119242 251009022163
001129160143 255148092144
000133021110 254056142220
006109103012 255168147051
004170215033 253150062209
001163153051 248019218202
001053083110 253050132037
004028065133 254117051125
001188235161 255110159046
005170248084 255154034092
003190159222 250037136018
000020107016 254234122044
001011013054 246193217090
000081120115 255114198232
000207038210 246202192189
004110068192 250018058002
003174188043 253217010149
002064024136 254070208007
001155095246 253179027034
004005161053 250194057085
000021109128 254065199235
015075147219 254066123240
002087250220 255038053098
001085210022 252186046002
007097002014 253114173132
000111124175 253221151181
008112055227 252059064199
001009000251 253223116229
003172202018 251181063066
002150098215 255244244061
003033248038 253249202007
000065031197 254030010119
000166052145 255211234138
000214078009 254144063149
000020098107 255249110086
000234148230 253172078022
004168077173 255094039119
005136041168 255037073121
000247230235 250153246040
000038135014 255134220234
002123084013 254180186090
000079183156 251253040150
000219141140 255142083136
000175002097 253166168230
003211004074 251135161147
000114070059 254215109240
005057133063 253070074109
001023243176 255128077002
001002254087 253112189057
001055061151 255150136092
002028139193 245132218023
002120084036 254095028175
002084253054 255224050230
000069121150 255176234211
001226133094 255007044143
001237004062 243182027005
003121147155 255021113240
002205237208 254236231154
001202091093 247124043045
002169033098 254103075077
001008005045 248186188164
001026034159 254244145011
001162169009 254066067040
001077015174 254249196105
000161202112 255073025247
001144187022 253100098035
000059206202 251178182000
000219079197 253164179150
000008000215 255015245220
003048208077 255035238163
002206075199 252160188182
000214029154 255033196065
005246006069 254139152018
000186217031 254088086017
002012211010 251156092199
002168185049 253136180199
001004072057 254040172030
001046254228 255113155182
002003036195 253136011064
002065060175 254142003184
003052140238 249181089153
001059167007 254215106178
001157093017 253234223198
000052240038 254072176137
003123123066 254229107094
003009076060 255050071083
005035114189 252139091174
000212127206 252085078169
002248141235 254047234028
001112012105 254233000200
000013004095 246146024080
007253084231 255021188071
005103041111 249163166209
005150145059 255238064243
000065121124 254075191021
001019002225 253094137199
000166194122 255235052150
000182037027 250094190002
003073096137 253046003111
000037229165 250048128186
010113058126 254014030109
005144156202 253112075017
001051024045 255058161177
000227250163 251201059254
000040233214 255255130218
003250043103 255166168252
000036016161 252225102008
001164074098 254216135174
002110239162 251187091215
004212140136 253054093196
000151174184 254253220058
002095090044 254187058149
001149077237 253129174018
004085173168 252075156098
003144106255 253031164089
000225130232 255026206024
000100113012 254094185075
002016134162 254214029176
000134079118 247056044043
001113017097 254095038240
010186204107 255015188255
002141178057 252036056095
001076034089 250059075034
002129222195 252203209169
001035043255 252100225131
004082061111 255198086242
003166221117 255179176061
003188127177 254124211200
005000015171 240082067142
002124249123 251244231090
006071005149 254039113005
004238013213 254016246035
006127124189 253008122165
002209042071 255245050219
001113233179 251201136060
002207243010 255125169209
002081252172 252088166149
010072222231 248241096104
004062114232 252203208031
000199092029 254162128108
002056061012 254243051015
007116255186 254245097078
002104034098 255042179036
001074095012 254126074057
002172202097 255119044152
002183147039 250233091026
008036025136 255170218199
000193004186 255116172150
001040085226 254252006180
000042096169 252237204004
002169147147 252031043090
000228203096 255070141216
003039132060 255011243255
001015066161 254129111209
002052085010 255209216076
000172165225 250216227142
000021122033 253049116213
000154235065 254131211041
000212227083 251210118217
010210218032 247001221076
002050221211 252085043025
000217091080 255109060118
000011059113 255047117156
000248242227 255243045035
000010072159 255204174150
004094050168 255201086055
003132147218 255033144197
000130153000 254211039026
000018062147 253155004162
003069108100 255241168188
000146106026 253030254136
005035176054 255146095190
000223080079 255153101081
002171121034 255012202176
004245236106 255126202032
010220057187 251130071088
009102166120 253003037150
003067093085 254185190034
004250194103 255240154143
003083221152 251140145115
002083130010 247044039126
000106240162 253056208185
000226051021 254005190245
001086133249 254121061142
002060243090 251208254096
002231229189 249203034213
000198226027 253233039092
001094126092 249124074003
002217100217 252211031252
002159199244 254067149158
000033114008 255161147003
003055072245 255096227163
000000136212 254096037218
000064059225 255181121041
002151214165 254177034234
000170033254 253026114148
000053250121 254046017176
001000242208 254004170126
001242255237 247004104177
003108092024 252212080224
007181158101 250033029061
001198180037 253018155052
001133180097 251067088208
000007212211 255237215021
000017152227 252254210197
001032039097 255187157151
005104223246 254214195137
008030146124 254028185247
000204084025 255047223101
002151142223 254013142226
000218021255 253074229127
001042138055 255178067123
001121167088 253249204117
004103146154 255059088056
000181170152 254104107077
004023142136 249019198029
003091161071 255082250158
000006061127 252207164167
005085030030 253062019196
004111003239 254093034002
000204092145 252056129175
000073175049 250123185162
000156069204 245066168058
003228164053 255078180165
002233002125 255032137169
002231013170 251009082085
002106119242 253237142017
006250164186 255101210208
003208062004 254121246097
000049196128 254233008211
002225188082 255097039015
001041108000 255017101202
002062236173 254112222078
000109239150 250094185070
002168152075 254115249045
002240037168 253233202110
004176237163 254044124204
003071055042 253009232184
007182039096 254149045246
001170130112 249195035081
002106200084 254240037174
001055096100 249198193080
000252057126 254128105025
004219075110 255004034102
000183056115 255234210177
001070026219 250064031235
000105204212 255149058038
014053251023 255140070004
000069001110 254214182190
001102027099 255235168053
003130074202 254228222184
002080201157 250059172090
001011012158 253230040053
001240164232 251004108041
003117034030 248163102135
000002184145 254117080054
007098099182 250091085194
000028023021 254200223078
001008216137 254096208194
007255124204 249195087098
004102019084 254219206017
007121128095 254043081030
000010057218 252252250123
001191242098 253236100065
002110119127 253155050223
002008005010 255210084025
000111062014 252106208051
000001115144 251138127198
000153159142 255235068029
006071192163 255117129022
002254000227 248160001088
001057228155 255173201163
007175155162 246075012245
001186018026 253036205014
008035106146 248154241238
006002110227 251255242039
000130122101 254178013225
005181158228 253236156198
004217157160 255218020130
002220077073 250127136078
005028245178 251154159030
000125134232 251183208097
000034220081 250159024227
000051185030 253237149028
000243116144 255140219069
001148090238 255106105151
002073229214 255007032138
001149191214 255130224162
005075119152 255003237147
000076079123 254132071061
005204224194 254238245028
004235026079 255067245253
002141152151 251139241121
006157056068 252137239025
000048188074 253170080219
008192030050 250087143155
002195252254 243152161183
004167058004 255236186013
008105025034 254175251006
001223173050 253246196200
000003034020 253247002072
000033180085 253077125122
000016185239 255140028121
004068025238 254077156122
006006195153 253229255220
003026108039 250104050082
000072061230 253039215156
002173220038 255237242002
002009190200 255188243069
000000180095 253232159132
000075137181 250058241162
000175178178 255142195055
003028033005 255179020208
001127208034 252002015027
001029108109 253124240143
007000196181 253109054110
002120198151 253048124072
001065190054 250253013094
001132107193 247209066248
002096015097 248159021017
005162105207 254137236239
005042198139 254054085204
005221122241 253152012238
004138051022 253145116025
001034250065 254170069025
002124031188 252198159093
009078161237 250052211247
003164018008 248190145233
002168080020 255135137232
002079179021 254179167201
001247063171 255048234221
000178203025 251036190253
000228085206 254209142252
008200133055 252093134021
000154243046 251161128096
001125040021 255248038247
000000139038 249248037018
000232044149 255222018134
000168082048 255009098231
003204229022 247126076097
000142024050 255245011070
000081111069 247001073073
000044104156 251009124026
009094236234 255016228149
001051093180 253214067054
005161255112 253018141209
000115162108 254148003134
005232008127 250082213151
003028099186 255005068125
002085163052 248139122235
001018225057 254250051197
002086121113 255086074186
006021048212 255234088110
000113051203 252152018170
000193174000 255154080118
003173072205 255152115025
003255027180 255055151097
000172233095 255006124073
000152090025 254158045185
000008119071 254201063001
001226056007 255050204022
000089249242 255009149051
000037119169 254148243016
001102224159 254160176117
000068249130 255095071035
000227043182 253027011102
000170124254 251195125231
002069254177 255102249201
000167001009 252170072060
001025209133 252063207183
000040243145 254249225151
000154053004 255255151109
002248119082 254209093207
006146086076 255025253046
001044152032 255016065118
002123025198 254250227024
004042067170 251136249213
001235021088 255181105167
000087190052 255241133082
000245233022 252127107097
000112176067 253022180016
000035096126 254161092057
000084226110 252003052035
002000218088 254170046035
009188189083 254001129206
002042199063 253234145083
002011094005 255114027098
005069237197 254029043128
003087059230 251131006011
000193224205 253043074006
001139196252 255043119064
006204027040 248060220243
000053174107 254168213085
000180162001 251167180022
002168027013 251194169065
009138051009 252130058135
001089102127 247117173110
001048093114 251021191151
002030146230 250016207248
000173108139 255032091231
000253118255 253255080106
006253022108 252201060155
003155238154 250158180185
004108043192 254202212086
001034183216 255226164148
005145247108 253153255051
003213135159 241130177081
000036182180 254022152075
000035099160 249232122115
000007017227 255238193163
006113196212 255095254149
000205060137 255003170223
006037244118 251090233121
000027118127 250246236206
001157138248 254084144028
000003139253 253158251000
007196193131 253227184023
001022038128 247140076160
008083184230 251255002160
001201069206 254021199014
002157156163 244071241142
001036168113 255063204060
001112062246 255057161125
000038187226 253037088185
000170144201 255250158033
001129018084 249120048093
001044043139 253237001132
003114211130 254133211162
005178055104 254142126140
000015248006 251063151240
000195231148 255034222033
004080038231 255044053044
000176014111 248008071206
004003080095 255119081214
001227013197 255120234164
000139142085 255095047180
004046024054 255045220211
005206225192 253116243248
002147038105 254188011086
005161054082 255043160154
001233247121 255125084080
001232086146 255109109032
001051031062 254158191111
001166114154 253050204054
002103056055 255212138204
004198213186 254075114159
002037182146 251254242190
001107201032 246011128061
002223192079 253158199011
000154226128 253156021152
000010161038 254218142242
000065060244 254239243019
000081088121 242036066183
005034153126 254060058236
007168171068 255219014024
002251024156 253043165155
001045243172 252241187119
001128206252 255082065201
001216149150 253104082229
002073150107 255044052211
001001195134 255136126044
001043211019 255025115060
005143064166 255030037241
000034174205 239167131221
000048073042 255003225084
003016142001 250166178074
001067121180 254130158001
004209125102 252029101154
002041243127 248123030013
004045151202 255183035082
003116082120 251254119222
006149217100 255167176104
001030053033 255246076081
002125124008 252078092165
003058225108 254195070011
002183107133 255063168224
000001168029 252200036227
000115126021 255240232254
000085002053 255026058051
001045008115 253237203140
001086169019 254172122172
000105060149 254201009223
007233059218 255237161023
001115024143 252188142231
000243173098 249145200071
005152156061 251235243085
001153014202 253239147166
002075253035 251214103151
003145172138 253184248064
000036106028 255058039169
000148197252 255111171208
000169062085 252099160063
001207222110 248213157241
002016228069 254213018094
004011095090 255051083003
005129151067 252176007017
001108050093 255026203003
000206037152 254056215159
008044237161 252101059090
000076242174 248122154090
004044147008 246220216015
003034224004 255121161129
016013194014 252236036070
008071151072 249168152085
000055145083 247242173051
000181251006 255040119088
000003247136 255005173114
000220219143 253056170200
002043090078 255103161006
000254138152 253241165204
003176029073 253060219032
004126092169 254145245150
000255095217 255082047030
002255152156 255152046144
001056131201 251063175007
008093208195 251125252196
006206185028 255121208087
001185197095 255166096016
001187241239 252014190035
007142097093 254003060000
000033160107 248023138144
000181019057 254195071048
003157124252 252092243134
001083200138 249051008030
008194148107 255194065210
001095220147 252144024162
005199094151 255228177108
000074014235 254151135243
001112008126 251127190135
000231224149 254227002149
001015122043 255215130137
007042236082 250207254213
002151024237 253196129035
001192078018 255037213145
001102199221 253062037113
001121242035 254240235202
002008022194 253078047222
000146091171 253134054231
003083022191 250189086206
000038225035 255066113207
000192158094 253244037131
003243089001 252167187019
001159128094 255147018023
003218023242 250089243079
000211220070 252069240086
000113125029 255220069152
002188037013 254106031191
013157225032 255047222029
000044160134 252215164184
003089040193 253251255107
000204204032 250128212071
000044177217 245109042053
006253016235 254143246181
002155201103 252090116072
002117125087 252220049140
000107034068 254075074128
002114120108 249215193224
001209095085 255237100078
002042113038 253194235012
001255147107 251204254139
000255174162 253007183232
001049249080 251165216026
002103017009 255190122089
000137106130 255117184250
001208023151 254235112019
005056086072 252115133163
003221016154 251169002058
001155180189 253151174189
000042175201 255246213108
001052153228 250181173047
000174008070 250242164102
001027057094 253135157057
004039022198 255040127048
009078196054 255181069134
005025097187 254148231040
001015127140 254130176202
001141100011 254187096170
003115075076 252123179135
000218094144 249001079200
006161130193 255110005032
000169223249 245034104172
008051045218 250021178083
008027016190 255214193026
001083112251 254205062131
000040086178 255002113169
001178218248 252217136241
000038083190 255215116227
001180051170 254137137066
001078051162 254001033027
000248182098 254017247156
000245051037 255121028175
000175055004 251153052104
000249217130 255182005211
003100016081 253023162251
000200249088 255162045209
000016038208 254213027006
003005119002 252047045022
003094175089 254130118105
008042180157 252206171226
000053222230 255111076015
002084013121 253018206182
002030178127 254120150087
001036030068 251027008160
001045147220 254121254174
001111173219 253034022041
000019159175 253014247098
000210150231 255217207185
001200218207 255084108069
001109134255 249251132172
005248119101 253147189199
001046070064 252175060149
006025177097 255178010118
000200144190 249209017248
004126144008 255163169170
000143036096 253030163242
005151173253 252190017127
001194056005 255254136113
003006185093 254028121027
000199136150 254061243143
003126239025 255009165236
001001038032 255157211200
000095103230 255009225246
000232032066 251140037205
004034197081 252025140087
004194058213 252026232054
001222014056 254119045021
000228209229 252238007245
002138171151 254080006018
003081012048 255247181006
000224246200 252130214201
008202027114 255159224253
002251163213 254015050212
003027021126 253079050148
000023081176 253250147051
008005063040 254250192083
001087234145 255130025207
004133249251 252164007238
005039207180 249252251238
003032106103 254227154035
002191223214 249172023208
008150051150 252157005059
000239063029 253096224078
005092010202 248131211204
000041197038 254197086225
001011140060 253044171224
000222015031 254189036073
001044047197 251065137039
001177003108 253170104122
002135208007 249116010022
000198132185 255194146113
000215244183 253208236032
002093019149 255157126254
006136207097 253229097158
002192212212 254141138065
008215026078 250066100180
007111152037 252143128197
004230112156 249149020078
000130207203 254096186102
001142135203 255182189052
001152121087 248043021253
001209198015 253043039112
009108182123 254053195186
000104195200 255178162044
006102143212 255111208222
003147130084 254045248062
001174025098 255115160109
003157095028 255128144224
001194113221 254105079036
001073003132 254210094083
002100159105 253202214058
003086045162 252106032239
005015134161 255134154198
010085063191 255238131199
006232097073 251009060239
000025218171 255059142010
005178118221 246216248080
005143242156 255111204223
003128090047 254034064200
001168004049 253198184093
003028028146 255007158092
000175004204 252131134119
000114029175 255215163227
003136019247 249192103056
000038046243 254211137165
000127061111 248167018074
000184038214 255146236200
003169251160 255217087210
004235156201 254246027080
005131008176 254207202099
009081050117 255066163074
010066193080 251068129114
000020146184 255154081131
000187089183 255145108235
000114098177 254054134176
001245058041 254108049142
000057024248 252171017250
000081084100 255120025066
000032004089 253098228012
004150147156 255082188027
001214242242 251209015074
000148008185 254000183002
002044198031 253206042196
002150142113 255230109012
007182037204 253126188053
000088087213 253101247087
001170193192 255242254144
002165080025 254050039073
005007153009 252074164095
000234024126 250249217189
007127148087 255071159180
003020120059 249211056252
000117056241 253120078178
000092125134 245068232109
001156243086 255084215180
004135135135 255018053251
000119137066 254005193226
001223087140 255037251228
000187253074 251211154102
000110163025 254195168105
003034139132 251180016033
001113084003 249180153217
000216234178 253100234212
000095252067 255167230132
002083098172 254035140219
004120056194 251194075044
000143147222 255097094123
004242003021 255086104231
000254142028 254027115182
003145021130 255102168114
003046021033 255096140107
007072211079 252055107164
001038018189 255240065035
001075195152 253045181102
005084120151 253151162193
000183145067 255001198074
003007090125 255120225134
001152103072 255217098003
001186238040 253238168248
000160048037 255131055176
000079166132 248121249075
007085191056 254196066170
004213227221 254051019187
004182066190 254219099172
000020000073 253229251033
003024205217 255182077153
003052025089 251014211098
000104035097 254247208130
000094205074 255155058201
001125067245 255003065160
006049202159 255111001149
000101137207 255211085125
002026047110 255121041194
006004102021 253209132080
012126164016 252004218044
000116255001 253167052052
001140180156 255135117064
001091255133 251233230233
001222084032 251055188001
003011146089 254174143190
001012190069 252191093019
000147102044 255167192030
000103196055 255075097041
000203129241 255037107025
000123015089 251222127044
004109008163 254134103098
000126246089 255168067059
000180010121 252247196079
006002093052 254197252248
000054111007 255047145171
000234198115 254045216049
002045002128 248233216234
003197010026 255198016023
000166045146 252251048025
000219151138 254029183157
000109227098 253014132212
000186074086 255011177005
010175130047 255227040178
000173124080 252000064090
003241185044 253238049116
004171222104 254014028133
006222176083 251179109007
000039162005 255000010135
004140040024 254252092226
001013155039 255168187108
000024026038 252191049187
010161220133 254169195141
000187203029 254146131124
000208183185 254167213165
000159200223 255002231176
000190021139 255254218004
001153226173 250166180140
000138023043 250210213014
001156239045 255052090045
005041087154 255155004049
004189224234 253016137154
000160000008 255097063025
003122086109 247229144055
000004004250 254167152126
009179139018 252015003026
012213026230 255109197164
000045152081 247036045127
003176218011 255016082192
001023113066 255190175085
000128235219 254239135234
005159176098 245234106070
004168244245 255035217113
000042102037 253146037161
001221057188 254049080107
006189229108 249185034196
001054068108 252204097005
000232211093 251001111187
000181055198 253130254000
005211213049 249051213167
003160142131 254211091248
001053030055 255201238054
004025016036 246175224235
004183134074 254099025216
005225062131 254241010217
001004174002 255001136153
001028054072 255236027200
000001036064 251150077018
001024053145 252226113026
000094177028 254078110020
001214237185 253087006210
000115255099 253019186223
001050025131 255097148105
004149232034 253024153192
002177159037 254112083136
000251238053 252008234061
008067222250 254241221113
006040226250 254034064224
001030066012 254106246228
001048062079 255085043038
004231253179 255093218121
001183177018 255175090129
001137130022 254123148090
001153011203 255220041202
000141255110 255203190189
000024042206 249253106135
001209224224 255216211024
000081156243 253217016156
003035218179 253221188140
003193195020 254238040232
000254250136 255011024118
001101087227 255250213213
003185032177 254044201136
002085207085 250102005059
000033011247 255031165055
001031015194 253109124111
002172247126 246069073122
002148252194 254105059077
000093047018 255148017096
005231185120 254098239124
000112145048 253159181103
006105177051 253127158238
001063141009 255106202139
003064114003 254208234150
000248240161 247054159162
000222181253 255213161047
003187033179 255006057139
002019221169 253031215145
005255047210 253215206134
001111075109 253168092163
001058113223 251070254004
010247175168 255123161023
006025083041 251157080052
004154054200 250066100252
003072144070 255238206027
002162113033 254102030203
004185222205 255219147118
002031123141 251189093104
000128131231 255067012245
000118165153 252218090039
002067203058 255159241025
004254085220 254011106138
000078088011 253113141146
000184114114 255078089121
000070096185 253017199003
000180235112 255140057133
002079120100 255145172121
010046112183 255229125119
001242136034 254223199019
004189066184 250139013133
000027126138 255237055046
001051246019 253022058016
000057052200 255171231198
003142054070 251221145198
001164130031 255171057103
001041089252 255245205118
005228185009 255242056145
002175012180 255186041234
000228245037 250197036105
000028140125 253135105015
001022158073 255009189052
000103011111 255154156006
002084059209 255231172061
002072065103 249032174132
000058184153 253189085047
001024145176 250157009005
000168126102 250104139253
000161003226 254058021147
005056006093 251219087173
004220232129 252238128182
004249020242 255157099060
002086096217 255015078138
003133167177 253188130011
000007235063 254189206163
003141141193 253056150066
000031103037 252211080139
002049004047 250021247098
004210043052 253168030058
005176238193 251235096214
000043136200 255105053054
006254159081 252119118056
000233142063 255030018254
002074255237 254041219065
000123174126 255124071196
005245131180 251176044094
004010095094 254237220039
000224089221 255122033098
001078162137 254051042135
005174099251 255222251199
000230217123 252158039065
000255018028 251035217144
001038186135 253223077242
005131199036 248087195119
000119245078 251055076103
003171234218 251143062254
002165190016 254118222194
005233187201 255092186166
004158254239 255096100041
002069138233 254137063051
003122168233 255084182244
000029250134 254016086086
002038060140 255138046215
001205093208 255083108003
002066016147 254255254071
001037132201 249194237169
000129027101 254144028189
000119173214 253177152071
001207209169 253130052181
000229033109 253110037102
013145086227 254141164096
000212135143 253191072052
001008219049 252139148069
000058117175 254053009020
005170244224 255250102245
000015240073 248186059187
004005044213 252044068249
000093146089 251199213130
000250088217 254128000052
002071255178 251194180177
004156014223 255166032246
003140252168 254005190013
002005159052 255211189204
000003163010 254110117114
004108057047 253117001232
000121115154 255218074232
000033056131 254238036172
001180228210 255171240236
003024153032 253223201131
001199139107 242129027209
002230252198 254153010109
004116072092 255159183017
000040160220 253152250119
001130199095 255181249026
001207145050 255133238155
000173169076 253140040043
001235069031 255004213080
000161005131 247126236089
000062100208 255206048177
001148089087 255112047191
000158014043 252192110232
006186179125 255131083190
000012119230 254245079000
002019214099 255243085038
001011105249 242028087097
003183183191 254071115098
003192174062 255072214165
001219137075 254169197003
000126033129 255218022052
000051025167 254043011098
001225172010 252151233079
005226224045 255137120073
009211194159 246253111158
001008110254 250223036157
000151178147 255253243236
000104161215 248209034027
000215121137 251236167141
001003022030 253121208031
001125223111 250119179000
001239217075 255006057029
000192139176 254011228202
006134006019 255059116100
000143030116 252167125131
005131041158 255059063148
000060208159 249126125213
000049122212 250005185244
001108069111 255165039146
000022000240 253198090120
000090202074 255162213251
001070206051 254030106135
002041104223 252254141112
000140034112 252192114024
001157142222 253103144168
001229040242 255188039073
000095009150 252221059250
002117029016 245217047019
002254226220 255227102225
000199223084 255175116161
003120136022 250115197080
003115097009 255216182073
000102061083 253142245021
001066175252 253209088039
004219162135 254164022180
005005073117 255032077061
002039131116 254138138100
000219086203 255005178146
003023191099 249214232006
006068117140 249013074186
001148064141 255118122217
001002231216 255195106232
000148168164 253005005220
004050017121 254156020200
003196106113 253023075072
001228068008 253049146165
002022215027 249108160199
003249056110 255187069047
003147010218 248135036087
005024199158 248224097089
002025128025 252250155091
000214131090 250043103160
003077071165 253168143210
003185158042 251149250228
002125024022 254018225130
004197248185 254214021246
000005008210 251113179112
004001091040 254230215037
000009012086 254225246172
001244075063 255246060046
000075016108 254146210172
002114139106 254181176171
000107162210 252182068080
003050111248 253140251017
001039157014 245086179139
009234099193 254091110002
004119133200 254208178171
000080125058 254115198162
005152062146 255118038129
002095204070 254023191185
001037221083 253236083039
002147105246 255131185077
000056235050 253129218188
001232068242 252242190004
002225103103 255045167189
001104117217 254093222233
003217160049 248174021226
002215063066 250078014046
000030101018 253199084130
002199147219 253190118050
005197037163 254094147171
002051155069 255226111009
004220200203 255207026177
002010163159 253025219106
000065117240 253218114038
001099108023 255173117010
000048252179 246073244163
000197165231 253226135142
007011151144 255034021167
001187214118 252086027050
005011057242 255184025061
002230065242 247073176236
000024109057 251084125012
000224021255 254056182231
000160045227 249057054148
004075050184 255217220098
000024046138 253233039030
004188082077 247205224209
003103056089 254103122244
001038203159 255124089135
002092196136 254030057108
000086086202 253106084167
000101229132 255111079092
000109062102 254133064216
000252189059 254090128165
000132185198 254162107005
000101021225 251062115043
002110111254 255147075165
002016107050 253094056027
000019255033 254172050125
002072119071 255227015066
000039044185 254074042129
001175085214 255227014184
002184250039 255157032050
002154189126 253241076027
000197061142 253018142234
000054055176 255180149164
002008051013 255117042244
010182233092 254159150107
009148086110 249175089032
004065010089 251089115019
000107186034 252114062144
003058217004 254193055147
000243242114 254009141214
009014253094 248254015085
007146034245 255252008203
000138065026 249061078204
006091144239 249121228007
005189046240 253005137140
001181183076 251078047168
005252089250 251232202082
002226060199 255038228206
000247133043 255079225247
003067159136 254111043187
007115166212 255240167122
003062071035 255045210216
002166072043 252201010203
007009183125 253055235177
002053228222 246150204242
002022059038 255027236209
003145011078 255168072211
000052039008 253088088095
005032143221 253160156195
002149053011 255110033112
002018033082 255056002185
000244169153 255118254001
000242040245 255245115150
000154187154 255167212098
000172074242 253023056087
001096205225 254154081129
000075094243 255018077195
005066012073 250206098105
000089022082 250019221089
000018175095 255089078023
001114154196 255115190194
000078006066 255094078238
003084190108 254129065033
002030018241 255093123034
003229203238 254115162082
002248202191 253116145202
002036248079 253089131195
003183134244 254018026074
003201000191 253117171007
001035208151 248251165157
000250132084 255077189149
000209232136 254155205107
001005203235 254059086137
001135238187 251057254126
007142194217 252194250006
000218167045 252118201202
003135006134 254078196134
002005025056 254212028238
005039194238 255178036223
000189239146 255212067088
003112157196 255240253144
005019243216 253179043165
009178213025 254016084010
000052231250 254080253065
002017018189 255241123165
002104166112 251099240201
005252111233 253202236207
003141236003 254023042030
000034190068 254232110090
000115001011 255064184160
001055234154 255134175144
001207236196 252127054123
001101201121 254048244143
003101023136 251176117134
004062139116 253072210083
003155092037 255157165048
003180158029 253033060255
003049077083 255057202073
009174186199 254121190079
000091057108 255147170234
000092161111 252036110243
001063194122 254055000236
009019133069 252207120076
001251125218 255101091199
003127172033 251146128209
003020064214 252170159037
001102100059 248171069068
001110137091 245098105225
005135109108 252154067132
001242144126 245251177045
002011054022 255228181165
002184024094 254223081081
000159045031 255208205230
000121165086 255001042204
004169132108 254247165118
000080167093 253156179153
002110012166 255214112191
000069237000 253117241082
000020164151 246163068093
002019204215 253046065131
000179016071 255125017158
003123119016 254171132252
004158134100 253224058163
000088049086 254222239023
001064242114 254037079057
001219200017 252061127128
006081135199 253026026195
005066230108 250033129109
002093243015 252124087074
000081077033 254090183044
000063160232 255218178227
000045008124 252190023251
000007252039 255146147169
002099097169 254167172118
003075050200 253036227226
002050013134 254109124048
002110208035 254252003086
001065191229 240020013016
002236002176 253041027193
003138046137 250055105056
005134031232 252122197045
000199126183 255218177063
000046040167 244046229053
000054240253 255035077078
005210079083 252229010248
000004202171 254181030084
000046143123 255053095034
002188227086 254156237196
001070209081 253084146087
001018100087 253116116126
007202141031 255188209068
002151030045 255127196028
000086198043 254121220183
000248061012 254021213124
001045234094 255016171115
001097053047 253046001158
004006009027 255197182252
002003252008 251008113034
004016145112 255159209230
002035020049 254103158074
000245245138 254126192249
002172201239 255076152100
004003027036 253226126140
005167059086 250034153109
001153098140 252240139210
002178198117 254116135035
002012007205 252199087194
003053130040 254232028012
001087117069 255195035100
001165151125 252238102078
007106044072 254209025088
000075143067 251010116076
002127045154 255170248078
002091017039 253030106227
001051073228 255103089091
001184132141 255217200081
001139188158 248242251183
000216067213 248200234021
003063059146 255143249198
000073117054 253235220042
002210132222 255208092021
003099239242 254018008091
003087102056 248227177090
000080094153 254057222040
004165074044 250145059239
002030251000 254146128231
004018245253 250208100188
000172255217 254176068238
001146131018 254148223191
000227230197 254143132016
007027215172 251022073053
000226120114 255020103001
001049025120 255249029034
000218130251 248152229060
000138179134 254145117113
004193067025 253116051226
000012143126 252222187041
001018089237 250201051167
000223176230 254238152123
003031046199 255050021174
003103014131 253160050038
000156182164 254042000171
001103197148 253023106174
000015076177 255113043212
001232023152 255134071118
000032105101 252041181242
004225216114 252229103220
008115110103 245243217180
002253166119 255153224092
002088102156 253204005250
003049011220 255064247066
004197182072 254227071069
008216215189 254091044049
000104096028 253021107152
004250029243 254128002029
001004249175 251248238224
006127037060 255003152010
002035151082 254241238232
008058162004 253043225145
001076070040 252106203180
000163203115 255068001119
008091212188 255133013221
002139159219 250002205092
000132247191 252138071195
000094024029 252198023101
001219040210 253209049011
000253112120 251091056038
001219154200 243249040041
001238254081 254000177169
000254208255 252128156070
000162189033 254089166246
001110023026 255202192209
006003244073 253029224063
012107056076 250243104087
002217204037 255242035063
001006189105 252156138195
002030163252 254054246139
002214180052 255125080050
002147116198 253010104190
011044146228 248136172096
000137059181 249207153088
001138180136 255047088195
000073075101 250181070051
007109083245 255249008133
003008151212 248239109066
010113060219 255201040008
001116194131 250155084170
000037064231 254217249158
001018082187 254023009158
002152154019 249127029030
003224057024 252124008137
000088106231 255066020042
003241195089 254178044152
002154162083 255040143251
000075208207 255009096121
001060163128 254138105208
000080184228 255131172118
006072161053 252041102091
000216017087 255071095112
001015141074 255163227017
001066243177 254059120210
002029124147 252244073044
002140208208 253094222231
000205097136 254254015230
000207004228 251014114086
001080232237 255087071069
001056239016 253003082067
000152142190 253034248203
001073073028 254169192091
000008076055 253199077196
000033126119 255128254230
000194128021 254217097027
005251170081 255047240148
001235200063 253197166158
001233251198 253000210082
000171126203 253102119009
000147081131 254220039186
001005071105 253128187126
000007157190 250144255069
005154221252 254125128148
001123106022 255128219088
001193077036 254159157036
005247042035 252111011102
006048115125 254082222084
001036081235 255017048251
002102035085 254252159055
008082109027 251237045058
000094123167 254118027132
000227207096 255254187178
001236077006 251145129002
003007134073 253223207193
001155014081 252105111096
001001011243 254039028234
002095140223 247157174159
001002216229 255019144085
001036235106 250188090165
001214173093 255139034003
003003173093 255030090183
001173071084 255052161213
001121198240 255226041095
001048246186 254038012093
000168110088 255138243103
005113216133 253093082017
002128020020 253016231202
001160084063 255179231084
003101045051 250106143220
007176180005 253065179189
009061243024 255255094237
003111019076 255109073040
000009211016 254040111205
001063028037 255100124214
006228136012 255175145185
001201168246 249035251232
000175137148 255010235131
001129064127 253199179088
000102013118 252220222066
001213246079 255073110124
002183229127 255215104028
002083040047 254028248047
001055169191 255021003178
013189172159 255246104102
007162216160 255127031218
000073159077 251054169190
000009122184 255041056050
004108213233 255228169166
000105243079 250187251233
001236145104 253055213247
002055133087 250176236241
002232066036 255051078182
000050079161 253236225104
000206132140 254206219083
001217093222 252073103229
001086153059 255029030081
001050168137 249216164161
000115231011 253038172066
001251117229 253217140002
000205224069 253173158163
000078021027 250155011019
000200131250 255250003150
007251063236 255201230064
001016216012 254253240207
000000125237 254209212006
007056239104 254071222099
008019044006 255250171106
000086054185 254051090169
000104186040 255128228138
002235214147 255009064143
001068250210 253036209074
000088125224 245050037236
000014179251 253120086202
000140155192 249083188021
000187045225 247110129168
000181113063 255226162000
007127177253 253065246014
000032243123 244106139070
003123084105 254207035132
002106187173 255093246138
003152244166 253204073236
000186095166 249041183245
000234093134 255060219182
004091159051 255012117062
001078079109 255034091118
003023167154 253189087116
001146019092 251200044143
000178211121 254135024147
003129069172 255169137192
002204000178 255169031022
002240120138 249159113188
001074252170 255101236166
001213244051 255243000202
003178165143 251217119019
002034094145 252077138172
000125185124 253220245132
000173098074 255028177157
000057195206 252092241248
001171061114 249059152123
000125178132 252133183241
000021113159 251041196098
003156148255 253116101090
002185061112 252158078233
003255015099 253159067087
002228042147 255066242016
000147196011 251208248217
000083199094 252038236119
005026190056 251224100120
004237092105 248129165055
001169007166 254237124044
003095005166 253116145105
002227124147 253081057190
004160047085 248119091209
002184093242 255014157172
011202081216 255036049020
000008161065 249082120171
000227223031 255243249139
006204190093 248087030049
002083205079 255000108192
007030106115 255104070248
002185057162 252237059179
000228186002 252119150113
001176005125 249178001010
000017234125 248090228120
001175037023 255018191018
004242030189 252011140089
002255039093 253143242246
003046210208 253003002138
002077015199 254248048023
003006096206 255153198102
001105128143 249232133166
002029174047 255246219000
000093151235 255210167123
001211248009 248212253146
002018027019 247058208170
000082085030 252092063092
000031166244 255076062246
000032013141 251032171200
000125050088 250192175000
001152047125 254027002211
000092034181 255144117080
000103030127 255157016074
003144251085 251074146234
000181110099 253191215077
009171221140 245130120170
002086223058 254134152209
002165027124 248204244117
002132082166 252108066002
002107020202 255201097211
000250016030 255209170043
000112138235 254229234226
002114108156 252237203203
000113209221 255167190169
011171213058 255206076097
001136086002 246160003083
000076200171 255076113181
001246026186 255245035097
002079097146 252212159240
004092092054 252028101099
001042008074 255195084061
000028135238 255241109193
000145196093 253058221094
001206249086 253241132149
001141098092 254140082202
000070138189 255113220089
004182207055 252249056210
009223174078 253006185141
001195097112 255160177025
004202254077 255228003072
000174137191 255085212184
002086175237 249145154056
003002129052 255087231052
002244116210 255151067223
002107162070 254113043219
001112094065 253084171227
000213157169 254214028198
001236038237 253115074217
002141152122 254205003191
010061143107 250152036113
002141090030 251138109229
004103028214 255219154019
001126240132 254043228097
002009047110 254118116127
000045047212 251017179061
000014091216 252249107079
001166043101 253238025237
001083096150 255048228038
004037171064 253042121023
001229106208 249238216148
000110062005 250030034228
004209157255 252191224242
002021149194 255180110172
000107106103 250013207091
000003149036 254000026068
000172121118 253173201113
000200124183 255062037153
002233018163 254222110120
000154009178 255242157174
000248012043 255181223049
000053089005 254247238039
000066119055 253215167173
004255097227 252221023230
000143071140 255106230061
002018224244 254213120200
002012023050 254193040220
000202083238 255174115225
001247119070 255134073092
001016137233 252226104024
004032231221 255082037072
000043220050 254230013202
000190216199 253094251161
010010052094 248060021162
001057208019 252110075090
000082024112 253062037194
000125037068 253128198222
009192002252 254112241050
003218166132 255177239156
000003071151 255253185066
004087096000 255223029086
000009192067 255025178078
004157243152 253215058055
000163083077 255062177210
005000252032 252205078040
007159244215 252234130064
003187223076 255080176116
014156122040 254031034131
006040182181 255049058204
000185243118 255101110187
002216185118 254239109228
003041139162 251238187242
009052092214 253000065009
000159164104 255159198015
001033026116 251162010189
000183149040 253203083128
000119088103 251201245025
012217254210 255087079227
000050111050 253243195076
000062053200 255224144243
001006000011 250012155144
002043163217 254171096002
000220156008 255096122083
003123155042 255230215160
006068150157 253235159022
002066172204 251130050238
000157123244 254196186063
000222207105 255124198019
000035012077 254149033239
004097069012 253154168233
014206218035 255132028235
007189193102 252139229169
004228003069 253192090045
000136013095 248225078046
000065119240 252213233071
001114023114 255176065156
005025005221 255164040089
000000124113 254061014060
003180050044 254110197107
000074011179 253222045178
005233016124 247107130126
001004166109 255112232055
001056040220 255229132098
003203156010 255129063195
004083234181 254157054035
000135202191 248141215172
001093074002 250072141103
006091100185 251154219125
003048155152 249164121019
007231134240 254137183000
000008040224 255170252001
005024176114 255224080052
002232074198 253051049127
001153250042 253130176059
001189244220 255057151038
005169212180 249012002078
001081252174 254190120167
001086111018 253150025071
005219065235 254124182058
001081192036 252187038209
005140100013 252195054255
007134245029 253023160054
000160111036 254119081167
003190093250 254154107032
008245107045 245089216240
002061162140 255235224021
004209014111 245163076081
000185063048 254254079070
000072091070 249191200078
000091010152 251116210057
000018201121 255217170112
000205036154 252050049201
001218148043 255064217130
005208061141 255136239195
001207061194 255067150196
002075203180 255210153182
000210055248 253056031081
002080066116 254223082205
000044221199 254069151236
000166145226 255173062055
004051025093 249124211062
003052040094 253159240255
004011182122 254077225237
008123110117 255249184247
001005093222 254103080205
005041153241 254156161051
002184053094 252190062069
002014129074 254113209017
003204168037 250255236029
000157220234 250248081133
002117086087 255095098194
002043249072 251112082241
000139106216 254101101173
004147201078 253035231047
001239041252 255216249014
003204126049 255051090076
003206129100 255232254226
000181071230 252220102079
001187146238 254175041176
000004128235 255103012070
004240160246 255122028107
002056055178 253090094124
003149144206 254195061066
005069041239 251043241217
005030151017 255127197197
001216209170 254191061123
003094100033 253060212205
000012233168 253248225174
001168204042 255035009158
002062086242 254097011047
003176206146 254162194249
007117111220 252247000193
000248187091 255250226000
006200144248 254023077061
001147024192 254021183137
001023208049 253184084033
000109163100 255020105191
000111056096 255101238158
000225230205 250061027145
001165126117 254220036038
017144026194 255084181132
001117147143 253138131063
000035049169 255253004250
002065105050 255237107142
002248063219 253173194181
001228149090 255167183200
003085210131 250243221011
003237000091 254055250021
007115052243 252030189123
002136031233 253170069170
000207062083 253140168076
000121139066 248218221055
004225029141 255054153241
001203034004 253007084223
000019016042 247058193204
001136165024 254014191019
007048000040 254186198194
004030033220 254230106176
004084082087 253104090099
002123187200 255102071006
004187037051 255249147172
001057044112 253172056201
000042080065 254124188015
000154116226 255254243126
000111124194 254170239016
001085219072 254106193245
013151182053 248251136055
000130228109 255130153083
000172065068 252206243062
003097159113 254111249221
003007242244 254181252177
000136164083 255250187118
001160055139 255167209135
000185255166 255203240206
001090241232 255062014061
000068042060 252123232038
002123029163 255155091064
000195089164 251090086006
004240080076 252228104081
002192061066 253032022255
000013171120 246227089054
002091129031 254217067184
004173118114 251236187003
000138126082 254247062173
003169100165 255103018038
001114197121 255033125224
001037168015 253195092214
004105247170 255191032138
002077124087 255199185036
000054230051 254067131227
001153214156 255081134224
000221249247 253036214222
005037177132 254117118243
001204016178 251201000053
002211186237 254192154217
000220022220 255103032201
001171031122 249132048061
004079228052 255111154049
003018248246 255123241079
001007070113 253233016079
002088228170 253171031219
000054247142 254187204081
002111166055 255244121149
001210144206 246188145014
001129180208 255030244147
004161024160 255131084210
000059007206 252115028234
001152104143 255123159214
005245227240 252211004020
000239076184 252163141137
003162042052 249047072235
001030080000 254115088058
004121013240 255056076173
002204217031 249159146081
003232148155 253127049130
003219138133 250166247063
000206007204 254231031111
000176237174 255169139142
000228202055 253222223231
001103027019 252154202242
001198110168 252073181188
000029103149 251188008020
001168054214 255002177170
003154032240 250211251064
000195115216 255023042117
005112082243 255026056108
004068223148 252217103005
007252146190 254178151136
006061213131 251101175031
000141186137 253174092024
002224004186 252076070192
004022205086 255105195124
002126192053 255153175225
009010180174 253251122110
000212130118 253188249004
002166008009 255073021122
000191133061 255082097069
001069252083 254122206214
000218067214 252223196173
001194079246 254054044108
000165063196 249155215057
008030029249 254222174172
001181115146 254169204007
001012102009 255223157117
000189229214 255046230251
001196104247 244116042167
001210220197 255132011150
005004015153 255138176008
002132236062 251013244230
000124090037 254092207020
005108200195 250229108232
001140156195 251244034012
000146127188 254093247125
000127233220 252009121097
000020228087 253216004209
000021254042 252253239053
000219116074 252037099244
001054133133 253245039191
001056158167 252160237072
001154089241 255016005033
000232187154 255121068129
000133035249 250003170100
003088183219 247084042164
000074176036 255043196002
004089019102 253100251090
002020165253 246036149120
002152064038 250163141230
008063229166 254219100047
005177243061 250042140119
009174153242 255090015023
001208037170 255108230201
006045253176 253081207240
000165143119 253236219021
001018181160 254059196210
001088175205 253251057243
005255018249 255233170033
003188010152 255087142066
001130196177 255139144045
002149071069 255041232165
001001204149 255117037189
004034211033 255031167200
002232211031 255252198107
000005195148 251087092140
005232157021 255244242183
004160176177 254086093069
001154039067 255049022073
002220255008 254088182048
003182167149 255044108207
001048207160 255128234131
000146112060 254245188010
000186246082 254106188054
000025023131 252137252227
000076081058 242082161018
000195126223 253133068243
000140177218 255104226038
001034242077 254164073018
000154202250 254146094229
001239229244 253156171125
000147097175 255040168192
002112038097 251024068217
003024027140 253186171160
003243255084 252242050193
003193138097 255004031171
000030056222 253216221228
000089071164 250030205115
004176178065 254163222179
003144021162 252134201225
000094001228 252121234065
003040022169 254234005047
005070070128 250243216134
001209216090 255043062106
000145061218 252207043185
002106100019 252157169011
002121201193 255201045084
008017116241 255152080222
003085148091 252055242097
002111102183 255062209188
002066211047 255092106057
007242138057 250186247136
011222211155 253246123002
001053206040 253214062198
001173199114 254124175078
007057020061 255043252071
000245219146 247207118072
000048173181 251105043025
004060121128 254136197121
000236092009 251002226045
000028157193 255108249212
003136207117 244092095204
001044192012 249206011032
000054016140 252040151212
000089079011 252138172196
002121014196 253180026173
000019088106 255184163027
001001123251 254016244201
000206237133 251148086032
001063031158 255080160028
001235073210 254174151190
001167095230 255131203172
000080165138 255041187038
002183007014 254171186140
000038220189 255130029013
001171223168 251145029127
010039247105 254146013149
003011016231 254242247021
001054129223 249032128176
000041121186 252220137087
000060098061 254164175161
000058013030 255183030043
000122211228 255246193195
013168137044 253107021214
000094087050 255111222016
001006056038 255133137166
000087255187 253204105154
001100119248 254238153014
002079130156 254235000048
009052158054 255242215166
003073094186 249077069161
001248011043 253112035129
002116093250 249206043098
006146066015 254177009063
000234243074 254133020022
001224184005 255234107159
008134198051 255018238138
003038148104 255237172128
001159127119 250130142109
000117184010 250118239204
000234251035 253227133036
001049012090 255094089199
007204018057 255059062180
003046146119 252055249066
004141253138 246161043209
001077127177 255106122171
000011072120 252041235068
001045192198 253095175065
001052222136 253052027147
000055220013 249218038048
001005158071 255108228112
005255010205 253138129152
003069121197 254000088182
000246031172 254059218156
002102122084 254045040105
001072111090 250238200029
001010071105 253190247000
000116049157 252104048038
004069018050 250237019138
013174045031 254058103125
003019037225 255114156090
001152057043 255106212163
000082141142 255243027170
000003098217 255110004037
001057229119 255241201157
001056129140 255251251141
001056122042 255043221071
000048008248 248130037180
012224119072 248200008077
003173170249 253148213042
001054062055 252077163241
003154188207 253237079099
000083227204 252240061115
002067222157 253165192240
000134142073 255196148045
002133053022 253082053152
007119069172 249165173052
001210059096 255193247139
000089056055 254238033067
001022251103 254219238226
000161184132 254201013246
002008049252 255113113187
001215145253 255139165015
003015095014 244167085053
001147158029 250161151129
004024108071 252093214075
000059126064 255209051055
001244209042 251202148081
000014050059 253010227025
000122108223 255235079092
002177170253 253010104119
004097231016 255087253165
000155162245 252150188052
002130154207 255021249108
004093246045 255166230244
003141190148 254167036181
005016010223 253056043252
000049232052 254112105087
002215230172 255158097049
004177007106 253047247207
008102233100 254040036082
001233124151 255096031248
000017166181 254140066121
003211041050 253166045011
000096038195 251158021111
004189214118 255113064251
000166172207 252146028127
003034239059 253106024136
000144135200 253138148218
008237043074 251252001255
000030179031 252068017112
000117125164 255255036023
001072094169 252077054104
004038175184 255044164078
000007083000 254184172071
005104147050 252106248047
007041255107 252198000031
000062169175 255251128205
001059172001 253063180066
001092156022 253222020121
001201102244 254124229154
001093160113 255114169044
002165122206 251226202075
002169075238 254085231135
001034052093 248193085103
000046091176 253102198123
003197182117 251134132084
001247000180 250255214236
005014221083 250058148012
005186181119 255176144237
006067012198 254048143037
002116120217 255152173160
005010115000 250150112007
000214142162 254145243094
004135091170 254221196138
003187171079 251022230048
000169246087 252239103100
004032219091 253148084055
001213050247 254018080201
001112033218 255198177071
000127225198 253207248131
000034077151 255131141227
001144067201 254136120197
000039119046 253087082184
000025021185 253168055021
016068158098 253020036078
001147149147 253095201029
000217169079 252113069202
000022193106 255157084138
005017078228 250255029144
001116060060 255249219006
002130027044 248139100040
003222184106 255031170188
004046094217 247251161225
004048190235 255254202225
001019236061 255167086159
003044249202 254210195191
000185167068 252152184156
000241015080 255204134216
001028230066 253042169232
000043251136 253158045239
002000126151 255087061197
000005167184 253050073080
003224014012 255201013054
000100205228 251127160019
000018140047 254047228046
003003205168 255121090117
001081234107 249115126021
003011210081 255060111237
005148086008 253189253124
000011249029 251186035104
001018125000 250007010143
004156032164 253202247096
004163174236 249178093243
000234193140 255182253081
001089205114 252184117053
005116049215 253211089089
000209212073 252117032016
001219180195 248244175042
006144226249 254198194154
004144151111 254098235236
002246148119 250009009071
008195123020 255157254017
001041173233 248181040250
000092254232 247100024228
001003168240 252145238187
000099232220 252255213250
001234143224 255059251238
003224193112 254164228087
000085074010 252152191171
000201215127 254242211242
003061175190 255157211023
004095034063 253085093217
001023248126 255226097114
000022214090 255194068241
001093048164 254025211205
001223097168 247093019237
000152137021 255086189050
000115195216 255008089099
000193189232 255250061215
002042151157 253005033138
004243193138 253145037253
000160183129 253075062132
003110050255 255078132004
001139254195 255123175176
000037133011 255108008043
000190032205 255249180162
005012102183 252159048103
000247067142 255119029171
000252144091 253212116067
005115120246 255253018222
002220243011 255129245125
001087168215 251144114042
001218248083 255083074118
002226218223 254062102004
001229185082 253008234143
002108159142 255055237155
000124134099 255121075185
001154208193 253248139100
005213155030 253170181123
002189154204 255169255165
001017123100 243108162057
001094080145 252146086228
012059244016 251202255031
000064017042 255247001214
005174123121 255043206180
002234173197 252032016170
004219077138 255166201059
004223081067 253207182060
002210033039 255201178150
003058013240 249155107207
006082233126 255153203215
017021111221 251039012086
003130067160 254076190012
001153001066 252230028253
003027135030 255112232097
000204105187 255066057210
003047180218 255117228212
000227107149 250085147059
000088129085 252056096138
000112060238 253234216184
001080200046 253124082223
005051104085 254148231068
001012063020 255194166073
000126068124 249115088116
004092078182 255255064038
006138098082 250005108228
003125180106 251055074002
001068162005 255149025226
001087175114 253195098130
005179244212 253008022204
007109157072 255141063020
000073233240 251134208106
001004225218 255072034168
000085081245 254030127224
002043053175 255251135127
011013036037 255246094110
005186169144 252155157075
001193159155 255240129100
001250059013 255011095217
002009206112 255074121028
000193236104 254149219017
000115095021 252002012188
003205180184 254025223100
001139031001 248123176175
000025211095 251003115011
001007117246 250137124124
000179110238 247206076148
001160089051 255109170031
002169116067 253106149211
000237183104 252255094150
001013049123 255039090182
002092232132 254236127045
000239170232 253066096254
001111081072 255109151015
000077076099 253010115070
001093183122 255231082247
000178213209 255095163030
001003209040 255150147085
000147062036 255072048075
000014052134 255057255155
005035220143 255122064031
000209089001 250198025104
000082196238 255148135247
000250035046 255143028051
002082039064 254085037247
004199118221 252111238012
000013126239 253009017245
000088178092 250204148169
009208097164 255118217111
007168088131 255227000180
000039034036 242245244147
000002098178 247209085069
002006180131 255189236253
009024243170 253133142048
001018237006 249105031181
001116213005 253172093235
000034176082 255238128059
001152163253 254239195043
002250111126 254232191103
001246163211 253101155014
009069004121 255062138172
000041050139 254095253034
002239080159 255058187090
002075130145 253202092107
000202119061 253178062187
001180223063 255122169094
000173231162 254006062123
002024209195 248239235132
004149221218 255126112074
000187106167 245148055186
001224174220 255182099245
000170245082 251084186181
007151093031 254072006148
001010239117 255007135142
007196051245 255251063130
003081060184 254209044204
001166005188 253024015041
001082254234 252022118057
005253239234 252185086249
001082246092 251012170009
001034244082 250053158211
008010109070 254227039084
010196023187 252022112128
000139021153 254082005235
003107120062 253049111122
001036044254 245165195144
000102179071 251040219239
007023156003 253011167244
001026171156 249162236144
007206128136 249073250012
003104183134 253144129148
002128023251 253048107161
004104127106 253126235089
001009178236 255094004140
002245160044 255031242098
004205040210 254164152239
003199036038 255245009108
003216212156 254017228131
001139001143 255093222246
006142168138 254107092064
007090030042 255186100152
000232115064 254152141241
001080049028 251019048209
001021179203 253055082093
011151017130 254040041072
001249036234 253163161228
000190059163 254221231219
001092134037 251177126089
005028244106 253249009242
000003029169 255112197103
002054028113 253219002162
006161229055 254062197072
003103070095 253024142037
000143052251 253026168147
000104107002 251140070253
002067085140 255231024237
000202055207 255090031017
005244151154 253248116246
004121036033 252131146076
001158107094 249099077026
005107190155 253036093204
005228005255 255219093228
006220111226 251221212147
001024023179 252091104083
005055242164 250073223091
000013005195 252136179215
010057235030 253155036062
000104179193 255080048028
003148246016 253118013206
001068001092 255121096105
000033232083 254221097170
002033140064 255212179111
000123130174 249193029039
004155121068 255027209111
009111196251 251209253109
002218157090 255253249142
000033175135 253195108023
000106253048 253208233022
002016234233 255063113185
000143043058 254185058007
002049099169 255253182215
001105219037 252242246226
008164193047 254025076236
002108241150 255092011201
000099193237 254139202098
001202153064 255146240230
002048250027 255119205028
000071005167 254182128039
001134228095 253183030135
001084008156 255188214054
005152237119 254056075076
002133244065 254109136097
004008235134 249224017131
010142059235 255020100236
000001035249 255223212235
000223202195 255102078036
004137124182 255157027164
001023052250 251190032064
005135209071 252100070000
001190059080 252136010124
002145015087 253143047104
000028252087 255118116072
000005166254 251069253118
000201138144 255205016009
005121181022 255177251225
004199177019 253040254193
001092151065 254120164047
004038187222 254179200105
002033136064 254213027102
003035162203 255232175143
010167084202 254232244139
000060080118 253028056251
004057117088 254217174112
000040206183 246130094241
001238055229 255142139161
001220218219 250007094038
007220077218 255136149079
001179185146 255174011243
001091213015 255017021250
001148243096 250020117106
000177154183 253017176196
001113072190 255047215147
003003178169 255179201116
000145218163 253111097233
000003222228 255019163102
007181220055 254242232039
009044120005 252048190248
003069214048 255111066046
000003032143 251199073005
000096120191 253191178020
000128049144 251213197101
003125046032 254062247044
000233127180 255158206254
007080160041 255255115045
002196088064 252175171174
001096206145 254187093065
000053120147 255229154163
002069215100 254022171178
005094092210 250019232157
003019152193 254097217012
000171005121 253160162151
001155237206 254096195149
000081132239 253214137093
002193085064 254255049205
000059152237 255133216132
002164090039 253207197114
003163244152 254213055061
003001039019 255195235117
000093032004 255156209037
000138229157 255214047083
002083239246 247175105227
006076009035 255059183063
000252020045 255079001215
005036043212 254132180087
002146156182 255195179185
003024216125 253200250142
001049211092 255189172197
000004142081 252242152039
001190012098 255037227023
002087255081 255060128128
005240043250 255055121218
000175233061 250212077121
000099123234 253215238099
000013116061 254175230084
004009246172 254251165204
000147154201 254219036014
002229134063 252171227029
006097173091 255185094042
010212107213 253244022188
000240072201 251129026237
005072067024 255129217054
001009011128 254099101068
000091148090 253158042152
001189103057 255066029181
000018087193 252195233110
003071076219 248054227201
002207052023 246158191245
001167002223 255171203143
008062240008 251026038003
001217016141 250219199239
001119246013 250064241119
003069075049 254076122083
000090107137 253233082169
001105051044 255205089107
001229211088 254127048126
002009180233 252143045135
000132223204 255209032016
001179043240 255154232144
002045235160 254132040144
002059182070 254150031227
003017151115 255000001157
014003140101 252175222060
000102179245 253069043157
000015207136 254125178082
002036117008 253149033069
000101054248 254061051173
001240073253 255008149089
011022196172 253096067067
000227065212 254035121242
005039055018 253110249101
000062019046 255220042062
004025085043 255110181015
002009240164 252082231211
002189074003 251003242161
010188057228 252253097103
001220227162 251154015095
013204104084 250128185226
005177141171 255075074069
004071143145 255204180223
006147234164 250106100226
000158205123 255206099237
001033111197 253235179052
002210192220 254192220199
000221011086 251022116230
000041105068 255032048013
001165060204 252225055082
000124215110 254157028246
000006104200 251216028047
000015216112 254043007053
005147019025 249109036033
001082170218 254179184022
001073117019 255067110243
006023063143 252244097204
002191207178 249186074240
004121126196 255090189023
000029114126 255181050184
000217009104 251010003227
003055015207 255244204115
000161202219 251024233233
004216139168 253132049027
000050169179 253015055001
000252102072 255063139206
004225095083 255087089138
000248234114 255121004156
000237038124 247025051250
001080063056 252215010071
003016240178 252065076015
001199086099 250103098145
000136016115 252111037192
000107030108 254123003103
001191158000 249231143041
002074147066 254012123019
003068186100 253055096138
001076225141 255097085060
003040240111 251114097156
004107202227 247229142022
003147195192 255088116114
006066181114 248052083010
002249012127 254097239173
002090025025 255110092158
003072099006 254081141235
004159030122 253099011055
001236014044 254159157029
002203051002 254178018163
001096161121 255252069161
001020204253 255134129139
000212141095 254222107221
000072136017 252166177149
001008166117 251039121182
001138234034 254019193050
002200196145 254162120206
000038240062 255129070128
000252249231 254239213128
000116237147 254126104205
006214033013 247239077198
004081092045 254254242128
006172056150 252015128155
002092235195 251193193146
001150254147 255252163043
000182165006 244060238215
000071021161 250217147074
002045182154 252030028148
004009160159 254012076016
001053146251 252166187062
005190002105 252211027114
002084154074 252017148032
001025245019 255020086170
001144038156 255111003000
002011207245 253182107025
000131212066 255174123176
001205094242 251216110211
001041050075 255154084005
002045129173 253052009066
001250115081 254119179048
000188227184 255041014047
002222251236 253124058059
001055113188 254007100034
001160240070 252201033126
001084213088 255241027168
001040216142 241032011154
000217253215 246034072238
000234194166 255054003079
000030158061 255090196176
002210053175 250127076099
000134105119 255097203109
000189206074 255076193044
003068130250 255198228157
001165025059 251034056119
000155219074 255253213028
005184116127 255143229225
000044230250 250194183106
003047149114 253071215223
001070216181 254242064118
001193175035 253168188218
002021130059 255149131134
000030254246 255181044063
001086201142 253137105137
000186098096 255013203115
000153224212 251219045221
002023212201 255163001189
003180085190 253035186183
000167145181 251138255021
000129176119 253189136140
003229101193 251027133004
005005150092 254187008149
003197201239 254238200058
001003190199 251194235157
001003078226 255189140047
000031041223 255159226206
001131157159 255123070168
007129038012 255222226047
000054040070 255039116006
001093032111 255106191146
000227110094 254072139020
001168239212 248061223052
000176229136 255169226059
002154016176 253146147043
003237048031 251195037077
000097004112 255117011074
000145202168 251028126112
000121017169 254068196208
000043113074 254183068214
000130207028 254046013095
008034251190 253156197000
005185045201 253121157223
000145065172 246234037027
000128015248 250033201171
000068100190 251232197072
001175174006 255196035050
002206113086 250122031231
002188129214 250193155158
000240217135 255028199100
000045050025 255224067141
000089110243 254091164006
015097173212 254077037087
000046207235 251091162192
000084118038 248101227210
000092207022 254021181192
000194097071 254130251209
003209116097 255121215198
001226252121 251170106070
001006255093 241096024190
001155083042 253244060122
002136137021 254074142080
000011043153 248038240229
008230026101 255107040111
008014045161 254153146018
005118219187 253200221038
009014170055 254221179147
000131092030 251018234034
002130032110 255151202000
004075038074 255181127059
005016001060 255158126217
005029167057 254103154118
002164248092 252001136229
006003070236 251004226142
004015226197 253168052158
007031170218 255233142214
001012042237 252113224146
000021209178 254168236099
002079045035 255176062252
006219111223 255040190071
006237025024 255044106197
000136037192 249197185039
004133090232 255090140218
003018142116 253145129136
001224250241 253068108008
002106225170 232090117095
003123169222 254061059054
002061116174 250129215023
001122120086 255188238067
001227121113 255079255040
000074001049 253209241224
000061074187 253084020151
001159226142 255188076198
003101006049 255236202015
004035221050 251173225091
002018116228 251195160099
000099086243 255147146071
004195158180 255085163032
009166162054 254211193113
001078077074 251236231051
001153066035 255193076221
000148176114 252114188029
003151138067 247145067172
004242042132 254052065253
003241184218 255051093194
000006106149 254208022165
000028173034 250253090052
001085196245 255001156085
002032224175 255215075069
002234062149 254060053041
003017233218 249048112218
002185144192 249254074063
005252080152 252025016019
007059247152 254202154172
000027119195 255251179210
000058227069 252021215221
000243061062 250162245015
000188058123 254127253007
001246212167 252214099202
011010238140 254207115231
004012143209 250181078143
000047173196 255096187229
000197192186 253127225010
002130027046 254215052240
001016117008 255224114105
003149124214 251248225191
000224250194 254238211240
001068111169 252133189187
000031115070 251112237209
001236254191 255186004021
000059228213 255150070010
002252033173 250108206091
000018007007 255177042217
003181241085 250137230226
002202025251 253085167150
004190051201 248125155223
000152077253 254128220119
005094214088 254124142102
000098071044 253037143245
001049024115 251033025074
003124204012 254226150026
000195209211 255005014194
001016166033 255240100192
006233015139 251043170070
003147241028 255021032227
003119103207 255103210082
004092159253 254005209171
000074099180 255228191085
001028067096 255076095156
000063010064 249124112218
000202229205 249063036136
000196144204 255012173159
000199142094 255153083022
002046143156 250035185025
002163134029 254121116249
000006051033 252087240118
003235120243 255246240149
002083104119 253176068191
001097227040 255152150036
001094203117 253045210171
000062149178 255035040147
000123203079 254136138198
019117043062 248233173039
000018149002 255210066149
000007231228 254220182037
003004066141 254118159199
000087187095 254178028157
000141039083 252116195228
003090078075 252071144119
000021126043 252217026066
002220173188 250152060060
005200194170 255022085047
003065024189 254167103089
000173220021 255017064009
002076198251 243090087172
003197199024 255236126010
002173224014 253170146010
001245151017 250237238198
004177138008 255251139161
002199230231 255104226068
006115057113 255194016072
000179094020 255232202157
000154083082 255245010153
000196071112 251214237130
000108063194 254028098204
000022077126 255169106155
003076109144 255157138006
002015164132 253205090004
000052162025 254000005058
002080184031 254031159065
000035193130 249252125193
002122141088 255210132121
001230089132 254086041119
006082233182 252151082005
003149049168 254151088234
001034075033 253117032139
001113069169 255235251075
003057092059 254097086058
002037136178 253074136163
003139095122 254036196156
000177060151 253053053139
002057122034 255065255156
000061095036 255123108183
001043106186 249230222074
000140177229 254221078027
004086007105 253000085150
001010229044 255238200227
000183179188 249242210158
000041069210 254030122224
002118198141 255068234114
000024086198 255010160117
000251168108 254159208040
004082013185 255200077104
001136112013 255055115058
000103206038 253173206216
000098019191 255143103000
004142213018 252093118185
000132225172 250098130166
001159099189 254246228108
000124188007 253247145057
004054087018 255154120114
002134229113 246041070017
006164018123 250238040247
000095098115 254194250072
002179177199 252196063036
003235234178 252102096106
011213151026 255130042055
005185033150 255088167072
002004101009 253168084025
007060131100 255067151084
011135055074 249223219184
002222172091 255061076075
004089239121 253162018045
002176055225 244253040087
001199050008 253026153103
002037214236 253017008018
001038210100 254211081196
003132137054 254208034222
001202190119 253243135000
000227248102 255217179228
001036241163 253227073143
002188213098 254244036166
000080222080 255072218015
000238135147 254233215214
009121151159 255057206039
003214068076 249005176122
002185036206 254052135065
000120158018 254136214236
004207107142 253215157089
000222148213 255198027017
001171133020 255078138080
002177132194 254243040005
001243088162 251006217082
006047118158 255140074004
000156192097 250010218006
001084200011 255041038109
000182250031 255232159096
002004135125 255134111203
010191156080 255088231054
000103145011 254201249217
000064200017 255059189146
001022104030 253035000214
003071115181 253028161254
001176005122 249027243043
002160053049 254081074062
002168100081 255002032253
000015236039 254010222125
003155222039 255110156059
007051085122 254035171117
001255201035 255076070153
000234223167 249203120254
001087171127 255164070034
003048103027 252163230029
001163170172 254236182169
001157169008 251249026205
006118101082 252095133149
014145247255 253094193011
001207214072 252154089194
000169008181 253109081012
000105236156 250252053029
000022045089 253014173125
000097005118 252189110090
001182012166 251243218120
000199207094 253202101230
002165080109 250184167004
000039183233 250113097188
002208248035 254218218135
004021169079 254207102064
004250226139 252170167217
000120083141 251222036217
002248127229 252072023209
000046202003 254143098077
000136200220 255229054229
001104154035 254080114043
001078070105 251166063039
001193004191 254057075236
000072214163 254178063163
000010038184 255189210154
003052231186 248213079055
000042096136 255075008124
001172139096 250242153080
000164042226 251221131243
003038141010 254234168148
001243022127 255226010152
000214209163 247078008172
000252003192 252230108053
000111123059 254089033120
003173003075 247057224138
001065209122 250249007188
002098103076 253212237100
002014239085 254097252237
004166093188 254095197111
004163196166 255207192078
000196004254 250233084134
002127069199 253157151223
000111120102 255086203171
002117050245 255081081156
000080159133 254005028251
001192236007 251145038198
001010137120 249198056135
004217071103 253050183076
000007060221 253087077078
011201167144 255203072013
007003129126 253210061126
010076054080 255223145158
001139208143 255017148130
000142114081 255185159135
000043232084 255073242122
001047132246 251255092167
001001105109 253251078067
004059123179 254013085168
001005145047 251106181057
000089056213 252188083209
002175099011 253191151064
000237031039 252034019090
000006149051 254098150013
002235036005 254098198021
000199209171 251176167119
000252211022 254095045248
005238254054 255217155050
002212160220 251077036234
000174025106 254227237004
002131018100 254015251141
001095093139 249155090220
001144118218 255100033002
001036097016 255200177222
000044235007 245117026056
002139141111 255199078152
001013048111 254191038170
000188072147 251059043108
001244204058 253178096188
001246156071 255131215177
001240206004 251037139233
001019186201 255200120234
000133231069 254200095233
004085060147 252064055139
000022136238 253191220125
001150104077 254241184114
005160039057 254085082217
000057074085 254241249091
000013128089 254247219052
001076015219 255178108150
003205040230 255044028047
001018079008 254191139131
009121146207 254181007052
004009014238 254128020007
002137001070 253107072171
000181222012 247187018030
001100224251 251019055023
000009098115 252074183001
002144146255 252113236092
000151246056 252127177206
006094143110 255156208112
000232219232 255020055186
001132053101 255094193079
000030125160 255158243124
001009112090 252243026120
003231164240 249065137057
005119099175 252185134183
000174026253 255112097174
002210240063 255016245143
001232016157 251103198196
004254123167 253113179169
003093106198 249103168198
002193214022 255227145158
001059017063 255092080179
004018137152 253248169238
000194223106 254073140143
000060103055 255199113193
006042053163 251111206183
000029062014 253022090069
003202032113 255011150230
003046188109 254081157020
001065054189 252160145034
001035147173 251254090139
001019030059 253155076212
002184116009 253220120074
003154112196 254206178208
000073087051 249071224214
001077255125 255176002153
004233004027 255003149123
001156012238 254235099159
005132232246 254216024040
003029250161 254048016127
001024069130 252190039049
000103104192 253005010144
013081107139 254078134071
001078211028 255034230129
001223249117 253080161183
000233091043 253238139132
002206003089 249205196146
000065124142 255161156087
000004144096 252015168144
001194229203 255096117044
001073078246 255250063080
004156151133 255126044200
000164249184 252006216062
004198056078 254166004183
017170248046 255045004157
010015004059 254081017211
006137116226 254187020167
000085154033 248138149246
001181068054 251145166023
003022016051 241059134078
006091225087 255082014200
000126255047 253255045172
010010039058 255095251196
006229139153 255138004218
007065038088 254070115139
000104198100 251012019158
002234192239 255206115201
001197057145 251215123022
000221150197 255152151156
003030216142 246146184058
016016221175 254074019173
006229006241 254098191026
000193036105 251093224185
000088203172 255074050164
002014147117 251155197047
001114175042 254181243115
000093041223 252165139035
006086166249 255087053107
001250229057 254173010086
002060128202 251159116214
000240037085 252158051216
001252100073 251081179146
001219094082 252204059245
000090107146 254180248194
003237048043 255197115200
002027139240 255135228238
002255231108 255226018129
000139212033 255123242245
001097013108 253182216106
002222231168 255084011007
002081064036 254023156063
000074053055 253221025011
001243014242 241118137069
004220093106 254126091030
000155066150 255003179056
002110013209 255033090050
009193063136 253062229086
007132106212 255219168193
001211177253 249252221016
006195199244 253033088036
000008166116 246125137233
000087208029 255012205086
001217152069 255174152220
002196255028 245105212041
009085231027 255231023172
002015150251 254062245099
002212237045 255243189148
000103158250 254108056102
000012190253 254156093054
000005030138 254204190059
003145159101 255081146058
000065208101 255227041131
000078053215 252154078010
002019093041 253213075108
002108123077 250137183246
004129186035 255015217001
003061215079 253109127144
001097144096 250234162224
000025132242 255219129054
000007228163 252030136255
001074216024 251069252107
000165215073 253226062024
006213028161 254021126161
002099125149 255088006218
001051166016 255097195142
004107027002 254186121007
001163029218 255189057205
000201135231 253068020134
007193254073 247204060185
002019151152 253233111089
001000014010 253117071039
001089003203 253201235014
003183068172 255025152008
001076226043 254255223152
005103166092 255208157001
004254251119 252174134132
003194147017 254014086086
003062116074 255084215011
000114044135 255007048147
002097145160 255205023073
000079147073 249110021224
000104099229 255192143104
000078200090 252102113037
002045164188 255003228074
000114010151 255031102087
002134014041 255219252140
005156020220 252036086055
001246117148 252211059148
003060220179 252094077092
004029184236 252113196216
002101202013 254185001001
001142182217 254230079117
000093125141 252015046217
006147170065 255247162184
001045227110 252067124160
002131187102 255202196038
001255016053 254010077254
009019031250 253050020019
006113176245 255168079150
002234210015 255220217061
000147087179 254195002014
002203165209 254119108249
002009101094 254086231186
008027253067 254166087004
000029000034 253079005000
001119075126 252238066024
000234109195 254083131121
000134117111 253005081251
004094198077 254061252239
003210154189 255100167120
001063013247 251111136073
004194000034 250039098124
002136110046 255053105137
001136187062 255151247137
000216126063 255136141211
000005030104 253105036053
002146012070 255025058012
001030005177 252166139213
002058103063 253136219144
003067016099 255231108103
003051064241 253178080133
003213207244 253119081139
000105086019 255209197029
000050155028 255105005044
000088230202 254181177162
000014222110 254183194252
006093219007 255035237087
004196116034 254051197119
004195253138 254191054220
001180108174 250218253057
002143061179 248020097072
000120199045 252210135063
006229107017 252073034124
002208034115 254006005129
002195055248 253211180094
001020208076 250131154213
002188219042 242200076095
008122080125 255017097058
002062036055 249072085032
000152049100 248090159100
005068052099 254179129146
000010158022 247032018090
000153251082 255193230221
001100202039 252236186075
003232129153 254242137174
003200242173 254105023236
002081143118 253134087220
000149152185 255101053105
008104097059 245222248049
000012244224 252153159150
002184032153 255147052177
009152076003 255143067103
006128114042 251067133049
000221135220 249018000200
000255141127 244036111024
001060026155 255164155036
000105107067 254208086046
003068210020 252138189018
002156085026 255052153093
002251170180 253089227203
000137152184 253076185237
001161186010 254053208186
001137164138 255172237189
000120232182 254063004156
000193112015 255235122233
008075097054 252128011037
012116049001 253233026244
003177240127 246254026189
000126133022 255139117007
002092076199 253242220152
000014177105 252220159193
002057202209 255019001017
002201036126 255202007215
005009215163 251208196095
000019056060 255249253063
004069213005 254002088119
003068164018 255154165192
006140214094 255234159110
007136024213 251012126030
002041174089 246075119243
000190089196 255063164093
003198214132 254190075230
000115192028 253213232153
000238005234 254094072025
001113150247 250178094140
007194192090 255143190102
001126049212 246111251168
004023052040 240019192191
004201154092 255222169112
005187042200 255023121080
005008079135 252095216005
001006130003 254155025004
009118016151 249149085231
000109142152 255108166214
000127240235 254179006177
001103168003 254190160165
001083010182 255198135215
000144011110 255165035151
001006186241 253102198177
002205172049 246201011019
001168113037 247028058138
002096249151 255037103026
000103095236 254047039202
000127005191 253046210012
002165202059 251149109108
002201019090 255251173107
005042255032 251226243082
004060224239 251072233027
001150081181 253027159209
003253011069 251136184174
004247248166 248155124030
001069052134 251194019254
000018075003 252203148081
002012118148 254106145041
000075010069 254157242160
001170230072 254106199045
001094093152 253147170244
002180194199 253141006235
001021236013 252223216098
002008097099 253070215208
005069221037 254126128120
002028200241 255116117033
000032071075 253232028230
000120134215 252027112190
000188096158 255086080255
001253063064 254187039013
000099195115 255113029152
009183074078 255058072131
000193013118 250064119145
000041018166 254048087019
008029203136 253246228051
002209219207 255171011234
005156173189 255042123035
000245067021 254091076228
004123228137 255076231244
005229169136 251071209109
002162102150 255179242181
005034095166 254139052158
003238245014 255143097189
012153246145 255150121079
000122132058 255164226078
007123242023 255211099075
000123167061 252038239002
002001221131 249247072065
001028088003 252090190135
000077197045 253028234097
001180111215 254072085226
003009231139 253251136106
004218231097 253136115118
002164243153 254249224081
001127186149 255231001242
002197174041 255202041043
001157026029 255149177031
001181035245 255155001192
000076090010 254021196223
000081020003 252061001098
002140166097 250218159091
000084240021 255059165123
001106127123 252048143221
002099249109 254113070254
005102246102 254137017007
002203069239 249176173150
001118208220 254224039093
009239131058 255001172060
007077027017 253079244239
000101001208 252115232018
000125080242 250240091124
000006049149 255025113094
003097110092 255153021204
000050106207 252020198175
000246120095 250200091065
000178009086 255192039056
008239094202 255204117181
001088138100 242189189052
001004054223 255227205078
000177146128 250229000055
005174193089 253111141164
000090220240 255097195238
000081126171 255106242253
001130234219 253208194006
003034229082 252063084058
001114000105 255100244020
000020106036 255054224220
000102047115 251245067214
002255153039 254064195046
000237128038 255159014162
002029088121 255063034254
000194072197 255118245143
000153179145 255204032123
002018151125 254014099241
000137236002 255108211205
002147233019 254191016110
000135088039 255015217206
003152085220 246099187001
000237174043 252006155121
001059205134 255100235193
003135187217 252133240060
000082171232 255072189003
001044165121 251222032158
001033053159 254135162224
002020250238 254143114140
000119169017 250171209145
004118230052 255171136157
002168024223 250129109082
006103209128 247123153052
000130242070 247134033052
000132083010 253239125213
000027184009 253001135168
000182003161 255191197130
006042146096 254059046138
015006082222 254148038076
000052157001 252174148220
000057027027 255099148105
001051255094 253204226060
005095081159 253139087197
003074132222 254247184223
003131069157 252220218198
000051092081 254197049103
003057202021 254032171010
002010045025 250075005005
002115251087 251181200071
000002026101 247165091083
002252081006 254252094032
001082040116 254067028013
003235188073 254013251247
000115150084 255080082183
000110215216 252044232190
000120190096 255224121129
002112229101 250227060155
000107060066 255182043053
005014013250 255055135195
001017002107 255203065062
002103079164 251042215085
004076238164 254039141052
002020066170 255109158057
002053043215 255097066184
001197027109 253002215037
001075021170 241091235171
007062212134 253249075086
001045137123 252222011227
002100192156 247162146030
003005001076 252249037140
001084001219 254108236226
000230175116 255064069145
004138242197 255209059167
001012135103 255064069168
005153036122 251091101142
006109098061 255007058193
002066009162 253197100234
001085195091 252058201247
003042122102 255238217174
000158112064 255168071210
000091127098 254182028160
002133200158 251060208144
001177027108 255061087168
000113114214 251146120051
002030213020 248106043179
001124136097 254107095177
001219084160 248065065084
005075034207 255223182173
003130026243 252102150239
000078255113 255163045237
002152057126 255020039116
004178235247 252084046210
001085073202 248126007002
000247092113 246060151123
003093163016 252013003182
000086048252 255123216064
002055219046 254222009077
000154132216 254131101012
007215158226 251115043074
000177058020 252142013185
000246033112 251197012241
000191068139 255150020102
000036246106 253040108252
001188085107 255029251113
005044113027 252179224192
002059054221 253165077226
002042111050 254243068206
000115150238 248032177197
002121154179 243008090000
000159044012 255121219228
000074132103 247072197193
000199154068 255061192063
000036029146 255115167001
004029203119 251179175152
007219247168 254147198223
001060035244 255071117246
000191016100 254119118015
002163206002 255096014004
000216190200 255217202224
008033231108 250092086000
000111159101 254015130109
000081076074 250124138133
000147084223 253095115080
003064130188 252048023196
000000102073 255107098182
001029169025 255148228190
000105126014 251254137042
000140161251 254119238087
003096173050 250121225155
001244084212 255077251000
000124004002 254148078242
001087133231 252253172146
001135162122 249223077059
006076112039 253173039252
009043195187 253000120019
003221044204 254233103155
000040242254 253202097140
004098183139 253140175231
000046169026 254240061066
001007188080 254250220004
008019052110 255172236130
000122176220 255202098193
000039162064 255252072114
004073092251 255200069062
002149061062 252004211041
000230217112 254047214009
002200096170 254140056073
000139137070 255061087167
002033019141 254029014106
003193007233 253027246111
001162136169 254037158061
001232053085 255175220181
001242050055 255143196014
000218090124 254227201041
001090253155 254060246106
000250031015 255255030207
000013153008 249254067177
004075098196 250218122114
000112064177 253008009047
003214042112 255004232064
004050047020 255084108139
000052104129 248069029123
005081199095 255075111251
014097154080 254247036014
002105146024 252211037133
009213170085 254189081172
001228161050 253163222183
006127030094 255241026249
007121013034 255227078173
002122041069 251086209217
000057175110 254117045076
017158032049 255192193132
000144092008 255187215218
001045048197 250020192122
000070248245 247255039121
011014182209 254213219017
001023000209 251016019254
001128195044 255028239103
001015020174 252045037141
002250015201 252164149012
005024187238 253091038079
002163039168 254220201022
002165204052 255253186028
000215133097 254034201187
000141200196 252130168134
000250074183 253120214161
000039053223 251210058098
000202175135 254114113061
002211067238 254110114137
001249117101 253159052062
001015057022 249191075115
002151115217 253024087018
009068174100 254184190021
003189122252 255127058057
000152163010 249038141155
003210100180 245065203206
000209079046 254173008108
000079134158 253038238110
000148038076 255187170143
004005124095 253101171227
014117209090 255052182063
000167210176 253208004085
002176050213 255151060163
000060024157 254072099074
001215082058 250005103098
000042228007 255011228174
007249084101 255011101010
008252081019 255182019216
000180006167 255120141019
000160088117 252108044188
001155252207 254168153075
001134164129 253229128223
002017188238 254208022066
000254182185 246014064000
000000114233 249236202125
006180224125 255102162232
000033213231 254066098034
004074125254 255100196175
000198185167 255024174034
004148255046 253208015050
000030030112 255197133157
001180113255 253238169244
001190024071 255045071057
002226113055 252147125028
001013250019 255234079138
004030109161 255202005062
003197170012 253071006103
002210095033 247114089233
002010078046 244235029098
001093086051 253229228001
000111122143 255154037161
003088042042 253041117239
001181046156 253142024227
001235112024 250048186182
001039151187 255116022111
001001025008 253098227194
002221161160 252231044016
004240226003 248089047085
001113057057 255113189189
003124109119 247108153131
000054046147 255127079229
001224036148 255136163093
000003230222 252052038029
004191083133 253066046138
000201041094 255216176176
000252198163 254165069063
001226169087 248184154248
000201064171 255161005218
000199179001 250045016147
002246048220 252051186203
005078205107 255043023004
000100004231 255206186001
002232246135 253027019053
003075061145 253120219204
004106137096 254214015031
000081206100 254149184134
004094128124 252243125245
004140017006 255088073108
003160155234 255056154236
001070158140 243037184208
001078186144 254080169054
001199024095 252167053105
000112121145 252151215154
005237078158 252139094048
001136239217 252067164227
000000039004 255022178104
002032183221 252179150019
003017094240 255219157018
000176048129 245234203044
002071020130 255132151164
000160244049 244197202178
000128154094 255032219026
001208058205 255217033186
003193228119 251043131009
004131192164 255238054106
009252137110 252093078072
000002086218 255240214145
000252245093 254164056158
001124221251 246241089046
000200233213 254079147144
001076059248 255172249128
000131200208 252150041015
001212207249 255139023235
003089004169 242040031169
002024085106 255081191002
000049049110 254211223106
002172071064 254210216176
002090203204 251147029205
002218023069 246185076230
000112048129 250001119242
004205125054 255146178227
006154066250 255143090217
006041059099 246116127126
001085122105 251174218137
001059014167 253234220018
000124002245 248031011064
000114060206 249232236077
001060078058 255022135061
000173012130 254220211129
001047103110 255103167183
001230067252 253115216161
007093245095 254070229092
000068077067 250234022199
001170223207 255089185163
005065211194 248009214168
006057087149 254237032042
001086123052 251244109163
001060146234 255144245140
004143071065 252070231118
003216104250 253230017073
007238041045 255156145082
001237242035 254173247171
000253009202 252245224102
001040095156 255098100221
010035135013 255066064214
003167106049 254126226223
004209124095 244149216219
000232075053 254121063015
001042063251 255234037246
000147020215 252041126101
000162167107 251012103246
001196105223 255040096207
000187008183 255009031130
003046102125 252180003173
002127056187 255129108212
003216041204 255026060235
000055176117 255187239019
002223090148 255201149168
001079189065 254240043209
000159043189 254085206118
007113247158 253054113021
004014209068 255136077246
005068061206 254243109176
001208057145 255153198024
000014131146 253014068239
003212166039 255026149019
000084099064 255197006225
000101158030 254021195186
000007244212 251206187235
003003237093 253239066107
004080193015 249228143099
000238123036 253173215085
001095127127 255053046127
003152159214 249005047015
003117190038 252076193078
006027039024 252065053220
002238173023 247223071007
000248097153 253103097234
000048199163 255136241051
000214252080 252110171006
001130254056 255073249157
001026037146 254129142204
001133236094 255121150013
001027172151 255226074040
000039214251 255123128055
000102235077 246151168009
000133188135 253178069113
000123170016 254093163126
000073238088 254234140146
000136148050 253061239142
003157141025 251045041236
001052166098 254165148094
004109085224 246020183218
006116035075 255129189167
000244111010 255229254034
001160177031 255249137107
000078058112 255072145149
000059117188 255130112170
000001254063 255212182015
000169018169 253186003182
002083161085 254031043055
002202027188 255129227144
003012029123 253222213193
000053059039 253004204060
002014222251 254152163024
000068005234 255199125154
001079137090 249008204086
000044182155 250184044035
003010191034 246246003234
002050169224 252071024242
003220098200 255209121223
000251025241 246206122025
001080232127 254181070145
002249106096 254245108049
002171217207 249157124079
007045102219 254006010173
002059045019 251235230251
008208075018 253116173021
001121142017 255031122081
007085044073 255102045200
000223182166 254238204136
000192193080 251160194119
000128031169 254238244248
001021066032 253099022186
002101023005 255158147198
000161242143 252007088148
001179069211 253121100200
003166236144 254035006237
005240143158 252161247103
005137126076 253189040073
002003184008 254018086074
000039135177 255192110038
002049165124 253000055211
001254116227 251082059086
000138185181 250083153137
002001151253 252013034152
000217211050 254154004231
000199026238 255186236212
000160056145 255033223162
000202061173 247004000214
013129152232 254225143184
000063088085 248148141121
003003226090 250115231157
008191248092 253045125012
000201105158 255242170064
008050108044 253164087131
001078022184 248100121072
002212074166 254029254083
001112119030 254112072038
000080249207 255177078067
001187113128 255212095008
000032189243 250049088137
001048074142 252032128073
008037091067 255037218184
002234208182 254019160085
007028074066 255013003013
000025151244 248198214215
001130124221 255104141191
003206092236 253220221153
000027047123 255243203023
006186228055 255219225035
001136123222 252006153195
010177048028 255179014229
002040001175 255086158006
000086182021 250229043074
004120025052 255233023021
002227210110 243173165039
000175128221 249008140231
000228156133 250007035078
000135040165 255238198245
002053076003 251163037182
004143031233 252039146064
000044239252 253248027100
000008137228 255037065166
000108059154 255128032211
002026161105 250153176178
000147196221 254239040192
001146212058 254204038207
000056046025 254118010161
000220042201 254122006017
009026084087 252188104081
004206210035 254193132020
001206192000 255064017123
003209049083 253166249169
000117191155 253083004241
001214056155 247175254133
001090104151 255245017128
006118237194 252167090164
001150036177 255070135143
006178254230 255158069038
002082133037 252226128205
001192168235 249186158043
004187076138 255219004062
002167247240 253205198041
003206153087 253084114165
001044016008 250233078085
001060137004 251000102215
000195244151 254068040083
001152017129 255080019068
001223182011 253176094165
000251113084 254045250180
000152045015 255151226170
001084097119 253000005140
012149120192 254039243239
000127030091 252239163103
001214119069 252242132151
005167052005 254173094185
003049017088 252105124130
007089053156 250239182138
000000107126 255072066122
003240014220 251200212204
002100081130 255011126188
002036225113 255077008054
002139076161 246082178078
001008183191 252251222123
003140193136 252200217158
000054235139 255227201188
004162076168 255070090018
003218159057 254122051129
000107117224 255074091223
001015037062 252231166247
001068055072 255031205154
000062144176 255086217227
001144232180 255102108096
001107083253 255234147085
000132007038 255072173001
002009253064 250237041028
000226159075 255162072100
000055220086 250204143053
001147068009 253189024247
003241180082 254155076219
000024107018 255018215201
003098245218 253033079208
001023136057 255066154131
007190169051 255228246092
000247231061 253110107227
000193122023 253233183181
000107250206 254147153224
000150110043 255120128234
001061068002 252057018078
004044246156 255108165074
000197152158 253073242208
002173141018 255225025120
002237252132 255241020016
005098170213 255236024023
000035096251 248236012101
002162131130 254188161102
004229019065 253083064117
000254176041 254021190003
003029160044 251038185041
001169217184 254051202009
001023102226 255068199087
004132188038 254080167012
000057145050 255051102083
003044029175 253057065004
005052199031 251191078186
003251021065 254195037183
001198141197 255105195060
002048102079 255253021197
004120011141 252057078213
006200040030 255153247004
003253005214 254063071126
000217004095 250218116060
001241246224 255250223220
004212140129 255251066105
003132130197 255003113203
008084069086 255243239242
003116061250 255231162044
000174243016 255248059082
002064173131 253048103148
000030047196 255088163116
000099099148 255143143085
000124212012 252144043171
003234239172 253063231126
002130180015 248133050102
000091225160 251170139055
002046050121 253164185099
001086128198 252031045061
002013098003 254203008004
001024203219 254111228039
005100082015 255164015237
001152211014 252076110011
002087141102 251096074029
000040188016 252177110217
000016132080 253023117143
001246085011 250207035210
000123218141 254252184217
003105085176 255057135007
000157233132 254229055250
005054214085 254035226119
002090111115 254044110223
002050142081 254247084175
000044156208 249230251224
000224048173 252171253246
001134142225 254087119080
003233175150 253118245014
000094145134 255213149019
000190218209 254068216241
002017211148 251031112132
001204118018 250053085130
002083131077 253000157104
006023184047 252184200096
000246251254 251196160028
002115083083 255086096232
001043205252 252249168126
001172084045 254062197088
000184113071 255190191253
003088250118 255103090238
003073196055 255143008002
001140217226 254136121102
001055056059 250018033134
000174155121 252190149078
002125045156 252020132022
002152178151 254080086153
003208206023 251001206099
000025146215 253060102090
002232134214 255111152235
000099000163 255030194059
003172071112 253102180049
000152151222 255156244243
000112114129 251231197097
007123216114 247219248074
000132102171 247233227232
000163070148 248233138185
005144185016 251202082099
002075103018 245240106017
003068108152 254188109228
000208102153 254154177229
003209163082 255236246007
000162165069 255250065011
001048190234 250100063208
004153228087 250110058099
000214104054 253106229146
002018074067 254215164127
006038081040 254156098176
001184024243 253199147013
000093088075 255131225152
005028169084 255187023163
001148004251 253089007003
003049016219 255049086016
000216104176 255077056136
003167090034 255138003109
002241151016 254231218119
001162188156 254247124034
000017185134 255149056226
000139129059 251182249242
000167152130 250044120229
000247132232 254051037177
000164141219 255078144172
000135039061 255219197179
002160047122 255215200178
000132186188 254038021097
001026211186 246010113168
001145076009 255062070137
000233194087 253191197241
001010131130 254093052180
000131145010 246158014067
001090063057 252081150085
003007052124 253154004198
000008245121 246009195180
006108017138 254048081095
001174003153 254065245115
000190109101 253044219229
000066235249 251200123085
001188012213 252180090073
001147064076 254051185219
000203221044 250221250117
001215092166 254123210145
003055000241 255072177223
001132163242 251091079051
000060097092 255207095178
000183038105 253111165147
001123217008 255246143154
004060097159 255132056162
000062132034 253176034029
003252024034 251162032021
007173241227 251021145212
006079067109 255109162042
000059005229 255196173221
000051034157 251227077137
000077225029 254239222163
000171054034 254249197178
000051143027 255017063249
000036033109 253236075181
001066053134 255189038186
000101025068 254196179183
007075214032 245186068185
002009204129 252177010246
005216224157 255094165234
000127168228 254012210023
000221041065 255077222031
009071221176 253192222215
000225036063 254080211084
000195000014 248093083157
010147156036 255124079000
000015044013 254125197008
000178245144 250078184169
001111017029 248084025054
000074192031 253010121037
006117101141 245007141230
003041132052 249097244222
000253139116 252091057046
000050070079 254105201123
005046017239 254144122164
000008219136 253203102253
000212042027 251127086114
000144212051 254233062214
003148173143 252219122008
004204154194 254139083140
005050119027 253002056020
008011052018 253147214123
001140253068 255138033069
001021089112 250231200088
002217045175 255180054134
002087220222 253009084253
000224104104 247193070154
000012063178 253106162115
000108147250 255073146008
002144136072 253124115178
000026118210 255019213193
005183044128 250201107103
000029073155 255166074007
000063057235 254141229191
000088235068 253171066023
001105039089 255236125209
002030165005 254240214030
002229186136 253116034032
003082248113 255231185178
001100100131 255204009052
001117152024 251154185200
008224015092 253247014073
000143165201 246189113237
001069220092 255174214106
001250058057 252054225015
005202206066 254005130247
003115075041 254012032157
000077209238 255185149122
009198088130 253000036232
002160207163 255240038016
001091010053 254105213140
000138061041 238039153253
000125169064 254141228178
000054246057 254076084163
003015009138 254139164070
008226058105 253079234199
007046194026 243004155246
002009047228 255247207191
000052143251 251100022201
005036142216 255222072102
002041243234 250211074049
002102046249 250030074226
003071022129 255254125199
002090003140 249219146013
000184169148 248104159069
002109040029 253162236012
000197102095 251093168165
000041048246 251078153072
005109225190 255150155003
002110041250 255229109108
001162093142 251237193084
000246147000 250073112054
001202050177 253165216199
001166019152 250152083168
002188010125 253134117223
003180157191 255195163196
001027215037 248097188218
000219005130 252091240192
000125005164 253138184156
000163036006 251137025091
001019201044 255172178024
003103155129 255240183118
002093232226 255134137078
000232053082 252213136102
002000177160 254135158152
006183178143 247042154182
002057096218 254066199144
001112164163 253151049069
009178052119 255161251247
000033037240 253230199007
006186079018 254102059102
001218139213 254189078066
001084106046 255037185199
009153064101 250075144045
001086140006 252175053243
003122215170 255251244155
002111022049 252113121151
006159136204 255157057063
000055046192 255087171212
001147077171 254241016088
002114002236 248044092126
010099009241 255171253047
002164077067 252247019203
002176006125 252091074183
006080138117 253023046228
002244164197 255026015087
002182088012 254211199135
002013115027 249123032136
000040190041 254019241166
000119004064 254214028107
004086191240 255129057176
003253005225 252039055155
004030237099 248245225063
002039033044 254150175020
001249211128 252136124212
004066141129 255253076027
001064015041 251166160052
001116115198 252243143101
010024022007 254190142187
000100152193 254253030085
003029114084 255157163024
003013160245 255185173084
000118231218 252232186145
000178176219 255195087198
005211148072 251005187239
003235167080 254225231043
002147100208 255058034044
000144096097 251049092146
002082130088 255123250153
001129224005 255082108087
004177061033 248116252116
005158080234 249227133247
005003018106 255027063188
001131111118 251007213201
003228000116 255232095009
006023007036 253042151098
011134196096 255198047183
000106030069 254007065095
000243083158 253251065255
003158151030 254184169095
003138227213 252138213223
000093091048 252011167052
003193040233 249099042251
000074176221 255244246125
000001020196 247253043024
002105059037 254109175107
001193097148 253023238148
004040076126 250186151196
001220021193 252237169061
000172234156 248011179067
000066218010 254162219014
001030061013 253194236090
002246240242 247190140147
002175167113 254097168209
000010153046 254053092187
000210209130 248079190194
000049032195 251050043125
003145057090 252068250247
000027020133 254063152114
002017236115 254057216175
004159180025 254168083190
003175195053 255118173112
000090184243 248182054011
001177158034 254102047073
008089149096 254060228076
004111179061 248031071219
001247121002 254125185227
000226249070 255070040246
001212123045 253190137182
002161186081 247254238154
001004167253 253042038042
001097069182 254048221012
001155183004 254041107186
004103061007 254060087201
001028216175 255165199033
000107187116 243207061017
004195177133 255186131180
001104096130 255064093095
001017028059 253223009036
001010107006 255124126220
004091015204 249003054110
000216222165 251069206092
002038217138 239161206205
000246064071 254136035040
002094193087 253079075082
000191125246 253231058033
005081041150 255191143213
000127083099 254038167064
008068006049 252222241045
004194039239 252193163246
009247221210 253126016249
002217118104 253026161071
003045036136 255081176016
000146126243 254178232105
002202226032 255194023022
000048052049 250061059104
003247037080 252140219094
001028021003 252012063078
004017236208 255156055015
001188218107 252076154110
000189010202 251159119201
000117213008 251152145035
000125241066 253222180144
000126042028 253238011128
001051168062 255162160075
003244103094 255043244006
000072233164 250099051047
001224164236 255127222098
000215006171 255069136090
001049034252 255230015085
002051148105 255075120157
002027048071 254208147140
001027095136 253046252001
002214181072 255170121155
002164188153 251150116177
000193014172 253181218213
003150250145 255223050054
000186002061 250119212188
000208168179 255041201050
002095021102 255084085037
000218242100 254218183056
000186121008 245123097173
000248136179 251152248232
006022154184 254036045078
000063095152 251161047085
004075255196 249195253195
004175041044 254024121038
000112172132 254120131039
003204090008 255163200213
004149157120 255134038092
000083105105 255140216074
000096068123 253023009173
003206165091 253214054048
003228226240 253233020026
001225185114 255055225221
000129024097 255147085033
001006149108 255112148092
000167245129 254060175218
006028179134 254063144192
003077021185 255185067243
006159041241 254234195215
003215177043 254225110000
001041073128 252056124130
000189178067 254247142208
001200247117 255072244038
004050047214 255042100098
000196159097 255166236182
004242049175 252247000125
000226023101 250185134033
000253226003 255095150224
002116044014 241055045132
001011244057 254069183022
002113077191 254143208215
005136119174 255004036078
001058142017 252219209013
004210153172 253201086065
001076017145 255070181019
000013203026 253197073240
000156170035 253216092088
006003046035 253163210122
003024120020 252094112001
001019177035 255039066171
007061021085 255118102187
001009142101 255054240108
004240028187 254176243061
004108133175 254198074209
000210114035 251166000010
002012057119 253053025047
001078200052 255196099067
002214228100 255100100181
000063158174 254098099125
000123105072 251217039029
006032088149 255136204139
000041077174 253184145052
003167060223 254137038047
000120200090 255008253108
002000143180 253094249140
003141223225 253189065125
000074052180 255175175122
000158039235 255025160246
002215039186 253243006242
005154137130 254066149110
000182063079 244204158104
012057047227 253166169017
004077042230 252149021238
002021120104 252242010251
010243092243 253206131192
004209084117 255054089061
003042075019 254233035226
000203125132 255182153035
000026234230 251157138043
000023197070 255224203216
003228182002 251231189029
001192177185 253177050086
005073141211 253125243189
002119235011 255180161102
004037212176 243136186025
013146247198 255221203190
001202147156 254031248174
000184201024 254194002159
003024164194 255048154174
003031025204 253027094065
004172223255 245202190200
001246191159 255151048120
005031186247 253112103088
006223067026 255162226008
001090171003 255122030034
008091139020 253057241085
000142199116 255041161185
000233005093 254070139216
002227249187 252155139098
011072186140 255053179160
005058135086 247095105198
001109180213 255179106032
003010085190 252234003163
006048054014 255021218223
006086005183 252052066169
004153133201 253061198251
000195181020 255083187046
000076106000 250002058165
000221097062 253001028222
004079109123 253215000098
001003065061 252131148002
000090207228 255169081222
001157211182 255030129121
001142077246 247096113144
000077185223 253048083106
000010145254 253106250121
006029185146 254079150095
002217146144 254042048211
008080235192 255191050079
004048004115 253120158239
000112180027 254131055250
004133166008 255186231244
003215103021 254194197254
000156100139 254248121164
000166072140 254096043175
000028129088 253024166133
001150109014 254090031225
005190051100 251000173061
002021205029 251143062121
000021207180 255071002193
000164216104 255253093125
001022041148 255200223001
002090124052 252193071229
001118093036 255008157097
000038016173 255126007032
002169114206 248102096080
000255134216 253102077217
002122083241 255147174001
000196244073 249171182155
004156039037 254112011060
000086188197 250000174053
000203093182 254191072132
004244082218 251026032107
000150010158 255089083235
000092255057 253064200013
006110188137 253189184094
000020021139 255125019201
000173094194 250098019002
000146169128 254248229195
004247238251 255219053240
005091132154 254241096229
000118135079 255166200072
001054077093 253125146103
002251123147 255083141237
002094051092 250210041110
010180104029 252085153093
000089090074 254007086137
008248202081 255020020235
002224214235 252236049171
000218084061 255171105240
002043018254 254045087024
002147000153 251206154009
006004060087 255144088056
000228002036 254214223143
001233079154 248113248198
000040126069 248240087144
003241220174 255058023112
016164168141 254206026031
001093161085 253162003009
001037128064 255249240021
006198036182 255012148195
002021095234 251005143084
002021136136 255142243241
000206208082 255154012149
000204100220 252009018116
000238218150 254199152043
000085194125 254067036028
002088003089 249008167028
006065086161 251028242135
004150052002 252186129140
000073183189 250220130229
007232137017 255242140177
010140210031 255158169075
003023048239 255118080003
004170084008 247170065060
000214025140 250158016196
000102081123 255202198033
001199107027 253180210132
000209087032 248027102029
001004128051 253235061218
003216045153 255150081166
001183196097 248134066163
003230138019 252122003240
001243114162 254118100020
000039122196 255180149032
002047167120 255239156103
002040016009 253233083163
000147014158 253201252116
003003229199 255193002020
001013033071 255122223035
000001146177 254092027115
000029169247 252174251190
001014003247 255178167102
002087231134 254190223048
005039116142 253052140064
002060228175 251026020076
000242194186 254143240077
010121171171 254029196027
000184118113 248174244081
008216149087 253075091113
001167004081 254128098208
003230010178 255147105069
001065201156 254155060228
002113059211 255004055066
009110036224 248059173062
002212046122 251015111242
003193132173 255078140211
001249179251 255112112124
000197044223 253098237231
001094113090 254149182013
004087078090 255142059041
000160046251 253182113105
004038182014 253152188201
001228178189 254220174160
001043033033 250024184006
002026242005 251161189084
000009162185 250238165089
001204166146 255033217217
003016119022 253189020226
001204247171 253005079096
005207208183 254073028156
001164099190 251221228153
009020162135 247166103255
008030038105 255194145179
000133225208 251198104073
001170031116 255182149245
002028135064 254197110159
014222050226 255141022250
000048169208 255244237061
000236174255 255174091113
002254055090 244127234201
003071176190 253198088187
000042035084 254110173205
004122170112 255097017173
002156105150 249040015100
001053020112 252133107183
002078168188 255106050166
001040053254 255010062087
002122199053 255210208216
001090149129 251061079084
001011070179 255000105211
004103231159 251052167029
000212228254 253010093124
001026085046 252085180072
001118127237 254069131057
007090095114 255072218222
009195186190 255099173118
003104123167 255024152072
003245198202 254095179248
003114250033 251184160007
002104086092 253161246205
000136082208 249192212248
000220184146 255195057103
011083027188 255244020148
002139075001 255168140230
004233194128 247166099234
002013224062 246214041140
000193190013 254128073171
000028163174 255067021193
004135087244 255045237232
003139171159 252069029160
000007007254 255209183159
003167106132 251215243086
000136105210 254062088077
000037231067 251226175230
001138215038 255200239139
002223019213 255113180182
004174004176 255040245155
000141157205 248219109124
004057119232 254153126152
000013099100 254009083229
005000000202 247239002144
001214185141 253113081157
002127099143 254078188179
000055013114 250155179119
003101213006 255153100094
005182205177 254101016164
003048058096 255222040104
000186071098 250157092213
002253079148 253133144229
000005201049 254247123034
000006138153 255067126249
004093012254 250151078008
001030159179 255016108001
001081002224 255067182250
002195250105 254183011009
006131209231 250019216180
001067024254 248200219018
008084074009 254141089194
001082016012 255133231127
000234131219 255177107212
000120227187 255038191017
000191174038 254215157031
000066219243 254185251076
001110115023 254109155226
003111028097 254025073159
003146060172 252217187216
003031120063 255018009122
000014041244 255235142048
004016108059 254223008034
002236227132 254133062183
002029048018 255209204242
001037228119 253127075141
002055169067 253075061062
003002236172 254214153104
001078151116 255094139019
002194131020 252095028075
001240186126 252219079079
001244210057 255121115046
001052170024 251127127193
000192073230 254087192086
000219179004 252189208127
002034176197 255126016195
003052224064 249185176213
000193164096 251237029118
004170060040 255156222166
010157111044 255152198229
004238150046 255137037137
000132040198 255137175152
000151197134 252010107098
000208214171 253170035166
003173134117 253144193102
002010198227 253062059111
005243126244 251154222105
001114114150 255118150106
003161074111 255239187118
001234012148 255144213070
014099229099 255170116229
000247026192 252169221132
000205066229 255022088038
000084033140 255248059090
002048037070 254154170222
007040151054 254162209073
006049075121 253229089017
001010090111 254174032115
001169181222 249243100114
008194146039 249150166022
000229231123 254029144194
000104090202 251236236211
000004080085 252206185100
001189135243 252200208114
002144217199 254020057081
001213243151 253162212243
000134164064 254089248138
001065230010 254063007024
001087049007 252227046088
004203207146 254228104165
006079232049 252150088167
000250019163 254004068154
000105138115 255176192075
000082137212 255028175192
002135238031 253098088088
003011244051 252240016223
003144132080 255051203234
008019090162 255131037243
001083049079 252060052135
005085168201 250179187204
001227234019 253110096235
001020059125 255099053214
000183017135 255089071104
005207141185 252104050018
000206039130 255006065200
001151108075 255140036066
000135083061 254126191197
004085202104 255249044248
005167237120 252208218067
001102120127 252043067228
006214197220 254248165173
001199189140 255251045186
001226208207 252251241252
002030078242 255147067240
003140244011 254199183107
000030109121 255076196017
000134186083 252065001220
000133000026 248239130161
002161151178 255226077023
000113087167 247154169239
000140142003 255044042084
000204078245 255038245179
000076244006 253058067109
004133207237 251120128060
000061226049 255246069012
000065188197 254088100224
003032110213 251048104207
000196046000 255121156124
000075255081 255179059239
007155031113 254015110202
000251066158 247095037014
002152198221 254097023016
000180240128 254071062187
005049002055 252213171210
000153071127 254199242226
001176164233 252052081233
000255215209 255210235112
003183255031 250047082230
001190001020 254039184033
002036150220 254118080012
006040128119 250011020013
000137058090 251061093017
000013119167 254088203183
002043119130 253157030078
008029078169 253123075068
003247090115 252149153089
000077140069 254219070111
000244074075 255097252246
005004239099 248150034122
001054072187 255253144086
005219119062 255208196023
001007168057 253111117095
006057132178 250215109156
000064233134 254122255121
012056011132 253185003052
007239101173 253147167062
001185070192 253068239060
003135015235 254229198220
001087062125 247152231048
002155016114 248217175041
002069253065 255007104198
001076243070 255041100028
002118011147 253248058170
003084057243 254189111107
008203087255 252255237096
000125192213 255174111069
001136065030 253013150069
006054085115 254169203222
001189079135 255172233155
001215191117 250227018210
002138214185 248091053194
002089217141 255181139005
001098232232 255247242041
002171074255 254139205199
001155169062 253060179192
000194196181 255105011119
002111056042 255181177143
003165227067 250216119031
001180071166 251052128159
001135067099 249057111157
003042248093 254076096012
001183100249 254033127117
003144191074 248102149206
017081140006 251165095139
000102139076 254025251013
002018132011 251208183050
003105000242 253188215169
012053063209 255057249028
003114063248 250079105165
001088017126 255080215159
002251199149 251211125098
001151184253 254008241007
005236214153 249206091171
001058184224 254113169140
001135079000 255149097063
000078178127 252218140223
000070110246 255129196253
000202210058 255156123032
000217244064 251130056049
001051218245 251237167162
002024211014 255138217182
004084092041 254050226135
001028075243 255193069021
003063251021 253233184010
002211198032 255116019016
004010221000 254247252241
003072029085 255202217185
000198016009 250212136036
000082102202 254158127024
000030038242 255171069003
001171236066 255111165113
003185019185 255138175048
001246255199 254128100098
009118032152 255068089189
004158196245 250201113127
001234155027 251130193079
000049009254 254161013069
000078002002 255038186011
002130022165 255172143093
002244159217 255206115044
002142059026 250131252017
000036171046 255104120088
008012079111 252177136015
001050095040 253239224178
000243184034 254117007183
001218225153 255095142138
002075124135 255176033255
001192053051 252233214196
002070201089 253221246052
000040238002 255014218244
000159140127 251108161255
007020202210 254242047222
001211059223 251171059233
004156115022 253199188034
002161152156 253241134062
005254077068 254172214093
019105009190 255033146227
000040002174 255219243119
000096180113 252225160230
003016101074 255075178168
000102043149 255094071098
001192013251 252109157121
002219240106 254045145114
000022234190 254175165019
000087018197 254061009052
003125063146 245187160193
002060140112 255099232176
000233241131 251162071244
000046097137 254209208133
000158051150 255085130150
005106017020 253029043254
004102051213 255080022230
000081215232 249223198056
002101242248 255224120083
000125113154 255128178255
002041153246 250246247236
009077109049 253220055186
004132231045 254037055056
001139225092 253003142103
007168213002 245234175171
003058071217 251069217024
000153113157 251135063202
004102195174 245180127024
003161123176 253242129220
000098164136 255163014160
007162029196 254087139146
000120055251 255083109047
001237196163 255002199164
000086154231 246186190094
000170103008 254208071113
000128144098 252247000068
001057119078 254231038027
001174046232 249017118043
000006031138 249128101240
001055043245 253100157187
000204114092 255153003166
001005120003 255014196112
001041089156 253052023106
001063107187 255232236245
002026252064 254193249054
000150225159 255216096163
000065056099 250195045103
000139212249 255245249026
001184005140 253171066134
000136200253 254207159183
003141001216 255250121042
001094198174 252060070214
000130239238 254212033135
000066176132 251012131085
000170128209 255020165033
010231051124 251108138062
002157010129 255058004189
000226102228 255027146216
000205073018 253172201248
001225178200 253107187197
005044134091 255232131009
000091096029 255107013179
002045047174 253090236033
005106115159 254124072180
004135069172 252122131197
000019127198 254045008149
001019192115 255143066152
008181134217 248170241191
000053051181 253239089134
000251169079 253058075119
001205147014 253044201136
000094126126 251179104205
000134135185 255161189060
001157056156 245068252085
004248136069 248111038000
001074187154 253200046065
002069003216 251088088191
000182227000 252033191131
009194249034 254091187079
000036056075 253188170155
001037173058 254078121230
001027121093 250235158093
001026162039 252021211158
000037126112 255205135229
000211148078 255061173251
000100051119 255119091229
000012066024 251076133067
000225078069 255073033224
003170034026 253143224222
001015106231 255019231095
005208198099 254215229164
006040090000 254178253144
001184195016 253026062053
000040160010 251067253206
000050169010 252181174106
001059231053 254166159176
002190243192 253032245054
000147187194 246134246185
002015104018 246136067090
001167082245 255081126114
003004062101 250105145222
000074191087 252121025122
001114007117 251246201022
001238123146 252180232007
000032099034 248184008255
002136071217 255099214146
000223046015 249202103204
004077090209 252154077138
000049091056 255058137219
000048023199 250002218238
002013164239 255005107105
000057199156 254150206041
000045088055 255249084226
000175008238 253220130125
005242002131 252089225037
002147065172 254159003177
000186095202 255242059201
001022145103 253224213056
000255243119 253196234213
005099192099 255147084052
000018163195 253114222181
002044226046 255236112139
002180168228 251201166182
002205241194 254089117045
001062030249 252169141142
000164087046 255093062102
000201175251 254169137212
001136147069 255224008195
001055252155 255179237015
000124102030 252164037183
004096067028 255056118154
001124096151 255177041030
003131008001 254094022120
002063071202 254208034134
000241139131 255145201151
001016191012 251134073005
004071059140 252166049233
000048245161 255152049081
000141155184 254210006085
002193154155 250204203203
003034056143 249103107114
000254003108 255196059086
000186059098 255163114149
001194042085 250060220026
000164184176 251002048103
001008048169 255132128203
000159116106 253008040223
005100174130 254094044133
000162084230 255160147222
001202047138 250221197199
000005188089 253087024013
000214161126 254206225220
002238190006 252182069039
005085059043 251007171050
000136209050 254023198234
002096117138 255146202189
000058117133 253169190019
005211179199 255160067025
000107161166 254023048218
003008116173 247049085196
004214041168 251026066127
003099089065 254207226225
006090073155 254059230045
000019012034 254051246019
001235038072 252106150198
001004026057 254193165216
005171020164 253034254179
000056183129 252193208167
000078062253 254246166125
003197106210 253237051060
001067092075 255208048243
002044195115 249227017018
003174106082 252079051032
000165180169 253217241116
000009141243 252208124118
003075242064 254080027009
000104087203 255208133161
005169115007 255216154008
005008194086 255051141036
000035234184 255055234087
001249225206 255174048254
002217077147 251048122201
002120200018 240117032117
005070227004 249229194227
000020061231 255187226134
002237123207 255029161119
000229152158 249016158123
002125013149 251104172089
000174207106 255009065239
000053247151 252214128150
002039043204 254138116096
001059184187 255211062221
002023020188 252211001121
000114056255 255185051077
000043035154 251155020058
003173051248 249118142192
002201213140 246067080159
004008167072 254138077195
011188167073 253054000035
016078211187 255203232203
002165153157 253142027219
000040069013 252154157068
003192220055 255219045151
000171247164 254142017017
000101169044 255159131244
008164078243 255108118214
001136109241 254053208058
002020111044 251023048233
002016223234 255206154029
001139231040 255255016159
000107022244 254121235095
002065097096 254097052171
007174063131 255217187145
000116100251 253041019088
008131149083 255087056152
000145171108 254196044237
002035060100 253210038234
006137025045 255019052050
002130032019 245214153159
000186094144 255155246166
003188147096 255238130211
002056212095 249091238024
006234143043 252024217191
007118064172 254221090249
000055014216 254010049023
002174179162 252102201222
002214193020 255059061010
000100010001 255089255062
005060086116 253062193076
000042194131 248053023152
000051126103 255030029245
004097130239 249139161012
000169110199 252026096141
003067146099 253062165013
001185085106 251251140085
003167165103 252166065154
002069230135 255218110180
001095146011 254207055016
000113047011 252019143241
000010063171 255234177016
001243207135 253199087237
000023006038 254165153180
007063120232 251197141193
000079020049 253207228024
000223153211 254078121005
004106174029 249249050021
001009091207 253094167120
001008145150 254234154153
000238112170 253207250169
004244081184 253039112124
005233058026 251193097182
004089226130 255015212071
000219237237 255142202169
001097118044 255151016225
001199230013 255097028075
002062161149 253119103079
002140110131 254108053019
003249122129 253021146011
001095188198 255223049050
000123239124 254248152004
000057049136 251119050006
000233218209 252057005185
000020178006 254180113016
002014237147 254252021148
000205035213 255189035023
007216224172 254042177105
006124182206 255208032001
000250135113 255088230111
006111073220 248238193209
000069186159 254108067197
000223223144 253066159193
002027094130 247198116107
000222145251 251083191174
002053008028 253091152009
000060177209 248191129182
002028187059 255108212242
004047209198 255123255022
001084178234 252254168202
001080116036 252159242080
010237169148 254021159156
006100057142 252069197015
001251223071 254188174132
003161144083 254206157056
001003099112 250147083121
001190006036 255207106088
000185195052 255033205204
011241032206 255222003130
004137067002 255184116125
002071193093 255182181074
001148150148 254080140011
004117007130 255108084095
001028173161 255181245188
001182044130 255227192155
003250129156 255230078255
000163105173 253151013116
001225114091 247189236228
002161232224 252191085133
000107255088 255068192031
001023083181 254243032233
000086145081 255082027101
001063142198 255112111123
002032080014 254051028116
001102255149 254085008215
002091036135 255242214104
000221135053 253106174058
000154114156 254232172235
000019193174 248228129136
005131024107 252118230125
001046093250 254036139156
001072215160 254203056248
005002150071 255068003243
001194104190 255076211191
010211075224 254231080008
000056158015 250222175246
007101114182 255102135187
002181192103 251195069119
001111132115 255042031023
001123173230 255195081000
002046107161 251059237121
000082072211 252074221124
002090236144 254157193156
001058015105 249134230222
001225090043 254107159054
001140064211 254180045250
003085080137 255148054020
005076241182 248190065229
007051232132 253091096249
000017060158 248131099093
001090175207 255052224115
006080245059 253016000053
003070020000 251178054233
003006049115 255212188233
005008035108 251212042037
000163072212 254178134059
000224169194 255191132217
000032184116 244201114084
000159153176 254238047112
000041188160 251059186248
001067031113 255247202247
001069201060 252084027085
006243173035 253095014226
001033225153 252189172190
000128203017 255229026038
001029008238 255216078050
001208082091 255186005040
002245197003 251020142121
006014238096 255233032133
004003215012 255086118185
007209140133 255134248217
004246185145 251180160250
003202072038 255246092005
002159145057 254235194053
001225130138 253039163034
004207007102 253125091200
002075200173 253151112117
011156009179 255187134141
001179217214 255187079108
001101029046 252046037039
000166083096 252246098137
013056187156 253165020164
001122104108 254100115081
001255218115 253233130063
001018109087 254226214206
001189023229 253145074110
000045011231 253201071021
001017025200 253212241047
001186217133 255002251138
004175175036 254245026124
007035250086 255104190106
000220051208 254019006119
001101146238 255110000169
002012132145 255221142248
012074024137 255104255080
000074172039 252158173120
007131189248 253200014094
003090006171 254108067083
008076067167 255249042037
002058046053 252056167041
001116011247 255076082208
000186138233 255000146140
008143175002 252254214234
001035105211 252141002048
001124205057 255106056241
001062197025 254006212096
004002035038 254223225026
010085230056 254162050213
016061254083 254156009019
002200101199 255094074251
000015229026 254008228167
000090169008 255170167123
004034253252 245241219208
000167040035 255023204251
000206127247 248181063070
008071009242 255215063192
000176139076 254045243170
003071205060 255107110000
000217116075 251233105079
000036067033 253211182084
000253152060 254084100229
001108019228 255034104188
000238184060 252085253125
000040193168 254186197154
000060079233 249200182194
000153225174 255016072146
001141165157 248249024244
000166101139 255093135182
000212152218 255154098110
002252055018 252252027161
001102054001 255220212080
000143163048 255124188140
004111200220 254102072021
001159208238 255118136033
007047154228 255176071117
001031017225 255094196172
004021064003 252203246092
000003162129 254061227172
003251243002 250186133194
000180158231 252018189035
001165206176 255005014019
001123169195 249059172113
000031099054 255202254247
000072044214 255140210110
002151196114 253187026080
000126211027 255168166067
000030158013 253152076163
000139246061 255092013121
000096150016 255175131096
004150074097 255189238182
003017172209 254134072219
000050177221 252066039137
002031098194 254084115112
001058045141 255121204006
002009144195 255071094006
002065072028 252241121038
000093179101 253016149033
001144214046 255071114125
001141111185 254016128255
004043079015 254206204214
004167201105 255060066070
000218248061 244042081085
007203056174 254124204154
000249186240 254140054151
011114136191 246010086115
003058192123 254115142087
000004019201 252140032139
000156072131 254119146051
000223052243 254107123025
002145124009 255241022081
000159101195 255085238018
004079169234 249019242198
003031096121 255255190015
001181103106 250068243081
005047230207 253048153240
007053127145 253183174029
000025086236 255149176241
003024030056 253214073165
004062117229 255107212226
001058143074 255030042185
000125142179 255074081027
002237010052 250230141198
005124098000 250199237052
000207135084 252073205017
003085076220 253100143011
001093238024 255062050230
000066213052 252107020068
009036001183 255121000178
000143206215 253044119190
001095125112 255251166128
002087066056 254139068087
001058063094 250048203004
003000131183 252073113090
000006164018 255170067175
002010198066 255151103176
006110133230 246072100025
002077151146 254164043141
000158239021 252074075034
004184200191 255019252037
000211191089 253124077091
001037150232 254240029248
002204103087 255237251213
007210254206 254015032138
000073075011 252229092192
002155250118 255001190194
000087232118 255140148250
000007028212 255228178147
000003196038 250161236226
001227227192 252066222048
000126145224 251146076043
000062049166 254145108039
001019139141 254071154234
001092140188 251240231164
002129066164 255018103116
000196093180 250063110160
011117221002 255119137073
000083149231 255054160253
000025157240 251142156134
003026113074 254048215245
000242241205 253062126093
001142158166 247223015044
003120121120 251054077188
002001225155 254218117037
001190161234 248178226255
010118144172 254118201206
008065137183 253092129146
000192126145 254023247008
004141075053 252201065121
006017116152 255186217195
001050190034 254243103163
001121026155 255058100006
001226017001 251185167033
003216074117 252186110147
004070163245 254177030011
003028066216 251009108221
006195254067 251122090176
002114084243 251109164134
000137118011 254171217177
000118169149 254077146066
000023243234 254149095047
002006095159 254135248029
006199126104 255086040039
002168142155 250139010152
005172238237 252231080218
001232254143 255143249253
001003198013 250227129249
002167170060 253004173250
002206108234 252083182100
001060167149 252209106004
004163028184 254108215242
009179006217 254172086157
000211118037 254181137111
006077205211 252191034175
001188206129 255000042135
002132064114 255202062142
007005203073 254023135067
001161215000 253187138230
010180105062 252009051153
002114236013 254151008128
003253232045 255197219216
001067251168 255073160086
000008041094 254220211246
000120066219 249114170011
003059168164 255048037124
004201060230 255148089201
004212122078 250199007102
000145151155 245010053189
006080030011 255160088029
004078083195 255036009103
004027249073 248222035049
000193003075 255196069108
003221182214 255237050057
000109077211 254243053172
002100213128 243186019013
003145075142 251054189155
006236181223 249145175053
000188233005 255221155136
000000021234 252061182039
002033013178 249118166007
002248092042 254215096248
001098008177 252203121034
000134234032 254104233036
000173016043 252129103146
000184212189 254173122135
000095070227 255022191132
001105007033 255207153006
002002104066 250070037216
001062098255 255210219246
011209219100 255142117133
000017130029 248075051211
005097177031 255197077170
008213072127 254147201165
002044010132 255031216171
005052145191 254228220096
005223015042 255250129143
003056225028 252130210194
005172058013 253200028092
003205145156 250125126197
002184055101 255025043003
000180061070 254149073093
002054074214 255100048156
002057006173 247174124060
000206144193 253127047103
004088101186 253254010174
000250123118 254097061013
002210184169 255238083141
001016059048 252201192198
003155194195 255201112185
000127205161 255035224087
005221196244 255178153004
010058246238 254193222202
000122193155 255217094243
000233230226 255197163147
003104048120 255058083168
007157226005 253157230086
001156128002 254145121095
005111048004 254116100085
000207226121 255187173083
004216243047 255195001212
000159124120 253188178073
004224148023 254194024216
005135175230 251000172104
001041146081 254096025091
001028217076 255015250016
009185067011 252248218171
000141137109 250151022108
000166024241 255255027187
010086025150 254206019188
001208182011 249029175046
000023129250 246127127177
002181062159 251015066045
008023108067 255238158147
000008132143 252080091067
006009185016 255105240077
004092009160 254171189112
003116209065 251221217094
000079090041 251004198147
000037117025 243047189084
003016254219 250197140193
007166174000 254148128161
004203011027 254045138183
000095245202 245202219068
001123200160 254078047180
003090186074 250001134150
001164128191 253059183230
001127110086 254249208170
000217003172 255165107100
000203191101 253231108074
000112071011 254221172090
003206062048 252233145179
000056081102 254007167136
003117246032 250161189224
001012068141 245188057013
002084175024 255092102075
000017016172 252124159092
000022114085 255238198114
000184014017 255117009187
002233189096 248105227174
000178076112 249021217170
006131075253 255242156026
000162192225 255193245107
002104050176 255072216039
004133088206 255240104067
004153059199 251214012105
005008199188 251202216252
001135063199 252226019121
002170079081 254165018123
000221024110 249125219051
003057147240 254254124059
001188160144 252223038018
001057131046 253250255021
002151046007 254037088021
001246161219 254253241021
000151045044 253216190249
000066174243 253187115028
000245056041 253005185231
002091231051 255204146208
003039251088 253038015025
000014045025 250013223041
002172109028 254019087116
000021158080 245249003006
005087174194 249112171038
001139096178 255012049079
002245148114 251115181116
008065191137 252018135251
000081197115 255156228250
000001029248 253165213233
008210081022 255148186103
000119220128 255186173076
000085044238 251086073219
008248214174 253050171159
009108220097 252045151037
005036093254 254185046112
000217221220 253159221250
008128012165 254222237104
001077229208 255209045147
002017240248 250156247222
005252227159 254220041062
000040197143 253119112146
002155163008 254020031215
003081132175 255173072118
000054073021 255228104084
002167118207 255054106255
001150015062 254135066075
000138059004 254015113047
002255228160 255035073056
000246053153 254028096052
005210160246 253083195053
000240254244 251038056123
007063095135 252004193057
001195223095 253183029004
000027057237 253083214016
002023039141 253096075011
000115126135 253045167196
009037039186 255056150101
005235218002 255022051125
001086017014 249150125076
000202135168 253168173250
004040151117 253051062201
003068240178 252111095227
002012076051 253188034197
000026092041 255058227182
001095061119 255233008065
000187226255 255111159117
000236107194 255106151097
002011201238 254012022015
001203109247 255244079192
005018071115 254089097088
000158250017 255087169031
008226046059 252204101164
001009188047 252130123059
000144061045 252018089241
004036103067 255046200115
002165254006 251062046228
000157086146 253040054003
001172161051 249186026244
003037214146 253169242133
000191081187 255000195054
004060101146 245189083077
006248107161 251051085085
000123074193 255151022101
000110234012 252151077044
002035008151 255116045129
000034051142 255166229053
005083185248 254238126157
008125243112 255095172025
003025196206 253200170068
001240059032 254250133255
004124038224 253119224019
002248252146 255187105187
001075195146 251025164044
003071048202 255090178103
000150186028 253221051209
002021045219 254212043210
000069077099 247148139173
001036119167 255056100184
005093091122 253004232141
006222205056 249108242157
003021109017 246191009045
003081082136 251244155077
003252142249 255016057035
002100066229 253044250251
003085032193 252112143032
010073033219 252157063251
005202201094 253050143074
000236080042 255050017246
000126037163 255023192130
000147072242 255080108184
005131168181 254114196063
001074064202 254202221106
001033003136 253025003062
001111055215 250056159157
006130183106 255125079016
001062135162 254126180133
001129162090 255255056172
000085159057 255006149044
001026250007 253039090232
002039067237 253153234107
000068130211 255028054161
000122201087 253054022086
004181191094 255238235166
008152102066 255242092045
006092193141 254094247206
001129098243 253249101042
003190215013 254193137129
004232228059 254177100222
002183029084 251065245072
001038047053 253042202145
002081213210 248176077226
005243189081 255169117039
002056107245 254049155255
003021026163 255178026059
002133092087 251241123148
003211162208 255249101037
002162205122 255187179201
012229003116 250087109099
002065237172 251097004042
002092190216 255239242220
002179062114 254231219106
001032254202 254132232158
000008158235 252117242230
002061012216 250008184147
002214083241 254075064094
004183214248 253078053030
002173224226 255236019050
002062182051 253065172106
001253248063 255145223122
007190161188 251186049011
006079009213 244017113022
002103168197 253232073091
000184194139 249211042112
000235062136 253175028164
000005042097 254206174035
002141130043 249252202222
006208085087 255117175253
001051038158 253152120186
005114117005 253221056044
000173018146 251167028170
000144213162 255074011199
000123053165 254185108219
006197095089 255050085174
002242109194 254118142064
000137201171 245070248233
005128162044 251059077252
002090017046 255173049205
002065124010 250104226241
001044208239 253046181044
001148119070 252239063015
001171193193 253092178177
000205209063 254203134108
001140038135 253238167198
001069203153 255195133249
005097241219 253043040134
006114186039 248141098110
000005203001 253168247047
002147192074 255206137090
000181193126 255236175040
001110119231 255097129097
000028111037 251182250156
000016011009 255011014198
001193153098 255238101252
001239058249 255043139130
004236016139 255135096204
001193166156 254131118207
000134180141 252253170121
003068211157 254051046173
001073235158 254235004243
002064157091 252143169051
002185104249 252216124204
001189220101 254122244205
001168117072 255045040138
001103040013 251208133203
000120174035 255183104091
002238069212 254214130061
001210054159 255034031084
000191205083 252078196040
000110154071 253244096115
002223095027 253021028171
000013074199 249213223172
005234107039 250240192190
010085215199 254227117148
000172139018 254202253101
000157145233 251150234052
003031081111 253165230119
000205046018 255110054183
000075014016 253011112040
007002064050 254016180128
000090216175 249115105197
001089213196 251045094073
000169233053 255180249218
000108164029 255039092008
000232079043 253029006077
000002143232 251003052018
004063053013 253241147079
004099096015 250210074214
003073049157 250096046002
002213246219 255224041096
001122063215 255091012151
001242213078 254232116120
001062159228 254188229068
002237078077 255081214100
000160054016 255190121225
001129094217 251250147202
001087173089 255014068081
000186120174 254084163244
000174234111 254026094064
000119113016 254201064105
000074233190 248248179124
002127138212 255218120248
001095238222 253233154100
000012162001 251210198220
004073155038 255214159065
000027218156 255164024020
001255207007 244031022194
006124057070 245017241025
002110100147 255255190229
000067041132 255022067013
000213144186 254021124054
000105183206 255068174144
000024129020 254219053157
001195161243 254031254108
008231090093 253082059015
002070211143 254215053178
002158219088 255248195193
000118031232 250058008122
000219202193 255128209008
007039015177 255152028229
000047047238 250049043082
002016229018 255073109109
004088064137 254081129062
000224133195 253108084254
002101116060 253216064250
004183055138 255162019032
002183229182 255146133238
000164072058 255137100246
003006004170 253233135060
004228198002 243135129146
003119063191 253052070199
006206218022 253131196044
003142138194 255221105021
000161149157 250187039242
003065226080 252239016197
001142146042 253025048046
000018053221 255038167050
000095214197 251023213217
004188041006 255188254174
003110075223 254097222108
004034027167 255032161068
004234082202 251046133096
001067191216 254165110012
008171220201 254221094151
002056201070 255042246064
002239076214 252215238002
000148157254 255010255178
001018184080 255160051098
006177100077 251143050214
004100115202 255115079226
001078233068 252106089093
003194108185 254123090089
000247004203 251089197110
000058141210 255013025159
006060129148 253180239233
000212047139 249201252192
002169161046 254099198020
003020095192 241028147195
003033045065 245108028083
001214114131 255129246183
001019007016 253040038194
007019185086 255023026147
004048114205 250116002062
004190242062 250045002003
001143186053 254208090042
001076240126 254121199071
004012220045 246093049235
000122020123 249192241071
001078019221 254244039081
000109074190 254182098059
000003057249 254084016223
001241182209 255133003214
006108206118 245163161095
000164111020 255209143248
000073113022 248052255089
001059062142 251180111134
000163185208 251034040038
005047048182 251150170236
000247098013 253083178175
004052024238 252137234034
007206116042 250231160074
004219144144 251205131161
001052113199 254107075221
000092029209 255236237046
001077070196 255242122246
001021199075 254108110209
003148041106 253091208251
000123059250 247254169143
002082119060 254183033062
000127108025 252174101219
003035067222 252244211006
001094108175 253066002099
001158068173 254226142156
004047068198 253018210217
001174004135 255244059239
003075036125 254158228096
005019141162 255081056198
001104246234 255050223226
001137179158 254113255170
000240138190 254203145171
011028006014 253185020128
005132028022 249148221016
003255231103 249146014013
001197006034 247056212033
000201059012 255113112152
002164054096 251238032008
004180040194 254202044222
000160198040 253196113174
000013034089 249094110053
002002176065 252221071038
003184155214 254216112014
000042027212 254059239228
001072082203 252174052247
001004152183 255228021183
001079022190 235197137169
002152104154 255070077120
002025141243 255123083182
000072102071 254240074229
001090104250 254042013156
001254137025 255231201004
000087072030 252141093059
001230205227 254024005010
000170090234 255188197006
001248074220 253212062128
001008216023 251180179211
002151189227 254125136123
000037036102 252151195001
003229029027 254196248209
004196162030 255035177179
002066253120 255017186066
001106188198 253021035157
000102247166 254155025063
002137119146 255164056025
001086159255 253159071045
004119138057 255224037123
004144113206 249082155047
008049142198 245123212010
000128163018 253072245150
007136213114 253016251101
002158103117 250213072151
003151109160 254104171186
001051112222 255170006190
000234220208 255107142138
003146169139 252249084102
012023096010 255250054118
001125177220 250165008246
001129174207 255160014119
002003122164 253053201002
000134108202 252245018196
001065075022 254059102178
006046021155 253160075206
000250142045 249162201016
006254074109 252218228060
005236094126 255225098239
000175075187 255232218170
005050249029 250098046175
001083182066 254153003239
000217200083 255224166009
002025114240 255052008062
010140221225 255213034011
002157198124 254117038182
000029034170 255034047008
010149108233 252094231244
005091215017 253059087057
000110052228 255028118126
002176010186 255135225139
000021113154 245050003039
000057176164 255112181212
007222177158 246154153117
000052019060 254173235215
002078216238 254116232178
000110085151 255231200113
000058105015 254075089241
004139168047 252239150133
000179122165 255129061055
001092156167 255221070052
006095120150 255213080029
001224187019 255163068133
002099007097 251210215185
002235236064 254219104181
001199214009 255003172063
000106145147 251044101076
000215255254 254126069060
000030174028 255068080123
000068235194 251072151179
000220074099 254113148255
008166104042 253199085102
002043224009 255243125057
000103180103 254179112188
003050206122 254247016152
012248174021 255039046120
004204023006 249123137174
000071188223 254234189143
003075125078 253239150240
001097154197 254247176074
002253004152 252090048189
002228149190 252167142242
000055195139 254125215026
000090137214 255127180146
001228116062 255199083137
002178177127 255117171129
007080189080 249122082230
003014006016 254211062053
000236068089 249187200006
001106037088 255033054083
003008071185 255085112010
006070029173 254025092075
003025158250 254205031138
000017200075 255110148135
001067034226 254223185068
001218181096 254212104206
000123115105 249016129106
003030069159 254242248155
001170133132 251242133125
000104223122 255089137113
001042120182 254013204151
000160134139 254165015054
001148075050 251057134110
000014225140 252092140247
003022007252 253069033066
000232058220 252139116097
000062225009 251241045032
000128067048 253066035206
004215165136 250204196049
002228236164 254026173025
001154099120 255136059022
002021056062 255141042071
005000240170 254011005040
000234121068 254126025113
019152202057 255099178210
000092033182 253129021242
002176089050 255129059033
003071205031 255159217013
000022149165 252196119068
001024056178 254177227162
000181226028 255134145067
002151037007 254202066030
001165178180 254241081058
002023235163 251025049216
003163005239 254151083215
001189011174 254026036149
003007078166 254061012055
002217191112 253210138147
000090169238 255228210118
003121199075 255006107230
000015024204 252240041176
008221010077 249164048228
004113081034 253103099021
001180161251 255125033098
005122092073 255174010140
002220219099 249228028056
000237183031 255097179123
000071241219 255096217027
000219029023 250222233022
000242004122 246141050067
001032184243 255237161075
003038236143 255150090193
008151187238 255109023237
001035047195 255159167093
001073161058 255096038078
001174231177 254252223116
001047084114 255069222052
008166245079 255134253094
000244153136 252002004122
009109247011 250148249002
002230069116 254246232212
002035164003 253137204108
002145210067 251156006250
000011255209 252254225002
004199109001 254078208170
001004057169 251114063203
005137042089 255142217135
001225152001 254038096078
001045136056 255148194090
000120030009 254058016020
002151220063 253157063081
001049145169 255150064099
011252008143 254170130190
004215150194 253254056042
000046065066 250152085191
002131085154 255044226123
002071014147 253122014231
001098231149 253175025011
000022162205 252066110150
004215008059 254136178229
000030134240 250240243107
000194064202 252116152226
003062198219 255113100086
000127143183 248253191033
000081154241 252223173244
001009010085 254009172029
000111007232 255077076206
002121083122 254067254239
004235237228 254145215102
001144074217 253146147168
004106036112 246198070156
003207091123 249084184184
000035120078 253078188131
008233175187 243111117061
005148079244 255088015166
004175047246 254092210114
000002002160 247034147166
000176193151 249068162095
001055137237 249070238085
003229008081 255038034203
000210016134 254223156107
001148120025 252051090028
001227198007 254102085089
000112068089 255075082057
004119078078 253196179237
003199082164 255170193209
002045027214 253019148241
000078134009 255021183254
001035110228 255002104040
001240147217 255172019188
004000226124 255179034052
003059135094 255031027099
005106213231 253207202141
000027120034 250171185155
005023124013 251238214104
003158040204 255208228045
000080135081 255014034005
000240026130 254137218016
000031093134 253244117250
009066095126 255052072026
000077216005 255064128004
001021229190 255041146217
001254166247 255177214221
012106065181 255024231248
002085032170 253136170189
003170208231 255146195071
006140044231 249242181188
001217187032 255236029089
001178081085 250025242225
001121077157 255200030160
001097101134 255175148224
000133121176 249181050163
000105180229 252100018212
001024237199 255148135109
001166198213 254002096254
001190242019 255224226133
001065089028 254068103235
000185068158 253249137149
000088128152 255127173225
000148028004 254092098104
004245040018 253115073220
006051148051 255018170041
002200084012 255238043217
002008169207 248138170073
005087143197 254044111091
000234130146 255242045030
006105037211 252099249192
006088122130 247081101119
005027105073 255252006043
000071147236 253246205236
008067084140 251039125027
005072001174 255054164240
000204109186 255232092147
002240230017 251216197224
001212100083 253125194037
003071186143 255085061123
000229074118 254060037039
003187248105 254144029182
001070065103 253104008179
002218034113 254174034195
003084174189 255228124232
003010013063 253221166223
003098078009 247199054003
000018116101 254210050130
007208053001 255151028063
000208079127 253023120128
001100252045 253215127232
000095186167 251182064099
002042183157 253151101005
005113150036 252240194214
003200230067 252017062254
003022004181 255039180225
002113190254 251050067151
003105092082 255095099162
011250165130 253237166048
000004121224 253129088171
001086051214 255087206242
002165231047 253088126192
001024247061 255237074217
001010178001 255208046106
002087169067 255057100155
000131060031 253198191112
000251165114 251067157227
002227038102 251056212083
002244042142 252255030083
006018200026 251014158179
001239234215 251184236114
001009251236 255107014234
001003149142 251096131220
000030032212 253242035243
001026014154 254025188192
003010170057 254173128022
000173243132 255105156087
015194181210 255166158155
000050107229 250194027142
000160024218 254043015189
001220209237 254056171229
005036153189 254199069129
000250077004 255017077209
002103077151 254027177178
000046074001 254139155144
000082233048 252215113182
002002161078 254014097097
000239030150 254107112210
000096092214 252186041134
002154060016 255250162227
000013154022 251172193137
003056206050 253010162246
001046196254 254049164038
004085233031 253132112131
000202227063 252044236208
000151245151 254246194034
001095072113 252235115183
004078084122 254198077014
002194211182 253093175104
004157086191 252113043116
000078005064 250213135152
003122235164 250212105130
001135173236 255111112183
001042005123 255081002061
001091224074 254061186188
001233234121 253092227108
001115187159 252013168239
000024102202 254195025053
004203215122 255055058118
001046059223 251244232135
000181159137 254255178183
002254201047 254251134195
002058196029 255131141037
003152166026 250165089024
012134113240 253138187120
000136228190 249150209193
007046205238 252111140051
008082210250 254204248073
002112048101 249166065083
000054120041 255245119227
006083017158 255174180151
000218110120 253040137008
004131051165 255165130083
000003195005 253153026208
000228165025 253189042235
003027024020 252198146208
003227077071 255228216199
002101118037 252222038098
002121161205 245042042135
003218070198 251138184096
010033041212 255221115106
002186139138 251060027120
001004115090 254046127197
000099139227 251003140124
000088092066 253006049175
000091120248 254155201010
000069066103 253104036166
006014022143 255057054145
002000026018 252134044151
000182074023 255155130240
004175047051 255112167191
000107255078 249186039089
000204212059 252034113047
003086060033 248027015044
003092015077 254206054210
000024025015 252158177029
001176237186 248022074255
000150027252 252014143005
000041123253 250034001162
001178109067 254095241042
002097192168 254206053075
000030049125 255000228228
002039236080 252180056105
000064028028 253155239172
005029100226 253228207132
000108255128 255232041033
002006069204 250155066148
001034049211 255053057245
001191034050 251128002138
000168079094 255146155075
000208139181 251172209199
000191211140 255241036012
000153250207 255067108121
000116241186 254230138121
000248108073 253235233186
001193007061 255089196118
001136109103 255110238186
000208139012 255232036008
003135170069 254128042067
000156062071 253228007019
001096119092 251001234088
002001244106 254228030051
004054053176 255064156192
000241164182 253074219023
001035041041 250013020235
002201238245 255134230079
000150244144 255030111118
004038070108 250046165134
001040107085 255223064173
000012185146 252015143118
000095097136 250201157201
002077102063 250116148137
003114247022 254080067052
000223176175 253086112132
003110115123 255050006067
004038223190 254196002090
006149095247 255034081037
000021192181 253168113106
000012133029 255183169110
008059121085 255054039224
005028101225 247215208064
001230099195 254079130101
001107238082 255121025126
000003237041 255197226128
000088150066 254111184041
001181065190 254028199026
000035237133 254099147228
001079065164 254069231000
002064114140 255239188017
002116084118 255165007024
000178034100 255248071219
001044242118 251136212083
008094032027 255226052251
003014005115 252164211076
002098182176 255236135211
003208178107 252113092136
001044240243 255148113011
008005026168 251057171120
004013208097 254133077078
000225036021 252021117154
000121162237 255134086077
001072052210 253207132093
003102088221 254197082058
001117005205 255060114060
003146235148 250131250240
000053073147 251112133236
002087141036 253084087105
005056100048 254016058073
000045027197 255196247195
004116166060 253042127182
002179082192 254198072119
001105255251 249244200011
002025178076 254175240023
002137048097 252092108238
000129138215 255202066035
000240065213 251148056222
000159200232 254148166061
006053041235 255039026110
005025231128 254096055062
001160115074 254169119115
003111137092 253113132182
000073061179 255181143126
000244022212 254170044078
002036164229 254024018210
001232087193 251125206003
006024025072 253202075064
002232167184 253243019205
002016168137 253096171020
001035107096 254247227180
000091126122 253002037214
002246244092 251004167110
004186180203 255021015219
001036064140 255109214141
004171098133 247210074050
004095223153 252094085114
003130245133 254152232057
000221141012 250062131070
000093057142 249196146216
011225128143 253251114048
000033115063 254031045135
005037130207 255106184160
004148127179 252144199216
001191175065 249141231117
000030178224 250005167233
002250077197 250097226072
001016103019 254040205075
002134127228 251182106001
003107117189 255090088241
001038084127 252231046170
000046236123 255231065143
002225182037 253129071096
005019215129 255078142248
003035224243 253024234057
009129173022 254071225130
008232150044 255044206111
000078134230 255005223056
005250065161 255226200042
000011062065 255078127194
002039183165 249147109010
000228012178 255189025203
002047084035 254000074214
000016205200 253132104132
000030071135 253224129223
005235125217 255084073187
002016168175 254138238142
000213248168 253164203001
001202078233 255172052062
003154169173 254221047018
001029151073 250025050119
004133067206 251111063191
001129244140 255035009087
000104249217 248049050109
002083185118 255089183178
009107058251 255223205105
003124064007 255246243177
000071069044 248140248187
003027169121 255173095232
000061022028 251069231121
004186041243 255095049119
002076006158 254003208069
001181038177 254245186132
002236210159 255158114020
000023047051 254249150131
000150088151 252224253058
000193138113 255225091097
001021055007 251097159218
004179195037 253228112255
003169214100 255018008146
002041118109 251059002045
000048114166 251049192151
001160044163 252174011038
001140028104 254118029087
001039015047 245008227227
008055020018 255016016255
000007066010 253110187071
001133250189 254006048001
002086202211 250194117242
001078108099 252073166116
000179056080 255163114081
005022049030 247238035067
003223237255 250135028255
000132078238 255155199081
000232122067 255095161075
001191117226 250197030153
004234056239 253200038242
011036021126 255041102164
002127104071 254013054048
005114017052 252116107033
004060170187 250026091187
000191163117 255182246141
003041101006 243109050236
003008207249 254191087212
006239134038 252171034209
000039151124 255231169234
000190085192 253130033158
000045099097 254158143198
005013188107 248208227239
001149209157 252088115208
003136008071 252065214172
001047227151 253141138057
001000187166 255189041190
002255242029 254035205019
000078128216 255192117217
002102090237 253217114189
002058211022 249144186015
001045149115 255080052039
003086231104 254232063197
003086242153 254243081184
000044201107 255120037070
001028083176 253038114053
003000232128 253090026203
000178027139 254012107231
000102082255 255194042135
001053231072 251240015231
001202161209 249237142007
004129171067 254000040076
002030030030 254107161249
000205072223 246094038251
004117057014 254250124153
001137027004 242143108162
002216181123 251110222106
004217241063 254255135085
000196236225 255170230208
002089083106 255251205007
001024201244 255031147087
002008224200 255064126162
001089071037 255062050085
002223076091 255196190047
002140037183 252243150115
004091004097 255174221216
003142056174 254225228086
000022222237 254165195061
000241104034 255183133136
002043216117 254010137230
000036182186 251092120222
003240061208 255230194109
000162208202 255120079115
