TOTAL_VALUES=1000000
P=200
PARTITIONS=5000
004014157076 192232042000
001178203064 192241074000
005053232000 192086018000
003175137000 192198200000
002016055000 192241125000
002019005160 192189249000
004068111139 192178080059
001005000000 192227248000
003173048000 192229157000
002017109136 192197055000
002057255064 192196248000
005045112000 192190078000
004068075247 192178098084
001022040000 192178110124
001255075000 192231207000
001007224000 192178241076
001179112064 192178249051
001075204000 192241056000
002017203224 192204004000
001249096000 192178254004
001208168120 192150020000
001045000000 192233201064
002255249036 192230103000
001208148015 192233196082
001222144000 192241112000
001022051000 192200128000
002063151250 192084121000
002021175188 192223139000
001178203000 192178044148
005083048000 192193160008
001208169016 192223101000
002021006000 192178069218
004015021228 192207069000
002057225030 192178251082
006065176000 192150224000
001072000000 192234091000
004016052048 192188018000
004009000000 192178109134
005042211095 192178029234
001178192000 192178097092
004015019000 192048138000
002018060000 192223180000
002022016064 192186141160
002018212152 192206142000
001255227000 192178080204
004068039096 192243040000
001178064000 192218065000
005062047000 192233206240
001023121000 192178243062
004015018128 192238028000
001208147189 192069102000
003164202000 192232038000
001208172156 192236092000
004068068150 192178080216
004068075196 192178242144
001233032000 192235088000
003171128000 192208020000
001067224000 192243038000
003002033128 192232096000
001186080000 192234249000
001193218000 192228023000
001010010000 190242166051
001000024000 192189157000
002057255128 192094110000
001009241226 192199178000
001228128000 192178068152
004002133224 192178243098
005035048000 192227158000
002016240000 192178111015
004002018000 192189100000
001037034184 192208001234
005053005148 192197200000
001209064000 192195214000
002056128000 192160050000
002027243000 192189176000
001032238000 192197065000
002017109193 192178075070
001227192000 192207037000
001241200000 192092168000
002255254024 192193177000
002189242000 192233197085
008224112000 192150076000
001001126000 192178249000
001213120000 192178252236
001032234052 192209048000
001208112148 192234246000
005181015064 192228087000
002063168206 192178105128
002019092000 192190076000
001006137000 192195219000
001235136000 192178158204
002023099000 192190074000
004232224000 192199004000
004016054080 192223234000
004031215236 192190124000
001118016000 192241122000
001011000000 192178111008
001024200000 192178070231
002255249156 192112181000
001007244000 192196016000
001178199008 192176112000
004068111233 192178106082
001030056000 192209062128
005062059053 192193081000
004015018072 192229169000
002057164000 192178107176
003173134000 192229111016
002016243000 192234148000
001018128064 192178121246
001193146000 192178110052
004069220243 192178120012
004015017000 192230000000
001010064000 192178106212
001231000000 192124212000
003173172000 192229236000
002027192000 192138191022
004016048232 192238208136
002255254052 192240125096
002094196000 192195150000
003175176000 192233206165
001236061000 192178071024
002018128000 192209026012
004068039088 192203224000
002017056000 192233206224
001213113020 192178254136
001032201000 192223132000
001208172157 192178086032
002021175136 192190026000
002057170000 192080017252
002021175160 192240140000
001032234048 192216201000
002058103000 192229111136
001208112084 192210047000
003175096000 192233197084
001232014000 192171110000
005172202000 192150126000
004068071182 192188208000
002188005000 192178104232
002019005132 192229111001
005062060096 192178108134
001250000000 192178242048
004069138000 192178104096
001255007000 192225156000
005104037128 192178106225
004031213064 192210154000
001187216000 192195185000
002022242000 192238208128
002179160000 192230144000
005053006058 192178099164
002019007081 192188250000
001081064000 192195225000
004055144000 192135227000
002255249105 192207063000
001023073000 192223010048
003166062000 192193227000
002056080000 192228117000
001009250000 192176250000
002020232000 192214098000
002058107000 192178029200
001247006000 192104096000
001037069235 192178252040
002016004000 192244200000
001178198252 192178244090
004042035024 192178243096
005187121144 192178243158
001118036000 192231222000
002255253116 192206216000
004068063201 192225058000
003161050000 192236128000
004015023222 192178251118
002019007243 192178099030
002019252000 192178247202
002019005032 192236001000
004068039034 192178098116
001028104000 192244032000
001255120000 192178109105
002019032000 192178245230
002255253196 192178080089
001011088000 192177016000
003173035000 192233202200
002255251219 192178070146
001213113000 192231128000
001255127000 192237099064
002018214223 192178045251
001039032000 192064029000
001028172000 192203179000
004069215026 192226052000
005134208224 192086151000
005035112000 192244254000
001020120000 192178075130
002189252000 192229120000
008009038000 192204000000
002255249032 192178096024
001022068000 192234160000
003175066000 192131182000
001178202064 192178082168
005010222000 192237071000
002058095000 192173086128
001194160000 192234090000
001208114250 192229126000
001073252000 190151064000
002021175028 192198128000
001018126000 192235200000
001018112000 192206238000
005039014000 192231198000
002018213040 192188034234
001037069224 192228091000
001208115128 192207249000
001009244032 192136022000
004068068109 192233198024
001208178024 192236030000
004042072108 192175125032
001208179000 192234156000
002021175124 192233207136
002018184000 192228008000
001000192000 192210010000
001009241128 192173086000
003164238000 192178106214
003172063016 192197160104
001007064000 192233206192
002016168000 192178251236
002019007178 192178107087
001178104000 192170156000
002019118000 192234105000
004042072236 192178045156
001037029064 192235086000
001023093000 192192048155
002019007222 192178120186
005053006216 192241062000
003169100000 192178105164
004068037106 192225098000
001208178212 192204014000
003165184000 192229108000
002016172000 192223024000
003172083000 192206028000
003160212000 192216086000
003002032128 192207024000
004016054185 192178254164
001071116000 192190193000
003004015192 192238208008
001074076096 192178105070
004068068088 192206211000
002023104000 192159111000
005023026000 192240158128
002021175222 192178118000
003167012000 192178250012
001007144000 192234100000
001037034160 192233199022
005195021000 192189166000
002004000000 192211217000
003104000000 192238212000
001037036000 192218160000
004069207128 192233195236
001018128254 192199000000
001020066000 192203012000
002059077052 192233000000
001213105000 192175227000
001003000000 192214102000
002017120036 192243212000
001023120000 192235192000
002255253184 192186064000
001227224000 192233194031
001208114048 192178253210
002255249136 192178109024
001199251000 192189117000
003161080000 192214108000
001032212227 192212013000
004069219222 192178068251
001248219000 192214192000
002017109142 192178250028
003172060000 192236147006
002017109232 192190241000
002063151248 192241094000
005053000192 192195178000
001032200000 192178076128
002021175004 192208001232
002019007249 192206153000
001208179160 192178249002
004042035021 192197160018
001208168231 192149243000
001092000000 192208003000
002022145000 192178107220
005008180000 192193164000
002021175155 192165044000
001232246000 192132112000
001009244013 192162019000
001208170114 192178098216
002017015000 192178084080
003033055240 192189086000
003002052000 192229111008
004044000000 192169112000
002027108000 192207088000
001247202000 192178121102
002023136000 192185132000
004031214152 192129047036
001025048000 192231150000
002255251223 192195085000
001247194000 192228116000
002015000000 192178248200
001208112000 192197000000
004033132000 192178255181
001071104000 192233196089
005057247128 192210228000
004068062122 192214109000
004068038085 192162006000
002019236000 192178105182
002056112064 192232066000
002056250000 192203195000
005045062201 192240125192
002255253169 192231080000
001037128000 192206231000
001119200000 192188144000
001208148060 192240102056
002021175247 192178246048
004042096000 192231252000
005053001008 192190238000
001025032000 192236080000
002058002000 192118020000
005039062000 192244096000
002057225018 192189142000
002021116000 192226080000
002058106000 192150018000
002019099000 192026174000
002019007112 192104244000
004069231166 192122243000
002057225064 192178247014
004189000000 192173076064
001203114000 192189195000
005045152000 192209008000
002017108024 192178076025
002016006000 192219249000
002017115000 192178158004
001224190000 192199002000
001007168175 192230105000
001178008000 192197178000
003002075000 192233195143
002016170000 192190135000
002255252052 192208144000
004068074033 192234103000
002018067000 192185176000
002018214064 192178252112
002019007076 192233194195
002057225014 192238058000
005062057115 192216104000
002057225016 192211216000
001010128000 192216106000
002017108049 192178110008
002018008000 192178251134
002018213000 192206036000
001009070000 192240159128
001006000000 192193090000
002019198000 192171210000
001081088000 192238208064
001023012000 192091148000
002016196000 192178083032
001208170128 192207237000
001194000000 192175000096
001018128240 192197232000
001081032000 192210210000
002018210000 192178247176
002022192000 192178249112
001208168128 192076217000
002022146000 192178247130
002019007226 192210183000
001179112050 192231040000
003002034128 192208001012
002183000000 192225171000
002058048112 192178107104
004037154000 192178254170
004068070210 192188254000
002016103000 192178110214
005011013048 192234141000
004068059104 190255048000
003171160000 192159082000
005020000000 192178108186
002021172000 192218120000
002020051000 192178254070
002021247000 192194168000
005039227000 192178243192
004038229112 192207192000
004068039080 192206120000
002019007221 192178029230
005039108064 192197192000
005100200000 192178107141
003004015016 192178240012
003166255000 192233192213
002255252144 192198147181
005102108000 192178241052
002058048240 192171083000
002018213044 192233207000
001009243034 192178122192
001208112056 192178075165
001024232000 192178107033
002255249006 192178254036
002058166000 192178070230
002016202000 192244203000
001209094000 192178074178
002255254083 192101134000
002019007224 192178109184
001032240000 192235201000
002021208000 192225170000
001028176000 192178116000
003002000000 192195216000
001023248000 192234158000
002019004116 192178069148
005023072000 192185134000
001179246000 192206255000
001023160000 192206077000
001227000000 192207248000
001187240000 192231089000
001224039000 192234157000
002255249007 192178255100
002255251048 192188034192
002018021000 192189251000
002021175040 188116010000
002018249000 192234176000
002020196000 192053080000
003005096000 192234032000
002058146000 192218208000
001208112153 192162198000
001018117000 192218224000
003004012036 192178109094
005062061073 192197158184
004068059000 192188034232
001208112032 192177112000
004001117064 192207152000
004028142239 192178082216
003166061000 192139222000
001233004000 192178247020
005062059045 192210247000
004068070055 192215192000
004068110064 192189254000
005011012037 192153096000
001186094000 192160016000
002255254016 192229087136
002027238000 192163148000
004028136020 192210240000
002018253000 192204072000
002017111192 192240105064
005042180000 192236146000
004033218064 192241032000
004033208000 192228080000
005062043202 192198029000
001179002000 192199208000
002255254074 192186191000
004068037192 192193102000
001030164000 192223176000
001208145246 192233204044
001032205000 192157159000
003163064000 192188075000
002019006020 192178081248
002058208000 192161177000
004068074106 192178055000
002020134000 192178242248
003002053000 192206236000
001073096000 192094049000
002018213032 192178108215
002017109038 192245012000
001199248000 192178138004
002188186000 192234002000
001009241040 192178046044
001006232000 192210152000
003160164000 192226064000
003169044000 192225111000
003002069000 192241124000
001245048000 192178073198
002021052000 192229002000
004069064000 192216087000
001076080000 192178240114
002024000000 192178245076
002019007252 192241063000
001074072000 192238208131
001179112176 192228124000
003168224000 192186008000
002017108032 192178248110
001208146060 192244247000
001007176000 192210223000
002063156194 192178068022
002018212050 192240107000
001079005000 192234231000
005182049128 192226045000
002058215000 192241110000
001208168076 192238059000
001082208000 192178111012
003160088000 192178075080
001037069240 192233199076
001032252000 192149234000
003173144000 192241044000
004068062007 192178119064
001074076072 192228086000
001032217000 192238004000
005180040003 192199160000
004034128000 192178099216
002255253042 192178255116
002019004192 192190144000
001178193064 192223152000
002021066000 192222020000
001179112192 192219031000
002018213041 192197068000
002018164000 192190236000
001236128000 192086144000
001007248000 192178138215
003043128000 192204064000
003165252000 192221240000
001012128000 192233203178
004069246141 192216128000
001028100000 192178253224
005062062108 192178108044
002017080000 192233199064
001208114037 192121054000
001052000000 192178098196
002017120104 192231036064
001230096000 192186141132
003165090000 192178244108
002022172000 192092129000
002017208000 192178068062
004069231192 192229087004
002023158000 192206073000
004068033204 192160125000
001011096000 192195012000
001037035075 192118064000
002057120000 192198016000
005053007116 192195116000
002020200000 192233193033
005200030200 192178248213
001213115145 192190224000
001079184000 192229096000
008029228090 192234107000
001208148220 192230176000
003166088000 192238209016
001179192000 192230098000
001024088000 192177008000
002182112000 192189133000
002059076032 192193048000
001230120000 192241126000
002057214000 192233196188
002023184000 192178121152
002016136000 192230070000
002018214077 192233197080
004068111116 192221192000
001024220000 192193126000
002019098000 192223200000
001028012000 192233198142
001007164000 192234159000
001020116000 192208048000
003172074000 192223158000
005187127000 192194136000
005062061030 192206118000
005175000000 192195154000
001178000000 192150234000
002255249069 192233194116
001039072000 192241096000
004034096000 192133037000
002059010000 192099146054
001018128224 192228094000
002255253000 192231118000
004068038246 192141040000
005062049040 192229087008
002057039000 192178120024
004031215218 192166152000
005022209234 192238209131
001007168160 192231064000
004042072234 192240100000
001213152000 192186044000
002057084000 192210244000
002058176000 192031116000
001009072000 192178080004
003002054000 192240176000
001037034188 192232044000
002027241000 192209064000
004068074096 192178098206
002037064000 192199032000
005175190044 192189042000
001067232000 192178074174
001178205176 192233207032
001177128000 192178104028
002022234000 192243037000
004069171021 192178243040
002255249164 192207198000
001118000000 192178046200
005010138224 192112184000
005001044000 192178106064
003163239210 192234218000
001009241231 192208001235
008030042000 190242157000
001186093030 192196164000
002017109160 192233195235
002017041000 192243128000
008036006000 192216060000
008029228120 192189255000
005062057112 192223130000
002017120106 192243192000
003162248000 192209026070
004069203120 192177180000
002022116180 192207106000
002021175144 192238194000
001009071009 192214103000
002018214109 192241008000
001037082000 192178122012
001032230000 192178109208
001037035072 192178240018
005035170128 192219001000
005135030000 192178109148
002063225000 192236152000
001194216000 192240106128
005003038000 192233192112
001224038000 192178107185
001241128000 192233198144
001000008000 192234184000
001037027128 192225104000
004028138118 192178080084
001213151000 192233199220
005062059230 192170160000
001009241230 192171106000
001229204000 192206045000
001024240000 192178241015
001177064000 192006184000
004068110160 192152040000
002019007048 192231036003
004015023138 192195134000
005053006111 192197160076
001023032000 192198025000
001032224000 192231160000
004015020080 192178107224
002059204000 192234004000
002021175025 192124012000
012222192000 192178046236
003163216000 192208185000
004059048000 192197149000
002018211000 192071156000
002019162000 192190056000
001023174000 192178158029
005226014000 192234014000
002059161000 192178120098
001208170116 192241072000
002021175141 192176048000
003164138000 192178071048
004037154186 192243016000
002063234058 192178242246
005105064000 192189212000
001208112192 192218142000
002181128000 192190196000
004002136000 192165219000
002019004084 192203160000
001213104064 192178243240
002187192000 192214114000
002016008000 192178105204
001233128000 192187196000
002016032000 192237030000
005135071064 192231209000
002058048018 192241073000
001247004000 192197158179
002182120000 192221152000
001208178176 192223184000
001179113050 192178251038
001025036000 192223029000
002018215168 192238176000
003164044000 192190131000
012035144000 192233197208
001028042000 192205000000
004001128000 192148243000
002018215100 192236196000
001241016000 192178110144
005062085036 192166140000
004059180024 192177035000
001074200000 192178086016
002018076000 192203147000
004068072093 192223009000
002017108056 192178068066
001010134000 192178029247
002255252007 192195195000
002027062000 192086066000
001006144000 192234132000
002016192000 192233195119
001082240000 192225163000
002255249157 192198139000
005001003232 192233195144
004068063009 192231224000
001245064000 192184069000
002022241000 192173081000
005129245000 192233197160
001193214000 192234017000
002016048000 192203226000
001208178214 192177014000
001208180000 192133076064
005044208000 192178255226
001224064000 192233206128
003033055064 192178029199
004068063089 192177073000
003002038000 192178080012
001179080000 192208001064
003173034000 192232067000
002018236000 192188119000
003169115000 192178105180
001075224000 192103040000
002022148000 192233198164
001010192000 192195107000
002179128000 192030095000
002255254132 192210192000
002058204000 192244224000
001193213000 192178029092
002019004077 192178084084
001241230000 192178246024
004069226064 192178104100
002017203240 192232004000
005062085040 192178098158
002255253241 192206116000
001178024000 192178244068
002094120000 192178098208
005134208248 192020246000
001213151160 192230115236
003002039128 192100099000
002255253112 192178086056
001022006000 192178080227
002016129000 192204192000
008004028000 192227150000
001023133000 192237068000
004015016000 192238001000
001017000000 192233194112
004175000000 192156080000
001237245000 192178104148
001118037000 192234124000
001007168174 192241036000
002022032000 192108226000
003160146000 192230087000
002056159000 192231030000
001225162000 192178086104
004068072131 192147128000
001009241032 192231003000
001208168114 192240102048
001021064000 192146116000
002017000000 192178243022
003169012000 192178081000
001065184000 192198174000
002018241000 192178252252
004068074128 192152001000
001023184000 192189046000
001037027044 192178075096
005039051144 192163018000
002018212072 192229087016
001178199012 192178080002
001073064000 192200190048
004042035047 192233195140
001028192000 192190067000
004038229096 192219252000
001039192000 192149122000
003162232000 192228018000
005189204000 192210249000
001022144000 192187000000
001178205064 192234035000
001018128006 192233205032
001118036192 192154050000
004031208128 192178097076
001237176000 192207158000
001032212226 192238020000
002059065000 192244255000
001238001000 192240096000
001030088000 192178072108
003172058000 192187062000
002023014000 192240106032
001030192000 192233197057
005022157000 192203242000
002182160000 192218016000
003175106000 192233199216
003160098000 192207255000
002052000000 192209026013
001082192000 192154000000
004036040112 192189062000
002018214032 192166251000
002059128000 192237029000
001247193000 192178078044
002057225000 192195098000
001011094000 192086119000
002188238000 192234038000
001007016000 192233224000
001208115192 192240138000
003164189000 192198150000
002021252000 192178254000
001022062000 192178241206
001213115200 192153178000
001213156000 192208001132
001178017000 192218008000
004068068058 192178087236
003164140000 192178097019
005135237225 192223010052
002018213048 192160109000
002017252000 192178240216
001214072000 192195160000
003166206000 192236176128
004068063152 192232032000
001018131000 192178249240
001076228000 192237098192
002017176000 192082136000
002058210000 192232062000
003165236000 192231135000
008052199108 192178242152
001178192128 192236144000
001194032000 192225064000
001248128000 192197160053
001023088000 192229111131
002255248141 192196223000
002018215050 192228016000
002152064000 192178250232
001240004000 192094109000
001031192000 192129084000
002022116000 192223138000
005135024168 192178251193
001208104000 192197197000
001022128000 192236147004
001084160000 192206092000
003161208000 192196152000
005062023019 192230102000
003172063020 192189183000
002255253200 192189194000
002016116000 192178093000
002059218000 192229001000
001044064000 192178075204
005053001228 192235224000
001209028000 192178075058
002018189000 192133070000
002017101000 192126080000
002018215132 192198149000
001208112021 192178246028
001071119000 192206066000
004028142236 192225032000
001025192000 192208001009
001231193000 192234106000
001071102000 192206122000
005135047000 192188151000
005132000000 192243075000
002016119000 192209062232
004068073240 192109140000
003165096000 192233195102
001032251000 192234064000
003175104000 192238209064
008018248000 192178071068
002017108244 192230121000
002018022000 192188248000
002255253192 192178244221
001208148222 192197189000
001179113128 192197160072
004059213140 192178072222
001018128248 192178243146
003172087000 192236236000
001208178192 192177100000
001193152000 192178111184
002017196000 192178240008
005039028192 192208001192
005255152128 192233197112
001006240000 192207184000
001011080000 192177018000
005231250000 192232081000
004004192000 192189158000
001213104000 192241034000
002020015000 192237224000
002058048020 192178240106
004016054116 192178246112
002056136000 192178251160
002017042000 192240125176
005135068128 192199063000
002023210000 192178110240
002021175062 192178087152
001208178128 192234214000
001011020000 192190244000
001001004000 192185085000
001228224000 192209026010
001022064000 192197201000
001000064000 192235096000
002019007006 192228028000
004020096000 192245026000
001037035076 192233192252
002188007000 192193201000
001032237000 192238209136
002255249130 192233201138
001028180000 192189223000
002056185000 192191000000
001001010000 192173076016
001078126000 192178254072
002017096000 192178085254
001007168172 192178254220
001023122000 192227192000
002019005146 192237094064
005059192000 192221154000
001208168096 192147014000
003166064000 192178106086
002023232000 192233193250
001032212192 192238018000
001073250000 192150001005
002018213208 192232065000
005003034000 192178111190
004001117124 192244160000
002017109016 192206125000
002063226000 190217127000
001179112170 192178098132
001232004000 192178243182
005181021080 192178107194
001237132000 192198152000
002018214092 192203172000
002255249020 192193089000
003143032000 192207103000
003164045000 192216136000
004030176000 192176175000
004015192000 192189028000
002255249182 192225016000
002056174000 192196246000
004016054128 192178085208
001018128096 192233201144
004001117096 192178081074
003005176000 192222010000
001237016000 192178246070
004069231172 192216208000
002021175054 192211012000
004069231128 192156188000
001007168192 192178108148
005153160000 192178086232
004068110060 192178120027
001208148032 192190010000
002185248000 192178099080
002016153000 192229110000
002255254070 192203134000
005145178000 192225024000
001208148120 192178099018
001037028000 192245019000
003169124000 192178110060
002058048079 192178245154
001208170120 192238208144
001023064000 192178097146
001075016000 192178029246
001241008000 192206200000
001208168080 192178200000
001208152000 192189236000
002019007074 192238208130
001074208000 192216084000
004069215030 192233205128
002021175000 192221153000
001186093016 192240125064
001024048000 192233206236
001255192000 192206171000
004069223195 192237073000
002018052000 192233200224
004068038087 192234059000
002017064000 192207038000
002021175128 192233203177
001208112023 192194144000
001081096000 192197160016
004042073084 192178068210
001007162000 192188048000
005231239064 192178121092
002016009000 192233195234
002255255000 192175142000
001230064000 192195114000
002255254121 192178253120
001076224000 192223159000
002189069000 192171112000
001037029096 192243086000
002018214236 192178248100
002019005147 192233207040
001238027000 192225153000
001178192160 192218001000
001179112144 192107238000
004068038231 192233203180
001208147000 192178110220
002021175120 192238216000
001209090000 192193015000
002058175000 192178099172
002058048174 192232128000
004033160000 192178254188
002023130000 192203001000
002018214128 192237016000
001023180000 192233196090
004002133120 192133088000
002255251187 192108230000
001023008000 192231255000
001022011000 192227204000
001213115207 192195183000
001079128000 192236240000
002057180000 192197155000
001239064000 192209056000
001179160000 192176042000
001004016000 192234140000
002016010000 192219244000
005159218106 192238027000
002017203248 192234255000
001237005000 192178253016
001248192000 192178247042
005059112000 192237074000
004068111224 192233203128
004001114171 192233196128
002017111206 192178046248
004028138084 192237104000
001039096000 192178254104
002020156000 192229129000
001119205000 190217026000
002255250012 192178252196
001245032000 192178248218
002255248032 192234078000
001009241240 192153212000
001023092000 192233196000
001009244052 192103123068
002056036000 192178249210
002021175170 192119096000
001084192000 192065185140
001187184000 192207078000
002017108078 192195064000
001037069128 192230106000
001037080000 192207173000
003165142000 192178108152
003171179000 192195068168
001000197000 192178240104
006016000000 192198148064
001023004000 192178254152
002018212071 192178249020
002016035248 192178071113
002019004092 192238210000
001000018000 192210208000
004015018064 192235112000
001023114000 192150085000
001038209000 192210172000
001004032000 192178075008
004069180064 192214128000
002057252224 192166104000
002056112000 192206218000
001249110000 192236065000
002027104000 192178241098
001074076000 192230107000
001214093000 192189004000
001118003000 192178244096
001208112082 192236147008
002019214032 192212012000
002059104000 192115180000
002112000000 192234006000
002255250032 192207054000
002017110176 192231175000
002023097000 192195144000
002018214144 192178120104
001231200000 192178148000
002255251190 192207228000
002021175135 192231124000
003004012032 192186190096
004015018000 192219248000
002022076000 192178254069
002255251212 192178243110
001078104000 192178248250
001244196000 192153008000
001009096000 192189161000
002019007160 192233197032
001237136000 192187029000
002056056000 192243064000
004068063057 192218015000
001208179176 192233193088
003164123000 192233200152
003175058000 192241092004
003172046000 192193202000
003174121000 192190204000
002022054000 192178255200
002019250000 192188034236
002255249106 192156228000
003175059096 192233207048
002020249000 192147210000
002021074000 192178247158
002017111064 192135146000
002018213186 192208024000
008002072000 192126062000
003004012000 192188187000
004035096000 192024106000
002057208000 192236216000
005104042004 192178110236
002255251254 192189192000
002057149000 192133250000
001018160000 192203033000
002017108085 192233195134
001022032000 192235084000
002015193224 192195196000
002021175161 192189120000
002020109000 192208000000
001255031000 192165012000
002017109056 192206235000
002017109029 192178072066
002017109034 192233196176
001178205128 192178246030
004015020068 192193112000
001023014000 192178252144
002255254128 192178240083
001208174000 192188070000
002018214216 192145251064
002136000000 192229224000
002020040000 192178098134
001030048000 192178243122
004016053032 192178096184
001178112000 192178250212
004068038073 192152248140
001007028000 192082141000
004059214188 192240200000
004069231197 192178111192
002255249017 192177121000
005159056000 192065213000
002189044000 192178080042
001244000000 192203247000
002019006108 192178107144
004004193216 192189052000
002016015000 192236198000
005027064000 192233205072
002016034000 192240144000
001075196000 192236068000
001176128000 192193187000
002015200000 192233207128
004069171047 192178120100
001011008000 192235108000
001007000000 192219242000
002059077048 192178107152
004069215036 192178242184
002057244000 192178248082
001032218000 192178248106
002094016000 192203082000
003165028000 192243091000
002017110128 192207246000
002018214232 192227107000
001065176000 192177143000
003161070000 192240156064
001023026000 192240105000
001208112016 192235068000
002056027000 192218088000
001022216000 192178252000
004068073184 192178244116
002019010000 192130152000
004069208056 192193161000
002057100000 192228004040
001208112024 192206134000
001076240000 192211054000
001038208000 192178120020
004068039219 192178087222
001037029000 192233199017
001018119000 192219228000
001208148208 192178097166
003161103000 192178248074
003168204000 192240040000
001021160000 192208001160
004068036195 192195068172
001022036000 192233193224
002021175240 192118048000
003165088000 192178082067
001006226000 192195086000
001208148224 192147250000
001208168228 192178108020
001244208000 192229021000
001213112232 192225063000
001023176000 192052171000
001032226000 192188228000
002057154004 192190098000
003165154000 192236012000
002056167000 192237090000
005249232000 192195186000
001228240000 192178255196
002018124000 192187160000
001038248000 192091142000
001016064000 192233199218
001023028000 192178045240
001007108000 192233194096
001009241227 192178244104
002017110032 192170027000
002021175168 192178074151
001009244056 192225106000
002056010000 192178108180
001193160000 192238056000
004068074168 192238209002
001079208000 192178086200
002179192000 192207047000
001023087000 192170022000
001193208000 192234135000
006065160000 192227190000
002020008000 192233207036
005044096000 192187028000
002058172000 192178080000
002063156212 192208001014
001044032000 192195226000
002255249026 192124246000
003169072000 192198147176
001030040000 192178121132
002016228128 192236232000
004069215053 192178086042
004001082035 192208001152
005053000138 192198147160
005254005000 192207220000
005135071202 192210220000
004014158000 192227250000
003160072000 192232060000
002016171000 192178244172
005062061184 192232040000
004037154176 192190018000
005023065048 192178240206
002018196000 192230128000
001022168000 192189197000
004015020000 192237107000
003166040000 192178099176
003170210000 192231144000
001187000000 192218072000
001007151000 192178255224
001238014000 192178249158
001079032000 192233201140
001208169064 192135117000
004068062018 192233205048
003165217000 190185157000
004069248032 192130157000
004042033096 192200060000
001037068000 192178242012
002019005152 192189146000
002016012000 192238195000
003165026000 192223102000
002023084000 192218128000
001178203030 192178074152
003004012015 192178085000
001178193096 192203104000
001022012000 192178120082
001030032000 192175176000
001213148000 192203039000
002021044000 192197158160
004068073062 192210211000
002021013000 192232100000
004068033230 192211055000
002058199000 192223178000
001009068000 192178084180
004069207076 192234234000
002057160000 192221248000
002255254055 192186136000
005010232000 192178251234
004068063119 192233194120
002057220000 192178109096
004042073164 192176138000
001248096000 192227108000
001120000000 192241101000
008040222000 192234205000
005180081000 192233204042
001023060000 192232052000
001179113065 192178243212
001028240000 192178080048
002188064000 192234104000
002017109200 192178243064
005035160184 192178240094
001073076000 192210046000
001209204000 192204160000
001233008000 192245032000
004069235160 192178247096
002188056000 192240125160
004069226253 192189253000
004033218016 192102238000
005011009000 192233207144
003163252000 192227146000
001023094000 192190088000
005042211118 192233196004
001208114042 192178158112
001022238000 192041218000
005053004179 192206078000
001208112224 192141166000
003165076000 192170016000
004068039144 192178120058
001208120000 192124232000
004028137000 192233199080
002016030000 192231036200
001255232000 192178254176
002018190000 192207227000
003162151000 192178242194
005022168000 192178252128
004068073036 192228019000
001178068000 192233196081
001179113064 192151108000
002016158000 192109090000
001237008000 192223149000
001074076128 192189199000
001209184000 192149130000
001037074000 192122144000
001022022000 192240032000
001208146128 192232056000
001009241048 192178044134
001001112000 192080204000
003164004000 192193244000
004016054056 192229170000
002017109188 192229240000
004001114048 192156234000
001247203000 192214126000
002017110124 192178078192
003172066000 192236004000
002019007005 192203116000
002018212230 192178251218
002016242000 192178241108
002018180000 192237094128
002019006000 192219120000
003171248000 192203118000
004020076000 192186141128
004069249000 192207185000
002019007242 192178244150
001235160000 192232048000
004068030086 192178097172
004068014091 192190102000
004016054228 192178086203
004028138088 192207075000
003004012055 192178070210
001001127000 192178110198
002017108077 192122131000
003033056128 192206015000
003002057000 192233193000
001028000000 192178246225
001009246000 192216140000
003165075000 192178108046
004021000000 192234217000
001037027042 192219020000
004015018065 192233194200
005153104000 192198147184
002019178000 192178072146
004001112170 192178244178
002017136000 192236088000
002027000000 192206107000
001071064000 192178045104
001007168168 192223055000
004069231253 192189246000
004069206000 192150196000
001214080000 192227064000
003162180000 192234194000
001194120000 192207144000
001178199016 192231212000
002016200000 192233194128
004001117080 192178179000
001001064000 192231248000
002056246000 192188173000
002016019000 192103130000
003044128000 192160068000
002063234032 192188052000
002255254228 188233192000
001007182000 192178255021
004016053184 192231057000
004068062165 192178158024
002016154000 192160072000
004068074207 192149062000
004068062224 192178082172
003165064000 192233198016
001007088000 192238200000
002016074000 192200056000
002019179000 192237070000
004028000000 192178104150
001208145192 192189053000
002019006040 192178105024
002059059000 192178252002
001022096000 192178240236
001208148048 192234024000
001011092000 192133076212
001075202000 192175076000
001208178216 190108196000
001032222000 192234222000
002255254098 192154067000
002017012000 192223119000
003174144000 192136134000
001023208000 192154224000
001071096000 192178244056
001037072192 192162200000
004038229126 192178028066
005062061240 192178247154
003162048000 192233196112
001007026000 192178241252
005062061113 192075107000
001208148112 192178240010
001208114032 192230100000
001178180000 192206002000
001018128128 192124183000
003174106000 192233193128
003005140000 192200062000
001030168000 192200096000
002255183108 192210161000
005053001204 192225059000
002110020000 192178110248
001196000000 192209026016
001020080000 192216192000
002016090000 192193174000
003175221000 192243082000
002018084000 192178029231
001007168000 192160121000
002023016000 192160036000
002059124000 192178110154
002022018000 192178255076
001208145245 192236121000
002058213000 192233202192
001009244080 192228102000
002018011000 192245011000
004016048226 192200190064
002022044000 192178245148
005062085042 192178075236
005011058000 192208036000
002017109187 192228128000
002019006160 192176127000
002021175217 192178087064
002063151192 192203139000
003002092000 192178215000
005175190136 192203166000
001025008000 192178249087
002188160000 192225175000
001009241036 192233195101
001208113064 192178069225
002017120112 192200190000
002018243000 192210044000
001194208000 192178240220
001177192000 192233198032
002017108016 192216107000
002018215163 192178116128
002255254048 192233195133
003043000000 192208001008
003169088000 192197156000
001178007000 192193122000
002023160000 192228118000
002020070000 192197158178
001020119000 192197158180
004031213008 192228105000
001006138000 192231143000
004031214224 192178249080
002018096000 192240192000
001000198000 192189016000
005135059118 192225169000
002017109064 192124129000
001230198000 192190154000
002017110048 192178245208
004015020032 192178046148
004169000000 192233206228
005253137000 192206093000
005144181000 192178242000
001178202128 192230124000
001208148117 192189074000
003163233000 192229087128
005062061005 192132046000
001241252000 192178076036
001236220000 192212064000
002017108086 192233201026
001236224000 192178099078
001044097000 192107172000
004068071096 192112160188
002017110076 192178255090
002018215136 192228089000
002021231000 192222096000
004059178060 192230115128
004069064215 192166102000
005154178000 192195108000
005008068000 192178188000
001073248000 192227184000
001009071008 192237088000
001079176000 192178255182
005183211182 192178071090
001081000000 192178081162
001208112240 192178098096
002063151096 192233200192
002017111080 192241080000
004068070022 192178254187
004069137160 192178045134
003165043000 192178098000
001039184000 192178242181
002059219000 192146218000
001007025000 192193140000
004031103000 192235104000
004069227004 192176229000
002016130000 192195068169
002021028000 192230125000
001032000000 192178098102
003002062000 192185184000
001194176000 192236024000
002017108111 192240118000
004029000000 192178207000
001026000000 192238209144
001067192000 192240102128
008017066000 192185078000
001224128000 192233201024
002021160000 192234128000
004068062237 192233201076
003165032000 192178111030
002017110125 192195042000
001009071015 192178245132
001037072000 192230110000
005053003227 192166154000
002020014000 192178250214
002023098000 192229216000
002058232000 192193049000
002017110224 192105248000
001022148000 192178246122
004016053188 192229087129
002018064000 192178250078
004036129080 192193115128
001208168116 192244196000
001178032000 192156220000
002016246000 192201000000
001225128000 192178243072
003172018000 192195173000
001208146064 192178071152
001247128000 192178254006
001002016000 192231243000
003005224000 192233196044
002021175204 192228076000
001009241160 192189027000
001214076000 192111113000
002189184000 192178253152
002063238000 192227252000
002017203250 192225161000
001007148000 192238021000
002063168212 192189112000
002058098000 192184005000
002019060000 192231210000
004042035044 192233196184
002021114000 192218032000
005053006072 192178242034
005062058196 192233198056
004042072136 192077100000
002255254071 192238222000
004068074069 192198080000
001208113128 192227106000
003175064078 192197160000
002056215000 192207120000
001241002000 192236078000
002015196000 192178081022
001213113021 192240130000
003174061000 192209026224
001009241094 192177026000
002063156000 192232008000
002017218000 192178029070
001194024000 192240125128
003173186000 192233196096
001030000000 192075100000
004001116064 192241093000
002023200000 192188175000
001228192000 192195151000
001037069234 192147219000
001000017000 192234248000
002059112000 192238164000
002059228000 192189221000
001213112226 192207115000
002021175022 192178249254
004028139128 192209002000
001222000000 192233199192
002022116128 192230032000
004069239128 192178249032
002027251000 192188184000
003169064000 192197071000
001203115000 192178045140
002021175214 192178029076
001037016000 192178107004
002056245000 192186140000
001208146048 192224000000
002255253168 192237089000
001009240000 192178250114
002018212060 192178249168
004068075052 192234241000
004068014092 192178075208
001213108000 192178240016
005135026192 192233205160
001179222000 192203193000
005104016000 192091252000
002059056000 192188112000
002056118000 192233192120
005154131000 192231088000
002255254042 192221155000
001186093064 192196168000
001028140000 192207163000
001007001000 192233196088
005062061218 192206244000
001208112053 192230080000
005135197128 192178087176
001230202000 192232043000
005128000000 192178069156
001076000000 190098184000
001001012000 192237124000
004068111128 192197182000
003164032000 192234080000
001000020000 192178087220
001179220000 192197060000
001009071064 192151096000
004028139032 192229124000
001022003000 192231221000
002057059000 192233201116
001020068000 192232001000
001007161000 192209001000
001213151188 192234145000
003005056000 192199008000
001214096000 192152015000
001209093000 192231217000
001186128000 192121211000
004042075180 192243225000
002027246000 192241108000
002059188000 192190190000
004042032128 192178028108
004002133116 192241128000
001010160000 192207033000
002017109030 192228066000
004068015233 192233197224
002059077056 192184067000
002057056000 192178092064
002017109104 192178098120
005023009032 192234034000
002017110100 192178105010
009009009000 192232116000
001000200000 192178109236
004004210000 192233194192
002021080000 192207021000
001009241173 192193058000
002018212120 192231104000
004059177168 192178029147
004069217128 192203044000
002018077000 192233196016
001179112172 192195188000
002016174000 192233196038
002255253166 192206141000
002110064000 192189095000
001007232000 192234253000
002018215064 192210002000
001254230000 192163020000
002058214000 192178070020
005039017128 192156134000
005165128000 192238019000
005062061174 192178251252
001024236000 192197158064
001007202000 192241046000
001030112000 192233197192
001199252000 192188058000
002255254023 192233200160
005022209000 192211001000
002255252010 192236176029
002021096000 192206100000
002063172000 192235116000
005133010000 192188174034
002022116173 192237076000
002017021000 192197056000
001208112132 192197160009
005062060181 192240148000
002036000000 192153054000
001009241192 192178251080
001023254000 192109202000
004028136171 192238209008
003033054000 192178240056
002018212240 192083230000
004031208052 192178106104
001009241172 192178104172
001037069192 192175016000
001208112055 192197143000
002016162000 192197227000
002019007020 192178083033
001203124000 192178107048
002255224000 192178111051
002023132000 192243039000
001023007000 192206124000
001213096000 192150008000
002063234064 192178111034
001009071014 192233202106
001023061000 192071174000
005035160067 192199176000
004069231180 192210006000
002021048000 192178248098
002058196000 192178109072
002182128000 192203248000
001178206000 192231228000
004019075228 192178247142
002018177000 192231214000
001179113066 192178254142
002017048000 192230230000
001179113056 192206157000
001038176000 192238192000
002022116152 192131136000
001016000000 192235216000
003162024000 192206074000
002023177000 192178028236
001009128000 192243214000
001022202000 192188168000
004002016032 192178254132
005023011064 192178255238
004019016000 192147088000
001232184000 192193032000
001203092000 192178083064
004053224000 192233192249
001039073000 192232172000
004071224000 192193223000
001037096000 192178072032
013034128064 192197160098
003163160000 192195102000
004068063044 192193248000
002018212154 192188235000
002056169000 192233204048
004068071224 192233201172
001032192000 192219024000
005062060125 189001094000
002016040000 192176130000
005062044232 192210024000
002022036000 192227147000
005180140000 192241048000
005039037192 192195078000
004055140000 192178246168
001009250128 192178075040
001022078000 192188037000
004018040136 192195057000
002018204000 192208010000
004068039083 192178105206
001025128000 192237192000
002019181000 192178106250
008006160000 192178096040
001022164000 192140052000
002018172000 192233199210
005181189000 192146150000
003175160000 192188182000
001024032000 192207116000
005035160072 192189235000
001009251000 192178251248
002188229000 192178078045
001009244096 192197204000
002189026000 192219253000
001225091000 192240124000
004068037227 192227188000
001255080000 192231189000
001208114054 192210009000
001079016000 192178074034
002021127000 192233195160
002017039000 192240156128
001233000000 192178158160
003165188000 192178251184
002021175198 192221180000
004016053128 192178075082
002056103000 192208001018
002018078000 192178244112
001208114040 192231166000
001009241000 192147059000
002018031000 192233192214
002018212056 192230115237
002018213036 192178106232
002189056000 192233203000
005196180000 192178121085
001213112224 192189162000
003173173000 192178111220
002017109028 192185160000
001081080000 192226096000
001236216000 192101199000
001023172000 192195212000
002017110073 192185082000
001179113024 192178248018
003169036000 192067036000
002255251236 192197175000
005042209000 192218092000
004068070048 192178108204
001022020000 192203081000
001186093031 192187130000
005059120000 192178080218
001230104000 192207218000
005053000144 192198068000
005035160135 192233198000
002058097000 192233197216
003033056178 192178105120
005053180000 192189075000
001079192000 192198172000
004001112171 192233192216
001208148012 192193243032
002059078240 192205200000
002022220000 192233193040
004042073160 192134132000
003165045000 192188024000
001178198000 192178081192
002056116000 192178097070
002153000000 192188142000
001009241175 192075067000
002017109032 192226000000
002017111214 192178096208
002255253096 192080052000
001208106128 192216094000
001237000000 192197164000
002189032000 192223248000
001009241168 192223244000
005062060108 192234177000
004015021059 192241109000
001023071000 192197246000
001208145248 192178120211
005200030110 192178253140
001227198000 192229000000
004015021044 192178080208
002255254212 192126044000
001073080000 192071062000
002056243000 192231127000
005083140000 192178083096
002059108000 192230069000
001199000000 192178245032
004068062130 192234088044
002000000000 192178120249
004039102201 192176245000
001208169006 192234133000
002017203128 192190240000
002018000000 192178029022
004042000000 192178071088
004030192000 192222017000
002021175104 192135217000
001073078000 192233196102
001194192000 192243248000
002017109140 192241024000
005056020072 192178068000
002057036000 192152176000
002019007245 192178111001
001231020000 192231063000
002022116156 192195148000
002056139000 192238016000
001208112029 192178104250
001208178181 192244240000
001213150160 192178255228
002019005192 192178251179
003164205000 192223241000
003171195000 192223141000
001208148118 192189148000
004059234064 192178074168
001010008000 192099160000
002017109240 192209062192
001024000000 192178097064
001209082000 192206022000
004069207085 192094202000
002017111156 192229087002
001007246000 190215104000
003164156000 192178249198
001028128000 192160231000
004002133228 192197163000
002063168216 192178096083
001009244016 192159016000
004068062253 192178242164
001240016000 192178250150
001009071010 192189164000
002057172000 192233207034
002188248000 192154063000
002056158000 192190039000
004068062088 192193224000
001007143000 192178253088
005053126000 192178097060
002017251000 192178243102
004069170134 192237098000
001222224000 192208160000
002021007000 192178244210
001209200000 192178254226
001028016000 192187005000
001037027000 192178081136
002019005158 192243080000
001032212240 192193022000
001178082000 192241100000
001011128000 192188152000
001023124000 192243104000
004025024250 192178072164
002255182000 192178249216
001004002000 192188034240
005135059072 192238011000
002016248000 192233205156
004068070194 192178109212
004068038018 192231036006
002020248000 192178084048
003002084000 192219028000
001238022000 192218132000
001179112052 192231036016
001022004000 192233204102
005027000000 192178254214
002255252236 192178075084
003162241000 192178071180
005061216000 192178098012
001208148119 192229144000
001028041000 192241092000
001022240000 192178121068
001208112022 192190034000
001007240000 192231071000
001001128000 192147230000
001193188000 192209017000
002016163000 192178254028
004053211213 192210216000
001022050000 192234127000
001050000000 192178110200
005045180000 192207214000
005144178000 192178110004
004068127216 192231026000
002255254037 192234216000
002255254100 192178071114
002015128000 192176238000
002019007102 192228123000
005178044156 192190116000
004068072129 192155098000
005045062024 192178248188
005062044192 192209026000
003173252000 192188174032
002189244000 192176064000
002056149000 192178086080
003003003000 192244076000
001208112248 192178110188
003161018000 192178070086
004002133072 192186004000
004068127002 192178105246
001007136000 192166137000
001241064000 192178106248
004019072000 192195068250
001208147169 192231036224
001208147172 192234224000
002022016080 192237100000
005053002000 192243254000
002018214080 192221179000
003166200000 192233197088
002255249224 192207114000
001213113064 192160103000
002022018128 192223140000
004068072064 192188106000
002018092000 192178253116
003173208000 192237095000
001195128000 192231024000
003004012049 192232097000
001018128192 192229238000
004068063054 192230074000
003161118000 192076116000
003165091000 192178084004
001208160000 192178029048
003162148000 192178249172
002056192000 192243216000
001209208000 192165075000
004016048132 192151177000
001119128000 192178097126
001075192000 192178110212
001083000000 192178249181
003175026000 192241092016
001078120000 192245031000
002132000000 192233195238
004016051072 192233193086
003169094000 192163005080
002017121000 192238208002
001038232000 192230115219
003172104105 192178243095
005175172000 192238209132
003164253000 192146164000
003160160000 192189098000
002255254043 192233196039
001011040000 192218112000
002019051000 192188138000
002021175101 192190060000
001213150172 192214120000
001019000000 192231237000
004059176224 192240048000
001023056000 192178083104
001009241038 192197160097
002020224000 192223006000
001179217000 192178253194
002059109000 192197234000
004068063148 192103108000
002058212000 192208038000
002255253216 192230085000
002019007229 192208200000
003172027000 192178086048
005100128000 192178106240
004028143104 192178252240
001007096000 192190181000
001074000000 192197173000
005045060000 192216144000
001023076000 192178107181
001020000000 192175068000
001032234024 192243120000
002057152032 192231029000
001237248000 192245020000
004031214208 192186190128
003005076000 192197158000
002018214140 192236070000
003172096000 192166072000
001032206000 192136007000
002018212144 192178248174
005062061061 192036055000
001039208000 192178242250
002059032000 192238221000
001208148062 192206023000
002016132000 192178075170
005062060194 192241085000
001193212000 192219232000
003004012002 192188014000
003160100000 192170192000
004071153064 192111143000
001009244088 192234040000
004213248000 192206226000
005062060042 192070212000
001022035000 192178254112
005196097000 192240135000
005059216000 192206106000
002022236000 192178118192
004068062083 192188194000
001255064000 192178252208
001022212000 192210250000
002094182000 192166148000
001076088000 192178069166
001209000000 192237122000
002018188000 192233199176
002255249025 192229192000
001022210000 192187032000
002058060000 192178254250
004001180000 192178028097
001009244000 192234131000
002027032000 192229109000
002017206000 192218240000
004068072089 192178121072
005175190142 192178078144
002187128000 192178098016
001007003000 192166248128
001011016000 192178110114
001030064000 192223198000
002255253170 192233206164
003004015152 192178244078
002019007220 192232069000
002188032000 192233193248
004068073063 192232183000
003174236000 192194161000
002015194000 192107043000
001236000000 192234208000
004042033048 192178110053
004016052051 192026084000
004015016064 192092138000
005187111064 192178097238
001031224000 192219004000
002017109236 192178099065
003169032000 192206110000
001179228000 192206038000
003002033192 192178242104
002021175252 192148175000
001209160000 192177188000
003002034064 192188057000
002021168000 192178069188
004016000000 192163000000
004068062006 192195068184
005011013083 192243088000
001079006000 192234245000
002018062000 192178107040
002018086000 192236006000
002058112000 192081171000
002187248000 192178108096
002019007235 192190153000
001076064000 192178254049
003003008000 192203150000
002021175072 192223199000
001208171000 192206163000
002022116132 192197151000
005172177224 192233201115
002059224000 192233195128
001032248000 192233192212
004030160000 192178250136
004015020228 192207165000
002057022000 192193079000
001203096000 192178255240
001179113049 192189005000
002058048176 192240157128
001032128000 192178255018
003002032000 192237118000
004031215234 192226048000
003170236000 192187012000
002022156000 192207031000
002022176000 192205128000
004031212032 192236005000
002018213168 192196208000
002021175083 192243089000
001007204000 192084221000
001032212000 192207076000
002058048253 192178098144
004068070009 192195068178
002016022000 192178247120
001213150192 192236168000
004069215208 192178247114
005011013128 192233205057
001012040000 192236176064
002022116155 192223171000
001208116000 192198160000
004016053084 192178111240
003033058000 192178045158
005157248000 192198122000
003163235000 192162028000
003167232000 192160078000
002017111074 192207196000
001178198064 192223038000
002056165000 192207143000
001008001000 192231083000
002019005000 192178082114
001002006000 192178070118
001208000000 190114167000
002255249035 192214160000
005062058242 192209026014
003143020109 192209026002
001194096000 192197160021
001037088000 192244202000
001012016000 192178245192
001178174000 192210222000
001208179168 192178070232
001178204000 192236234000
001018064000 192178105252
001038224000 192234229000
002018214084 192225000000
004069231028 192189088000
003166008000 192190077000
004068063150 192240116000
002021228000 192223010000
004068072104 192184008064
002058192000 192178244236
002022022000 192199040000
004001112100 192178252032
001208147192 192036139000
004031214176 192241016000
002255251020 192139141000
002255248030 192178108080
002016014000 192193052000
003164076000 192193222000
001032234016 192203232000
002255252232 192234044000
002056152000 192218096000
005062063212 192229248000
003161240000 192197089000
002019004108 192178107032
001022184000 192178249068
002016002000 192206252000
002108000000 192178251062
001023204000 192244204000
002017193000 192240153000
001235140000 192189232000
002018020000 191101063000
002255251242 192178254216
002021014000 190111108000
001009064000 192178255108
004068062161 192094221000
001037076000 192231215000
002056251000 192209062234
001039008000 192057032000
003174184000 192203200000
004026192000 192165092000
003162091000 192137208000
001118004000 191156018000
001037024000 192178105244
003175152000 192184010000
001071168000 192208001032
002017109000 192100160000
002023005000 192232016000
001235000000 192178120218
001002003000 192203038000
003033064000 192207019000
004016053174 192212016000
001208147190 192197191000
001018123000 192208001072
003170223000 192229211000
001018129000 192234226000
002017109252 192178241154
002057112000 192231168000
002017038000 192178254106
002255183064 192219088000
002023226000 192178244076
004015021036 192232098000
002020030000 192233193240
001007203000 192178111090
001238010000 192178085164
005001096000 192203241000
002188077000 192227004000
001022052000 192178086017
002016093000 192172192000
002019006221 192149088000
001073000000 192232012000
002027235000 192178107120
004069202128 192190019000
001071016000 192228084000
001028048000 192223196000
004068037228 192178085066
002022048000 192178255092
005053007008 192178249096
001177160000 192240184000
001073249000 192189150000
002057001000 192188036000
001009244048 192233199212
003166205000 192230117000
003163044000 192229136000
002017111072 192233206226
001032234056 192203190000
001039182000 192170158000
002021175171 192231086000
005181004000 192053064000
002255249005 192178045014
001023024000 192231196000
002017107000 192204016000
001078064000 192094228000
001009245000 192233202224
003162032000 192178255188
001224000000 192178242162
005053000160 192230115208
004068075072 192178073252
004068039075 192231072000
003165248000 192240107200
001179014000 192131000000
001213113128 192236028000
004069136000 192163168000
002017106000 192067212000
002018212051 192178086238
004069218129 192225048000
004059178048 192121099000
002255249029 192178082148
002017108121 192178086137
001032208000 192150148000
001118048000 192233194016
002057042000 192238208032
001031040000 192193198000
005062060084 192178111036
001237002000 192177088000
001007208000 192207065000
001209096000 192160139000
004014157128 192243095000
002017109040 192227096000
004068036200 192124196000
004068111080 192233205076
001231208000 192166114000
001009243128 192203243000
005044184000 192178122038
005062118000 192178029086
002255251252 192178085046
002021175050 192178158032
001037072128 192235120000
002021117000 192103086000
002020069000 192178070048
001010135000 192206004000
002020124000 192237077000
001208114224 192144112000
002016016000 192208114000
003167216000 192206160000
002018224000 192233194115
002023227000 192178252008
002255252056 192228092000
001037030000 192232010000
005148192000 192203205000
002017203192 192190234000
001228254000 192188028000
001179226000 192178106092
002016199000 192163005240
001012000000 192064012000
002182240000 192206065000
001244114000 192195048000
001007109000 192195252000
002255183096 192206029000
001038128000 192236147000
002255250212 192203145000
003033055192 192108093000
001208168229 192233203176
001178198048 192203196000
004015156044 192228107000
002058248000 192209062000
002058048119 192178028092
003175200000 192193135064
002059136000 192203151000
004068063218 192178249006
002018054000 192243226000
002018215140 192223120000
002063192000 192074064000
001014000000 192207022000
001179113000 192226076000
004036040130 192193114000
003174170000 192149106000
001079160000 192200005000
002023086000 192232180000
001022069000 192231142000
001018192000 192204112000
005056037000 192225144000
002187000000 192223190000
002019183000 192236067000
001178198208 192230115232
001022072000 192234055000
002019006064 192240047000
002056170000 192227202000
001066068000 192208029000
002019006016 192178248064
002182255000 192178084020
001208178000 192219236000
002019006144 192233194030
003175064072 192178045060
001038211000 192178108185
002027050000 192204128000
005062085168 192232160000
005199005000 192178111238
001028044000 192152028000
002017254000 192233204096
003164153000 192244072000
002056063000 192233202096
004068039240 192230104000
003005168000 192195028000
001032221000 192223118000
005196100056 192178029088
005035160039 192178068052
002022116162 192190044000
004068037164 192178247044
002002000000 192240105120
003175016000 192129030000
001028228000 192161053000
001208148014 192139228000
002021175032 192178240239
001022145000 192178249252
002019007103 192233201192
002255249118 192241092128
004028136128 192206232000
003168192000 192178245104
001248218000 192055205000
001031128000 192178096078
002017024000 192204150000
004031208058 192244192000
002016042000 192178111092
002094024000 192209026128
001237144000 192193155000
005010218192 192227203000
004068110024 192172255000
002188232000 192135092000
003175070128 192157163000
001031196000 192227196000
002023192000 192190033000
002255250016 192240224000
002018212209 192231091000
002018213209 192178106154
002017110088 192178108048
004068028000 192209004000
005053007215 192245015000
002019083000 192233202201
002056144000 192178121038
004068038086 192193080000
001224168000 192178249056
001037040000 192228120000
001039221000 192160018000
002017110064 192233193037
001198000000 192205224000
003169008000 192178252225
002017108028 192178244211
001076076000 192186141130
004042036000 192228096000
002058048148 192227148000
002255252238 192178199000
005132248000 192170100000
001074076076 192233196041
002255251253 192178242228
003175000000 192066056000
001213153064 192211010000
001032241000 192190061000
005035160064 192193135000
002094180000 192178111032
001238026000 192195103000
001186096000 192234020000
004016054226 190014100000
002017120128 192231038000
001237183000 192178245252
001178199013 192178086186
001208106160 192178121164
001022141000 192178110150
003168189000 192178109126
002019007084 192178097068
001080000000 192228072000
004015020128 192229087132
002019006236 192075206000
001023193000 192188143000
001178021000 192233192208
004069227116 192233199214
001022070000 192234050000
001023030000 192178045062
002016063000 192166081000
001067236000 192231035000
001208114038 192203098000
003173036000 192240125120
003164190000 192231048000
001232000000 192225160000
001229203000 192233194000
003168252000 192178250236
004030176120 192188067000
001007082000 192206119000
001023062000 192040239148
002094204000 192178244122
005053003025 192210008000
002016220000 192225100000
002021175103 192241040000
001038210000 192132108000
001018125000 192172244000
001023196000 192232164000
004068071135 192175050000
002027052000 192231074000
001022237000 192234182000
001034000000 192233192064
001007168128 192178252190
001037070000 192193116192
002019096000 192200188000
001208114248 192178250040
002056242000 192208001017
004068127036 192197160044
001009244064 192178105068
003163251000 192240134000
003164187000 192188232000
002017035000 192240102064
002018215104 192178244214
001178198032 192211036000
002255254031 192232080000
004068072212 192233205144
002022062000 192237092000
004068062115 192233195116
003165058000 192216224000
003166024000 192233195239
004016051107 192178243236
001229192000 192188062000
001018144000 192178121083
002017164000 192188124000
002189096000 192178106130
002018018000 192218004000
004068037037 192073048000
002255249193 192170104000
004068075096 192207252000
001074224000 192178104060
001076232000 192197160014
003166060000 192178252064
002017110184 192193186000
002027082000 192178248242
004053240000 192238209004
001232128000 192233196036
001010000000 192225192000
002255248028 192129015000
004042033116 192197160073
002058102000 192193104000
003163239128 192236026000
002059158000 192178248224
004068037225 192223164000
001235096000 192223054000
002057225020 192178240252
002057215000 192178075059
005154156064 192198148008
002018044000 192178109192
002016052000 192193025000
003002040128 192230127000
004016049128 192178254124
001031032000 192232112000
004018042000 192178253192
001229200000 192147002000
003164088000 192170080000
001020124000 192189080000
004068037173 192208216000
001245052000 192164036000
005008059000 192229087130
003033051000 192188255000
002017120096 192245024000
005039013044 192209026074
003164254000 192178249058
001076008000 192203008000
004002016065 192178254016
001208106170 192195032000
001237175000 192153007000
001037072148 192228108000
002057222000 192178120216
002020187000 192178096176
002018191000 192178109108
002018205000 192198024000
004079106000 192124188000
004068062009 192236176024
004059213139 192230111000
002255251216 192240105112
002255249114 192233205060
002016148000 192222064000
001208178180 192178075068
001032213000 192230126000
001071120000 192208120000
001208150000 192133098000
004068038112 192188244000
002027115000 192189222000
001179088000 192218066000
001224182000 192145120000
004068062113 192233199020
002016100000 192134136000
003165192000 192233202064
004068068047 192178195000
001020126000 192178250164
001210000000 192138000000
001178199014 192178121008
001230204000 192141124000
005062042052 192189085000
005053003198 192235220000
002022116154 192240107192
003172097000 192203133000
002018167000 192231126000
002019007240 192178244240
004053211211 192207216000
004028139000 192178074176
005175190118 192151223000
001025040000 192206123000
002057242000 192186190000
002021175066 192208001000
001009241088 192223179000
002058048072 192240199000
002063169000 192216096000
002018213176 192178028065
001067000000 192178108014
002017111204 192240204000
002056132000 192195068179
001025016000 192178160000
003033056176 192233199000
001030176000 192197160036
005104136000 192074000000
001048000000 192217000000
002018212076 192237108000
002094208000 192156196000
002021175209 192231042000
003004012040 192178248119
001208169008 192240189000
001236062000 192151198000
002188178000 192189081000
001002005000 192178240248
008029231080 192236238000
002016024000 192141080000
001007056000 192231203000
003174141000 192238171000
001178192192 192157005000
005180226000 192178248000
003163239136 192186141134
003163246000 192234173000
001233002000 192188012000
002018213064 192227001000
003174074000 192203154000
004015021154 192178240240
005003063000 192198151000
001001096000 192169224000
005118000000 192178251054
001023029000 192206132000
002057040000 192240107128
002017004000 192232176000
001066094000 192235110000
001179112032 192178243204
002027119000 192240196000
002021001000 192178250174
002017111096 192178097106
001209083000 192178087144
001254000000 192178098118
001178198241 192209026064
001178084000 192178247242
001065000000 192178253048
001213104029 192229188000
005056018170 192197160041
004015018088 192227240000
002057154032 192231098000
004068063086 192178028240
001007140000 192178244136
003174090000 192178084142
002018212153 192178106118
002022051000 192171020000
004068062016 192188188000
004068037251 192208202000
003002036000 192138064000
004033207000 192195242000
002059096000 192231136000
001213150176 192188183000
002019212000 192178255096
002018215156 192175167000
001239032000 192178095064
004068063203 192175144000
002017108238 192178098228
002255253045 192178086060
002018214048 192165117000
003168190000 192234144000
001193144000 192210255000
001179113032 192219008000
002021175056 192101069000
001007181000 192030203000
003163253000 192233196084
001030188000 192135232000
002021056000 192190110000
002017109245 192178073052
004068075242 192240158096
003002066000 192233206168
004068127198 192132230000
002019007217 192234136000
001032250000 192233199016
002027084000 192133002000
001203088000 192178106160
001018130000 192138161000
003161056000 192206219000
005134121000 192178247118
002057019000 192226054000
001032234032 192076194000
004031213184 192148196000
008002116000 192166083000
004068075113 192206228000
001038240000 192197245000
001193000000 192178106252
004069238196 192161130000
003175094000 192190107000
002017111160 192178241004
005181021000 192207017000
008008005000 192206181000
003170229000 192043247000
003172120000 192188087000
002057032000 192178246172
001000000000 192228032000
001213115160 192166088000
002021175156 192178105086
001012034000 192178080060
001022206000 192245004000
005154104000 192147241000
002016017000 192233204100
003172008000 192178111048
001179212000 192178250064
001235112000 192188099000
003168174000 192197228000
005226144137 192221145000
001245056000 192231062000
001028232000 192223050000
001186064000 192230084000
005045244000 192178250068
005062060112 192175082000
002058022000 192241088000
001242008000 192195040000
001178199032 192208208000
002021240000 192178254222
001208106000 192178107180
005011058210 192178086168
001240008000 192233201112
005164192000 192234227000
001193189000 192207020000
001193192000 192231213000
001001001000 192178096224
001007163000 192178105166
002057225096 192207030000
005062060214 192178069022
004069211056 192233193068
001009241232 192133036000
001179168000 192198112000
001208147220 192036140000
002255252060 192124229000
002019248000 192073053000
001179215000 192210011000
001007060000 192208001002
004039128000 192177037000
005011013115 192243076000
001118032000 192133028000
002255255248 192230115212
001233064000 192109214000
002057198000 192233204032
002059002000 192178108238
001209084000 192234175000
001074077000 192198168000
004053244012 192229004000
002018212096 192238209001
001208147184 192245030000
002255254144 192216112000
002255254027 192222009000
002023166000 192178244184
001227208000 192234118000
003169051000 192175234000
001009241037 192243252000
003172113000 192197158031
001249104000 192195106000
002022116167 192233197086
004020000000 192233193032
004001082008 192137032000
003002081000 192178243000
001010032000 192231162000
001208148013 192160206000
001195200000 192244252000
002019007040 192178251032
001007024000 192178248116
002058233000 192241092032
005062047149 192176132000
004038229226 192178252224
001001009000 192178250168
003163208000 192178254143
004033131000 192231006000
002023174000 192178110218
001208148221 192158232000
002016035128 192178075160
001009071016 192233196077
001208170096 192178241184
002057225032 192178121114
005104040000 192178068143
001235102000 192206140000
001179024000 192178248206
002019174000 192236252000
004069247240 192206112000
002056177000 192175213000
005062048228 192218000000
001037035000 192195029000
001020064000 192221184000
005062042008 192233195112
001229224000 192245016000
002255249076 192234068000
001023186000 192231220000
004068071195 192077108000
001208179093 192200162000
002018214248 192227200000
004068111212 192229082000
001230106000 192219216000
001018128252 192230115192
001235128000 192195075000
001023006000 192233196104
003002046000 192178108216
001208147208 192231081000
002057241000 192178246162
001112000000 192188253000
001194212000 190143012000
002058048181 192185129000
004068127238 192178104016
004016055104 192197132000
004059064000 192223044000
002063200000 192218012000
002059076008 192147042000
002018117000 192240160000
002059004000 192203164000
004069223246 192190032000
002018214124 192195077000
001255122000 192195068252
001024216000 192178253234
002255253240 192233196072
001066032000 192198004000
003174190000 192174096000
001241249000 192178246200
003175040000 192236076000
002063168204 192233192124
001038214000 192065150000
004031213188 192244248000
002018215120 192165027000
001007172000 192193214000
002018215192 192195171000
001073224000 192209060000
005135051128 192203210000
004004196000 192207197000
004068037104 192178244110
005039036128 192231132000
001018128072 192225164000
001213112192 192178250024
002020031000 192189224000
004071176000 192207055000
001199128000 192231240000
004069203130 192054000000
001031000000 192178069000
005175190096 192234203000
003175142000 192197186000
002022116171 192233193168
002017109148 192190176000
001018128032 192197247000
001007192000 192237081000
001183192000 192195222000
004069140160 192219076000
001022232000 192142033000
001178160000 192233204000
001253000000 192178244118
004028139220 192234122000
005035168128 192243108000
002017122000 192075017000
003169092000 192234232000
003167192000 192197120000
002017250000 192124144000
001037034186 192104175000
002058048154 192222101000
001084000000 192178070068
003045000000 192178227000
002017110102 192229020000
003005204000 192165026000
001009241096 192203184000
003172034000 192234163000
002018214116 192178109124
002255254076 192178248026
004068039128 192173092064
001023255000 192241060000
002022232000 192161000000
003165222000 192234005000
001030096000 192190242000
005023029000 192178243030
001032234064 192178253134
002019241000 192209128000
003143022000 192187096000
001178023000 192139217000
002021239000 192196064000
001177216000 192178073064
004069231252 192190134000
001224036000 192187204000
005160148000 192178081240
004069215055 192234016000
003173242000 192178108034
001238032000 192118027000
004068068059 192214112000
005023009016 192178028085
004069218132 192235111000
005062063008 192178242196
004068072214 192165171000
001039168000 192178085156
003002042192 192236077000
001044128000 192234120000
004001117041 192195253000
002017034000 192077044000
002021175064 192233202226
002017109048 192244022000
001028152000 192212128000
002057192000 192178099232
004042072132 192178087230
004042035210 192233200144
001004000000 192188251000
005062016128 192186041000
002255250216 192234179000
002023100000 192178248176
003169104000 192178096136
001008000000 192166202000
001031048000 192178243244
004053211212 192178139000
002094004000 192241092008
002059182000 192178024128
002020132000 192178109220
004016052224 192230108000
002017108240 192178028158
001213104028 192208056000
002021175232 192178084255
002037110000 192223031000
002021175212 192193123000
001023168000 192229187000
004068074200 192058112000
005180042064 192245018000
001008128000 192215208000
002058050000 192194164000
001078112000 192232163000
002027096000 192198169000
005196124000 192235048000
003166096000 192229086000
004068073099 192228070000
002018213053 192162092000
002188096000 192178084140
001073240000 192178081048
004014160000 192187014000
002018215248 192233199160
002018108000 192178241190
001023221000 192178098240
001208192000 192193160128
001078096000 192195076000
003164237000 192238010000
002021175216 192206060000
002017110200 192178249255
002021175176 192207034000
002027176000 192178070152
002255254232 192240112000
002017109204 192178078100
002056254000 192145081000
003172020000 192210251000
001179113016 192238161000
001074196000 192233193048
004068071009 192178029008
004068127023 192178120194
001244116000 192229022000
001213115204 192178240250
001209224000 192178074235
004068037122 192207159000
001187192000 192236250000
002016089000 192178105126
002057225022 192208001068
001248072000 192178240004
004069231168 192178085224
001208172152 192231015000
004068111138 192178110168
001032204000 192036042000
004028139080 192197160100
004068063075 192234172000
002058048118 192233197144
002016203000 192237032000
002021002000 192229111002
001208113037 192178241020
003002097000 192178247196
004068037080 192206103000
002018214078 192234186000
002255253032 192088031000
004068111159 192222029000
002017211000 192227156000
001039076000 192178242224
002018215103 192219231000
001226000000 192234051000
001070000000 192229104000
004008020149 192208001020
002017108120 192231036032
002016025000 192165051000
004036040098 192178245078
003160032000 192190008000
001022140000 192178078056
002019251000 192227160000
004068039068 192236096000
002255251184 192178106158
001071144000 192240107224
003169004000 192212032000
004016054182 192178251164
003168216000 192178105248
001208112253 192233204101
001018122000 192208030000
002017111219 192241092064
004069208000 192178250224
001213115146 192208001240
002020000000 192178107182
001022225000 192151236000
004031224000 192219002000
004068068110 192193116160
001208168240 192178105152
003174089000 192233198140
001178205096 192233202227
002059116000 192148094000
004028136172 192178254052
001023080000 192231073000
005196109032 192178244008
003005236000 192190201000
002020004000 192190225000
002057091000 192178242088
001201032000 192233195132
002016045000 192171092000
004068037116 192234054000
002017210000 192178246046
005035160136 192178158189
002019006136 192178252211
002017111213 192152044000
001028144000 192178029031
001208147216 192178068186
001248080000 192178044088
002059013000 192241121000
005083044000 192203178000
002056126000 192016154000
001074192000 192231028000
004228000000 192243036000
002056122000 192178253132
005062042042 192240108000
001066020000 192129031000
001179162000 192178253128
001032202000 192216082000
001023240000 192233202109
002038000000 192178111188
001001002000 192178074224
005053003023 190248088000
002188076000 192233197064
003163060000 192200191000
002016137000 192236176032
003161071000 192178240052
001020118000 192235221000
001006160000 192178251198
006070000000 192197150000
004069218133 192226077000
001009244128 192231245000
002027048000 192193185000
002019007022 192207244000
005231228000 192237114000
002057155008 192230078000
003165124000 192243024000
003173243000 192233201114
003166026000 192178078092
005011010128 192178096152
004068062202 192178086178
002058045000 192118004000
004001115000 192236156000
002255249125 192203128000
002019004104 192234171000
003160176000 192233196048
002019007179 192190100000
001023132000 192236126000
001193220000 192132232000
005011096000 192245028000
002019005130 192207102000
003164160000 192221144000
001007104000 192175084000
003166237000 192127000000
005154154076 192166074000
001032235000 192178096164
004068062206 192178070242
002063157000 192206170000
001186000000 192207236000
002022060000 192131100000
001078127000 192186128000
004059176016 192237000000
002063151034 192241012000
001010012000 192178248128
004001112024 192231130000
001037072144 192178068056
004028143112 192197090000
001213113032 192178085144
005057022000 192189068000
002056204000 192178121084
002056111000 192177064000
004003000000 192178249157
002189160000 192195221000
004053211216 192189023000
002021175202 192229087003
004068038038 192197160033
002018212048 192237082000
002255254112 192178250159
001179112224 192207050000
003173170000 192228106000
002255249019 192178240142
001179112051 192178110070
002019006158 192178098200
001178203032 192234043000
002255249183 192154251000
002022116172 192225060000
003166220000 192195153000
002021175068 192211041000
002021008000 192233194028
002017111112 192178082069
001241248000 192178029165
001023192000 192178249127
013106238120 192096242000
002255254104 192173004000
002021175208 192112082000
001238002000 192178253004
003175201000 192208016000
002076000000 192208001001
002017108243 192236176028
002016224000 192178104034
003033056192 192186141174
001183208000 192216200000
002255160000 192210224000
002021175244 192169208000
004002133032 192233206238
004068110020 192178110000
004068072027 192183184000
001028184000 192197157000
005045062028 192178246116
001208112096 192178252016
002058068000 192178070177
001037027036 192234048000
003175093000 192093036000
003170242000 192178121030
001255224000 192243228000
002016049000 192233201170
001009000000 192178069220
002255253118 192178104026
001232224000 192178251204
002255254008 192190187000
001007152000 192206184000
001037073000 192231208000
001209032000 192177139000
001178184000 192178132000
001203116000 192237024000
004016055016 192233192248
004069137030 192233199186
002017195000 192208191000
008017036000 192223188000
002255251064 192233193036
002017110012 192178248050
001009243036 192019243000
001012064000 192178249123
005011013066 192206128000
001208115224 192206144000
002189176000 192234220000
002018030000 192186141172
001006231000 192233202128
004042074176 192176001000
003169015000 192229085000
001038184000 192178246170
004033128000 192230118000
001179113072 192178242080
001012032000 192094077000
004248000000 192214224000
002017112000 192197087000
001179048000 192178106044
005042198000 192233197059
005022202000 192209018000
002017111208 192190066000
004068070223 192178246161
001023152000 192178028168
002017014000 192206213000
001208147221 192148186000
001082128000 192219096000
001118008000 192236192000
002020247000 192223026000
002057150000 192178246036
004042074196 192233197099
004070000000 192178107150
001179112168 192237111000
001237184000 192178099106
002179169000 192178245022
003161030000 192237028000
001179232000 192197124000
001008009000 192236120000
001208113040 192223104000
003165253000 192230097000
002021175148 192101143000
001178002000 192178241026
002255254120 192178104168
001241228000 192238048000
004068075239 192188123000
005023034000 192210252000
002056048000 192178221000
002023148000 192197082000
002056125000 192241092002
002018209000 192233205039
002058048251 192152116000
001178027000 192233193252
001039080000 192178099020
001020125000 192219092000
001028148000 192195054000
004068063220 192103180000
001208112252 192237106000
001208145000 192138185000
001213128000 192084253000
004068063156 192178249104
002255000000 192178244156
004068072079 192206030000
002255251036 192178086084
003165014000 192241081000
003174128000 192238022000
002059062000 192193113000
001214092000 192178248152
001240001000 192234202000
001028112000 192240107208
001199240000 192231036004
001037064000 192233196076
002058085000 192178250240
002016186000 192236008000
005176000000 192139018000
001071176000 192234212000
001237168000 192165054000
001037029072 192178069228
001023113000 192240102032
002022008000 192245002000
002027112000 192236147064
002057200000 192178250215
001208114044 192178248102
002019004101 192178243106
001073246000 192219017000
002017108080 192197148000
001213115192 192216122000
001225090000 192178240120
002057020000 192165169000
001178196000 192233198182
002021175250 192206174000
001076148000 192234142000
004040000000 192233198020
002020012000 192178245120
001213115144 192223172000
001208179173 192178244025
001037034000 192187006000
001038168000 192178245130
005059222000 192173090000
001208172144 192175255000
002021175164 192234211000
005053006096 192244024000
005011032000 192185076000
004068033215 192178098036
001236048000 192188015000
004015021138 192178087156
001021096000 192129048000
001208147188 192236009000
001009241174 192211047000
001007169000 192233204064
002255251000 192178249160
002189088000 192178085030
003175192000 192178072182
002059040000 192227176000
002017203249 192099146107
001178198160 192243090000
001179113068 192237099128
002016035249 192207180000
001006192000 192225208000
002017255000 192244228000
002017109248 192160027000
001076016000 192178193000
002058072000 192231037000
001213000000 192178105032
001208106168 192124115000
001018127000 192178099208
001023112000 192135110000
002021175194 192233204040
001193224000 192178242024
001032234050 192178216000
003171212000 192219116000
001009250064 192245000000
001022048000 192207253000
005042211173 192178022000
001074080000 192178254018
004068075055 192135193000
001208145128 192177144000
004031208050 192238208132
001007168173 192178253236
003165186000 192231044000
002027232000 192178111216
001178090000 192245025000
004068127020 192188072000
005183168000 192178097110
001068000000 192171104000
004068062052 192109144000
004015022000 192230240000
002021175057 192237072000
003004012018 192230113000
001079002000 192228126000
005057210000 192178244028
001233003000 192233204112
002019224000 192103189000
004068073132 192173089000
001201008000 192154196252
002022092000 192207012000
002023012000 192177101000
002023178000 192234058000
002057155000 192178247066
002018214102 192210246000
002017109234 192233206232
003160056000 192151179000
002019007244 192076092000
004069215046 192244244000
004001064000 192207254000
002056024000 192178247080
001021144000 192231192000
002057061000 192236160000
004033139056 192178241084
002017201000 192237116000
002189086000 192190062000
004033139032 192178240226
001002008000 192243230000
001178202032 192178143000
001009241093 192189024000
002019004072 192206008000
002018252000 192092094000
005053005000 192178246236
004068070144 192178075054
001208106172 192209026254
003164060000 192238208001
001066080000 192232184000
005046000000 192229232000
002022116170 192231005000
001033000000 192178072180
001084128000 192178254252
001039152000 192178083224
001179113096 192188034238
001079066000 192153188000
002188239000 192223004000
001082000000 192178107160
005003240000 192208001134
005175140000 192178107178
001023216000 192203230000
001009243035 192207062000
001009248000 192237094032
005062042112 192178074038
001118128000 192193230000
003169002000 192240128000
001013000000 192178121118
001248216000 192213000000
003033128000 192237094160
004033136000 192206109000
001018116000 192178250056
004068033216 192190226000
002180128000 192178083076
001030160000 192244000000
005083112000 192240126000
001222208000 192231043000
005042124000 192215204000
003172064096 192178046160
001023205000 192203127000
002018025000 192203219000
003173016000 192193013000
001022160000 192238209130
008022178000 192186190064
002021175200 192231023000
001213113016 192195224000
002017111205 192178109068
002027216000 192207002000
001075008000 192206027000
002022112000 192178245194
002027160000 192241102000
004069170224 192178109012
002255248064 192178254084
004016054192 192225154000
001178006000 192193068000
001022211000 192195068162
002020243000 192240102000
002056092000 192231004000
001243000000 192148100000
002017110096 192233201169
005056019038 192230089000
002021070000 192178071190
002017108076 192243032000
002182168000 192177108000
001037027038 192243034000
001030092000 192203138000
005010138096 192178111148
003162002000 192208096000
001178004000 192152142000
003163002000 192208001148
003004012034 192197216000
003160068000 192232104000
004068073142 192231060000
002017110072 192216088000
002017249000 192243255000
004068038040 192165028000
012149224000 192231107000
002058048160 192122213000
002057148000 192231218000
003174094000 192203197000
002187253000 192236176000
001002000000 192193000000
003002035000 192206196000
001094000000 192178080200
001224180000 192234215000
002022000000 192240046000
002188128000 192178086174
001186092000 192231219000
001178198248 192145228000
002027093000 192193024000
002059077160 192223056000
002017111200 192193092000
003174110000 192188051000
005022209236 192238209128
004068111158 192178243020
004068062008 192243084000
002017110112 192178243250
001179112000 192149254000
004053210232 192178083116
002017110160 192235064000
005056017056 192178098234
002017109199 192178099156
005004000000 192197210000
003172021000 192178086224
002078040000 192195118000
005102176000 192230090000
005034128000 192229112000
002018105000 192232120000
006047112000 192206205000
005144145000 192238168000
004016049204 192178252232
001081008000 192178252215
002058048080 192230228000
002152066000 192178028232
004016051068 192138234000
002019007250 192178249128
004068033236 192154196004
002059162000 192231216000
002057225128 192160104000
002056114000 192198204000
001039220000 192107096000
001039224000 192236147016
004033139048 192162218000
001002064000 192221147000
004042075060 192178082026
003166232000 192178244018
002255249146 192223011000
005056020080 192178029009
001118040000 192135181000
003005124000 192207122000
001020128000 192178240152
003174224000 192242000000
002018068000 192190174000
001213112240 192075066000
003002043064 192223147000
002063168200 192178044144
002018214111 192236064000
005039237000 192203213000
002016167000 192206090000
002018215048 192189054000
002022228000 192207043000
002018214054 192231161000
003174105000 192227016000
003172104068 192218141000
001024224000 192207108000
003002088000 192232182000
003002045000 192178111014
002018214208 192170020000
003172104106 192235222000
001233224000 192178243052
005104042208 192231235000
002255249145 192196008000
002058048096 192178107128
001240128000 192232099000
001081094000 192238208192
001203064000 192178087210
002016084000 192232094000
002059077136 192056115000
001193176000 192122064000
001064000000 192070131048
005102078000 192205036000
002019007180 192154248000
002255249048 192178245236
005172182000 192178246184
001079080000 192178245172
002255253120 192178116064
001007168176 192231025000
003163128000 192178111010
004069215095 192178121204
001076128000 192197113000
002018212088 192183192000
002008000000 192188131000
002021175096 192196140000
001249112000 192232072000
005153181000 192101006000
002023154000 192211004000
002255250192 192178246022
005003023000 192178254115
002018206000 192046204000
002056202000 192216160000
002019005162 192107105000
001239004000 192205028000
003175154000 192189247000
002018165000 192203096000
005133068000 192178073020
002059183000 192209062224
002018029000 192236208000
002090128000 192228003000
004069220034 192233205152
001018128000 192178249043
003171180000 192231140000
002058108000 192178097062
004069240064 192223128000
001193148000 192178069246
001208114000 192223192000
012227056000 192209020000
003002034000 192234150000
001074128000 192175040000
004213224000 192178087248
001177000000 192237119000
002022248000 192185012000
002021175017 192209026073
001213153110 192178071092
002022231000 192193189000
001209188000 190086057000
001076160000 192178246060
001025144000 192084052000
001037048000 192178244100
002188182000 192138002000
004001116000 192157186000
001208112081 192178106222
001208112064 192240156080
002058056000 192178109204
002064000000 192233198168
002027118000 192178111044
001208169000 192176108000
004033144000 192197158192
002057048000 192233195224
001032246000 192178108224
002021123000 192206148000
006001000000 192193020000
002019007188 192178081008
001178096000 192203048000
005039040000 192177150000
001214128000 192234008000
004068070193 192231114000
006048016000 192228004000
002058048057 192178080248
004068059154 192216093000
003163062000 192241076000
002059024000 192227189000
002057124000 192233201136
002021175143 192244128000
003172004000 192206018000
001208179192 192135200000
002021175195 192178120096
001213116000 192207183000
004068038240 192234088032
004068071050 192240157000
001002004000 192178029236
001024192000 192209016000
004068033212 192178253058
002181188000 192178085248
001007142000 192187224000
002021175224 192197160060
002056172000 192230224000
004002016192 192178082066
001032234000 192206041000
005183018000 192200136000
003164184000 192178083214
001022008000 192138102000
001212000000 192161032000
002018028000 192206176000
001178203014 192204080000
002019082000 192218067000
002019012000 192234096000
002056131000 192178158196
004001114008 192178122040
004016048032 192109173000
002019004079 192238032000
005062059020 192102199000
002058105000 192219254000
001009243000 192244144000
001081092000 192195088000
002255252023 192206105000
001009244090 192178106144
001208178016 192157154000
002018214192 192178240202
003175076000 192178247136
004069184000 192234180000
001071103000 192173087000
002022063000 192149219000
002057080000 192197160042
001009241224 192222030000
001255096000 192193158000
003143020064 192234041000
005045062104 192189181000
002020096000 192195039000
001179117000 192233207140
001247016000 192188010000
003162028000 192234000000
008021160000 192178252184
002019005128 192178248080
001076152000 192091151000
002255249087 192237097000
001179112160 192074213000
002022016072 192234167000
002017110080 192137235000
003002103000 192240106000
004068070086 192240137000
002017120048 192238209160
001255000000 192205195000
002016141000 192195041000
001030104000 192178247029
004069215056 192204104000
002020139000 192178245052
001032234051 192178105150
001208146056 192231084000
001007048000 192193172000
001022236000 192236032000
001011032000 192189118000
001032239000 192235128000
002037104000 192178069055
005053003080 192178028084
008015006000 192149014000
002017109222 192077007000
004068062103 192240150000
005180147016 192178158176
002018036000 192203181000
008042120246 192188156000
001022152000 192100171000
005187108000 192208224000
002021175149 192196188000
001066088000 192206126000
002058048166 192225026000
001004128000 192193146000
001178048000 192240105096
001208112154 192240191000
008036235000 192197160013
003173176000 192165236000
001009252000 192200214000
001040000000 192178245090
001000224000 192236069000
003004015176 192223252000
005143182000 192178240078
001178080000 192145048000
003164234000 192194132000
004068062004 192178244232
002021075000 192234112000
004028140000 192225110000
001037027032 192178075128
001002032000 192234192000
001179161000 192188178000
002017111216 192178086249
002255251214 192228064000
001018096000 192228031000
001009192000 192178110080
004031100000 192233199224
001007225000 192236210000
001208178208 191096092000
001178175000 192082236000
004068073244 192208004000
002016068000 192178253080
001208179174 192178085196
001178207000 192005140000
005053003036 192215064000
001208168115 192243208000
002022040000 192241086000
002056248000 192227224000
001248208000 192235069000
004016054103 192178252140
004015032000 190105196000
001032219000 192234126000
001079004000 192178241048
001213104024 192197161000
005053003204 192207099000
002255249008 192232088000
002017008000 192176000000
003169078000 192234088047
001025096000 192231201000
001010011000 192233200247
004004216000 192178120072
001007110000 192178250001
002020240000 192099146138
002017128000 192233199072
002018214070 192207015000
001023188000 192203168000
003164064000 192178111129
002056148000 192178245210
001008064000 192232050000
002188012000 192203106000
001254232000 192233198192
001213104128 192231066000
001028040000 192190002000
001209092000 192226040000
001024208000 192178110100
002018026000 192178087216
003162243000 192190111000
001030052000 192233198052
004068037027 192219000000
002255251194 192178247152
001022188000 192206254000
005016160000 192188174128
003004012053 192195058000
001242007000 192240106016
002018192000 192153191000
002255251024 192207178000
001074240000 188136134000
005188136000 192178242132
003160130000 192232082000
001208114249 192241000000
001044098000 192206186000
003002038192 192210254000
002021175026 192158037000
005010142000 192226032000
001119206000 192230092000
002019006024 192178158012
001178198176 192178106228
001023128000 192178247224
001233206000 192210144000
001000001000 192178138008
002019007246 192073064000
002255251160 192189048000
001037029128 192193243016
002056142000 192223156000
002056150000 192234022000
004042075160 192233194024
012171136000 192233194032
002016143000 192197061000
002058049000 192223053000
003161000000 192164064000
004068062134 192189040000
004002016096 192178069096
002181208000 192178241126
001179064000 192157169000
003174172000 192233205078
002021175197 192178245176
005061200000 192223189000
001039164000 192187024000
004069206192 192178029096
004069223000 192237098128
005008212000 192233205056
003004028000 192178046224
002016023000 192231188000
002021175242 192208012000
004028142128 192188016000
002255252000 192233205036
001203000000 192107032000
003163046000 192182192000
002255251096 192160058000
001000002000 192195079000
002181200000 192234072000
003160048000 192197158024
004033218008 192178246096
001085000000 192206202000
001022010000 192234153000
002016139000 192223064000
004002133240 192233199074
001023178000 192178243216
002019007168 192223249000
004038229128 192233199021
002188176000 192178249010
004068036000 192176246000
001208178184 192178252014
002027200000 192139112000
004068062204 192243020000
005001083000 192231011000
004069231081 192203110000
001178072000 192195004000
002018212231 192207118000
001118002000 192241104000
001007002000 192238012000
001178198128 192234018000
001022228000 192193086000
001004008000 192214115000
008038175000 192233197058
002255251032 192207225000
001241032000 192153240000
001238012000 192178082004
002018212059 192233197145
002057225040 192204008000
002021175002 192160034000
001074076080 192229087160
004031212140 192178070140
001002128000 192178098188
001022163000 192178255248
004037000000 192012011000
005180033000 192178246082
001044056000 192204120000
001023185000 192245014000
001208168073 192178244164
001232247000 192233202198
005062058156 192230075000
002255249208 192164048000
004068071145 192233198160
001213115208 192226055000
001199224000 192178121158
003172104100 192238208004
002021175076 192178254102
003143020110 192197076000
004028142080 192177021000
001037027040 192203148000
001012036000 192178045189
005056020120 192233205159
001044100000 192178240068
001186093000 192071190000
002017109147 192206020000
002020176000 192229125000
004068062197 192178085188
001213104030 192178099210
004028234208 192178240136
001025024000 192231191000
005011012224 192195140000
005053007102 192233202202
004015021156 192197205000
001024128000 192195136000
002255252038 192178120090
005188173020 192233197104
001178205112 192233201102
001208106192 192053103000
001079068000 192178107179
003170000000 192178249102
002057154128 192216092000
002021016000 192178098156
002017110126 192162172000
001116000000 192178244064
005056017185 192207004000
002017045000 192178105092
002015193192 192227201000
001245050000 192178240028
004028235000 192231239000
002018215112 192234094000
004069168000 192245036000
004068039122 192187140000
002019007088 192178070132
003004013032 192233199211
001007062000 192243110000
001032228000 192178083042
002018212158 192229032000
002063151240 192178249088
002020246000 192230115240
001208114240 192207068000
001178001000 192153166000
004068127199 192187030000
005180054040 192146202000
002016216000 192234200000
002255249073 192233193072
001208115240 192219234000
004001082010 192178247092
001178205080 192178251168
002019005161 192178076027
001007080000 192073232000
004004211128 192196160000
003175232000 192233205058
002058024000 192218080000
005226144146 192178080071
005059080000 192209000000
002057152008 192178243012
002255252009 192231111000
001178031000 192238024000
002019007223 192173105000
001039222000 192229080000
002255250224 192208001128
002018251000 192190020000
001028028000 192178251182
002021175140 192197214000
002059236000 192209026080
001023089000 192088000000
002027254000 192178111208
004068015000 192237083000
004008020032 192178099244
002016104000 192165073000
001235192000 192197160020
001093000000 192211000000
005035160128 192178105022
001247196000 192178105208
001240002000 192178242146
001213153108 192210136000
002255253048 192244020000
001208113036 192231242000
002022064000 192205040000
002020104000 192233201080
004038229124 192178080234
004068072195 192186048000
002017120042 192243033000
001022112000 192178045244
002058048175 192207139000
003175010000 192233195240
001030080000 192234076000
004031212024 192157143000
001179032000 192121244000
001037035128 192233193034
004069128000 192185196000
001208178182 192240117000
012204016000 192131054000
001249128000 192237126000
003174056000 192236066000
002019000000 192234240000
004035072000 192178085138
003033000000 192234213000
001025160000 192178075024
001186088000 192178145000
001208146032 192178073072
003175072000 192166076000
002255251112 192240158000
002016054000 192190106000
002022208000 192161182000
001066093000 192178252244
001016128000 192207098000
002255249050 192178247208
001208172160 192178241178
003169047000 192178249245
004001117044 192141148000
005001114000 192189144000
001018132000 192178241000
002016051000 192178242092
001076192000 192231177000
002182224000 192234001000
002017109041 192156116000
002017147000 192233193024
002057226000 192231246000
001238018000 192188249000
002020036000 192193196000
001022192000 192207014000
002020253000 192178082124
005053007184 192178245044
003172009048 192206178000
003172003000 192176216000
004069223220 192178071232
002017109039 192178068208
002018213184 192178121040
002018215114 192211128000
004042210000 192193073000
002059193000 192208052000
003171184000 192075165000
002019232000 192178243160
002059058000 192081103000
004068072094 192178249208
004069218107 192178244092
003161132000 192156102000
001178128000 192244008000
005062059064 192165156000
001208147224 192178120128
002017023000 192178045054
003168240000 192215048000
004031215210 192229208000
001179240000 192206032000
002091000000 192195202000
002021115000 192151224000
003174202000 192196163000
001208114053 192178241136
002020108000 192178249140
001208106176 192178242148
004068039041 192187208000
002019007208 192210212000
003175108000 192207239000
002056084000 192229090000
002018178000 192234223000
001208148016 192231018000
002016060000 192067094000
003175059104 192233193026
001023207000 192178243058
002110021000 192195068160
004068111197 192178246157
003042000000 192152175000
001119000000 192140160000
002018213224 192188172000
003172109000 192203203000
002021175190 192231014000
001118064000 192138178000
001075015000 190243000000
001208114052 192196244000
001179004000 192231254000
002016164000 192178249134
002018244000 192208190000
001032244000 192189220000
003160196000 192178069208
003171207000 192142006000
002021069000 192178243047
002016118000 192178086228
002056100000 192231090000
001018128004 192156151000
002189080000 192207217000
002018082000 192178244044
002056121000 192178240040
001009241095 192178248042
001177144000 192195203000
002063193000 192178247110
004068127120 192178249040
003165104000 192190038000
002056187000 192238224000
003033051188 192207174000
001179118000 192076236000
001208112128 192231094000
003166078000 192233200248
001075032000 192206187000
005104038144 192195066000
003005192000 192243094000
002022149000 192197144000
001037035096 192210001000
001000032000 192233192128
004069223233 192232162000
001023025000 192233202208
002058029000 192233207064
002017111106 192225097000
005044168000 192209026072
005231097000 192178248020
003161216000 192233192126
001066091000 192193017000
001252160000 192234125000
005056016130 192234170000
002016135000 192178247045
001021128000 192154196192
004068039153 192231200000
002255249158 192219208000
001001016000 192240157160
002017120120 192235087000
002058084000 192216121000
001255078000 192192000000
002023248000 192223052000
005104041224 192178246104
004031128000 192214096000
005182232000 192229237000
003172106000 192178254186
004069219231 192178242178
001022224000 192243000000
001074064000 192178250204
004019075000 192222048000
001007184000 192207240000
002063151088 192178110130
001209030000 192223123000
001208168232 192154242000
001178029000 192196001000
001082064000 192238209000
002018212210 192234162000
002255249084 192188006000
003002074000 192178075038
004069064108 192206161000
002016230000 192238209129
001178193128 192190191000
005062058056 192196222000
001029000000 192178242100
001065192000 192160017000
001018120000 192000039000
003167222000 192178109142
001208112052 192195168000
001209201000 192162056000
002255251136 192193191000
001008002000 192176033000
002018242000 192178252044
004069221245 192240146000
002255253041 192178244140
002019007239 192178253000
003167008000 192234108000
002058032000 192207151000
001201002000 192219098000
003160052000 192235075000
004069219234 192223168000
002189061000 192211046000
002018214110 192149072000
001022024000 192178085118
001209128000 192189122000
004069218105 192209026096
001039000000 192233198049
002026000000 192208001022
001071118000 192210168000
002018214101 192237099000
002058048052 192233205080
004158000000 192178244176
001007170000 192236148000
001009241064 192187137000
002255249033 192152204000
002021148000 192108114000
001178019000 192178110092
001179008000 192243085000
001009071000 192234088128
003169056000 192178044128
001213151184 192140016000
002057132000 192178107124
005059242000 192209026011
001209024000 192178070128
001118096000 192225162000
004001115128 192208001015
003160104000 192233196186
001022007000 192178121248
001078000000 192233202196
002016182000 192178081212
002019007237 192109014000
004069215032 192149147000
005001088000 192240188000
002188048000 192084170000
001044048000 192141240000
002255252160 192178106184
002255249191 192209026255
001208178032 192233198064
002017110188 192178242240
006033084000 192178245166
004037154188 192108107000
005181024000 192178249200
002020060000 192121127000
002152096000 192233199184
002017110014 192019190000
005200030111 192132239000
002018166000 192240064000
002056014000 192197062000
002058043000 192176174000
003175070242 192203252000
002018213034 192178254076
004068037009 192207096000
001075208000 192135137000
002018214212 192196220000
002255249140 192064159128
001028224000 192187001000
003002089000 192178121086
002018214108 192177191000
001225096000 192193156000
004028139218 192178120010
003136000000 192231170000
002027063000 192178107054
003170255000 192223049000
002255248148 192221254000
002020068000 192048126000
001037029068 192108000000
001011095000 192188076000
001023200000 192244064000
004068070084 192189061000
002019120000 192228004128
004031208032 192233205038
001242032000 192178096082
002021175116 192236029000
001022208000 192233203160
005180016000 192240106024
001208148056 192211220000
001009244091 192178098252
001001120000 192244112000
001179113048 192178242136
002016124000 192230208000
002063156204 192178099042
002255183128 192178255218
001119204000 192209026076
005159218049 192178246088
005053003074 192178253032
001007200000 192243231000
001255006000 192203124000
001000208000 192175177000
005053003068 192229087131
001208168192 188241184000
003005048000 192193159000
004068070212 192198146000
001007004000 192233204104
001179112128 192231036038
003002068000 192230231000
003004012020 192136048000
002019193000 192041223000
002058087000 192233196078
005001089000 192233197103
001208115000 192232057000
002019007248 192233202204
002255183105 192200016000
004068062119 192221251000
002017108112 192178028152
001179214000 192241047000
001020072000 192188107000
004068038082 192209062235
005135198000 192178248108
001039074000 192238060000
002022116161 192232102000
001208113038 192178252072
002057236000 192133076008
001023084000 192206088000
002037108000 192231031000
001037034128 192208001023
001078124000 192203117000
003164063000 192178029203
001233208000 192088254000
001032212228 192178253062
001022146000 192178245204
001178076000 192233198176
001038200000 192208057000
004019128000 192185032000
008052233018 192178245012
004069137128 192178253056
002059132000 192110020000
001022080000 192178255016
001214088000 192233196101
001179116000 192231022000
001208113000 192211011000
003165106000 192178108232
002255254130 192178254202
002012000000 192121195000
001220000000 192237120000
001022200000 192200009000
001208113048 192231076000
008018123000 192178078076
002018212192 192178075025
004030176124 192178108182
001022056000 192243092000
004068111232 192233195096
002022226000 192214064000
001178030000 192178071212
002092000000 192178242252
005008216000 192173112016
003005220000 192146051000
002058004000 192231233000
001178168000 192198192000
003169040000 192208001024
005010026000 192188185000
001039180000 192178168000
005133011000 192072125032
001025000000 192233205158
003172090000 192178075158
001022088000 192243081000
004068063105 192197121000
001255128000 192190016000
002021175082 190158225000
002017109192 192243074000
001208184000 192178108076
001018124000 192178097120
001021192000 192190186000
005133000000 192238208129
002188018000 192231141000
001009244008 192206050000
001066016000 192241095000
002022116164 192178251048
001009224000 192233202000
001008032000 192233201016
004068038024 192231134000
005008075000 192228004044
002019240000 192210182000
001244128000 192243096000
002019116000 192203186000
002019007072 192178120025
001037084000 192228079000
001007081000 192178246252
001208114217 192178044142
002057154002 192178245158
001022176000 192199128000
002018214100 192229172000
001037027048 192240103000
001039160000 192124128000
003161074000 192231036208
001178205192 192197145000
002058188000 192104027000
005008190000 192148244000
005196248018 192233205000
005022192000 192233200158
004002017000 192155176000
002019048000 192188030000
001208179096 192238170000
001208112144 192233203192
008242228000 192195198000
004001112112 192148218000
001230108000 192178120188
001187128000 192208201000
005023056000 192216202000
004068063160 192226056000
004036040230 192175186000
002078128000 192178243104
002188040000 192229210000
002016142000 192233193175
004068072224 192189102000
002148000000 192162184000
002057153008 192195070000
001208169128 192081216000
003163196000 192236248000
001208179092 192207121000
002019199000 192178243176
005011013104 192234146000
001241192000 192193077000
002018214240 192178045202
002056138000 192196184000
001006224000 192233194196
004037154132 192178250048
004042072114 192244016000
002018215108 192233196042
003006000000 192231110000
002017120105 192178247244
001028024000 192178245112
004031103096 192195220000
002059194000 192188159000
004055092000 192178111116
002022019000 192233128000
004055064000 192211034000
001224040000 192147157000
001012048000 192145251048
004037144000 192185178000
001022226000 192238128000
003174189000 192233197217
001009241176 192178242076
001066096000 192238208000
002015193000 192178107130
001208168072 192073122000
002255251040 192219029000
005053006142 192203211000
001237172000 192178045107
002027249000 192197092000
001225176000 192231236000
001208112020 192203220000
002056212000 192214097000
004069211067 192178250158
004069220029 192178045190
002018240000 192207045000
001209016000 192229016000
001065128000 192203140000
004033192000 192178245070
002208000000 192223122000
004069227112 192197160054
002027080000 192221177000
002057250000 192231027000
004068072016 192234210000
002016176000 192223042000
003173228000 192244232000
001213112225 192154068000
002058047000 192193192000
001208178064 192223037000
001011064000 192178255234
001039004000 192178251056
005059011000 192189136000
001178206128 192208001096
001009241080 192178073216
002019004088 192148098000
001022031000 192080254000
003173248000 192197160093
002017110192 192178244004
001236222000 192228021000
001213150128 192199112000
004042035120 192096048000
002094096000 192233194208
002018215138 192229212000
002021125000 192229111192
001007228000 192206070000
005039036080 192218228000
005053003248 192190099000
001254128000 192207084000
002056101000 192169000000
001044016000 192138248000
004059234128 192184240000
001037035064 192188150000
001248069000 192178254038
001075064000 192178110056
001004004000 192233196046
001037029080 192233206160
001023072000 192188201000
001241229000 192229130000
001037069233 192190064000
003165042000 192178111254
002056004000 192233195064
005159021000 192240104000
005045062032 192240000000
001006228000 192238166000
001001124000 192178248190
002255251016 192172245000
002027212000 192178083138
002019006232 192231244000
002185240000 192142056000
001178176000 192178104064
004015020232 192216120000
003143021000 192178085204
004068037007 192200082000
002016003000 192232036000
004036040232 192238172000
004068063111 192178252104
002016035240 192219030000
001187096000 192240105128
005062061196 192231179000
004015023137 192233207033
001224172000 192197096000
001051000000 192193070000
003160063000 192234110000
001244064000 192199240000
002255249038 192178247186
002021152000 192237064000
004068062021 192189207000
002027035000 192178247234
001255124000 192200216000
001023206000 192178244162
001193190000 192230073000
002018042000 192237084000
003005170000 192244078000
002255254192 192231234000
001255074000 192228099000
004028234217 192221000000
004028136066 192197160010
001024080000 192178250092
002020133000 192178248204
001232032000 192207187000
001208112160 192227032000
001008004000 192238144000
002017110004 192237121000
002016062000 192178106108
004033228000 192208040000
004019075240 192188004000
001208168064 192188008000
005175190082 192152122000
005042192000 192240156000
005035160192 192198136000
001065160000 192203202000
002255249159 192225240000
003004015064 192209032000
003169126000 192189025000
005144033224 192238208160
001187160000 192182128000
003002041192 192231069000
001214064000 192236178000
002059022000 192204106000
002017028000 192178068166
002056140000 192163005002
005053005236 192173013000
001001000000 192108196000
003164016000 192107012000
002017108124 192230115218
001007008000 192146003000
004015021144 192231000000
004168000000 192178044153
005035224000 192216080000
003002044000 192231036008
001018118000 192229111132
001228248000 192207136000
001074076075 192178158016
002016198000 192230115000
002094019000 192178253160
004002133048 192187009000
001178086000 192207090000
001020112000 192231182000
004031214000 192207195000
004042072112 192230115216
001044024000 192234147000
002059063000 192229111129
001022162000 192178250082
001023016000 192178248090
001007160000 192234252000
004068039155 192236180000
004069218159 192189034000
001208112088 192245034000
002056082000 192190160000
001009244049 192200208000
001025136000 192187136000
001028032000 192173086048
001037032000 192206104000
002019007082 192230115215
002020048000 192115082201
004016048134 192163128000
001179016000 192178084236
003162160000 192223151000
002058170000 192178105072
001021112000 192190050000
002063236000 192178107244
001213144000 192178252074
001239000000 192231036001
005104039000 192178242140
005250208000 192243224000
005135072000 192178074161
004069219227 192178070216
004068038075 192178072080
001236008000 192178098008
004068038200 192230101000
003005180000 192243072000
005002032000 192178084108
002020052000 192178087168
004068072196 192184064000
005023025000 192233193070
002027125000 192189154000
002057152128 192233198136
001009241092 192091164000
001179040000 192178085080
003162144000 192214110000
003033057064 192225108000
001178065000 192233206176
002018010000 192193242000
001178200000 192189137000
001078128000 192178250003
002020045000 192152050000
004068073019 192178158003
001008008000 192161171000
005135054168 192197188000
003161016000 192178107208
004016054048 192206064000
002058148000 192240125112
003004032000 192178242254
002058048065 192243218000
002019180000 192189020000
001039016000 192233197098
002188179000 192193063000
001000016000 192152167000
001178074000 192178245008
001037035080 192178243224
002016080000 192231092000
006088000000 192228004042
001208147168 192198148000
002057252240 192193044000
002017111128 192235208000
002017217000 192195084000
003160132000 192188212000
002058064000 192141168000
004068038039 192178245088
004059176008 192229111032
001245128000 192232092000
002058021000 192238000000
001010136000 192233192125
001208064000 192178109254
004069223200 192233205077
004068037001 192189210000
002255183080 192203165000
002063156208 192208018000
005062060114 192231178000
001077000000 192223096000
001018128016 192157025112
005154183000 192078186000
001201004000 192211208000
001213192000 192216062000
003160120000 192241082000
003033042000 192235204000
001178066000 192231138000
001009244051 192233204043
001237004000 192094166000
005034236000 192178099124
002018212216 192199060000
002094002000 192178244174
001079224000 192218140000
004028139168 192165134000
002016070000 192193243020
002020152000 192230096000
005062061065 192240208000
001225092000 192026230000
005008196000 192223237000
002058048034 192233200128
001231194000 192200184000
002255252033 192186060000
001007150000 192189003000
003163014000 192234089000
005151200000 192233195118
003033055228 192178104092
001066064000 192234230000
001001032000 192234228000
001178194000 192178121168
001208170112 192192048160
002255251224 192182080000
002021175071 192094029000
001009244092 192099146234
002017111210 192184068000
005040137000 192104015000
004001116058 192178078046
002018118000 192178241036
005159217208 192177190000
004152000000 192178252182
001254229000 192178098254
001177208000 192203235000
001024040000 192198148016
002019007231 192208013000
001018128008 192203125000
003033032000 192188115000
001071192000 192233192240
001239128000 192229094000
004069226081 192207146000
001079096000 192109067000
001229000000 192178098072
002017110056 192234188000
001000128000 192228024000
003165220000 192178071130
001213115206 192223250000
012153240000 192230122000
001213104016 192240158064
001244224000 192189083000
004002016004 192178111088
001039216000 192178085198
001023096000 192231204000
001022077000 192243220000
001178199064 192236154000
002019006156 192178080070
002057255010 192178109104
001008012000 192233198167
001024096000 192207125000
002057052000 192238008000
001023252000 192232070000
001036000000 192178083074
001071160000 192222000000
004068062110 192234070000
002018212160 192101108000
002255249124 192243112000
002021175070 192240106064
004001117048 192197185000
002018115000 192243232000
004042032032 192239000000
005159218073 192178028204
004001176000 192195199000
001247032000 192235000000
001032212224 192235016000
001225080000 192178244072
004069137064 192228112000
003002083000 192223142000
004031208096 192229148000
004068039146 192233202108
001023000000 192178070204
004036040100 192159140000
001239001000 192236125000
004068068096 192211224000
001023222000 192178243108
001009243040 192231036036
008048245048 192229184000
003004012011 192219224000
002017209000 192178120236
001241208000 192178120019
001235138000 192195068185
003166253000 192205031000
001119224000 192178241144
005034248016 192245010000
001009241228 192240194000
001022076000 192178086022
005180179032 192178255022
005187103080 192235074000
001235139000 192178247108
004018034000 192219016000
002021175010 192206210000
001178010000 192178069080
002255251211 192178110136
001073072000 192240044000
005042201000 192243217000
004068037016 189247253255
001065188000 192178046032
001208147160 192178253200
001254224000 192231009000
005001043000 192228000000
002021175089 192226062000
003165012000 192178082128
001179113018 192206054000
002022253000 192241035000
001006128000 192230077000
001208178026 192231067000
003170232000 192197202000
002057153001 192190072000
002181222000 192186187000
001006230000 192233199032
001009243032 192237094000
001010132000 192160177000
002019007238 192215000000
008028064000 192234042000
005011008080 192240120000
001208178160 192067130000
005133024000 192216108000
001187180000 192235070000
001079064000 192178071214
005129193000 192178104216
001002002000 192178244082
002018214088 192188060000
001178091000 192178083200
002021175231 192208058000
003165110000 192178254088
002018212068 192234130000
001199250000 192234254000
002019177000 192206000000
004069141150 192231156000
002255249128 192234152000
001079008000 192206162000
002018176000 192178121016
003165074000 192207147000
002019007218 192199104000
003002085000 192237080000
004177000000 192208059000
001193216000 192178254166
001195208000 192178254148
002021175180 192198028000
001066000000 192178072096
001074194000 192231012000
002017109244 192136142000
001032214000 192165126000
001081128000 192160148000
004001180192 192233205037
002160000000 192241064000
002056040000 192188200000
001160000000 192233198018
002018215152 192234250000
001242004000 192156123000
002018213128 192093255000
001208148216 192178029190
005180252000 192240203000
001001008000 192237094192
002255249028 192222018000
003162192000 192240202000
002059232000 192176176000
001208112145 192178252100
001237128000 192188069000
003162040000 192196176000
001231196000 192177165000
003004015088 192229092000
002027124000 192178246204
005062061165 192219100000
002056164000 192237026000
001231016000 192189002000
002021175172 192206138000
003172019000 192190254000
001032242000 192233201078
002059184000 192178244042
002016151000 192152016000
001009080000 192234088046
001225088000 192178249180
004015021112 192228006000
002056012000 192207000000
003175064064 192229111004
002188009000 192236176030
004069221180 192233199213
002058008000 192211052000
002018208000 192231017000
001209029000 192170159000
001086000000 192178096244
002020140000 192204005000
005157012000 192157026208
005062038000 192189240000
004068062164 192197160064
004069170246 192177079000
003161136000 192243048000
001022190000 192178097036
002022150000 192230115238
002016140000 192223041000
002018106000 192235080000
002188244000 192198048000
002185000000 192178240030
001022142000 192135174000
002058048016 192178121088
003143020104 192188094000
002018214056 192178108004
002019006110 192178028112
004068074232 192149216000
005135059168 192218014000
002017148000 192178140000
002018215224 192178097232
002021122000 192149047000
002027239000 192234247000
001037034192 192178218000
002188044000 192197176000
005039019238 192237091000
002016065000 192178108056
002059078224 192188180000
005062061008 192209063000
002255254067 192233201000
001007112000 192240129000
002057003000 192178249097
005196173064 192178109064
004015158000 192178246062
001184000000 192103236000
002021067000 192243213000
002057116000 192178083190
001037072160 192083128000
002017109186 192193124000
002255190000 192238208016
002059077000 192178084168
001178025000 192233201096
001007032000 192178099022
002016120000 189214144000
004042074194 192193060000
002058218000 192154004000
002019004091 192240195000
004042033000 192208184000
001237174000 192233199208
001179112136 192102188000
001178016000 192193135032
001037072145 192238160000
001032227000 192197136000
004042035064 192178081004
001208170000 192183176000
001208112030 192244208000
004016049237 192228022000
005010213000 192195096000
001247005000 192240156096
001009244050 192178246004
005042218000 192223186000
001232064000 192243240000
004068037036 192211120000
001178199128 192238209192
001236032000 192233199018
005035120000 192234088048
001009071012 192203238000
001178201000 192178078035
008042032000 192178111018
002020178000 192080016096
005039025192 192233200240
001006136000 192233195000
001023218000 192178248054
005039063000 192184008128
001022034000 192178107210
002255249031 192233202199
001178203012 192160224000
004028138192 192133120000
001222192000 192178045228
002023186000 192240132000
001007180000 192176059000
001022016000 192233193172
004031209162 192178249101
003160064000 192200010000
005196213224 192159134000
002016122000 192234101000
001032212128 192178045024
005135039000 192178085116
001037034180 192237098160
002255249041 192172248000
001213153128 192233202232
004001112192 192178107148
001179120000 192211048000
001247000000 192178073202
001119216000 192231164000
001067128000 192178254180
002018126000 192231184000
002056026000 192218002000
001028168000 192178240188
005053000024 192178108170
001179114000 192207048000
002021175142 192178096066
005034248072 192233201176
001231064000 192190202000
002059088000 192178078122
001208114252 192240154000
001066128000 192236147128
001179000000 192233194114
001236004000 192178097086
002018214069 192189205000
001225168000 192238023000
004068039182 192231231000
002021073000 192185180000
001179244000 192195104000
004069223216 192211124000
002018212194 192211042000
004053246000 192178085101
001241224000 192178085100
002056236000 192178068192
001179060000 192245008000
001227176000 192240016000
005083158000 192235032000
004033220000 192183224000
002017110062 192233193039
002018016000 192234236000
004028236000 192233195136
001244194000 192223000000
005011010214 192233201032
002027113000 192178087150
001018136000 192233199010
001022108000 192178082160
004068073141 192178104108
001230105000 192178250042
002022072000 192178096047
002255254248 192173076000
004028142238 192233198166
005062061109 192197168000
001023058000 192178250178
001022136000 192233196189
001208149000 192234056000
001009243064 192178242145
002022028000 192207032000
001178101000 192178099064
002023032000 192231165000
002027050032 192178122128
004068074009 192193228000
004028142175 192178254066
002019125000 192240136000
002017110000 192178081129
004031210000 192198187000
001178198240 192171111000
001225192000 192223129000
001178203028 192225002000
004068110138 192178250004
005062049144 192231100000
002056064000 192237105000
002057225024 192206056000
001076144000 192189138000
004068127217 192178056000
001022084000 192226046000
004068074112 192207080000
001075000000 192243073000
003163034000 192178122030
003169076000 192178098077
003172024000 192178251150
001179224000 192195038000
002016159000 192178255064
001022030000 192182064000
001252188000 192236147032
001011056000 192178246064
005253030000 192178046104
002016146000 192178111080
002180000000 192203240000
002027064000 192237096000
003168208000 192207013000
002027248000 192178046088
001242128000 192178248240
003164170000 192193200000
004069226028 192192048144
004002016072 192234195000
002020142000 192178099204
005178046204 192233199024
001177152000 192238026000
002018228000 192233196032
004001117040 192031225000
004068073186 192233196003
003166013000 192178247188
002189189000 192227002000
001037072147 192178248104
002255252036 192236112000
004033130016 192178074166
002021175236 192111080000
002027101000 192189113000
001213104032 192178096052
005062061197 192178121192
005196203218 192203000000
002056208000 192175240000
002018213164 192233193025
001208112254 192233205040
001037035074 192197160008
001208145244 192233195100
003172085000 192192128000
001208106175 192231145000
005226144148 192235207000
002022052000 192230192000
001009250032 192178254206
002017022000 192233208000
002255249168 192162052000
004069221000 192178044120
001178198192 192152048000
002022116174 192195068163
002017203252 192188130000
004042032096 192231183000
004069215063 192178109048
001178089000 192178109160
001006229000 192178029052
003160062000 192237094048
001179056000 192236200000
002056016000 192234036000
001022002000 192197160092
001037026000 192178069196
002018212140 192236184000
001009071032 192178243217
001023144000 192207072000
001188000000 192177032000
002255249101 192178082223
001073192000 192207206000
002021009000 192219250000
001023086000 192235202000
005062085204 192178245196
002020013000 192066012000
002019084000 192203040000
004002133128 192178104040
001179012000 192234168000
004068039145 192178083084
001006140000 192231020000
001238016000 192178096060
002019006240 192178254190
002059061000 192193064000
001179113020 192238196000
002016028000 192240157192
002017108096 192178248096
001023048000 192178106164
001241250000 192190012000
003163223000 192061208000
001004064000 192229081000
001000004000 192238025000
001020096000 192197140000
005062061241 192186184000
001248224000 192243244000
001209192000 192149097000
001178199000 192178246234
003168196000 192178240081
002018214112 192178080079
002255249072 192233193064
001018000000 192138014000
003173200000 192233196002
004068037128 192178082072
005053003005 192178083008
004069222185 192178046196
004068039168 192228068000
001228000000 192189044000
002255252064 192223028000
004022000000 192152200000
001227169000 192187004000
001074076064 192240152000
002019007234 192198182000
008029160000 192233201103
001179062000 192203141000
001025064000 192200212000
002057122000 192178246164
003162072000 192174064000
002020160000 192207141000
002255251104 192099146200
004069180005 192223126000
001022104000 192231146000
002183096000 192222028000
004068070020 192207235000
004068038204 192195060000
001032236000 192190030000
002059119000 192185199000
002018213052 192237078000
002019064000 192231032000
003162064000 192233207142
001066092000 192236124000
001119192000 192178240116
002056171000 192190009000
001023010000 192231070000
001008016000 192178247024
003160248000 192210012000
001213151189 192233193249
001208168230 192236224000
002019006104 192193117000
001088000000 192108115000
001078100000 192241120000
005062039248 192178097096
003005060000 192200152000
001007226000 192195011000
004068070158 192178068151
002057238000 192233198017
001179112048 192193157000
002018212142 192178254138
002178000000 192178080075
004069239096 192178252168
001208168224 192236010000
002022056000 192070146000
005135059098 192175000032
002021175125 192221176000
001066024000 192234134000
002179048000 192230091000
001244096000 192236000000
001007128000 192160123000
002017111104 192227251000
001236208000 192193056000
001074078000 192178240232
002020044000 192188176000
005062060041 192156208000
001118036128 192207046000
002182176000 192178073142
001039183000 192236118000
001028096000 192178098236
001024095000 192198032000
001009244012 192199064000
001224186000 192193039000
002017120032 192155001000
004068037171 192232168000
002016018000 192234102000
001031064000 192206242000
001179100000 192230064000
001178020000 192206201000
005180132089 192233201028
001202000000 192193116128
001011048000 192233199188
002017109184 192048095000
002017037000 192228004041
002018120000 192231116000
001023194000 192178111230
001208112130 192235206000
005023032000 192244080000
003166012000 192178248238
006070066000 192124022000
002059048000 192150184000
001178172000 192230232000
001224160000 192240125000
005062061100 192056205000
001009244014 192178246150
001024064000 192193208000
004069231245 192188121000
001178198242 192178121048
002019214009 192232054000
002255249174 192216138000
005008200000 192178072004
001249109000 192197158128
001025088000 192156246000
002017120044 192094088000
001007084000 192244246000
001255048000 192232034000
002017108232 192231036192
002019052000 192227104000
001179208000 192138016000
003175024000 192092164000
004068071115 192178205000
001208178224 192223046000
001178203031 192195197000
001187176000 192228005000
002189224000 192178120087
005180054036 192178071060
001178202000 192223010128
004014000000 192177110000
002021175213 192197160058
004069142253 192178244220
002017120108 192203035000
005009000000 192233197096
003174173000 192233200244
005180108000 192178247128
004001088000 192206194000
001000196000 192225056000
002018213056 192193038000
001237240000 192233193160
001009243048 192178078047
002019004102 192238002000
002255251215 192237128000
001020117000 192234206000
004068111190 192229168000
005053007056 192030249000
002058236000 192206087000
002180254000 192236212000
002016102000 192178138224
001235104000 192178252096
001178094000 192178244238
001023095000 192193171000
001025092000 192197152000
001237224000 192228093000
003002077000 192189184000
001213153109 192234204000
001213150000 192207138000
002017108090 192100112000
001208108000 192223162000
002017109111 192219090000
001255228000 192195187000
002027042000 192081102000
001204000000 192197222000
002056168000 192154196128
001024094000 192196000000
002018182000 192233197102
002017132000 192233196192
001244195000 192231174000
003163239224 192233196040
003175046000 192198208000
001232012000 192152063000
002021175251 192195149000
002056222000 192240125168
003174064000 192233201120
002017108248 192233207141
005104042160 192236072000
001230224000 192124230000
002018212232 192245037000
001208172128 192206068000
001208179172 192238162000
002016212000 192233194064
001071128000 192245006000
002019007186 192205024000
002057162000 192237125000
004068039148 192237113000
004068068020 192241084000
001039075000 192188155000
001236064000 192197208000
002056038000 192049078000
002017111218 192233198143
001018128080 192178252092
001022021000 192231033000
005056019216 192186192000
002056186000 192240159000
002019007228 192229091000
