TOTAL_VALUES=1000000
P=100
PARTITIONS=10000
004069230064 192232042000
004014157076 192178087232
001178203064 192173128000
005062085148 192241074000
005133060000 192086018000
005053232000 192076179000
003175137000 192198200000
005053003176 192077113000
002019056000 192241125000
002016055000 192208001010
002094128000 192189249000
002019005160 192178096204
023033080000 192178080059
004068111139 192049136000
001037027064 192197248000
001005000000 192227248000
004185000000 192178028164
003173048000 192229157000
002017109136 192197055000
005072000000 192080016063
004031214192 192108070000
002057255064 192196248000
005045112000 192139074000
005160104000 192190078000
004148000000 192178086047
004068075247 192178098084
002255249100 192178071200
001022040000 192178110124
001255075000 192109043000
004028192000 192231207000
001007224000 192178241076
002057154001 192178104102
002017114000 192178240044
001179112064 192178249051
001075204000 192241056000
001236060000 192206024000
004069064064 192178080152
002017203224 192204004000
001249096000 192178242135
005053004240 192178254004
001208168120 192042004000
004068127064 192150020000
001045000000 192233201064
004031215209 190090086000
002255249036 190008078000
004015020230 192230103000
001208148015 192100023000
005182056000 192233196082
001252186000 192241112000
001222144000 192144000000
003175105000 192178186000
001022051000 192200128000
003165080000 191101069000
002063151250 192084121000
002021175188 192223139000
005062061029 192150250000
001192000000 192075020000
001178203000 192178044148
005083048000 192109132000
008030200000 192193160008
003163239212 192178111152
001208169016 192223101000
002021006000 192178069218
002094032000 192121062000
004053128000 192207069000
004015021228 192195056000
005231057000 192120008000
002057225030 192178251082
006065176000 192094062000
013034012000 192150224000
002018043000 192065056000
001072000000 192234091000
004068063168 192188018000
004016052048 192135077000
004009000000 192035211000
005082000000 192178109134
005042211095 192165192000
005062060202 192178029234
005062042124 188241177032
001178192000 192178097092
004068063093 192036007000
004015019000 192048138000
002018060000 192223180000
005023065230 192178099190
002022016064 192186141160
003163136000 192071033000
003174174000 192206142000
002018212152 192131120000
005008208000 192124031000
001255227000 192178080204
004068039096 192243040000
005045062026 192210175000
001178064000 192178080132
005135237224 192218065000
008227139160 192233206240
005062047000 192232058000
001023121000 188165025006
003174250000 192178243062
005158222000 192196219000
004015018128 192238028000
004069064224 192069102000
001208147189 190208128000
003164202000 192232038000
005187107120 192135072000
001208172156 192188174036
002022116168 192236092000
005022167000 192178080216
004068068150 192150071000
005045226000 192178104032
004068075196 192178242144
001245051000 192235088000
001233032000 192137111000
004068062046 192208020000
003171128000 192178075104
001208169004 192243038000
001067224000 192206180000
003002033128 192113064000
004042072128 192232096000
005254078000 192234249000
001186080000 192103120000
005032192000 192120242000
001193218000 192228023000
001010010000 190242166051
005035200000 188072119000
004069171030 192189157000
001000024000 192185000000
002255251200 192043174000
002057255128 192094110000
001009241226 192199178000
005062043128 192178251216
005159218044 192178068152
001228128000 192104022000
004002133224 192178243098
005062048236 192177120000
005035048000 192227158000
005062085106 192178248024
004055136000 192178029097
002016240000 192178111015
004002018000 188114218060
005175223002 192189100000
001037034184 192208001234
002021175063 192206057000
005053005148 192165200000
005157019000 192197200000
001209064000 192188068000
002094156000 192195214000
002056128000 192115083000
004068106064 192160050000
002027243000 192189176000
004167000000 192102148000
001032238000 192156222000
004036020000 192197065000
002017109193 187185012000
008029231034 192178075070
001227192000 192207037000
002019007021 192189026000
001241200000 188246228000
005053004180 192092168000
003004016000 192012024000
002255254024 192193177000
005003027000 192233197085
002189242000 192178110074
023045021040 192150076000
008224112000 189219052000
005196167248 192178098112
001001126000 192178249000
001213120000 192178252236
002058203000 192177050000
002016184000 192178085084
001032234052 192209048000
002016026000 190255040000
001208112148 192234246000
005181015064 192132034000
014192069000 192228087000
005159238000 192178105128
002063168206 192137063000
004068110062 192190076000
002019092000 192178069019
001006137000 192178254125
008052199128 192195219000
001235136000 190182164000
004031215252 192178158204
012036066000 192190074000
002023099000 190103125080
017000017088 192190024000
004232224000 192199004000
008002228000 192178240108
004016054080 192223234000
004031215236 192103025000
008020050000 192190124000
003174058000 192031022010
001118016000 192241122000
005187127048 192178111008
001011000000 192178084106
004069215028 192178070231
001024200000 192041140000
004059176032 192108207135
002255249156 192112181000
003163239134 192196016000
001007244000 192136010000
012009016000 192176112000
001178199008 192136066000
005159219046 192178106082
004068111233 192145064000
005062060174 192209062128
001030056000 192100026000
005062059053 192193081000
008227117032 192048250000
004068030085 192229169000
004015018072 192135207000
002057164000 192178107176
005253046192 192069156000
005061008000 192229111016
003173134000 192195200000
002016243000 192185136000
005056019021 192234148000
001044096000 192135047000
001018128064 192178121246
012027066000 192178029068
001193146000 192178110052
008052233020 192178120012
004069220243 192151237000
004015017000 192209026248
005062059252 192230000000
005039037000 192178106212
001010064000 192101177000
001231000000 192081064000
006042064000 192124212000
005039017064 191101163000
003173172000 192229236000
002027192000 192138191022
004068111248 192044017000
005062085080 192229111128
004016048232 192238208136
002255254052 192240125096
013034120064 192227008000
002094196000 192195150000
005045062252 190131128000
004069215029 192151112000
003175176000 192233206165
001236061000 192127092000
002021175206 192178071024
005039053112 192169118000
002018128000 192209026012
004068039088 192193037000
008027176000 192203224000
002017056000 192233201160
002019004120 192233206224
003002091000 192178254136
001213113020 192147117000
001032201000 192218204000
005135059080 192223132000
002057152001 192178086032
001208172157 192124164000
002021175136 192178242192
008029230210 192190026000
002057170000 192080017252
005149128000 192064252000
002021175160 192178110036
013104187144 192240140000
005135170064 192216201000
001032234048 192206035000
002058103000 192229111136
004002016128 192178151000
002255253228 192210047000
001208112084 192203174000
003175096000 192233197084
005150192000 192159034000
004068127239 192156240000
001232014000 192171110000
012203032000 192150126000
005172202000 192099146068
004068071182 192188208000
005045181208 192178108144
005181216000 190152128000
002188005000 192178104232
005044232000 192229111001
002019005132 192218230000
005062116000 192178028100
005062060096 192178108134
001250000000 192178037000
005062060054 192178242048
004069138000 192112016000
005159237052 192178104096
001255007000 192225156000
004068063176 192188003000
005104037128 192164021016
008029109053 192178106225
004069066000 192121178000
004031213064 192210154000
002021175126 192178240160
001187216000 192195185000
002022242000 192238208128
023150244227 192166226000
002179160000 192230144000
005023025008 192174124000
005053006058 192176150000
023151004000 192178099164
002019007081 192188250000
005053000174 192178206000
001179164000 192195225000
001081064000 192185084000
004055144000 192026124000
008047063000 192135227000
002255249105 192207063000
004166000000 192198147192
002018032000 192223010048
001023073000 192072107156
003166062000 192193227000
004042073128 192178240162
002056080000 192092114000
004031212096 192228117000
005042213000 192176250000
001009250000 192120005000
002020232000 190152064000
004068039134 192214098000
004069231022 192056000000
002058107000 192178029200
001247006000 192100079000
004042212000 192104096000
002018215032 192178121208
001037069235 192178252040
002016004000 192244200000
002017109246 192178085141
001178198252 192178244090
004068111244 192110220000
004042035024 192139010000
005196237208 192178243096
005187121144 187041140000
008225193000 192178243158
001118036000 192231222000
002255249079 192056101000
005160196000 192178098192
002255253116 192206216000
004068063201 192225058000
012128000000 192206188000
003161050000 192206108000
008048245141 192236128000
004015023222 192068076000
013034004176 192178251118
005178044006 192178099030
002019007243 192129088000
002019252000 186064016000
002037000000 192178247202
002019005032 190009000000
002255248192 192236001000
004068039034 192178098116
008048243051 192140220000
001028104000 192244032000
001213150170 192178249008
002189187000 192178109105
001255120000 192127064000
002019032000 192178245230
005056018080 192121106000
003164105000 192178080089
002255253196 192178071188
001011088000 192154008000
008041140000 192177016000
006048160000 192228110000
003173035000 192233202200
005183102000 192178070146
002255251219 185129025000
001213113000 192231128000
001230122000 192092078000
001255127000 192237099064
003164020000 192234052000
002018214223 192178045251
002027088000 192105104000
003174025000 190131236000
001039032000 192064029000
001028172000 192203179000
001037035073 192178121120
005253017000 192226052000
004069215026 192178120008
005135001156 192016156000
005134208224 192086151000
005035112000 192178252228
005059104000 192244254000
002021175100 192178075130
001020120000 192075084000
002189252000 192225062000
005062039216 192229120000
008009038000 192204000000
008009040000 192178250072
005053005119 192161048000
002255249032 192178096024
001022068000 192234160000
004068127035 192231056000
003175066000 192026108000
005255148101 192131182000
002255249002 185248086000
001178202064 192178082168
005010222000 192233200246
014102108000 192237071000
005056020192 190215244000
002058095000 192173086128
005167056000 192234037000
001194160000 192234090000
002022017000 192178097208
001208114250 192229126000
005045062248 190054192000
001073252000 190151064000
002021175028 192198128000
004036160000 192083254000
001018126000 192144022000
004031215240 192235200000
005104174000 192206238000
001018112000 189038128000
005039014000 192178106000
005196052000 192231198000
003120000000 192178149000
002018213040 192188034234
001037069224 192178074162
003175078000 192228091000
001208115128 192207249000
004014046000 192071183000
001009244032 192136022000
004069220028 192127233000
004068068109 192233198024
005035160058 192178028196
001208178024 192236030000
005011008082 192156156000
004068110224 191117129000
004042072108 192175125032
001208179000 192152180000
004001117076 192234156000
002021175124 192075188000
002058048017 192233207136
002018184000 192228008000
004069218160 192219118000
004069231088 192071199000
001000192000 192210010000
001009241128 192144092000
001031036000 192173086000
005253216000 192178106214
003164238000 189127164000
003172063016 192103110000
005018000000 192197160104
001007064000 192096159000
001222128000 192233206192
002018082064 192178251236
002016168000 192178247017
005154154032 191102160000
002019007178 192178107087
001178104000 192170156000
002057255000 187214000064
002019118000 192107119000
005187024000 192234105000
005135071120 192178045156
004042072236 192071237000
006072176000 192187031000
001037029064 192235086000
005159236016 192192048155
001023093000 192178253198
002019007222 192178120186
005228000000 192178120103
005053006216 192241062000
005183211016 192178255172
005057038000 192178105164
003169100000 192081067000
004068037106 192198000000
004068068008 192225098000
001208178212 192023144000
005062059070 192204014000
023005000000 192193016000
003165184000 192229108000
002016172000 192218176000
003033051128 192223024000
014001100230 192206028000
003172083000 192082049000
003160212000 192216086000
005196209160 192178071178
003002032128 192207024000
003175064079 192195156000
004016054185 192065185004
005182132000 192178254164
001071116000 192172128000
005003048000 192190193000
008048244048 192238208008
003004015192 192178120250
001074076096 189197176000
004018032080 192178105070
005008019000 192206211000
004068068088 192162180000
020020020008 191111128000
002023104000 192159111000
012107054000 192178105066
005023026000 192240158128
008227141200 192178118000
002021175222 192146169000
004031103064 192178250012
003167012000 190103100052
001007144000 192234100000
002018215176 192193069000
001037034160 192233199022
005144033230 192178108016
005195021000 192189166000
005196253049 192161088000
005249163000 192211217000
002004000000 192178071087
004031215040 192019121000
003104000000 192238212000
012111164000 192077140000
001037036000 192218160000
004069207128 192139040000
005180135032 192233195236
002019185000 192197114000
001018128254 192199000000
001020066000 191235255000
004068111117 192203012000
003004012062 192233000000
002059077052 192189124000
008029231029 192031177000
001213105000 192175227000
004068072130 192214102000
001003000000 192115068000
002017120036 192243212000
005196220060 192211016000
001023120000 192235192000
006044128000 192124060000
002255253184 192094254000
005159208000 192186064000
001227224000 192178243100
004068074000 192233194031
001208114048 192178253210
031056237000 192176044000
002255249136 192178105083
008029109111 192178109024
002018100000 191238224000
001199251000 192189117000
003169034000 192165018000
003161080000 192214108000
005180132104 192212013000
001032212227 192206137000
005042199000 192178068251
004069219222 192092108000
005062060113 192124116000
001248219000 192214192000
002027092000 192088081000
002017109142 192178250028
006064130000 192236147006
003172060000 192203155000
002017109232 188072200000
005196063061 192190241000
002255252132 192234129000
002063151248 192241094000
005053000192 192195178000
023058139228 192136176000
003171210000 192178076128
001032200000 192069246000
002021175004 192178243124
002059168000 192208001232
002019007249 192206153000
002255254208 192076032000
001208179160 192149231000
002058128000 192178249002
004042035021 192197160018
004170000000 191237200000
005196178096 192149243000
001208168231 191196000000
001092000000 192195204000
004002192000 192208003000
002022145000 192178071128
002255249074 192178107220
005010048000 192193164000
005008180000 192050144000
002057136000 192165044000
002021175155 189247118000
002017108122 192132112000
001232246000 192056100000
001009244013 192162019000
004068037028 192135210000
013110050000 192178098216
001208170114 192121150000
002017015000 190196244000
018065152000 192178084080
003033055240 192178106174
008215000000 192189086000
003002052000 192203006000
023012032240 192229111008
004044000000 188137138088
004069000000 192169112000
004034124000 192207088000
002027108000 192040238128
001247202000 192178121102
004068073008 192160208000
002023136000 191007108000
008018120000 192185132000
005039002088 192129047036
004031214152 192080208000
005167192000 192231150000
001025048000 192178245094
002255251223 192195085000
003033057128 192083202000
002058164000 192178242112
001247194000 192228116000
002015000000 192178248200
005053007208 192095085000
001208112000 192197000000
002018212200 192178045224
005016000000 192178255181
004033132000 192065043000
001071104000 192233196089
004068111171 192231133000
005057247128 190108080000
008020072000 192210228000
004068062122 192214109000
005062061225 192178138216
004068038085 192162006000
013033162000 192057097000
002019236000 192178105182
002057018000 192176223000
002056112064 192232066000
003033055096 192110172000
002056250000 192203195000
004004224000 192178254090
005045062201 192178252192
005183180000 192240125192
002255253169 192231080000
005104054160 192152019000
012199024000 192108055000
001037128000 192206231000
001119200000 192178246080
002255249161 192188144000
002057154016 192240102056
001208148060 192170064000
002063150000 192178246048
002021175247 190086083000
005104038192 192178246084
004042096000 192231252000
005053001008 192190238000
005145169104 192178185000
001025032000 192236080000
001208114218 192211218000
004069137144 192118020000
002058002000 190159036000
005133176000 192244096000
005039062000 192229254000
002057225018 192189142000
005129210000 192044092000
013105089240 192226080000
002021116000 192111254000
016240008000 192001123000
002058106000 192150018000
002019099000 190242072000
004068074004 192026174000
002019007112 192061128000
002058048250 192104244000
005187092000 192122243000
004069231166 192054050000
002057225064 192161086000
004068033233 192178247014
008011000000 192067051000
004189000000 192173076064
005011010064 190242009000
001203114000 192189195000
005045152000 192178138032
005159218038 192209008000
002017108024 192178076025
003175122000 192178068248
004068039120 192203144000
002016006000 192219249000
002017115000 192178105048
005062048130 192178158004
001224190000 192199002000
008245014112 192108074000
001007168175 192230105000
005045228000 192210226000
004042032104 192178246202
001178008000 192197178000
004031215241 192178255184
003002075000 192233195143
003005112000 192190135000
002016170000 192178110116
003163250000 192178068092
002255252052 192208144000
005056019044 192234103000
004068074033 192035251000
002018067000 192178068236
005053007150 192185176000
002018214064 192178075056
005062059012 192178252112
008248000000 192233194195
002019007076 192047180000
005044080000 192238058000
002057225014 192150001032
005062057115 192216104000
006050192000 192178106168
003175222000 192188117000
002057225016 192211216000
001010128000 185247228088
001242000000 192216106000
005129188000 192146173000
002017108049 192178110008
002018008000 192178251134
004031212044 192111107000
002018213000 192206036000
008049087000 192099146045
001009070000 192240159128
005062044140 192206195000
013034013128 192193090000
001006000000 192178084178
002019198000 192148088000
008052204128 192171210000
001081088000 192238208064
001177220000 192178244128
001023012000 192091148000
005141128000 192069046000
003174096000 192178083032
002016196000 192101064000
001208170128 187228006000
002017109112 192207237000
012171088000 192175000096
001194000000 192047028000
001018128240 192197232000
003164000000 192178072120
001081032000 189220061000
001213064000 192210210000
004068033198 192178085142
002018210000 192178247176
002022192000 192178249112
003169111000 192178096238
005053000224 192076217000
001208168128 192054137000
005252164064 192169019000
002022146000 192178247130
002019007226 192210183000
004001180236 192107001000
001229202000 192231040000
001179112050 192178045112
003002034128 192101095000
005145146000 192208001012
002183000000 192225171000
005181015000 192173097000
004031214160 192178096206
002058048112 192178107104
005011010170 192178254170
004037154000 192040252000
004231000000 192188254000
004068070210 192034051000
005045187000 192034232000
002016103000 192178110214
005011013048 192234141000
005083120000 192210164000
004068059104 190255048000
008017050000 189196000000
003171160000 192120060000
004068039100 192159082000
005020000000 192178107068
005154236000 192178108186
002021172000 192178243120
003005134000 192218120000
004068075245 192178070116
002020051000 192178254070
002021247000 192194168000
004018033000 188247096000
008024210000 192178243192
005039227000 192178081146
004038229112 192207192000
005062048224 192178249232
007193228000 192178104238
004068039080 192206120000
004068038124 191107192000
002019007221 192178029230
005062058120 192197192000
005039108064 192193144000
005100200000 192178107141
005183211046 192178106008
003004015016 192178106074
005044144000 192178240012
003166255000 191096064000
005038128000 192233192213
004069248236 192178046222
002255252144 192198147181
005180052001 192178241052
005102108000 192178105064
004068073160 192049116000
002058048240 192171083000
015158132032 192233207000
002018213044 192227128000
001009243034 192178122192
005183161000 192178070004
001208112056 192127094000
013107185228 192178075165
001024232000 192142012000
002189001000 192178107033
002255249006 190159068000
004068039121 192178254036
002058166000 192178070230
002188004000 192160130000
005187121003 192244203000
002016202000 192233193080
001209094000 192178074178
002059213000 192020232000
004069231240 192101134000
002255254083 185212224000
003164128000 192178109184
002019007224 189215200000
001032240000 192193178000
005187107128 192235201000
005062059092 192225170000
002021208000 192175236000
001028176000 192178116000
004031208118 192141044000
003002000000 191036228000
004042032052 192195216000
002023208000 192138159000
001023248000 192234158000
002019004116 192158231000
005129244000 192178069148
005023072000 192046111060
012047179000 192185134000
001179246000 192206255000
005042211131 192176171000
002022116129 192178044092
001023160000 192206077000
001227000000 192207248000
002018215096 192178106226
002059053000 192159073000
001187240000 192231089000
003161252000 192233195142
001224039000 192234157000
002255249007 192178028198
005053007216 192178255100
003173234000 192188034192
002255251048 192188002000
002018021000 192178254146
005182107000 192189251000
002021175040 187126128000
005045036000 188116010000
002018249000 192094160000
004042035020 192234176000
002057151000 192053080000
002020196000 190152079000
003005096000 192178029012
005062061202 192234032000
004068039076 192218208000
002058146000 192120121000
005135059152 190213000000
001208112153 192162198000
001018117000 192218224000
002255252011 192035032000
003004012036 192178109094
004034123000 192176043000
005062061073 192197158184
013087128000 192178253158
005053006144 192188034232
004068059000 192178083072
001208112032 190196136000
004069231157 192177112000
005175190202 185221128000
004001117064 192207152000
013226214000 192178082216
004028142239 192103190000
013034017129 192139222000
003166061000 192112066000
003005144000 192178245170
001233004000 192178247020
005062059045 192124194000
008045041000 192210247000
004068070055 192107169000
008023200000 192215192000
005011014136 192189254000
004068110064 192121166000
005196160000 192064202000
005011012037 192153096000
023174076000 192080232000
001186094000 192160016000
004016052112 192229087136
002255254016 190084162000
012192020000 192163148000
002027238000 188231189000
005023002000 192210240000
004028136020 192129047000
002018253000 192165070000
005039063128 192204072000
005063024000 192240105064
002017111192 192001048000
005042180000 192233192096
005196105232 192236146000
004033218064 192241032000
004068063056 192061048000
005255148168 192228080000
004033208000 192225152000
005062043202 192198029000
005154068000 192040233000
003143020096 192199208000
001179002000 192178249212
002255254074 192186191000
012131192000 192136108000
004068039156 192193102000
004068037192 191096016000
001178095000 192050199000
001030164000 192223176000
001208145246 192178111144
004002132042 192233204044
001032205000 192107101000
003004012026 192157159000
005022236000 192008047000
003163064000 192188075000
003173185000 192178081248
002019006020 192046120000
002058208000 192161177000
005196053192 192138030000
004068074106 192178055000
005062034016 192091112000
005135071208 192178242248
002020134000 192178097020
003002053000 192082150000
004001117032 192206236000
001201000000 192051050000
001073096000 192094049000
002018213032 192178108215
002020138000 192173006000
002017109038 192245012000
005011014208 192223224000
001199248000 192178138004
005180135103 192169040000
002188186000 192234002000
004068063011 192164000000
001009241040 192178046044
001209185000 192096247000
001009242000 192210152000
001006232000 192207226000
004068111189 192226064000
003160164000 192172027000
003169044000 192067009000
005062047214 192225111000
003002069000 192241124000
008024202000 192195152000
001245048000 192178073198
002023128000 192005232000
008019243000 192229002000
002021052000 192178254189
004069064000 192138028000
005157030000 192216087000
001208114128 192178240114
001076080000 192080016148
002024000000 192178245076
005010000000 192178087032
002063196000 192165119000
002019007252 192241063000
001074072000 192208037000
006066096000 192238208131
005105252000 192138191000
001179112176 192228124000
003168224000 189233064000
008003073000 192186008000
008034050000 192178248110
002017108032 192155032000
001208146060 192244247000
016012072000 192178244012
001213112128 192210223000
001007176000 192207081000
013104142000 192146122000
002063156194 192178068022
002018212050 192240107000
005231223000 192147026000
001079005000 192147000000
008037165000 192234231000
005182049128 192124127000
013225154000 192226045000
002058215000 192241110000
004068014090 192178241016
001208168076 192178242206
004069235068 192238059000
001082208000 192178111012
014206018000 192075025000
003160088000 192178075080
005008048000 192098050000
002255249024 192233196160
001037069240 192233199076
001032252000 189219056000
002019080000 192149234000
003173144000 192178253226
008035224000 192241044000
005175212000 192178119064
004068062007 192173094000
003161032000 192228086000
001074076072 192198181000
003162242000 192233206225
001032217000 192238004000
005180040003 192030219000
008040086000 192199160000
005039254000 192178099216
004034128000 192178080028
002255253042 192178250192
016102064000 192178255116
002019004192 192190144000
004068063012 192031253000
008021164000 192223152000
001178193064 188240092040
005062060161 192222020000
002021066000 192178254010
002018212196 192219031000
001179112192 192121192000
002018213041 192178081042
005145169000 192197068000
003002096000 192189245000
002018164000 192190236000
001236128000 192086144000
002058252000 185165205000
001007248000 192033148000
001056000000 192178138215
005023024128 192204064000
003043128000 192172032000
003165252000 192193096000
004068074172 192221240000
001194016000 192233199073
001012128000 192233203178
004069246141 192216128000
006148050000 189220144000
001028100000 192178253224
016103048000 192165220000
005062062108 192178108044
005180020000 192170139000
002017080000 192058104000
004001117084 192233199064
001208144000 192121054000
001208114037 192086160000
001052000000 192178098196
005062092000 192164162000
005053004072 192231036064
002017120104 192207140000
001230096000 192178075002
004069203110 192186141132
003165090000 192178244108
005149108000 191241176000
005059108000 192080029000
002022172000 192092129000
002018212136 192178068062
002017208000 192027240000
005053001034 192229087004
004069231192 192178110076
002023158000 192178106070
005100246000 192206073000
004068033204 192160125000
004240000000 192150077000
001079072000 192119048000
001011096000 192195012000
001037035075 192118064000
005196125041 185146249064
005159218096 192198016000
002057120000 192178097088
005053007116 192131084000
005129254000 192195116000
008009128000 192233193033
002020200000 192178084136
005200030200 192178138192
008018162000 192178248213
002018213192 192080091000
001213115145 192190224000
005135048000 192229096000
001079184000 192053096000
008047008000 192178081080
008029228090 192234107000
002017110120 192162132000
001208148220 192230176000
017000017016 192238209016
003166088000 192233201139
001179192000 192178046138
004068063082 192230098000
005252240000 192177008000
001024088000 192109204000
002255253248 192189133000
002182112000 192055124000
005062059009 192193048000
002059076032 189247218000
001230120000 192241126000
004068033226 192211064000
002057214000 192233196188
004068110231 192178069078
005135086000 192178121152
002023184000 192095082000
004068038041 192230070000
002016136000 192178068061
023045022192 192233197080
002018214077 192178243156
004068111116 192206052000
008227073064 192221192000
001208179088 192178121080
001024220000 192193126000
004014157074 192178105040
002019098000 192223200000
001028012000 192208001003
002019005131 192233198142
001007164000 192234159000
005062043194 192195208000
002059015000 192036011000
001020116000 192208048000
003172074000 188095154000
004068062151 192223158000
005187127000 192178098042
008048246236 192194136000
005062061030 192197130000
005135046128 192206118000
017079038192 192195154000
005175000000 192195146000
001209080000 192150234000
001178000000 190147248000
005039050000 192233194116
002255249069 192072003000
008227114000 192241096000
001039072000 192178249070
004034096000 190103105136
005180135067 192133037000
002059010000 192099146054
004068062096 192030144000
008000040000 192208002000
001018128224 192228094000
003002079000 192133104000
002255253000 192231118000
008030209000 192067142000
004068038246 192141040000
005255146224 192229087008
005062049040 185234254010
002058074000 192060224000
002057039000 192178120024
005035160146 192166152000
004031215218 192081075000
006130064000 192238209131
005022209234 192188136000
004068127176 192178074234
001007168160 192231064000
004042072234 192234060000
005175190109 192240100000
001213152000 192184113000
002255249090 192186044000
008029228177 192177074000
002057084000 192210244000
002058176000 192031116000
013227130000 190098156088
001009072000 192178080004
001180000000 192096097000
003002054000 192240176000
004068037224 192198078000
001037034188 192222128000
005152132000 192232044000
002027241000 192131046000
002059008000 192209064000
004068074096 192129026000
005062051000 192178098206
004068068056 192111217000
002037064000 192199032000
005175190044 192189042000
017020216000 192053098000
001067232000 192135118000
002255254064 192178074174
001178205176 192070172000
002016138000 192233207032
008220240000 192042117000
001177128000 192178104028
002022234000 192190228000
008009104000 192243037000
005010137000 192178243040
004069171021 192160197000
002255249164 192189159000
003175234000 192207198000
002016188000 192178046200
001118000000 192171003000
005010138224 192112184000
005053003078 187189094000
005001044000 192178045229
005180134040 192178106064
003163239210 192234218000
004016048014 192178029220
001009241231 192197160128
005062016032 192208001235
008040139000 190242157000
008030042000 190111180000
001186093030 192178099152
006073196000 192196164000
015200000000 192131004000
002017109160 192233195235
002018082032 192235066000
002017041000 192243128000
013033024000 192216060000
008036006000 192190133000
008029228120 192177062000
008048244208 192189255000
005062057112 192223130000
005062062020 192178029219
002019007064 191101144000
002017120106 192243192000
003162248000 192209026070
005039019228 192178120102
004069203120 192104173000
005062049088 192177180000
005253116000 192178084232
002022116180 192207106000
002021175144 192133042000
008236000000 192238194000
001009071009 192145164000
001009071128 192214103000
002018214109 192093112000
008014118000 192241008000
004184048000 192152029000
001037082000 192178122012
001032230000 190121248000
002023172000 192178109208
005008192000 192178240018
001037035072 192178029119
005035170128 192120002000
005056017040 192219001000
023045016184 192178109148
005135030000 192023172000
002063225000 192236152000
002185252000 192207194000
015230117000 192240106128
001194216000 192178044238
005187106068 192076121000
005003038000 192233192112
002183188000 192178107185
001224038000 192178105142
002019214064 192233198144
001241128000 192178251152
001000008000 192234184000
004016055032 189038023000
005183095000 192178251136
001037027128 192225104000
004028138118 192178073037
008042126144 192178080084
004002133114 192233192224
001213151000 192233199220
005180043001 192108119000
005062059230 192170160000
008035192000 192138009000
001009241230 192171106000
001229204000 192206045000
002018160000 192165064000
001255112000 192178241015
001024240000 192159074000
004068073114 188003112000
001177064000 192006184000
005180060000 192133093000
004068110160 192152040000
002189024000 192231036003
002019007048 192184066000
004015023138 192195134000
004016052192 192135185000
005104042200 192197160076
005053006111 192178072154
008008034000 192178072028
001023032000 192198025000
001032224000 192033146000
005011013082 192231160000
004015020080 192178107224
013033161000 192041171000
003173132000 192234004000
002059204000 192203060000
002021175025 192006160000
008021235000 192124012000
013108003096 192163160000
012222192000 192178046236
013034009224 190215230000
003163216000 192208185000
004059048000 192197149000
005039025176 192176104000
005226171000 188121038016
002018211000 192071156000
005105210000 192161144000
002019162000 192190056000
001233192000 192176239000
001023174000 192178158029
005226014000 192234014000
008021082000 192233197060
002059161000 192178104126
005062044020 192178120098
001208170116 192241072000
002255249172 192229150000
002021175141 185127022000
004068038089 192176048000
003164138000 192178071048
008035210000 192104245000
004037154186 192243016000
008024029000 192221156000
002063234058 192104144000
004001116048 192178242246
006065188000 192189212000
005105064000 192178252006
001208112192 192218142000
005183122000 192092155000
004016049207 192190196000
002181128000 192099105056
004198128000 192165219000
004002136000 192142032000
002019004084 192203160000
002058048122 192047112000
005039202000 192084210000
001213104064 192178243240
005154154127 192214114000
002187192000 192178108136
002021068000 192178105204
002016008000 192042095000
002018112000 192187196000
001233128000 192178096012
002016032000 192178080202
004068075050 192237030000
008014201000 188227070000
005135071064 192231209000
002058048018 192237110000
004071153112 192241073000
001247004000 192197158179
005057000000 192178245184
008018018000 192190233000
002182120000 192221152000
001255123000 192223184000
001208178176 192156225000
004001113000 192067232000
001179113050 192178251038
001028008000 192223029000
001025036000 192178069014
013105089140 192238176000
002018215168 192130144000
003164044000 192190131000
005001045000 192178096028
013034012160 192178085124
012035144000 192233197208
001028042000 192173025000
004054000000 192205000000
004001128000 192148243000
012111062000 192145184000
004069180008 192178106136
002018215100 192236196000
006017088000 192121237000
001241016000 192178110144
005135071096 192135197000
005062085036 192166140000
004059180024 192052061000
005255146160 192177035000
001224181000 192165034000
001074200000 192178086016
005062085091 192173024000
002018076000 192203147000
005035220000 192218068000
004068072093 192223009000
002017108056 192178068066
012178146000 190131193000
003175068000 192178029247
001010134000 192055171000
008008092000 192188086000
002255252007 192195195000
002027062000 190242103000
004069171054 192086066000
001006144000 192198121000
004068070036 192234132000
002018012000 192178047000
002016192000 192233195119
001082240000 192225163000
008023068000 192081115000
002255249157 192139088000
005196219200 192198139000
005001003232 192231036005
005039041016 192233195144
006243192000 192178240000
004068063009 192231224000
001245064000 192184069000
005255078000 192138066000
012071144000 192173081000
002022241000 192099106000
005129245000 192178104088
006243128000 192233197160
001208179094 192190001000
001193214000 192234017000
002016048000 192178028160
003162010000 192203226000
001208178214 192121020000
005165184000 192177014000
002057240000 192111008000
001208180000 192133076064
005044208000 192178109092
013077064000 192178255226
001224064000 187151192000
005002000000 192233206128
008008032000 192178029199
003033055064 192165041000
006082000000 192145084000
004068063089 192177073000
015197038149 192178032000
003002038000 192178080012
001179080000 192208001064
002058094000 192178085072
005149124000 192061192000
003173034000 192232067000
023246060173 192147081000
002018236000 192188119000
004243000000 192178105180
003169115000 192147124000
005253083064 192081098000
001075224000 192103040000
004068039232 192231036000
002022148000 192233198164
001010192000 192195107000
001208112048 192187060000
002179128000 188234140024
002255249144 192030095000
005199003000 192210192000
002255254132 192160195000
005183121000 192244224000
002058204000 192149244000
004068062131 192178029092
001193213000 192174110000
003160240000 192178081032
002019004077 192178084084
005053001044 192178246024
001241230000 192178029010
005062049112 192178080018
004069226064 192178104100
004001192000 192232004000
002017203240 192178248150
006066021000 192137056000
005062085040 192178098158
005022160000 192206116000
002255253241 192054225000
001178024000 190255128000
005182023000 192178244068
005104224000 192152118000
002094120000 192178098208
005134208248 189201176000
018245140000 192020246000
001213151160 192083221000
002063144000 192230115236
005187127108 192065185134
003002039128 192100099000
005180101000 192178068139
002255253112 192178086056
002181000000 192178080227
001022006000 190008156000
005039022000 192204192000
002016129000 192178253222
008042016000 192227150000
008004028000 192178243136
008034069000 192237068000
001023133000 192178110194
005053006124 192178255032
004015016000 192238001000
001017000000 192233194112
002179172000 192109086000
005206232000 192156080000
004175000000 192040255000
004042072115 192152123000
001237245000 192178104148
001118037000 192234124000
004001116144 188241003000
005135051094 192036202000
001007168174 192241036000
004008020160 189218098000
002022032000 192108226000
003160146000 192230087000
008040113000 192133126000
002255253186 192231030000
002056159000 192034073000
001225162000 192096184000
003171176000 192178086104
005062058076 192147128000
004068072131 192140230000
001009241032 192165088000
002022024000 192231003000
001208168114 192240102048
004042035046 192121249000
003169120000 192146116000
001021064000 187041170000
002017000000 192178243022
005035172065 192178241096
017000018128 187253253240
003169012000 192178081000
005196162000 192190156000
001065184000 192198174000
004068059160 192178240020
002018241000 192178252252
004069211066 192107111000
004068074128 192152001000
001023184000 192189046000
001238020000 192035050000
002022030000 192178075096
001037027044 192154048000
005039051144 192046080000
008042120226 192163018000
002018212072 192076117000
003000000000 192229087016
001178199012 188131128000
017140000000 192178080002
001073064000 186015150000
001176000000 192200190048
004042035047 192233195140
014192139000 192115168000
012053000000 191096009000
001028192000 192190067000
004038229096 192092100000
005253174000 192219252000
001039192000 192149122000
031014075028 192136110000
003162232000 192144034000
008042068000 192228018000
005189204000 192210249000
008021080000 192178104056
005175060000 191000000000
001022144000 192187000000
002018212073 192095087000
001178205064 192234035000
002016082000 192156072000
001018128006 192233205032
002059117000 192154050000
001118036192 192124182000
004031208128 192178097076
005045096000 190226192000
005062061237 192207158000
001237176000 192178085232
001032212226 192195052000
001178203128 192238020000
003168176000 192070132000
002059065000 192244255000
001238001000 192240096000
002016077000 192230068000
001179227000 190248088068
001030088000 192178072108
005187116124 192178028216
003172058000 192187062000
002023014000 192240106032
003166028000 192065208000
001030192000 192178086118
002017108092 192233197057
005022157000 192178083024
005062085084 192203242000
002182160000 192218016000
014102238000 192184114000
003175106000 192233199216
006067064000 192178028197
003165251000 188057000000
003160098000 192207255000
002052000000 192209026013
004069231216 192146153000
003165221000 192154000000
001082192000 192102085000
004036040112 192178086128
005056021074 192189062000
008005136000 192166251000
002018214032 192102191000
002255254108 192237029000
002059128000 192178096128
001247193000 192176213000
003165139000 192178078044
002057225000 192195098000
005202188000 191005072000
001242064000 192080057000
001011094000 192086119000
004068127000 192178245202
002188238000 192234038000
001007016000 192067159000
005188152000 192233224000
004069170129 192233205096
001208115192 192240138000
004068063073 192198150000
003164189000 192178099114
005011013067 192178254000
002021252000 192178085054
012169192000 192178241206
001022062000 185253159000
001213115200 192153178000
005042211088 192036076000
004068037226 192208001132
001213156000 187018032000
001178017000 192218008000
002020116000 192178255110
004068068058 192178087236
004068127232 192178072240
005039019237 192152148000
003164140000 192178097019
005135237225 192219104000
005180134041 192223010052
002018213048 192149099000
005183155000 192160109000
002017252000 192178240216
002179168000 192175151000
001214072000 192195160000
008038023032 192148204000
004069217088 192236176128
003166206000 192193190000
004068072202 192231194000
004068063152 192232032000
003172064064 192160236000
001018131000 192178249240
005183211194 192159096000
001076228000 192237098192
002017176000 192082136000
005062059018 192068042000
002058210000 192136144000
005056019052 192232062000
003165236000 192231135000
004068038079 192195068170
023134090000 192178242152
008052199108 192178099024
001178192128 192236144000
001237246000 192218130000
002255249047 192156058000
001194032000 192225064000
001248128000 192159169000
002017109208 192197160053
002056188000 192229111131
001023088000 192146119000
005056018200 192046112000
002255248141 192196223000
008014084000 192208152000
002018215050 192228016000
002188008000 192178250232
002152064000 190092136000
008003231000 188165134176
001240004000 192094109000
001237192000 192129084000
001031192000 192093215000
003172128000 192173030000
002022116000 192223138000
005135024168 192178251193
005135042160 192178083106
003160136000 192178111106
001208104000 192197197000
001022128000 188253112000
015230246000 192236147004
001084160000 190214255000
005083223000 192206092000
003161208000 192196152000
013105221060 192134138000
017000169000 192160067000
005062023019 192230102000
008014000000 192189183000
003172063020 192178072148
002255253200 192088091000
004068070196 192189194000
002016116000 192178071244
004019008000 192178093000
004042032064 191218160000
002059218000 192229001000
004068072044 192043189000
001044064000 192178075204
005053001228 192235224000
014032022000 192234093000
002059151000 192178075058
001209028000 192153047000
002063156196 192133070000
002018189000 192086002000
002017101000 192126080000
002059160000 192016145000
008021084000 192198149000
002018215132 192189250000
001208112021 192178240088
004016055064 192178246028
006001032000 192206066000
001071119000 192178029064
004028142236 192178253028
004068037034 192225032000
004068062078 192208001009
001025192000 192206043000
002021024000 192112036000
001231193000 192234106000
005187128000 192206122000
001071102000 192159106000
005135047000 192188151000
005157139000 192146101000
008029231250 192243075000
005132000000 192188174040
002016119000 192209062232
002058048254 192178246152
005062042029 192108019000
004068073240 192109140000
003165096000 192233195102
005140164000 192186141129
005062061098 192184236000
001032251000 192234064000
020020053128 192238209064
003175104000 192233192192
008244138000 192055208000
008018248000 192178071068
005159218118 192230121000
002017108244 192152119000
002018022000 192178243032
002021248000 192188248000
003174000000 192132044000
002255253192 192178244221
001208148222 192178106032
004014157073 192197189000
001179113128 192197069000
017066136000 192197160072
004059213140 192178029177
004069208224 192178072222
001028156000 185217228000
001018128248 192178243146
004002132048 192236236000
003172087000 192178099212
001208178192 192177100000
002023106000 192175192000
005062042039 192178111184
001193152000 185244034000
002017196000 192178240008
005059168000 192178086018
005144112000 192208001192
005039028192 192186029000
005255152128 192233197112
008227096000 192178120084
004068062070 192178071153
001006240000 192207184000
004059058162 192177018000
001011080000 192162144000
005231250000 192203201000
006016056000 192232081000
004004192000 192156169000
004016048012 192189158000
003171250000 192229186000
001213104000 192241034000
002022116144 192237224000
002020015000 192084008000
004068030080 192178240106
002058048020 192088056000
004016054116 192178107204
005144081000 192178246112
002056136000 192178251160
004042033035 192178249248
002255252039 192240125176
002017042000 192189200000
005160016000 192184096000
005135068128 192199063000
004015020064 192178028190
002023210000 192178110240
002021175062 192178087152
003172084000 192126112000
001208178128 192234214000
004036040064 192178244168
001011020000 192119164000
005035160176 192190244000
001208168000 192185085000
001001004000 192163005248
001228224000 192209026010
002016121000 192193195000
005062059052 192178098032
001022064000 192197201000
001004001000 192234155000
001000064000 192235096000
002019007006 192152205000
002019044000 192228028000
004020096000 192245026000
008021100000 192131150000
003143064000 192171080000
001037035076 192233192252
002188007000 192193201000
004001114169 192178110034
001032237000 192189230000
004030176096 192238209136
002255249130 192233201138
005062061025 192233199008
001028180000 192068193000
003005000000 192189223000
002056185000 192191000000
008029231245 192146217000
001022060000 192173076016
001001010000 192041174000
002017109110 192178254072
001078126000 190118128000
002110016000 192109058000
002017096000 192178085254
004068111118 192091128000
001007168172 192178254220
002019006111 192178241176
001023122000 192227192000
005056019036 192237094064
002019005146 192178097032
005059234000 192112248000
005059192000 192221154000
003160034000 190242166034
001208168096 192147014000
003166064000 192101185000
004014152000 192178106086
002059044000 192169126000
002023232000 192233193250
008042126156 192050068000
001032212192 192238018000
005053000112 192150001005
001073250000 192133059000
005181112000 192178070074
002018213208 192232065000
005003034000 192178046216
006014164000 192178111190
005135032000 192244160000
004001117124 192166008000
002017109016 192206125000
004059176000 192178028074
005175159000 189202232000
002063226000 190217127000
001179112170 192178098132
002021176000 191096053000
001232004000 192178243182
005063128000 192084169000
012010040000 192178107194
005181021080 192102040000
001237132000 192198152000
004020073032 190093095000
002018214092 192178109080
005056042000 192203172000
002255249020 192108020000
004069215092 192193089000
005062061128 192207103000
003143032000 192178109244
004068063026 192216136000
003164045000 192145028000
004030176000 192176175000
004069245218 192008114000
008026094000 188075106000
004015192000 192189028000
005102000000 192225016000
002255249182 192197158028
004016049200 185224092000
002056174000 192196246000
004125000000 192178068154
004016054128 192178085208
001018128096 192233201144
002255254041 192178105186
004001117096 192169018000
004042074172 192178081074
004001181000 192136111000
003005176000 192222010000
002021242000 192178241100
001237016000 192178246070
004069231172 192109042000
008026112000 192216208000
008242050000 192211012000
002021175054 192178104078
005253114000 192156188000
004069231128 191096095000
002018212064 192178099054
001007168192 192178108148
005153160000 192178086232
008037188000 192145068000
005062060045 192178075206
004068110060 192178120027
001238000000 190184000000
001208148032 192190010000
002185248000 192134208000
005226156000 192178099080
002016153000 192088109000
003174208000 192229110000
004059177128 192203134000
002255254070 185205048000
005145178000 192195068128
006141224000 192225024000
002016001000 192178087160
001208148120 192178099018
001037028000 192245019000
004068073012 192157025128
003169124000 192112096000
004068063024 192178110060
002058048079 192178245154
005062061158 192175172000
002017109216 192238208144
001208170120 192121004000
002056112008 192178097146
001023064000 192135138000
002255254028 192178029246
001075016000 192162204000
005150008000 192157064000
001241008000 192206200000
004068063200 192178200000
001208168080 192160065000
002017109036 192178241086
001208152000 192189236000
004016052000 192178250090
002019007074 192238208130
001074208000 192216084000
002022020000 192099144000
005008078000 192233205128
004069215030 192160147000
002021175000 192178240072
003174233000 192221153000
002021175220 192193181000
001186093016 192240125064
003163237000 192233206236
001024048000 192178073032
004068068120 192178081045
001255192000 192206171000
004069223195 192237073000
018244056000 192178241152
004026189000 192233200224
002018052000 192233193087
004068038087 192234059000
004068062040 192178241124
002022254000 192207038000
002017064000 192178069103
003172005000 192146028000
002021175128 192233203177
008020008000 192121134000
001208112023 192194144000
001081096000 192197160016
002022016075 192178044240
004042073084 192178044099
005053006000 192178068210
005062047196 192178072104
001007162000 192188048000
012231166000 192178045032
005231239064 192178121092
002016009000 192211043000
002017109224 192233195234
002255255000 192175142000
013034062064 192171084000
001230064000 192178250170
002255248149 192195114000
008024087172 192178068080
002255254121 192178253120
001179216000 192223159000
001076224000 192198188000
005135067008 189247045128
002189069000 192171112000
002060000000 192243086000
001037029096 192142226000
005039041024 192178248100
002018214236 192159130000
013105015040 192233207040
002019005147 192169160000
001238027000 192103047000
004068110144 192225153000
001178192160 192203198000
002019196000 192218001000
001179112144 190086022000
001208172192 192107238000
008047145080 192178106213
004068038231 192233203180
002022016128 192178110220
001208147000 192159124000
004020073016 192088007000
002021175120 192238216000
013104255016 192193015000
001209090000 190103103096
004069231233 192178099172
002058175000 192072016000
002255249001 192171100000
002058048174 192232128000
004033160000 189222248000
005062043127 192178254188
005062019000 192203001000
002023130000 192131192000
005003041000 192073046000
002018214128 192237016000
001023180000 192233196090
002017102000 192108102000
005059100000 192004064000
004002133120 192133088000
002255251187 192033167000
003174112000 192108230000
001023008000 192178245072
003163096000 192231255000
001022011000 192227204000
004069202144 192189149000
002063170000 192178084068
001213115207 192195183000
008227073090 192236240000
001079128000 192234164000
003003016000 192178254017
002057180000 192197155000
013226128000 189035208000
001239064000 192209056000
008024176000 192176042000
001179160000 191223128000
004016051024 192234140000
001004016000 192178189000
002021175090 192195240000
002016010000 192219244000
005159218106 192112164000
008045125000 192238027000
004068073138 192234255000
002017203248 192184112000
001237005000 192178253016
002255254080 190211172000
004069208209 192178247042
001248192000 192135098000
005252071168 192237074000
005059112000 192206009000
005199037000 192188241000
004068111224 192233203128
008018040000 192233196128
004001114171 192033012000
002017111206 192178046248
004068127017 191101167000
004028138084 192223150000
005039011160 192237104000
001039096000 192092234000
004068127031 192178254104
004042074096 192208001136
002020156000 192229129000
001242016000 185153149030
001119205000 190217026000
002255250012 192178252196
005028000000 192178028098
001245032000 192162212000
005196097224 192178248218
002255248032 192234078000
004068068048 192233197152
001009241240 192153212000
005027096000 192050232000
008026096000 192203229000
001023092000 192233196000
001009244052 192103123068
004068070074 190196025000
002056036000 192174112000
002063151224 192178249210
020139032000 192119096000
002021175170 192041164000
012219040000 192012166000
001084192000 192065185140
004059176197 192207078000
001187184000 192112088000
002017108078 192189128000
002094207000 192195064000
001208147170 192230106000
001037069128 192222002000
004016054181 192207173000
001037080000 192122150000
003165142000 192175124000
005011012211 192178108152
003171179000 192178084128
004068074195 192195068168
001020067000 192175166144
001000197000 192178240104
006016000000 192085231000
013034003046 192198148064
001193219000 192178254152
001023004000 185128072000
005154046000 192040239139
002018212071 192178249020
003163033000 192177156000
002016035248 192178071113
005045201000 192238210000
002019004092 192197225000
002255249192 192056196000
001000018000 192210208000
005175223032 192206182000
004015018064 192235112000
004042033188 192065251000
001023114000 192150085000
001038209000 192178045184
004068074102 192210172000
001237181000 192178029024
001004032000 192178075008
006015102000 192214128000
004069180064 192178106246
005059004000 192166104000
002057252224 192147112000
008005005000 192137099000
002056112000 192206218000
001249110000 192189155000
005062042096 192236065000
002027104000 192166242000
002255249083 192178241098
004068063087 192178072140
001074076000 192230107000
001214093000 192187139000
004069223244 192189004000
008029230096 192178078034
001118003000 192178244096
002017109146 192104250000
001208112082 192236147008
002019214032 192109123000
002020056000 192212012000
002255254040 192069118000
002059104000 192115180000
005255148213 192234006000
002112000000 192101043000
005053003192 192207054000
002255250032 190159116000
004036040019 192231175000
002017110176 192064205000
008029230152 192195144000
002023097000 192178081108
002018214144 192178120104
005183144000 192173073000
013248074000 192178148000
001231200000 192064197000
002255251190 192207228000
006052000000 192178247124
002059248000 192188170000
002021175135 192231124000
003004012032 185206226158
005172178000 192186190096
006064096000 192219248000
004015018000 192195236000
002058249000 192178254069
002022076000 192178243114
002255251212 192178243110
002255255192 190061064000
004034000000 192124015000
001078104000 192178248250
001244196000 192153008000
002185192000 192096103000
001009096000 192189161000
004001116060 192001203000
002019007160 185252012000
005010138216 192233197032
001237136000 192178107126
004036040032 192187029000
002255248150 192195243000
002056056000 192243064000
005062043220 192195072000
004068063057 192218015000
001208179176 192178107096
005056017016 192233193088
005053007238 192178108187
003164123000 192233200152
004025024248 192241092004
003175058000 192165094000
003172046000 192193202000
004069137027 192178255204
003174121000 192047038000
004069223222 192190204000
005226015000 189051156000
002022054000 192178255200
002019250000 190225176000
003002044064 192188034236
004033130064 190127249000
002255249106 192156228000
005135038191 192160003000
003175059096 192233207048
006073223000 192093248000
002020249000 192147210000
002021074000 192178247158
004042075168 192178097044
004068074006 192135146000
002017111064 192109041200
002018213186 192208024000
005187116160 191097068000
008002072000 192071026000
012015056000 192126062000
003169130000 192188187000
003004012000 192178158120
004035096000 192006142000
008047149000 192024106000
005180224171 192236216000
002057208000 192137062000
005104042004 192178110236
013106239176 192177004000
002255251254 192178245198
003164169000 192189192000
002057149000 192133250000
013107185184 190014116000
001018160000 192203033000
002017168000 192100016000
002017108085 192178099146
004068075071 192233195134
001022032000 192235084000
004015018113 185221069000
002015193224 192195196000
005062060144 192178070094
002021175161 192189120000
002189075000 192035051000
018245245000 192208000000
002020109000 192040201000
001255031000 192165012000
013106210120 192054196000
002017109056 192206235000
002018082128 192133016000
002017109029 192178072066
003002042128 192153117000
005154186000 192233196176
002017109034 188213004000
001178205128 192071229000
004031215000 192178246030
005040254000 192193112000
004015020068 192157078000
001023014000 192178252144
002255249016 192178242177
002255254128 192178240083
004015021124 188231246000
001208174000 192188070000
005183211028 192178071236
002018214216 192145251064
002058020000 192057119000
003002067000 192229224000
002136000000 192068068000
002020040000 192028136000
004068072203 192178098134
004069230016 192178243122
001030048000 192178099188
008007223000 192178096184
004016053032 192178065000
004031208049 192178250212
001178112000 192178046048
004068038073 192055092000
005231255000 192152248140
002023088000 190143192000
001007028000 192082141000
004059214188 192240200000
014056152000 192207104000
004069231197 185234215000
005053004048 192178111192
005062061125 192096160000
002255249017 192177121000
005159056000 192065213000
017079250008 192016167000
004042075028 192022096000
002189044000 192178080042
001244000000 192197209000
008038072000 192203247000
002255249151 192178107144
002019006108 192178107140
004004193216 192189052000
005199010000 185207116000
005227064000 192178108154
002016015000 192236198000
005181021128 192233205072
005027064000 192203146000
002016034000 192227144000
003166027000 192240144000
002016244000 192178073120
001075196000 192236068000
005062059068 192178073250
001176128000 192193187000
002015200000 192233207128
002016180000 192148193000
004069171047 192049068000
015089171048 192178120100
005196053128 192235108000
001011008000 192188148000
005231058136 192178098052
001007000000 192219242000
004069248160 190141173000
002059077048 192178107152
004069215036 192178242184
005132156000 192158046000
004036040128 187041235000
002057244000 192178248082
002027100000 192178111024
001032218000 192178248106
002094016000 192203082000
004015000000 192066004000
004068070116 192243091000
003165028000 190221040000
004231128000 192186160000
002017110128 192207246000
013034099064 192227107000
002018214232 192206051000
001065176000 192036027000
002255254030 192177143000
003161070000 192161063000
005053003104 192240156064
001023026000 192237112000
005200030028 192240105000
001208112016 192235068000
005179016000 192225112000
002056027000 192218088000
002057225028 192193042000
004069215200 192178252000
001022216000 192178243076
004068073184 192178244116
005062063200 192084104000
002019010000 191096076000
005231248000 192130152000
004069208056 192193161000
012046176000 192178105052
002057100000 192228004040
005062086040 192178246016
003033056000 192206134000
001208112024 192154010000
001213153000 189243064000
001076240000 192211054000
001038208000 192178120020
002018024000 192147171000
005053003143 192178074156
004068039219 192178087222
004068075199 192233199017
001037029000 187248071000
001239008000 192203209000
001018119000 192219228000
001208148208 192178097166
002255253220 192178074172
004001082034 189247037000
003161103000 192178248074
003174092000 192240040000
003168204000 192178097034
001021160000 192208001160
005044058000 192178254126
004068036195 192195068172
017077132000 192174008000
002058254000 192228122000
001022036000 192233193224
002021175240 192092008000
004068074008 192118048000
003165088000 185242248000
004015017208 192178082067
001006226000 192195086000
002255252128 192091174000
001208148224 192067059000
005057048000 192147250000
001208168228 192124047000
002017162000 192178108020
001244208000 192115128000
002017200000 192229021000
004001083000 192121072000
001213112232 192225063000
005035160066 192033238000
001023176000 192052171000
013104096204 192188228000
001032226000 192160070000
004068033128 192190098000
002057154004 192178247248
003165154000 192236012000
005062058130 192178099004
005083046000 192237090000
002056167000 192056206000
005249232000 192195186000
008042028000 192178072087
004016053168 192092142000
001228240000 192178255196
005149240000 192137144000
002018124000 192187160000
001038248000 192091142000
002019004078 192031098000
001016064000 192233199218
008039214000 192233195104
005039038000 192178045240
001023028000 192107145000
001214094000 192175166136
001007108000 192233194096
005056019192 192154017000
001009241227 192178244104
002017110032 192076232000
006048040000 192170027000
002058171000 192055232000
002021175168 192178074151
001009244056 192200148000
003162076000 192225106000
005062057098 192160234000
002056010000 192178108180
004002144000 192165224000
001193160000 192238056000
004068074168 192178097156
023160123000 192238209002
002255249152 192124024000
001079208000 192178086200
003004015168 192207047000
002179192000 192151176012
001023087000 189125243000
008030120000 192170022000
001193208000 192234135000
002020180000 190187041000
017001136048 192193160032
006065160000 192227190000
002020008000 192233207036
005151192000 192109041080
008244128196 192187028000
005044096000 192161191000
002058172000 192093122000
005253077000 192178080000
002063156212 192208001014
003002098000 185161064000
003175065000 192195226000
001044032000 186211121000
002255249026 190015068000
008029109065 192124246000
004019032000 192198147176
003169072000 192036069000
001030040000 192178121132
002063156192 192178111002
002016228128 192188114000
002255254097 192236232000
004069215053 190004184000
008017061000 192178086042
004001082035 192195235000
008029231253 192208001152
005143180000 192092086000
005053000138 192198147160
005254005000 192193142000
005255147233 192207220000
005180228000 192210220000
005135071202 192156064000
005011012032 192175241000
004014158000 192227250000
003160072000 192111208000
005011008208 192232060000
005151254000 192012243000
002016171000 192178244172
005062061184 192232040000
005183112000 192031101000
008049216076 190182161000
004037154176 192190018000
005255150064 192162062000
005023065048 192178240206
002018196000 192178247240
015040083000 192230128000
001022168000 192178044110
001255077000 192189197000
005196253180 192178243048
004015020000 192237107000
003166040000 192075058000
006064008000 192178099176
005231238000 192114096000
003170210000 192231144000
013106210024 192218072000
001187000000 192178121056
001007151000 192178255224
004020073064 192178254009
001238014000 192178249158
004015017203 192178247040
004004193209 192233201140
001079032000 192225057000
001231022000 192135117000
001208169064 192109041232
004068062018 192233205048
023148036000 192178029132
004004193192 185251088000
003165217000 190185157000
013105020128 192130157000
004069248032 192073013000
004042033096 192166254000
017000016128 192200060000
001037068000 192178242012
005255140000 192100088000
002021020000 192135145000
002019005152 192189146000
005182130120 192238195000
002016012000 192234174000
004002128000 192178121212
003165026000 192223102000
002023084000 192178121052
004069140128 192218128000
001178203030 192178074152
004068070097 192111124000
005196053224 192083104000
003004012015 192178085000
005062063140 192178248234
001178193096 192203104000
012133112000 192178078132
001022012000 192178120082
002059076016 192156096000
001030032000 192175176000
001213148000 192178070072
001231192000 192203039000
003174142000 192197158160
002021044000 192178250096
004068073062 192207028000
005062061018 192210211000
002021013000 192135180000
014102168007 192232100000
004068033230 192175000128
005011064000 192211055000
003163015000 188137136000
002058199000 192223178000
004016053172 192178084180
001009068000 192152064000
005045200000 192165234000
004069207076 192234234000
008035160000 192221248000
002057160000 188086030000
002255254055 192186136000
003102000000 192166127000
005053004104 192036114000
005010232000 192178251234
004068063119 192142005000
005134064000 192233194120
002057220000 192071220000
005182086000 192178109096
004069171046 192084048000
004042073164 192176138000
001248096000 192163005001
005011092000 192227108000
001244200000 192186144000
001120000000 192241101000
012017116000 192206095000
008040222000 192234205000
008245006000 192233204042
005180081000 192173014000
005252116000 192231010000
001023060000 192232052000
001179113065 192178109006
004028139208 192178243212
004069200032 192178080048
001028240000 191101134192
020033061000 192234104000
002188064000 185247063000
008028004000 190242182000
002017109200 192178243064
005035160184 192153130000
013034009196 192178240094
002255250209 192210046000
001073076000 191024000000
001209204000 192204160000
020135096000 185144087224
004042074168 192195068248
001233008000 192245032000
008043122000 192178096248
004069235160 192178247096
002188056000 192240125160
016131004000 192206086000
004069226253 192189253000
005028192000 192178240251
004033218016 192102238000
013077000000 192031000000
005062060004 192178107088
005011009000 192233207144
008009160000 192178096084
003163252000 192227146000
005042112000 192084007000
001023094000 192190088000
005144131000 192076222000
005042211118 192233196004
002110024000 192178158112
001208114042 192108192000
001023224000 188072224000
001022238000 192041218000
005053004179 192206078000
012198058000 192193197000
001208112224 192124064000
008020039000 192141166000
004069215192 192048146000
003165076000 192170016000
004068039144 192178108030
008009252000 192178120058
002078044000 192124232000
001208120000 192108030000
004028137000 192225128000
004068127145 192233199080
002016030000 192144040000
004031215064 192231036200
004069220128 192178254176
001255232000 192149121000
002018190000 192188081000
002057225072 192207227000
003162151000 192178242194
004016051028 192109209000
005022168000 192178252128
005135214000 192178240122
005083153000 192228019000
004068073036 190211080000
003162080000 192233196081
001178068000 192153052000
005104042192 192110000000
001179113064 192151108000
002022016000 192109090000
002016158000 192012081000
001237008000 192222012000
002018041000 192223149000
001074076128 190242196000
013107185124 192189199000
001209184000 192048035000
013105015076 192149130000
008022190000 192122144000
001037074000 185228133202
014001078000 192203142000
001022022000 192240032000
001208146128 192232056000
001244120000 192178029210
001178203024 192088102000
001009241048 192178044134
004068071033 192080204000
001001112000 192025023000
003164004000 192193244000
005062061046 192178046220
012192192000 192229170000
004016054056 192178073024
002017109188 192091178000
003164235000 192229240000
004001114048 192115216000
004068037041 192156234000
001247203000 192178255168
013105102064 192214126000
002017111152 192088196000
002017110124 192178078192
003172066000 192236004000
005059101000 192189079000
002019007005 189255000000
017000015080 192203116000
002018212230 192178251218
004001082012 192001160000
002016242000 192178241108
004069232000 185251248200
002018180000 192234183000
004068073136 192237094128
004059178056 192189180000
002019006000 192219120000
003171248000 192203118000
004068111196 192177078000
004020076000 192186141128
005151120000 190115020224
005045204000 192207185000
004069249000 192178250080
002019007242 192178244150
002255254244 192147023000
004068062167 192232048000
001235160000 192178109062
004068030086 192178097172
013105164192 192141180000
005136000000 192178252198
004068014091 192190102000
004068073134 192178086203
004016054228 192178082118
004059178032 192151132000
004028138088 192207075000
005053007043 192114128000
003004012055 192178070210
001001127000 192178068054
002255254096 192178110198
002019006222 191096236000
002017108077 192122131000
003033056128 192178247002
004042209232 192206015000
003002057000 192178243180
012226088000 192233193000
001028000000 192178245226
001208112156 192178246225
001009246000 192178099248
013226132000 192216140000
005187114000 190124064032
003165075000 192178108046
004021000000 192234217000
005035170064 192178068140
001037027042 192189082000
008008192000 192219020000
004028139063 192233194200
004015018065 192165009000
012003041000 192198147184
005153104000 192147058000
003171247000 192031036000
002019178000 192178072146
005053001200 192165005000
004001112170 192178244178
002017136000 192236088000
002021175189 189138160000
005180224170 192206107000
002027000000 192178028031
003170211000 192157034000
001071064000 192178045104
001007168168 192048098000
002016035250 192223055000
008244128200 192189246000
004069231253 190123016152
004069206000 192150196000
005196184000 191096194000
001214080000 192173022000
005053007044 192227064000
012192200000 192177084000
003162180000 192234194000
002019197000 192197158016
001194120000 192207144000
001178199016 192231212000
001232188000 192138205000
005196253162 192178045194
002016200000 192233194128
004068070114 192178179000
004001117080 188246252000
001001064000 192178046147
001245049000 192231248000
002056246000 192188173000
004069223212 192160172000
008245018044 192103130000
002016019000 192035150000
008015022000 192148252000
003044128000 192160068000
002063234032 192188052000
004042035116 192178242008
002255254228 188233192000
005062085119 185089248002
003161128000 192178255021
001007182000 192178121089
004016053184 192231057000
004069246136 192178250076
005010249000 192178158024
004068062165 192115084000
002016154000 192160072000
005056016002 192120058000
005042126000 192109049000
004068074207 192149062000
008025027000 192178082172
004068062224 192164096000
003165064000 192178124000
004028139088 192233198016
001007088000 192078137000
005056020170 192238200000
002016074000 192071064000
004068062112 192200056000
002019179000 192178245232
005101112000 192237070000
004028000000 192178104150
005061088000 192078244000
001208145192 192178250134
003004012022 192189053000
005044188000 192178105024
002019006040 192176172000
002059059000 192108240000
005034248068 192178252002
001022096000 192178240236
001208114192 188229096000
001208148048 192234024000
002019005048 192232084000
001011092000 192133076212
005255148106 192108232000
001179112056 192175076000
001075202000 192146254000
002063171000 186047000000
001208178216 190108196000
001032222000 192234222000
002016011000 192083206000
004068071120 192154067000
002255254098 192153190000
002017012000 192223119000
012014136000 192154214000
004028128000 192136134000
003174144000 190124026000
005231239000 192154224000
001023208000 192144008000
005189208000 192178244056
001071096000 192151176032
002057024000 192162200000
001037072192 192080092000
008033131064 192178028066
004038229126 192055014000
005062061240 192076070000
023128112000 192178247154
003162048000 192233196112
004015018086 192178084190
001203120000 192178241252
001007026000 192104224000
008031160000 185235212000
005062061113 192075107000
001208148112 192178240010
005226138000 185236096000
008038222000 192230100000
001208114032 187179014000
002022116169 192035229000
001178180000 192206002000
001018128128 192124183000
004068073203 192061088000
003174106000 192233193128
031025224064 192178107078
003005140000 192200062000
003169136000 192178081214
004016055128 192067098000
001030168000 192200096000
004015020084 192178069068
002255183108 192210161000
005187121032 192225059000
005053001204 192197112000
004015018096 192178068050
002110020000 192178110248
001196000000 192165042000
002057017000 192209026016
005045039000 192178098068
001020080000 192216192000
002016090000 192178249001
004001114052 192193174000
005042211016 192243082000
003175221000 192178111085
002018084000 192156166000
002255251208 192178029231
001178026000 192126001000
001007168000 192160121000
008227072064 192153112000
002023016000 192160036000
017079160000 192067134000
002059124000 192178110154
002022018000 192178255076
012222208000 192178121077
001208148096 192236121000
001208145245 192231152000
002058213000 192233202192
004002133096 192178120094
004069226024 192228102000
001009244080 192178086153
002018011000 192152252000
002180224000 192245011000
004069231188 192178240244
004016048226 192200190064
004068063052 192178245148
002022044000 190112168000
005104049160 192178075236
005062085042 192127021000
005011058000 192178086222
012005064000 192208036000
002017109187 192134164000
002017109233 192228128000
002019006160 192176127000
008038152000 190212064064
002057252251 192109153000
002021175217 192178087064
003174254000 192203139000
002063151192 192193231000
005062061172 192151086000
003002092000 192178215000
006065058000 192203166000
005175190136 192178028036
001025008000 192178249087
001242006000 192178104020
002188160000 192044011000
003168188000 192225175000
001009241036 192178249129
003169066000 192233195101
001208113064 189126000000
005104049128 192178069225
002017120112 192200190000
005181015014 192178029105
002020228000 192210044000
002018243000 192166032000
004069223146 192178029166
001194208000 192178240220
001177192000 192178025000
004015023192 192233198032
002017108016 192216107000
005045062112 192054031000
004059178064 188144002096
002018215163 192178116128
002255254048 192190252000
005053007176 192233195133
003043000000 189201112000
005175190188 192208001008
003169088000 192178084242
005175190132 192197156000
002027086000 192178111099
001178007000 192193122000
002023160000 192228118000
008026236000 192212008000
002020070000 192197158178
005181015016 192001064000
001020119000 192197158180
004025025000 192178081252
004031213008 192184008048
004068111169 192228105000
001006138000 192231143000
004028232000 192230112000
005196253161 192178249080
004031214224 192178087056
002018096000 192172016000
005230186000 192240192000
002020188000 192189016000
001000198000 192040230000
014036211000 192225169000
005135059118 192197184000
004059177112 192124129000
002017109064 192043144000
005254030152 192103178000
001230198000 192190154000
002017110048 192148108000
002059076112 192178245208
005062085166 192178046148
004015020032 185232150000
005196238192 192233206228
004169000000 192197172000
005253137000 192198138000
018173047000 192206093000
005144181000 192178109218
006126032000 192178242000
003160144000 192230124000
001178202128 191238072000
002021175243 192012252000
001208148117 192189074000
003163233000 192139151000
003172006000 192229087128
005062061005 192031200000
008023247000 192132046000
001241252000 192178046192
005231058144 192178076036
004028142160 191243004000
001236220000 192212064000
002017108086 192233201026
002019100000 192225168000
004068110032 192178099078
001236224000 192160205000
001044097000 192005108000
002063228000 192107172000
004068071096 192112160188
005199021000 188241211000
002017110076 192178255090
002255252004 189247253254
002018215136 192228089000
004069231184 192206115000
013227192000 192206044000
002021231000 192222096000
004059178060 192230115128
005135070136 192173098000
008039173000 192107234000
004069064215 192166102000
005154178000 192195108000
012018064000 192185002000
005231093000 192178087072
005008068000 192178188000
001073248000 192227184000
005182062000 192121247000
001009071008 192237088000
006141249000 192023186000
004069223136 192178255182
001079176000 192178083090
008011224000 192070170000
005183211182 192178071090
003163072000 192019147000
001081000000 192178081162
001208112240 192178098096
004031215128 190008092000
002063151096 192233200192
003161067000 192141208000
002017111080 192241080000
012161104000 192222026000
008245018064 192178254108
004068070022 192178254187
013224189000 192016088000
004069137160 192178045134
005059105000 192178098000
003165043000 190120230000
001039184000 192153183000
012226092000 192178242181
002059219000 192146218000
008029110000 192103224000
001007025000 192019218000
004125128000 192193140000
005062062176 192034192000
004031103000 192235104000
004069227004 192176229000
008039207000 192086027000
004031216000 192195068169
002016130000 192184008032
002021028000 192178241192
002255251245 192230125000
001032000000 192178098102
003164200000 192111215000
003002062000 192150147000
005053007096 192185184000
001194176000 192189096000
005039120000 192236024000
002017108111 192035181000
002017111224 192240118000
004029000000 192154035000
005129184000 192178207000
001179072000 192233196100
001026000000 192238209144
001067192000 186086154000
004028138128 192240102128
008017066000 192185078000
008225100000 192178245228
002018212159 192233201024
001224128000 192185158000
002021160000 192234128000
003169000000 192111030000
004068062237 192178244158
004068063064 192233201076
003165032000 192178099112
004042192000 192178111030
004038229000 192195042000
002017110125 192178078113
005231126000 192178245132
001009071015 192146149000
002017110013 192230110000
001037072000 188213219000
005135237226 192166154000
005053003227 190111060000
002020014000 192178250214
002021175024 192178248222
002023098000 192229216000
005032128000 192054205000
002058232000 192193049000
008225162000 192178253220
002017110224 192105248000
004028136170 185045040000
013034020160 192071216000
001022148000 192178246122
004016053188 192229087129
005062042038 192178080250
002019006220 192178250078
002018064000 192139199000
005010227000 192138209000
004036129080 192193115128
005003049000 192244196000
001208168116 192234098000
003163239056 192156220000
001178032000 191156220000
002016246000 192201000000
003002086000 192178084112
001225128000 192178243072
004001180128 190105182000
005150168000 192088212000
003172018000 192195173000
005105128000 192166208000
001208146064 192178071152
001247128000 192067076000
004068072078 192178254006
002027128000 192231243000
001002016000 192173080000
003005224000 188043009192
005011008176 192233196044
005196105240 192228076000
002021175204 192129046000
005183248000 192189027000
001009241160 192178075048
004068073007 192111113000
001214076000 191223016000
002255249133 192076118000
002189184000 192178253152
002063238000 192227252000
003172067000 188130223000
002017203250 192111213000
005042211129 192225161000
001007148000 192161180000
003166222000 192238021000
004001114160 192189112000
002063168212 192108189000
008047148000 192184005000
002058098000 192178248151
002019060000 192231210000
002020182000 189219020000
005180054064 192233196184
004042035044 192207077000
002021114000 192109252000
004036136000 192218032000
005053006072 192178121136
005056020040 192178242034
005062058196 192233198056
005180227064 192178074028
004042072136 192028072000
023056012000 192077100000
002255254071 192233202240
004068074217 192238222000
005104048080 192172251000
004068074069 192198080000
001208113128 192227106000
002057253000 192227000000
012149218000 192178028021
003175064078 192197160000
003002042000 192207120000
002056215000 192203244000
008047060000 192236078000
001241002000 192235076000
004068111176 192178081022
002015196000 190150196000
001213113021 192109195000
005011090000 192240130000
003174061000 192209026224
008021176000 192120015000
005135001232 192177026000
001009241094 192150001004
004001112018 192139000000
002063156000 192232008000
004069171016 192100065000
002017218000 192178029070
001194024000 192234196000
003172100000 192240125128
003173186000 192233196096
004068111069 192164024000
001030000000 189038000000
005053001072 192075100000
004037154130 192206222000
004001116064 192241093000
006126018000 192188175000
002023200000 192129001000
005045242000 192195151000
001228192000 192178254068
001037069234 192147219000
005034248008 192138251000
004068039213 192149015000
001000017000 192234248000
004069239000 192238164000
002059112000 192188177000
002059228000 192175208000
003005212000 192189221000
003005172000 192207115000
001213112226 192178044192
005200030176 192091185000
002021175022 192178249254
004028139128 192209002000
012013035000 192142230000
004068070113 192233199192
001222000000 192190122000
002181194000 192109115000
002022116128 192230032000
004069239128 192056112000
004239000000 192178249032
002027251000 192188184000
012109110000 192112047000
003169064000 192197071000
008029230149 192188190000
003041128000 192178045140
001203115000 191101062000
002021175214 189215208000
004001114137 192178029076
004068110136 192178107004
001037016000 191217192000
003168173000 192178085228
002056245000 192186140000
003002080000 192124035000
001208146048 192224000000
008029228180 192104239000
002255253168 192237089000
002018125000 192178099104
001009240000 192178250114
002018212060 192178249168
002094183000 190143024000
004068075052 192234241000
005056019008 192178254116
005062059096 192178075208
004068014092 192023192000
001213108000 192178086187
004016050000 192178240016
005135028072 192178094128
005135026192 192233205160
008020184000 192178111033
001179222000 192203193000
005104016000 192091252000
005159218065 190011144000
002255254176 192188112000
002059056000 192169037000
002056118000 192233192120
005254031096 192231002000
012181161000 192231088000
005154131000 192178074240
005035170160 192048022244
002255254042 192221155000
002021121000 192196168000
001186093064 192178046100
001028140000 192112160224
001208106174 192207163000
012007028000 192233196088
001007001000 192225028000
005062061218 192080017224
005135001160 192206244000
002058048078 192033183000
001208112053 192230080000
005135197128 192178087176
017066184000 185242003064
001230202000 192232043000
004016049236 192203016000
005154154096 192171008000
005128000000 192178069156
005062063184 190098184000
001076000000 185195138000
005062060141 192237124000
001001012000 192196032000
004068111128 185251164000
005135042000 192197182000
003164032000 192178242072
012048112000 192234080000
001008010000 192154078000
001000020000 192178087220
001179220000 192178252242
005135211128 192197060000
001009071064 191102224000
005149150000 192151096000
004028139032 192229124000
008034026000 192153050000
001178205000 192231221000
001022003000 192178242086
002057059000 192164176000
002255253113 192233201116
012010108000 192100248000
001020068000 192232001000
001007161000 192139119000
005010217000 192209001000
002018215128 192234145000
001213151188 192229111064
003005056000 192199008000
004069221244 192178208000
004028142180 192152015000
001214096000 192109176000
002255253160 192231217000
001209093000 192209026240
001186128000 192121211000
012157158000 190109008000
004042075180 192230115224
006148115000 192243225000
002027246000 192241108000
004036040132 192195109000
005132192000 192190190000
002059188000 192188055000
004042032128 192178028108
008026092000 192083122000
004002133116 192241128000
004068074196 187188155000
001010160000 192207033000
004068110055 192031204000
002255249110 192228066000
002017109030 192207056000
004068015233 192233197224
005104049064 192178255088
002059077056 192151210000
003164185000 192184067000
003172104070 192109096000
002057056000 192178092064
002017109104 192178098120
004036040044 192152248204
005023009032 192234034000
008022084000 192233198050
002017110100 192178105010
003173012000 192113080000
009009009000 192232116000
023128186000 192178085064
001039176000 192178109236
001000200000 192142021000
008227116049 192178222000
004004210000 192233194192
002021080000 192174070000
004031215048 192207021000
001009241173 192193058000
005062023014 192178248236
004068070136 192148104000
002018212120 192231104000
004059177168 192147192000
005143239000 192178029147
005011011064 192203044000
004069217128 192103145000
002018077000 192193004000
004068072132 192233196016
001179112172 192195188000
008017198000 192129047128
002016174000 192233196038
004068127236 192030200000
005144184000 192066038000
002255253166 192206141000
002110064000 192189095000
005010196000 192178248047
005180092056 192234253000
001007232000 192178076022
004069206160 192178104252
002018215064 192210002000
001254230000 192139202000
002017047000 192163020000
002058214000 192139200000
005255148036 192178070020
005196171051 192139134000
005039017128 192156134000
005165128000 192238019000
005188168000 192097219000
005187127248 192178251252
005062061174 192178029208
005159238019 192189198000
001024236000 192197158064
005199048000 192241046000
001007202000 192193207000
001183224000 192233197192
001030112000 192190075000
001199252000 192056116128
004028234216 192188058000
005226149066 192233200160
002255254023 192178105136
005022209000 192211001000
005062057100 190217064000
002255252010 192236176016
005154082000 192236176029
002021096000 187245196000
004015021192 192206100000
002063172000 192235116000
005183210000 192193184000
008242219000 192131082000
005133010000 192188174034
002022116173 192237076000
004015021240 192154204000
013227120000 192197056000
002017021000 192178121174
001208112132 192197160009
001225160000 192072124152
005062060181 192240148000
008028048000 192085124000
002056112128 192103212000
002036000000 192153054000
008046040000 192111123000
001009241192 192178251080
001023254000 190220088000
001208179080 192109202000
004028136171 192178099066
005154100000 192238209008
003033054000 192178240056
008227073092 192023031000
003003064000 192083230000
002018212240 190216220000
004031208052 192067139000
005175190206 192178106104
001009241172 192178104172
008029109150 192133116000
001227196000 192175016000
001037069192 192162124000
001208112055 192197143000
004069203134 192178029189
002021175060 192197227000
002016162000 192178099068
002019007020 192178083033
012228128000 192092156000
001203124000 192178107048
002021245000 190090152000
005045000000 192177184000
002255224000 192178111051
005039009128 192243039000
002023132000 192178247116
001023007000 192050151000
001193128000 192206124000
001213096000 192016194000
002016020000 192150008000
002063234064 192178111034
003033060000 192165159000
003036000000 192031168000
001009071014 192233202106
001178203008 192071174000
001023061000 185018240000
005035160067 192199176000
012206181128 192195192000
008052201128 192210006000
004069231180 192178121090
002021048000 185244007000
005159052000 192178248098
005187105096 192178106040
002058196000 192178109072
004031212040 192177006000
002182128000 192203248000
016000059000 192052117000
001178206000 192231228000
004019075228 192178247142
005175185000 192178081034
016002151000 192231214000
002018177000 192138191020
001179113066 188228052000
002255251198 192178254142
004042033040 192230230000
002017048000 192101072000
003172054000 192190206000
001179113056 192206157000
001038176000 192238192000
005226144138 192178028109
002022116152 192035068000
004002133249 192131136000
001016000000 192235216000
005056008000 192065185092
003162024000 190228064000
005062061164 192206074000
002023177000 192178028236
003169110000 188114218240
001009128000 192243214000
004213247000 192129050000
001022202000 192178253006
001255076000 192188168000
004002016032 192178254132
005042211062 192178070168
005023011064 192178255238
005035040000 188094096000
004019016000 192147088000
005062059024 192104048000
005057020000 192112160000
001232184000 192193032000
004069238220 192178083064
001203092000 192149053000
004053224000 192233192249
005028032000 192178075172
005180092052 192111064000
001039073000 192232172000
005062048096 192166048000
004071224000 192193223000
005056017248 192140024000
001037096000 192178072032
014136112000 192178072088
013034128064 192197160098
005187116155 192195102000
003163160000 192101158000
004068063044 192153132000
004069206168 192193248000
002018212154 192188235000
004068111183 192178078033
005139200000 192193101000
002056169000 192233204048
005062059130 192178240022
004068071224 192233201172
001032192000 192219024000
001208178213 192178254200
005062060125 189001094000
005202060000 188240204000
002021084000 190242143080
002016040000 192176130000
013020160000 192210024000
005062044232 187248240000
005019128000 192197226000
002022036000 192227147000
005180140000 192178069102
008042060000 192241048000
008002112000 192195078000
005039037192 192131103000
004055140000 192178246168
004069226032 192005114000
001248000000 192056051000
001009250128 192178075040
001022078000 192188017000
005056128000 192188037000
004018040136 192185079000
008042127036 192195057000
002018204000 187017095000
002188240000 192208010000
005187106096 192178105206
004068039083 192075045000
001025128000 192237192000
001255126000 190089018000
002019181000 192178106250
017083016000 192121204000
008006160000 192178028094
012174184000 192178096040
001022164000 186081208000
006066232000 192140052000
002018172000 192233199210
008042072000 192190096000
008018032000 191096167000
005181189000 192146150000
003175160000 192188182000
005063022000 192188101000
001024032000 192207116000
003033057120 192036190000
012131215000 192178247236
005035160072 192189235000
003175219000 192178251248
001009251000 190122220000
004068072024 192103122097
002188229000 192178078045
001009244096 192101032000
004068071208 192197204000
004042073112 192219253000
002189026000 185184164000
001225091000 192232068000
005159219076 192240124000
005057248000 192223030000
004068037227 192227188000
004008020031 192172225000
001255080000 192231189000
001208114054 192210009000
002056175000 192206220000
015092208000 192178074034
001079016000 192178045201
005196163000 192233195160
002021127000 192187019000
008029231126 192240156128
002017039000 192230115220
001233000000 192147246000
005083128000 192178158160
004036040020 192016177000
003165188000 192178251184
002021175198 192165248000
004036040240 192221180000
004016053128 192138210000
015230069064 192178075082
004025024249 192208001018
002056103000 192108051000
002018078000 192178244112
002056110000 189249000000
002023103000 192231166000
001208114040 192190247000
001009241000 192131135000
002057060000 192147059000
002018031000 192233192214
005154156051 192185064000
003175204000 192103252000
002018212056 192230115237
008061000000 192178106232
002018213036 192178068156
002189056000 192233203000
008049216074 192178097048
020049128000 192178121085
005196180000 192016193000
001213112224 192189162000
003003002000 192188132000
003173173000 192108024000
008046224000 192178111220
002017109028 192185160000
005151102000 192178107044
001081080000 192207044000
003160000000 192226096000
008029109096 192035253000
001236216000 192101199000
001023172000 192195212000
008023112000 192178086010
002017110073 192185082000
004015021040 192166216000
001179113024 192109036000
005175214000 192178248018
003169036000 192019188000
005035122000 192067036000
002255251236 192193135128
005189222000 192197175000
005042209000 185081052000
005083240000 192218092000
005062085120 192178108204
004068070048 192041096000
002255249189 192203081000
001022020000 185164044000
001232008000 192187130000
001186093031 192178076039
005188084000 192178080218
005059120000 192101141000
002018215113 192160183000
001230104000 192207218000
005134208008 192198068000
005053000144 192124122000
005232160000 192233198000
005035160135 192165069000
004038229204 192192049000
002058097000 192233197216
005032132000 192178073112
003033056178 192178105120
005053180000 192178252136
008035030000 192189075000
001079192000 192198172000
003004015160 185115166000
005135054192 192233192216
004001112171 192178250162
002255253124 192178121093
001208148012 192193243032
002059078240 192205200000
020033036000 192178099140
005255148212 192178046120
002022220000 192233193040
006042242000 192071168000
004042073160 192134132000
005135059056 192162028072
003165045000 192188024000
001178198000 190098250000
002021036000 192178081192
002056116000 192178068012
005253206000 192178097070
002153000000 192188142000
008043044000 192178070123
001009241175 192075067000
003173203000 192074130000
002017109032 192188091000
002017110208 192226000000
002255249119 192178096208
002017111214 192036034000
005057019000 185249007000
002255253096 192080052000
005175190220 192025079000
001208106128 192216094000
005196109052 192055229000
001237000000 192197164000
002189032000 192223248000
012097128000 192178096242
001009241168 192178070156
004068111163 192223244000
005172177192 192006168000
005062060108 192234177000
004015021059 192241109000
005135251064 192110016000
005056048000 192159128000
001023071000 192197246000
004245128000 188255206000
001208145248 192178120211
013034151064 192065254000
005200030110 192178253140
005183038240 192229000000
001227198000 192178110132
004015021044 190185140000
005134032000 192178080208
005231081000 190150184000
002255254212 192126044000
003172036000 190098170128
001073080000 192071062000
002078047000 185228032000
002056243000 192231127000
005083140000 192178083096
006132160000 192058119000
002059108000 192178253240
004031208000 192230069000
002017172000 192178245032
001199000000 190227162000
004069218104 192197206000
004068062130 192234088044
002000000000 192136037000
014121000000 192178120249
005159020000 192176245000
004039102201 192050058000
004001115187 192183180000
001208169006 192234133000
004001117120 190150071000
002017203128 192190240000
002018000000 192040095000
003004012014 192178029022
013034092064 192178028154
004042000000 192178071088
008038192000 192222017000
004030192000 190146181000
002021175104 192135217000
002058216000 192109041184
001073078000 192233196102
002255249108 192178078060
004069207086 192198148012
001194192000 192243248000
002017109140 192241024000
002057156000 192197122000
013034011068 192109198000
005056020072 192178068000
004242000000 192152176000
002057036000 188121048079
005002096000 192003069000
002019007245 192178111001
001231020000 192178098123
004015018066 192231063000
002022116156 192178158030
002094008000 192195148000
002056139000 192231068000
004002133252 192238016000
002020208000 192178104250
001208112029 192139028000
001208178181 192178240080
004125064000 192244240000
005252244000 192178255228
001213150160 192150040000
002019005192 192086023000
005008044000 192178251179
004025016000 192223241000
003164205000 192084005000
005077044000 192162080000
003171195000 192223141000
005011010176 192178241080
001208148118 192189148000
004059234064 192148224000
008046096000 192178074168
001018128253 192099160000
001010008000 192019244000
005196253000 192209062192
002017109240 192081185000
012196120000 187108064000
001024000000 192178097064
004034109128 192088083000
001209082000 192206022000
004069207085 192094202000
008038174000 192073014000
005062061105 192229087002
002017111156 192178107084
001007246000 188114218144
001010016000 190215104000
008017228000 192073217000
003164156000 192178249198
005139000000 192160231000
001028128000 192104056000
004002133228 192178096080
005187070000 192197163000
005062059084 192178096083
002063168216 192035222000
001009244016 192159016000
002255249160 192149043000
013108007252 192178242164
004068062253 192084014000
005062061102 192155056000
001240016000 192178250150
001009071010 192173074000
001182000000 192189164000
005144033229 192178071136
002057172000 192233207034
002188248000 192135094000
004069170049 192154063000
003168255000 192190039000
002056158000 185234248000
005191128000 192193224000
004068062088 185142080128
001007143000 192178253088
016007044000 192178071078
005053126000 192178097060
005062063056 188231100004
002018040000 192177031000
002017251000 192178243102
004069218109 192147141000
004069170134 192237098000
001255079000 192121112000
001222224000 192208160000
002255251255 192178081121
002021007000 192178244210
001224032000 192152018000
001209200000 192178254226
001028016000 192187005000
001037069232 192178106060
006048128000 192100170000
001037027000 192178081136
013105152000 192243080000
002019005158 192178254240
004068037047 192137132000
001032212240 192193022000
002018215160 192241100000
001178082000 187189058000
001021224000 192091202000
001011128000 192188152000
005056017160 187159064000
001023124000 192243104000
004025024250 192178072164
004068127224 192139136000
003163036000 192178249216
002255182000 188120253000
002022053000 192188034240
001004002000 192077176000
005135059072 192052068000
005180174000 192238011000
002019006128 192233205156
002016248000 192178249100
004068070194 192069088000
005231072000 192178109212
008021048000 192218192000
004068038018 192231036006
002020248000 192178084048
002023165000 190108020000
005134087000 192178255194
003002084000 192219028000
001238022000 192218132000
002255249022 192077070000
001179112052 192231036016
008224160000 192137212000
001022004000 192233204102
003175253000 192178070076
008047150216 192137196000
005027000000 192178254214
002255252236 192178075084
005062047154 192172252000
004001115160 187176186000
003162241000 192178071180
005196249000 192178098012
005061216000 192049173000
001208148119 192178245152
003166240000 192229144000
001028041000 192241092000
003167064000 192139022000
001252192000 192178121068
001022240000 192178086053
004059177192 192190034000
001208112022 192178241232
001007240000 192231071000
002059202000 192188102000
004042074080 192108127000
001001128000 192147230000
001193188000 192209017000
002020110000 192154094000
002016163000 191096230000
003164014000 192178254028
005016032000 192169108000
004053211213 192210216000
001232013000 191037255000
001022050000 192234127000
001050000000 192178110200
005056019122 192112230000
008022072000 192207003000
005045180000 192207214000
005199248160 192178110004
005144178000 192043199000
004068127216 192231026000
005135207000 192193011000
002255254037 192121001000
005187114016 192234216000
004069170002 192124002000
002255254100 192178071114
002015128000 192176238000
003165224000 191243244000
005035080000 192178120196
002019007102 192228123000
005199057000 192190116000
005178044156 192178086098
004068072129 190123016187
004069143161 192155098000
005045062024 192178108159
008002064000 192178248188
005062085029 192178069056
005062044192 192209026000
004001117020 187156000000
003173252000 192188174032
002189244000 192176064000
004015157000 192153005000
002063168208 192166204000
002056149000 192178086080
003003003000 192012222000
008035096000 192244076000
001208112248 192178110188
008003076000 192109254000
005056017088 192094035000
003161018000 192178070086
005175228000 192186004000
004002133072 192178069168
004068127186 192147214000
004068127002 192178105246
004068038210 192052199000
001007136000 192166137000
001241064000 192178106248
004018040192 192086230000
004019072000 192178240064
014001100224 192195068250
001208147169 192178097112
004059180064 192231036224
002058048064 192234224000
001208147172 192031173000
002022016080 192124020000
005053005188 192237100000
008029231198 192243254000
005053002000 192080016032
005083168000 192221179000
002018214080 190098141056
005056132000 192071043000
003166200000 192233197088
012096000000 192190048000
002255249224 192207114000
001213113064 192132035000
005062060166 192160103000
005104192000 192223140000
002022018128 192178248068
004069235048 192177058000
004068072064 192188106000
002057064000 192178253116
002018092000 190053159000
004068070100 192237095000
003173208000 192104072000
005032136000 192231024000
001195128000 192216204000
003004012049 192232097000
005181099000 188064224000
001018128192 192176025000
001201064000 192229238000
004068063054 192230074000
005231248128 192178099034
003161118000 192076116000
004001114032 192054240000
008045151184 192178084004
003165091000 192149093000
004037154236 192178029048
001208160000 192150205000
004068039078 192178122216
003162148000 192178249172
003165040000 192243216000
002056192000 192031109000
001209208000 192165075000
004068074036 192104181000
005181185000 192151177000
004016048132 192077188000
002022250000 192178097126
001119128000 192040168000
005062085081 192122004000
001075192000 192178110212
001083000000 190098170124
002022245000 192178249181
008020124000 192241092016
003175026000 192231108000
001078120000 192178242182
004069207000 192245031000
002132000000 192233195238
004068070010 192178105076
004016051072 192233193086
005202084000 190076252000
003169094000 192139034000
004019075224 192163005080
002017121000 192228088000
002094188000 192238208002
003004128000 192230115219
001038232000 192189202000
005061026000 192178243095
003172104105 192178080226
005175172000 192178246052
005254121000 192238209132
003164253000 192146164000
004016054224 190123019032
003160160000 192189098000
023255054160 192166050000
002255254043 185205120000
004068106124 192233196039
001011040000 192218112000
002021175018 192163005096
003172081000 192096002000
002019051000 192188138000
002021175101 192190060000
003162224000 192165020000
002019168000 192158238000
001213150172 192214120000
004069170026 192133066000
001019000000 192231237000
005134048000 192231036037
004059176224 192240048000
001023056000 190098157128
002022235000 192178083104
001009241038 192197160097
004068074005 192178111054
002063168128 192223006000
002020224000 192121225000
001179217000 192178253194
002027050128 192150041000
005059057000 192197234000
002059109000 192190132000
004068063148 186249223000
004068070244 192103108000
003170240000 192208038000
002058212000 192153198000
004001117097 192230085000
002255253216 192178241166
005104050192 192051208000
002019007229 192208200000
012036192000 192122152000
003172027000 192178086048
008049070000 192178106240
005100128000 192177153000
004028143104 192178252240
004031212112 188214106084
001007096000 192189193000
005057039000 192190181000
002018214104 192150145000
001074000000 192197173000
005045060000 192178070178
013107195168 192216144000
005143183000 192178107181
001023076000 192175223000
013034012192 188162189000
001020000000 192175068000
001032234024 192211040000
004010000000 192243120000
004033139066 192231029000
002057152032 192178069224
002019005136 192238220000
001237248000 192245020000
008044087000 191007096000
004031214208 192186190128
005023010000 192071114000
003005076000 192197158000
005196203000 192193176000
002018214140 192236070000
003172096000 192073001000
004068072080 192166072000
001032206000 192136007000
003162062000 192052204000
002018212144 192178248174
002019007032 188121048013
008038018000 187190048000
005062061061 192036055000
001039208000 192178242250
001178199015 192132218000
005023065064 192206069000
002059032000 192238221000
002255251248 192175125000
001208148062 192206023000
004069231254 192178075170
002016132000 192146255000
005196248009 192232002000
005062060194 192241085000
001193212000 192178111050
004042073110 192219232000
003004012002 192138013000
004069235064 192188014000
005188204000 192170192000
003160100000 192082240000
012154158000 192111143000
004071153064 192075200000
001214074000 192234040000
001009244088 192210253000
005059196000 192058122000
004213248000 192206226000
014001033096 190130096000
005062060042 192070212000
005175217064 192126002000
001022035000 192178254112
012219000000 192240135000
005196097000 188165002028
005062043112 192080016069
005059216000 192206106000
002022236000 192178118192
004014157000 192040239144
008052206008 192188194000
004068062083 192065185003
003004012043 192178252208
001255064000 192178080102
001022212000 192075071000
008004112000 192210250000
005196161000 192166148000
002094182000 192100192000
003173030000 192178069166
001076088000 192161001000
002021175112 192236164000
001209000000 192237122000
002188251000 192185135000
002018188000 192233199176
002255249025 192229192000
002255254054 192178075000
001022210000 192187032000
005035160095 192178250196
002058060000 192178106004
004069064032 192178254250
004001180000 192178028097
005039009192 192042255000
001209176000 192234131000
001009244000 192188174035
002188228000 192178093128
002027032000 192229109000
002017206000 192218240000
002020198000 191097097000
004068072089 192121026000
013034049000 192178121072
005175190142 192054194000
023255006192 192178078144
002187128000 192178045208
004068063008 192178098016
002018088000 192166248128
001007003000 192019173000
002017108072 192109216000
001011016000 192178110114
005255148004 192176237000
001030064000 192223198000
002255253170 192233206164
004031209160 192178085112
003004015152 192178244078
005011010224 192075088132
002019007220 192121064000
005062059128 192232069000
005253037000 190210204000
002188032000 192233193248
005056021054 192203233000
004068073063 192232183000
003174236000 190098145000
005135059176 192194161000
005181048000 192107043000
002015194000 192105206000
006130038000 192234208000
001236000000 190242016112
008245000208 192178110053
004042033048 190103125008
004068037088 192026084000
004016052051 190146078000
004015016064 192092138000
004034064000 191102244000
005187111064 192178097238
005231253000 192117240000
008243238000 192219004000
001031224000 192176140000
008029228066 192178099065
002017109236 192165185000
003169032000 192152154000
005188237134 192206110000
008014200000 192156108000
001179228000 192206038000
005062138000 192178242104
003002033192 192088186000
002058048147 192140232000
002021175252 192148175000
001209160000 192075141000
002019006140 192177188000
003008000000 192188057000
003002034064 192178106102
002021168000 192178069188
004247000000 192127094006
005059088000 192163000000
004016000000 192088220000
004068062006 192068142000
005010195000 192195068184
008029231128 192228098000
005011013083 192243088000
001079006000 192234245000
002057088000 192178253130
002019006157 192178107040
002018062000 192094243000
002018086000 190110100000
005188225000 192236006000
002058112000 192081171000
013020140000 192056239128
002187248000 192178108096
004028142096 192177158000
002019007235 192190153000
005175190046 192178107164
001076064000 192178254049
004069235040 192178110148
003003008000 192203150000
004037154220 192012175000
002021175072 192223199000
005175070000 192178240186
004036040012 192135134000
001208171000 192206163000
005008072000 192152236000
002022116132 192197151000
005172177224 192233201115
008015172000 192088095000
002059224000 192088006000
005252196000 192233195128
001032248000 192188196000
001178092000 192233192212
004030160000 192178085096
013033047000 192178250136
004015020228 192207008000
005062060252 192207165000
005041000000 192147041000
002057022000 192193079000
001203096000 192178255240
013034018000 192178217000
002255250000 192189005000
001179113049 192158239000
003173015000 192233197220
002058048176 192240157128
003175059112 192178255018
001032128000 192178247084
004069137134 192237118000
003002032000 192178070197
004031215234 192226048000
005104248000 192178249122
003170236000 192187012000
004008020027 191052173000
002027050064 192207031000
002022156000 192120009000
002022176000 192189056000
023210094000 192205128000
004069249043 192236005000
004031212032 192210162000
002018213168 192092132000
004068037002 192196208000
002021175083 192154026000
005159238208 192243089000
001007204000 192067199000
001241194000 192084221000
001032212000 192207076000
023058137230 192199180000
002058048253 192178098144
013107195016 192084212000
013034010064 192195068178
004068070009 192050109000
004068070163 192035223000
002016022000 192178247120
001213150192 192086026000
002021175016 192236168000
004069223180 192178247114
004069215208 192152248192
013105060192 192178096068
005011013128 192233205057
001012040000 192236176064
004096000000 190098161000
002022116155 192210174000
008022067000 192223171000
002023006000 192178247058
001208116000 192198160000
005180140004 192178073098
004016053084 192178111240
003033058000 192178045158
005196110000 188042190224
005157248000 192172000000
012043033000 192198122000
005200030160 192162028000
003163235000 192056193000
005062061126 192160078000
003167232000 188225030000
006071224000 192178105178
002017111074 192207196000
001178198064 192223038000
014004000000 192129000000
004069227000 192207143000
002056165000 192160244000
001008001000 192193046000
005157060000 192231083000
004069248224 192165212000
002019005000 192178082114
001002006000 192178069120
005183088000 192178070118
008244064176 188130208000
001208000000 190114167000
005062061081 192214160000
002255249035 188003160000
012007152000 192139118000
005062058242 192209026014
003161066000 192178244016
003143020109 192209026002
002022116130 192178068146
001194096000 192197160021
012111244000 192178243028
001037088000 192244202000
001012016000 189194224000
001037034176 192178245192
001178174000 192210222000
004036064000 192077009000
005002094000 192161072000
001208179168 192178070232
001178204000 192236234000
004030184000 192189172000
001018064000 192178105252
002255249190 192178081039
002255249175 192234229000
001038224000 192178252056
002019006038 192225000000
002018214084 190152251064
005187109028 192189088000
004069231028 192177072000
004031212036 192190077000
003166008000 192178073208
004068063150 192240116000
005056043000 192033192000
003163148000 192223010000
002021228000 192034117000
004068072104 192158248000
012049048000 192184008064
002058192000 190210128000
002063156210 192178244236
005149208000 192199040000
002022022000 192147218000
004001112100 192094052000
005045192000 192178252032
001208147192 189247197000
004069235190 192036139000
004031214176 192241016000
005183154000 192178085122
005160028000 192139141000
002255251020 192135170000
003100000000 192035085032
002255248030 192178108080
002016014000 192193052000
002018246000 192189059000
004069207092 192193222000
003164076000 192178111168
001032234016 192077116000
005035168004 192203232000
003163247000 192156109000
002255252232 192234044000
002056152000 192150240000
005053005118 192218096000
005062063212 185146249016
008036226000 192229248000
006065130000 192178096198
003161240000 192197089000
002019004108 192178075171
008023091000 192178107032
001022184000 192178249068
001032216000 192178109234
004015156040 192178108008
002016002000 192206252000
004069220024 192178096032
002108000000 192178251062
001023204000 192136040000
002057153016 192244204000
002017193000 192240153000
002255250008 192171107000
002016035224 192189232000
001235140000 192178029152
002056160000 191101063000
002018020000 190147062000
002255251242 192178121162
005104202000 192178254216
002021014000 190054182000
003004012013 190111108000
002023105000 192178255044
001009064000 192178255108
005062085090 192094221000
004068062161 192056135000
001037076000 192231215000
008028150000 192071023000
002056251000 192178254212
003163239060 192209062234
002057152002 185175016000
001039008000 192057032000
003174184000 192203200000
004068048000 192166004000
004031214184 192072113064
004026192000 192165092000
005053004184 192078096000
003162091000 192137208000
001118004000 185249172000
001208115248 191156018000
001208114036 192178105244
001037024000 192148195000
018068048000 192178045142
003175152000 192184010000
001071168000 192208001032
002187254000 192178106072
002017109000 192083198000
002255254109 192100160000
002023005000 191144000000
004001117073 192232016000
001235000000 192178120218
002020184000 192122217000
023103136000 192178087026
001002003000 192203038000
003162096000 192207019000
003033064000 192193067000
005011012112 192212016000
004016053174 192198132000
005135026167 192197191000
001208147190 192153185000
004069220000 192208001072
001018123000 189084100000
004015021176 192163028000
003170223000 192229211000
002016064000 192234226000
001018129000 192228104000
005135059246 192178241154
002017109252 192178075205
002059066000 192147247000
002057112000 192231168000
002017038000 192178204000
005254030124 192178254106
005011013114 192219088000
002255183064 192195111000
002063234056 192055076000
002023226000 192178244076
008029109083 192232098000
004015021036 192178107082
002020030000 192178070112
003172026000 192233193240
008052198009 192071233000
001007203000 192178111090
003165240000 192178085164
001238010000 192146112000
005230009000 192203241000
005001096000 190002203000
002188077000 192227004000
004001114200 192188084000
005196100236 192019152000
001022052000 192178086017
003033044000 192050069000
002016093000 192172192000
003163236000 192149088000
002019006221 192081152000
002018080000 192232012000
001073000000 188064099000
004031000000 192178107120
002027235000 192150227000
004069202128 192190019000
013017224000 192138109000
001071016000 192178253214
002180192000 192228084000
005056027000 192178245108
001028048000 192223196000
005231104000 192178085066
004068037228 192139019000
002022048000 192178255092
008225249195 192131078000
005053007008 192178121066
005101144000 192178249096
001177160000 192229176000
004069218184 192240184000
002019214016 192189150000
001073249000 192178086132
002057001000 188172223000
005022200000 192188036000
001009244048 192233199212
001178198224 192147028000
003166205000 192230117000
004069172000 192190006000
003174204000 192031112000
003163044000 192229136000
005083130000 192233206226
002017111072 192019226000
001032234056 192203190000
001208170113 192178028096
008002148000 192136157000
001039182000 192170158000
002021175171 192231086000
002057012000 192178107030
012020250000 192053064000
005181004000 190157136000
002255249005 192112010000
003161002000 192178045014
001023024000 192178075201
002027220000 192231196000
004068068021 192204016000
002017107000 192178121112
001078064000 190123016200
001213150169 192094228000
002022249000 192176004000
001009245000 192233202224
005231242000 192178255188
003162032000 192122168000
005252130000 192132092000
001224000000 192178242162
008004000000 192230115208
005053000160 192178120209
004068075072 192178038128
018239124000 192178073252
004069218192 192223148000
004068039075 192231072000
003165248000 192240107200
004068063090 192178086140
004068063085 192084215000
001179014000 192131000000
002022243000 192231211000
001213113128 192236028000
004069136000 192163168000
005178044176 192102170000
002017106000 192067212000
003170192000 188233000000
008047145064 192044076000
002018212051 192178086238
017253122000 192225048000
004069218129 192207142000
005077040000 192121099000
004059178048 192101048000
005042211012 192146064000
002255249029 192178082148
002017108121 192178086137
005175190039 192100162000
001032208000 192150148000
008015065000 192071040000
002017110190 192178241216
001118048000 192233194016
002057042000 192238208032
023146216000 190094120100
005035172032 192186000000
001031040000 192193198000
005062060084 192093001000
018154080000 192178111036
004042074092 192157028000
001237002000 192177088000
005034180000 192207065000
001007208000 192206082000
001209096000 192160139000
013106212000 192065112000
005022199080 192243095000
004014157128 188187242000
003165062000 192163005252
002017109040 192227096000
005159237036 192121068000
004068036200 192124196000
004068111080 192233205076
005196162128 192178081012
003161072000 192166114000
001231208000 192082086000
014207152000 192203243000
001009243128 192110176000
005044184000 192178122038
013104047000 192178046096
005062118000 192178029086
012189136000 192100159000
005062094000 192165208000
002255251252 192178085046
003002043000 190187008000
002021175050 192178158032
001037072128 192235120000
017085006072 192163005000
004014044088 188072006162
002021117000 192103086000
005199000000 192069085000
002020069000 192178070048
008029230253 192189069000
001010135000 192206004000
004001082040 192237077000
002020124000 192064200000
001208114224 192144112000
001208179128 192019178000
005083139000 192208114000
002016016000 192178106188
005175203000 192188092000
003167216000 192206160000
002018224000 192233194115
002019007008 192178070130
002023227000 192178252008
004068070195 192178070040
008042174000 192228092000
002255252056 190104194000
001037030000 192232010000
004068075200 192230120000
012003040000 192203205000
005148192000 190105200000
002017203192 190196184000
008012250000 192190234000
004068073112 192188028000
001228254000 192156032000
002016229000 191241136000
001179226000 192178106092
004068036142 192058050000
002016199000 192163005240
005150048000 191096137000
001012000000 192064012000
005144033228 192200080000
002182240000 192206065000
001244114000 192178245102
005040040000 192195048000
008025069000 192195252000
001007109000 192178078000
006064002000 192206029000
002255183096 188137245000
003004000000 190089044000
001038128000 192236147000
002255250212 192203145000
005196041208 192178080228
003161052000 192108093000
003033055192 192071028000
001208168229 192233203176
004068033195 192177106000
001178198048 192203196000
003004012004 190013126000
014001047208 192026149000
004015156044 192228107000
013034093128 190146141000
002058248000 192209062000
005196053000 192178028092
002058048119 192156198000
003175200000 192183177000
005039226000 192193135064
018154160000 192188088000
002059136000 192203151000
004068063218 192178249006
005255148160 192133240000
002018054000 192127018000
005083154000 192243226000
005183124000 192223120000
002018215140 192223027000
002063192000 192074064000
003165152000 189074032000
001014000000 192207022000
001222160000 192178068216
001201128000 192226076000
001179113000 192188118000
005196063208 192178241024
004036040130 192193114000
008017192000 192149106000
003174170000 192052079000
001079160000 187103032000
004034109064 192200005000
002023238000 192150010000
002023086000 192232180000
001022069000 192231142000
008045145000 191239204000
004031215204 192112026000
001018192000 192204112000
008048245153 190242178000
005056037000 192225144000
002187000000 192178085136
018066118000 192223190000
002019183000 192236067000
002021175153 192178246188
001178198208 192230115232
002189004000 192203132000
005187121051 192234055000
001022072000 192172240000
002019006064 192240047000
002059077144 192189141000
002056170000 192142008000
005008199000 192227202000
002021119000 192052222000
001066068000 192208029000
003002049000 192178084024
002019006016 192178248064
002182255000 192178084020
006064140000 192136141000
001208178000 192102176000
018064063192 192219236000
004068127237 192233194030
002019006144 192177076000
005230176000 192178045060
003175064072 192142047000
001038211000 192178108185
005035160055 192175184000
002027050000 192204128000
004042073124 188137248000
005062085168 192232160000
008007205000 192178045160
015036094000 192178111238
005199005000 192131080000
001028044000 192152028000
002088000000 192112160152
003164106000 186064017144
002017254000 192233204096
005180135248 192178254130
003164153000 192244072000
002255249021 192178245096
002056063000 192233202096
004068039240 192230104000
005182046000 190212088160
003005168000 192195028000
008038006000 192189252000
001032221000 192223118000
002019173000 192198030000
005196100056 192178029088
023044112000 192109041136
005035160039 192177000000
005039026000 192178068052
002022116162 192082121000
002059077128 192190044000
004068037164 185101255000
015072016000 192178247044
002002000000 192178044024
008024068000 192240105120
003175016000 192129030000
004068059151 192080211000
003163222000 188254103224
001028228000 192161053000
003004012005 190098141033
001208148014 192139228000
002021175032 192178240239
005008060000 192126035000
003040128000 192178249252
001022145000 192178082008
005011028036 192233201192
002019007103 192100055000
002255249118 192232064000
005153192000 192241092128
005183036064 192206232000
004028136128 192096018000
003168192000 192178245104
005053003012 192108100000
004068074194 192052183000
001248218000 192055205000
001238006000 192124136000
001031128000 192178096078
005253180000 192200002000
002017024000 192204150000
004036040114 192244192000
004031208058 192198026000
002016042000 192178087018
008029231097 192178111092
004042072120 192209026128
002094024000 190123240000
001237144000 192193155000
002022168000 192157168000
005011010152 192178245162
005010218192 192227203000
004068110024 192172255000
004071046128 190196178000
003002037192 192055216000
002188232000 192135092000
004028143080 192157163000
003175070128 192118049000
005053005151 192149203000
001031196000 192227196000
002023192000 192190033000
003002059000 192148164000
003174029000 192240224000
002255250016 192178098010
002058055000 192035218000
002018212209 192231091000
002018213209 192178106154
005181005000 192092123000
004033130002 192178108048
002017110088 192178097102
004071044000 192172232000
004068028000 192209004000
005196214084 192245015000
005053007215 192153221000
008018176000 192233202201
002019083000 192206192000
003002060000 192121034000
002056144000 192178121038
004068038086 192193080000
004069235072 190096022000
001224168000 192034239000
004015156032 192178249056
001235064000 192228120000
001037040000 192178078054
004016049112 192077168000
001039221000 192160018000
004184064000 192178075124
002017110064 192233193037
001198000000 192205224000
002017110008 192081049000
003169008000 192178098250
004039102192 192178252225
002017108028 192178244211
004001180186 192178164000
001076076000 192178044096
005023065192 192186141130
004042036000 192210032000
005053003019 192228096000
002058048148 192178045084
004112000000 192227148000
002255252238 192077032000
004068127027 192178199000
005132248000 192170100000
013034010040 192018128000
001074076076 192178080230
005010208000 192233196041
005152152000 192178070030
002255251253 192178242228
004008020016 192066056000
003175000000 192052144000
002021175027 192055226000
001213153064 192211010000
002021175230 192178248160
001032241000 192190061000
005035160064 192193135000
005062061112 192070131080
003163239216 192178111032
002094180000 192178076035
002019004090 192178078160
001238026000 192195103000
001186096000 192188154000
005104037000 192234020000
004016054226 189247051192
005062085030 190014100000
002017120128 192206026000
013034015192 192231038000
001237183000 192178109008
003174046000 192178245252
002023152000 192178086186
001178199013 192178045198
001208106160 192126092000
002021033000 192178121164
001022141000 188094046000
003161020000 192178110150
004019096000 192099146078
003168189000 192178109126
002019007084 192121165000
004059178009 192178097068
004028142171 192067158000
001080000000 192228072000
004068071128 192229087132
004015020128 192178250194
002019006236 192075138000
002056137000 192075206000
001186093032 192161166000
001023193000 192188143000
002018212228 192233192208
001178021000 192112067000
005063166000 192233199214
004069227116 192178029183
001022070000 192234050000
002018215184 192233201077
005181177000 192178045062
001023030000 192136103000
002016063000 192166081000
003172112000 186087184000
002027041000 192193116144
001067236000 192231035000
001208114038 192186190080
005104060092 192203098000
012165128000 192178104170
003173036000 192240125120
003164190000 192231048000
017001164096 192223240000
003162213000 192115088000
001232000000 192225160000
004016054088 192178247000
001229203000 192233194000
005175190167 192178250236
003168252000 192043161000
017000001128 192188067000
004030176120 192184072000
002018104000 192206119000
001007082000 192178107064
005159218047 191240158000
001023062000 192040239148
002094204000 192178122204
005133090000 192178244122
005151208000 192210008000
005053003025 192178070080
005062085246 192178069104
002016220000 192225100000
008007032000 192189014000
002021175103 192241040000
001038210000 192132108000
003172063000 190156132000
001018125000 192172244000
001022000000 191232002000
005252071044 192100130224
001023196000 192232164000
005154154205 190227176000
004068071135 192175050000
003002043192 192231074000
002027052000 191234081048
002022116160 192056026000
001022237000 192234182000
001034000000 192233192064
002255249075 192200006000
005188123000 192121144000
001007168128 192178252190
001037070000 192178252004
005011013116 192193116192
002019096000 192200188000
004068038084 192031080000
001208114248 192178250040
005187109128 192178068074
005182130064 192208001017
002056242000 192178110050
004068127036 192178028171
013104186128 192197160044
013104064000 192178105068
001009244064 190098156112
008029228034 192240134000
003163251000 192178250188
003164187000 192178071160
005187121046 192188232000
002017035000 192238209032
003004015224 192240102064
002018215104 192178244214
004016049206 192031076000
008012000000 192211036000
001178198032 192178111026
002255254031 192195024000
004068072028 192232080000
013106162017 192171224000
004068072212 192233205144
002022062000 192234023000
005181136000 192237092000
004068062115 192211014000
005255150128 192233195116
004031213160 192216224000
003165058000 192018160000
004068063074 192178245011
003166024000 192233195239
004016051107 185183032000
004068074154 192178243236
001229192000 192178241027
002059060000 192188062000
001208147176 192178106176
001018144000 192178121083
004068074176 192156128000
002017164000 192188124000
002189096000 192178106130
004038128000 192152128000
002018018000 192218004000
004031212142 192153106000
005198000000 190123016188
004068037037 192073048000
002255249193 192170104000
004068070112 192110148000
004068075096 192207252000
008039041000 192109028000
004016054240 192178104060
001074224000 192122118000
002019006237 192122170000
001076232000 192197160014
009134096000 192178072116
003166060000 192178252064
017078188064 192193186000
002017110184 192178094064
002027082000 192133061000
002255254056 192178248242
005053192000 192238209004
004053240000 192178098160
001232128000 192211032000
004039102200 192233196036
001010000000 192147217000
005045190000 192225192000
002255248028 188240094064
002255254075 192129015000
013033112000 192197160073
004042033116 189000072000
005102079000 192188093000
002058102000 192193104000
003163239128 192236026000
005180135239 192197198000
005187040000 192165113000
002059158000 192178248224
005057056000 192223164000
004068037225 192154126000
001235096000 192223054000
008048243010 192178105170
004033219000 192148168000
002057225020 192178240252
002255249057 192178075059
002057215000 187078192000
005154156064 192198148008
012052000000 192178082122
002018044000 192178109192
005182049000 192131155000
002255253164 192193025000
002016052000 190109124000
003162240000 192230127000
003002040128 192170158128
004016049128 192112008000
004068127235 192178254124
001187064000 192189101000
001031032000 192232112000
004018042000 192178253192
012052050000 191101150000
001229200000 192147002000
004068062126 192109105000
004069231220 192142058000
003164088000 192170080000
005011012104 192189080000
001020124000 192150213000
005053032000 192208216000
004068037173 192178083050
016154000000 192164036000
001245052000 192150150128
005255056000 192200012000
005008059000 192229087130
005045062238 192188255000
003033051000 192178250142
004002133076 192245024000
002017120096 190182208000
005039013044 192209026074
005044136000 192178085162
003164254000 192176218000
008003220000 192178249058
001076008000 192131124000
004068110023 192203008000
004002016065 188121038015
015197007048 192178254016
001234000000 192195032000
001208106170 192093120000
002183192000 192086108000
001237175000 192153007000
002017111212 192228108000
001037072148 192178109156
004068038083 192178087214
002057222000 192178120216
004028139160 192129076000
002020187000 192178096176
002255249141 192159092000
002018191000 192178109108
002018205000 192198024000
006049192000 192152172000
005062060248 192091216000
004079106000 192124188000
005003024000 192210176000
004068062009 192236176024
023172010000 192230111000
004059213139 192178110002
005196190128 192240105112
002255251216 192083231000
004069220240 190216032000
002255249114 192233205060
002016148000 192222064000
003173201000 190147174000
001208178180 192080058000
005062063100 192178075068
001032213000 192230126000
002056088000 190211088000
001071120000 192208120000
002017202000 192203032000
008025223000 192133098000
001208150000 192104188000
004068038112 192188244000
005062058200 192121153000
002027115000 192178158207
005023120000 192189222000
001179088000 192195210000
002059166000 192218066000
005062023031 185008232000
001224182000 192145120000
005040064000 192073019000
004068062113 192233199020
008044227000 192134136000
002016100000 192130158000
003165192000 192178248016
008004016000 192233202064
004068068047 192178195000
005178103000 192146236000
001020126000 192178250164
002255254026 192040032000
001246000000 192111105000
001210000000 192138000000
001178199014 192178121008
005159238032 192178085184
003173168000 190157106000
001230204000 192141124000
008022167000 192103091000
005062042052 192189085000
005062061012 192012014000
005053003198 192235220000
005011013111 192240107192
002022116154 192103253000
004059176128 192178073212
003172097000 192203133000
002018167000 192188034128
005039029168 192231126000
002019007240 192178244240
013107185072 192177145000
004053211211 192203042000
020134240000 192207216000
008029228138 192178073104
004028139000 192178074176
008007045000 192151223000
005175190118 192133091000
001025040000 192142016000
008038004000 192206123000
003175070224 192151176128
002057242000 192186190000
002255249064 192208001000
002021175066 192178069240
002023024000 192223179000
001009241088 192147175000
005187107096 192240199000
002058048072 192178028155
005062085163 192203183000
002063169000 192216096000
002018213176 192178028065
008042125112 192100195000
001071032000 192178087192
001067000000 192178108014
002017111204 192240204000
005187080000 190171010000
004069240000 192195068179
002056132000 192158016000
001025016000 192178160000
004068074174 192108034000
005180000000 192233199000
003033056176 192178076043
001030176000 192197160036
004068074048 192085130000
023189218000 188191248000
005104136000 192074000000
001048000000 192210180000
001236192000 192217000000
002018212076 192237108000
002021175196 192234079000
002094208000 192149110000
004042072144 192156196000
002056180000 192132030000
002021175209 192231042000
005104038164 192178248119
003004012040 192178122036
013104145128 192229252000
001208169008 192240189000
004059180056 192139026000
001236062000 192151198000
005179090000 192178245224
002188178000 192189081000
005188214000 192178074198
001002005000 192178240248
008029231080 192178105224
013017132000 192236238000
005062034014 192073055000
002016024000 192141080000
004036130000 192231203000
001007056000 192160191000
003174141000 192238171000
004217000000 192075187000
001178192192 192157005000
014102080000 185165196000
005180226000 192178248000
013105096000 192165033000
020240096000 192186141134
003163239136 192178069176
005062084000 192234173000
003163246000 192223016000
001233002000 192155007000
002018214224 192188012000
002018213064 192094250000
004068037081 192227001000
003174074000 192203154000
004037154219 192178192000
004015021154 192178240240
005172112000 192140229000
005135051064 192198151000
005003063000 192159102000
001194224000 192169224000
001001096000 190216249000
005154177000 192178251054
005118000000 192178250038
001023029000 192088201000
012051016000 192206132000
002057040000 192222004000
004068063106 192240107128
002017004000 192232176000
003170220000 192178053000
001066094000 192235110000
005180083000 192178069038
005062061024 192178243204
001179112032 192078220000
016103026000 192178096008
002027119000 192240196000
005034031000 192178250174
002021001000 190084200000
002255253176 192178028162
002017111096 192178097106
002255249012 192178087144
001209083000 192178075173
004015020072 192178098118
001254000000 192178029161
001178198241 192209026064
002189172000 192088176000
001178084000 192178247242
002020197000 192165123000
001065000000 192178246216
023033099224 192178253048
004068073038 192225172000
001213104029 192229188000
005056018170 192178068043
005159218037 192197160041
004068038048 192227240000
004015018088 192136065000
003171191000 192231098000
002057154032 192178244088
004068063086 192178028240
005011018000 190061055000
004068075128 192178244136
001007140000 192171095000
003174090000 192178084142
005182130032 192075043000
005062042224 192178106118
002018212153 192157148000
002022051000 192073024000
004068039101 192171020000
004068062016 192188188000
005226012000 192178246192
005104050000 192208202000
004068037251 192153196000
013104185044 192138064000
003002036000 192092109000
004033207000 192195242000
013033048000 192163008000
002059096000 192231136000
013034025206 192188128000
001213150176 192188183000
004068127025 192146240000
004068063058 186056060000
002019212000 192178255096
002018215156 192005058000
004008020152 192175167000
001239032000 192178095064
023094193000 192178086176
004068063203 192139044000
008038088000 192175144000
003175059101 192119134000
002017108238 192178098228
005159218159 192139196000
002255253045 192178086060
002021175132 192165117000
002018214048 192133072000
003168190000 192099146064
004001114136 192234144000
002016000000 192210255000
001193144000 192065147000
001179113032 192219008000
005062060088 192195016000
005059000000 192101069000
002021175056 192054053000
001007181000 190225162000
001023220000 192030203000
003163253000 192233196084
004069215206 192188040000
002020050000 192135232000
001030188000 189218104000
002021056000 192190110000
002255249137 192102184000
008042224000 192178073052
002017109245 192151199192
005181132000 192240158096
004068075242 192231129000
005199050000 192233206168
003002066000 187189200120
004068127198 192132230000
004069170028 188212034000
005056016192 192234136000
002019007217 192177034000
001032250000 192233199016
013034053160 192182160000
012034136000 192133002000
002027084000 190241144000
001203088000 192178106160
002020064000 190185232000
008009238000 192138161000
001018130000 188003090000
003161056000 192198120000
004004211202 192206219000
005254030032 190007169000
005134121000 192178247118
008048246080 188211167000
002057019000 192226054000
002019007080 191096197000
001032234032 192076194000
004031213184 189218070000
004068110186 192148196000
008002116000 192166083000
008245128034 192083234000
004068075113 192206228000
005149151000 192102218000
001038240000 192197245000
005231047000 192121160000
003174216000 192153004000
001193000000 192178106252
004069238196 192161130000
005255148074 190196035000
003175094000 192178254215
005159008000 192190107000
002017111160 192178241004
013106238052 192151122000
008227032000 192178253008
005181021000 192207017000
008040106000 192178046140
008008005000 192206181000
005062085107 192031217000
003170229000 192043247000
004031213176 192188087000
003172120000 192112160160
005062061177 192178246172
002057032000 192058111000
001000000000 192228032000
008018099000 192178098088
001213115160 192054136000
004069170079 192166088000
002021175156 192178105086
005053007012 192124224000
001012034000 192178080060
008029228105 192165107000
001022206000 192245004000
002021100000 192094163000
005255148034 192147241000
005154104000 192084108000
012180052000 192233204100
002016017000 192016203000
004068037230 192178111048
003172008000 192092130000
005254120035 192178250064
001179212000 192163192000
001235112000 192096039000
004059213128 192188099000
003168174000 192107176000
004069150000 192197228000
005226144137 192178070190
006072172000 192221145000
001245056000 192198176000
003169048000 192231062000
001028232000 192219251000
002058244000 192223050000
002059078192 192178098242
001186064000 192230084000
005045244000 192153195000
008227140192 192178250068
005062060112 188164254000
005178097000 192175082000
005190211000 192241088000
002058022000 192187064000
001242008000 192195040000
004001082000 190121210000
001178199032 192178069040
002014000000 192208208000
002021240000 192178046042
006016172000 192178254222
001208106000 192133034000
002021175084 192178107180
005045208000 192178086168
005011058210 192150001011
014001047224 192233201112
001240008000 192178242006
005164192000 192234227000
008029228004 192234088064
001193189000 192207020000
004042072106 192184192000
003174057000 192150088000
001193192000 192231213000
001001001000 192178096224
004068063045 192049028000
003164073000 192178078120
001007163000 192178105166
002057225096 192178120213
002120000000 192207030000
005062060214 192071083000
005129196000 192178069022
004069223162 192178071192
004069211056 192233193068
001009241232 192133036000
003166224000 189214208000
001179168000 188094133179
002019005064 192198112000
001208147220 187249113000
002019088000 192036140000
012197240000 192124229000
002255252060 190106192044
002019248000 190124064025
008008004000 192073053000
004069141160 192178069172
001179215000 192210011000
001007060000 192178246054
001203094000 192208001002
004069221178 192165102000
004039128000 192177037000
005062060196 192243076000
005011013115 189195142000
005077016000 192133028000
001118032000 192023026000
008029228135 192230115212
002255255248 192187026000
001233064000 192080017240
002057196000 192109214000
004001180224 192233204032
002057198000 192122002000
002059002000 192105255000
003048000000 192178108238
004036040048 192178108248
001209084000 192234175000
001074077000 192198168000
005255148200 192178250108
004068062080 192229004000
004053244012 192165242000
002018212096 192238209001
005011013072 192198178000
005180190000 192245030000
001208147184 192178105160
004053210234 192190095000
002255254144 192216112000
004125076000 192222009000
002255254027 192034076000
002023166000 192178072056
005104044000 192178244184
008024188000 192234118000
001227208000 192073082000
003169051000 192175234000
008020068000 192040238160
001082032000 192243252000
001009241037 185222112000
003172113000 192197158031
005003039000 192178120136
001249104000 192111218000
008023140000 192195106000
002022116167 192176244000
003172127000 192233197086
006066144000 192207224000
004020000000 192233193032
004001082008 192137032000
004031214148 192099105052
004069141128 192024109000
003002081000 192178243000
001010032000 192149248000
005053005192 192231162000
003172072000 192160206000
001208148013 192081056000
004068038205 192244252000
001195200000 192160074000
013106186000 192178076028
002019007040 192178251032
004037155224 192178248116
001007024000 192139096000
002058233000 192241092032
005255148169 192088066000
013034122192 192176132000
005062047149 192161220000
005057208000 192178252224
004038229226 192178251188
001001009000 192178106116
001023134000 192178250168
003163208000 192178254143
004016052052 192178072090
004033131000 192231006000
008024024000 192210016000
002023174000 192178110218
005187111112 192156247000
002022246000 192158232000
001208148221 192116064000
002094152000 192178075160
002016035128 192137028000
001009071016 192233196077
008012016000 192178111176
001208170096 192107173000
002057254000 192178241184
002057225032 192178121114
008042127020 190157160000
005104040000 192178068076
008033236000 192178068143
002094224000 192193193000
001235102000 192206140000
002017108088 192178248206
001179024000 192175000000
002019174000 192178110041
012227240000 192236252000
004069247240 192072106000
008242185000 192206112000
002056177000 192164224000
005175190170 192175213000
005255148211 192218000000
005062048228 192207243000
001037035000 192195029000
004030180000 192195014000
001020064000 192221184000
013034020000 192178255190
005062042008 192233195112
017083008000 192193129000
018030000000 192245016000
001229224000 191223048000
005195220000 192042114000
002255249076 192234068000
005056018064 192145168000
001023186000 192231220000
009139224000 192077108000
004068071195 192058132000
004068070068 192200162000
001208179093 192178246056
005182130048 192178080224
002018214248 192227200000
005105231000 192229082000
004068111212 191101174000
001230106000 192219216000
004042074160 190146028000
001018128252 192081235000
002017108052 192230115192
001235128000 192195075000
002016173000 192175215000
001023006000 192233196104
004069096000 192228001000
004198224000 192178108216
003002046000 192124236000
001208147208 192139244000
002018214120 192231081000
002057241000 191234082058
005011008188 192178246162
001230208000 192188253000
001112000000 192188005000
002152128000 190143012000
001194212000 190086081000
002058048181 192111096000
005062061014 192185129000
004068127238 192178104016
005180135236 192178044130
004016055104 192197132000
008021099000 192139070000
004059064000 192178122212
008000041000 192223044000
002063200000 192218012000
004069137031 192178232000
002059076008 192147042000
005062020060 187228013000
015197038072 192240160000
002018117000 192178097188
004068062128 192203164000
002059004000 192193106000
005062061232 192178247028
004069223246 192190032000
002018214124 192195077000
004059180042 192141200000
005226054000 190216040000
001255122000 192195068252
005133240000 192178240176
001024216000 192178253234
003166221000 192233196072
002255253240 192064036000
002255249082 192198004000
001066032000 192036103000
004014064000 192086159000
003174190000 192174096000
001241249000 192178246200
002019007232 192178104200
003175040000 192236076000
004016055039 192178082048
002063168204 192049055000
004068062125 192233192124
001038214000 190123016197
013034062000 192065150000
004069203116 192244248000
004031213188 192178073040
004033139050 192019191000
002018215120 192165027000
008029109254 192178082028
001007172000 192193214000
002018215192 192158040000
004001116204 192195171000
005149088000 192209060000
001073224000 192092146000
005180135000 192203210000
005135051128 192078014000
023066224000 192178251148
004004196000 192207197000
004068037104 192178244110
014156000000 192178107056
005149140000 192178249138
005039036128 192231132000
001018128072 192198147128
005062049093 192225164000
001213112192 192165066000
004002132000 192178250024
023255003176 192178122064
002020031000 192189224000
005022152000 192207055000
004071176000 192203204000
001199128000 192203237000
005057016005 192231240000
005062063066 192054000000
004069203130 185217255000
001031000000 192000038000
001208148000 192178069000
005175190096 192234203000
015230120004 192223040000
004036022032 192197186000
003175142000 192178251192
002022116171 192132055000
005062060204 192233193168
002017109148 192165211000
002179170000 192190176000
005023018080 192173083000
001018128032 192197247000
001007192000 192178158124
001255030000 192237081000
001183192000 192195222000
002018212084 192040236128
005063165002 192219076000
004069140160 192105016000
003163255000 192136080000
001022232000 192142033000
001241000000 192137074000
001178160000 192233204000
001253000000 192178244118
004055088056 192178069200
004068062011 192234122000
004028139220 192036230000
008040208000 188114214080
005035168128 192243108000
002021188000 192075017000
002017122000 187111116000
004234000000 192138032000
003169092000 192234232000
003167192000 192197120000
005178064000 192173111064
002017250000 192102173000
002027237000 192124144000
014102152000 190158032000
001037034186 192104175000
005252160021 192158024000
002058048154 192222101000
001084000000 192178070068
002255249187 192103249000
005083032000 192178104154
003045000000 192178227000
002017110102 192229020000
005183211026 192178111039
005053001088 192165026000
003005204000 192154013000
005003128000 192190037000
001009241096 192203184000
004031212160 192197088000
003172034000 192234163000
002018214116 190103100136
004028139163 192178109124
008017152000 192178107146
002255254076 192178248026
017000011204 192159138000
004068039128 192173092064
002020148000 192241060000
001023255000 192234166000
002022232000 192161000000
003175169000 190113122164
017033144000 192178099122
003165222000 192234005000
002016112000 192160009000
001030096000 192190242000
008029231008 192178107000
005023029000 192178243030
004069171056 192129023000
001032234064 192178253134
005008035000 192209128000
002019241000 192091000000
004069231227 192187096000
003143022000 192091068000
001252187000 192139217000
001178023000 189198240064
002255253115 192196064000
002021239000 192187048000
001177216000 192173093000
001179223000 192178073064
004069231252 192190134000
005175128000 192178083236
001224036000 192187204000
005253089000 192101084000
005160148000 192178073028
008039117000 192178081240
005135000116 192178046137
004069215055 192234016000
003173242000 192178108034
004015152000 192178084050
001238032000 192118027000
004068070037 192101186252
004068068059 192214112000
005056020128 192178247060
005023009016 192178028085
005181100000 192148247000
005077047000 192150178000
004069218132 192235111000
005062063008 192178242196
005135252012 192080022000
005135021160 192165171000
004068072214 188093170080
001039168000 192178085156
005253228000 192025168000
005062058012 192236077000
003002042192 192100153000
005035172071 192178243208
001044128000 192234120000
004001117041 192160055000
020138252000 192195253000
002017034000 192077044000
005196063062 191101211000
004028136160 192233202226
002021175064 192195120000
002255252006 192244022000
002017109048 192178105084
001028152000 191240216000
003175064076 192212128000
004002133227 192178099232
002057192000 192008168000
008008002000 192178087230
004042072132 192036058000
004042035210 192233200144
014200000000 192229087064
001004000000 192188251000
004069221181 192178244208
008029231101 192049172000
005062016128 192186041000
002255250216 192234179000
008034096000 192177142000
002023100000 192178248176
003160242000 192178111156
005045062224 192178096136
003169104000 192055022000
001008000000 192055005000
002058202000 192166202000
001031048000 192088002000
002027255000 192178243244
005182050000 192178139000
004053211212 192178072238
002094004000 192241092008
005023004000 192192048128
002059182000 192150168000
005011059000 192178024128
005053004208 192178068036
002020132000 192178109220
004016052224 192230108000
004034109048 192216056000
003172001000 192178028158
002017108240 192096038000
001213104028 192208056000
005135194128 192190046000
004080000000 192144034016
002021175232 192178084255
002037110000 192223031000
002063235000 192112003000
008015002000 192193123000
002021175212 192178082142
004069064225 192229187000
001023168000 192178021000
005053007134 191037136000
004068074200 192058112000
005180042064 192245018000
008040032000 192137077000
001008128000 192178248212
001023116000 192215208000
004001115208 192194164000
002058050000 192178106208
001078112000 192232163000
004015064000 192178080240
005011012033 192198169000
002027096000 192131023000
008026016000 192235048000
005196124000 192195113000
003166096000 192229086000
008244036000 192178104236
005039017000 192228070000
004068073099 192178084146
004071192000 192152042000
002018213053 192162092000
002188096000 192048123000
004068062012 192178084140
004069215000 192178081048
001073240000 192178070114
004014160000 192178254228
004068063172 192187014000
013106211236 192231016000
002018215248 192233199160
002019004112 192036156000
002018108000 192178241190
001023221000 192162240000
004069218000 192178098240
001208192000 192177020000
008009253000 192193160128
001208112080 192131123000
001078096000 192195076000
003164237000 192178107191
004015021155 192238010000
002021175216 192178241240
004068063049 192206060000
002017110200 192178249126
004025064000 192178249255
002021175176 192207034000
002255250064 192133252000
004069252000 192178070152
002027176000 192159192000
004068062098 192203099000
002255254232 192240112000
002017109204 192178078100
002094153000 190107196000
002056254000 192145081000
005083174000 187250200000
004068062136 192210251000
003172020000 192115244000
005059055000 192238161000
001179113016 192233199128
001074196000 192233193048
005053005112 192178096188
004068071009 192178029008
005252076000 192150211000
004068127023 192178120194
004069216248 192110032000
001244116000 192184006000
004068074040 192229022000
001213115204 192178109248
002057058000 192178240250
005056038000 192165065000
001209224000 192178074235
004068037122 192207159000
005249165000 192178108146
004015021034 192236027000
001187192000 192236250000
002016089000 192111032000
008002218000 192178105126
002057225022 192208001068
013105066192 192094192000
001248072000 192178240004
003161254000 186234112000
004069231168 192178085224
005053005041 192133018000
001208172152 192231015000
002059050000 192136038000
004068111138 190057021000
005062060097 192178110168
001032204000 189203167000
003173244000 192036042000
004028139080 192178070148
005056016131 192197160100
008036007000 192207064000
004068063075 192234172000
003143000000 192233197144
002058048118 192150141000
002057106000 192237032000
002016203000 192190232000
002021002000 192229111002
005135059094 192190045000
001208113037 192178241020
008042126199 185214169000
003002097000 192178120064
005003022000 192178247196
005254031064 192206103000
004068037080 192178242128
005023017000 192234186000
002018214078 192163152000
008227076048 192088031000
002255253032 190241206000
004069248168 192178159000
004068111159 192222029000
004042032050 192227156000
002017211000 192178099110
001232005000 192134032000
001039076000 192178242224
004068063202 192219231000
002018215103 192189244000
012165248000 192174014000
001226000000 192234051000
001070000000 192229104000
002059076000 192178255114
004068075056 192208001020
004008020149 192091175000
002017108120 192231036032
012188232000 192178107236
013034059064 191234080076
002016025000 192165051000
008029230200 192178245078
004036040098 192178243044
008040196000 192190008000
003160032000 192127016000
001022140000 192178078056
002059156000 190122105098
002019251000 192227160000
008128000000 192160079000
023065096000 192236096000
004068039068 188227020000
002255251184 192178069054
004068062235 192178106158
001071144000 191193000000
012035013000 192240107224
003169004000 192212032000
005153234000 192184008040
004016054182 192178251164
005062022000 192178046204
005083131000 192178105248
003168216000 192178029191
001208172158 192233204101
001208112253 192178084104
001018122000 192195068180
003161028000 192208030000
002017111219 192174012000
003160112000 192241092064
005062018000 192178250034
004069208000 192178250224
001213115146 192178248244
004068071044 192208001240
002020000000 192177080000
002058168000 192178107182
001022225000 192084084000
002019007104 192151236000
004031224000 191234081032
004069206179 192219002000
004068106144 192193116160
004068068110 192178250184
005255148048 192178028057
001208168240 192178105152
003174089000 192233198140
008029231058 192207040000
001178205096 192233202227
017000015129 192178120099
002059116000 192148094000
003172064070 192081179000
004068111156 192178105060
004028136172 192178254052
001023080000 192216064000
002017108128 192231073000
005196109032 192145250000
008227068090 192178244008
004020073000 192190201000
003005236000 192175160000
002020004000 192190225000
005105008000 192031176000
013105171192 192178242088
002057091000 192178087174
003160116000 192233195132
001201032000 192178024224
002016045000 192148107000
004028139056 192171092000
004068074016 192206034000
004068037116 192234054000
002017210000 192178246046
017001136064 192107131000
005035160136 192178158189
005144126000 192178070164
002019006136 192178252211
003168172000 192114032000
004068037175 192093249000
002017111213 192152044000
001028144000 192068110000
004068074070 192178029031
001208147216 186067250000
004068075125 192178068186
001248080000 192178044088
002021175162 192083160000
002059013000 192109041128
004068063164 192241121000
008006086000 192199010000
005083044000 192203178000
002056126000 192016154000
002255249188 190090140000
001074192000 192231028000
005180034128 192223039000
004228000000 192243036000
008036218000 192206010000
002056122000 192178253132
005135168128 192178082096
005062042042 192240108000
005181086000 192121222000
001066020000 192129031000
001213115147 191234082186
001179162000 190102112000
005023025007 192178253128
001032202000 192216082000
015158042101 192144048000
002019007225 192165111000
001023240000 192233202109
005062049020 192178111188
002038000000 192175166132
001001002000 192159162000
002059196000 192178074224
005144082000 190248088000
005053003023 190144184000
005062049092 192206084000
002188076000 192233197064
004034112000 192200191000
003163060000 192178247072
002016137000 192236176032
005074000000 192233198183
003161071000 190214210000
023027246000 192178240052
008028117000 192235221000
001020118000 192233197000
001006160000 192178251198
004069231186 192160242000
006070000000 192197150000
012041129000 192159080000
004069218133 192162250000
005140168000 192226077000
001009244128 192176230000
002094018000 192231245000
005183220000 192159000000
002027048000 192193185000
003005240000 192207244000
002019007022 192203080000
005231228000 192237114000
005254030110 192178097134
012041144000 192230078000
002057155008 192178083168
003165124000 192149041000
004033139212 192243024000
003173243000 192233201114
004068030088 192178249030
008029230246 192149111000
003166026000 192178078092
005011010128 187031005130
005196253037 192178096152
004068062202 192178086178
005062048120 192112134000
002058045000 192118004000
004001114000 192049135000
004001115000 192236156000
004016049208 192178255048
002255249125 192203128000
005135122128 192112080000
004001117083 192234171000
002019004104 192178096042
005196253032 192107248000
003160176000 192233196048
002019007179 192178086158
005062059028 192190100000
001179218000 192236126000
001023132000 192195065000
001193220000 192132079000
004004211000 192132232000
005011096000 192178250016
005062044018 192245028000
004068110054 192207102000
002019005130 191096189132
005011008116 192035146000
003164160000 192221144000
001007104000 192109226000
001194114000 192175084000
003166237000 192127000000
005183211230 192016166000
005154154076 192133076208
005253088000 192166074000
002255254107 190215000000
001032235000 192178096164
005045032000 192178070242
004068062206 192130032000
005034030000 192206170000
002063157000 192178213000
001186000000 192178244206
005034243000 192207236000
002022060000 192131100000
003004015048 192031108000
005182164000 192178029054
001078127000 192186128000
005056017064 192206101000
004059176016 192237000000
004068063080 192178250112
002063151034 192241012000
001010012000 192178248128
002020111000 192088021000
004001112024 192231130000
004033218000 192133224000
001037072144 191101099000
003004015096 192178068056
004028143112 192197090000
008019228000 192149060000
001213113032 192065132000
001241251000 192178085144
012222047000 192174116000
005057022000 192189068000
008227074064 192147029000
002056204000 192178121084
004068038195 192154028000
002056111000 192177064000
005062060222 192147069000
004003000000 192178249157
002189160000 192190216000
013034044000 192195221000
006067048000 192189023000
004053211216 192178108035
002152000000 192229087003
002021175202 192135114000
004068038038 192197160033
012041128064 192178241030
002018215088 192223060000
002018212048 192237082000
005035160037 192178250159
002255254112 191101083000
001179112224 192178106012
012180188000 192207050000
004069248064 192228106000
003173170000 192178084184
002255249019 192178104094
003165156000 192178240142
001179112051 192108149000
013012000000 192178110070
002019006158 192178082080
005032172000 192178098200
006065026000 190086072240
001178203032 192234043000
003168236000 192109148000
002255249183 192154251000
002058012000 192099105032
002022116172 192225060000
005010027000 192195153000
003166220000 192193008000
005059204000 192148177000
002021175068 192211041000
012026000000 192233194028
002021008000 192138108000
004015021152 192178081006
002017111112 192178082069
001241248000 192178029165
004042075176 192176027000
001023192000 192178249127
001178028000 192178244026
013106238120 192051248000
013249006000 192096242000
003172101000 192103122128
002255254104 192173004000
002021175208 192026080000
004015021060 192112082000
004033218032 192178249144
001238002000 192178253004
003175220000 192165079000
003175201000 192208016000
002076000000 192208001001
008227139064 192005002000
008019040000 192236176028
002017108243 192178083034
002016224000 192178104034
017088000000 192075144000
003033056192 191102226000
004059176199 192186141174
001183208000 192216200000
002058156000 192178107028
005201168000 192178105021
002255160000 192210224000
002021175244 188209133000
006243232000 192169208000
008042173000 189247127186
004002133032 192233206238
005011060000 192178110000
004068110020 192177131000
004068072027 192183184000
004069231237 192178110250
001028184000 192197157000
002057153064 192177059000
005045062028 192178246116
008014016000 190242180128
001208112096 192178074204
004002024000 192178252016
002058068000 192092064000
006070032000 192178070177
002057228000 192234048000
001037027036 192178028102
003175093000 192093036000
004068062132 189126208000
003170242000 192041138000
004216000000 192178121030
001255224000 192243228000
002188010000 192178110224
002028000000 192061050000
002016049000 192233201170
001213160000 192178069220
001009000000 192124045000
002255253118 192126036000
004068071192 192178104026
001232224000 192081189000
002019216000 192178251204
004069218154 192178028208
002255254008 192190187000
001007152000 192129081000
005025184000 192206184000
008043066000 192178248220
001037073000 192231208000
001209032000 192160240000
005056020176 192177139000
001178184000 192178132000
002063240000 192054036000
015248064000 190147080000
001203116000 192237024000
004016055016 192178247054
012129128000 192233192248
008021116000 192233199186
004069137030 192178087112
002017195000 192208191000
013104149064 192067144000
012026124000 192061036000
008017036000 192223188000
002255251064 192233193036
004068062144 192231112000
002017110012 192137088000
004069064104 192178248050
001009243036 190143250000
005188174000 192019243000
001012064000 192178249123
005044251000 192105252000
005034248128 192194128000
005011013066 192206128000
001208115224 192178254024
004068062024 192206144000
003002044128 192234220000
002189176000 188073173000
002018030000 192186141172
002094198000 192178097058
002019200000 192233202128
001006231000 192040052000
004042074176 192148093000
014001058000 192176001000
005010138000 192189156000
003169015000 192229085000
001038184000 192178246170
005035171000 192067066000
005045215000 192178158224
004033128000 192230118000
002019128000 192178242080
001179113072 192178082058
001012032000 192094077000
005154136000 192091156000
017000001233 192214224000
004248000000 192190025000
005053239000 192197087000
002017112000 192178070096
001179048000 192178106044
002255249196 192153122000
005044254000 192196192000
005042198000 192233197059
005023016064 192178253002
005022202000 192209018000
004068110042 192190066000
002017111208 192173076056
004068070223 192178073199
005133160000 192178246161
001023152000 192178028168
001187208000 192149237000
002017014000 192206213000
005255148060 192178087120
005239248000 192148186000
001208147221 192101085000
001082128000 192178107136
005101072000 192219096000
001118008000 192236192000
002022116192 192152120000
005158214000 192111004000
002020247000 192223026000
005062047160 192176214000
002057150000 192178246036
004042074196 192233197099
005062047200 192160165000
004070000000 190089048000
005039008000 192178107150
002059152000 192231036048
001179112168 192237111000
001237184000 192178073116
004068070209 192178099106
002179169000 185227182192
008227141194 192178245022
003161030000 192237028000
003174201000 192178080056
002019081000 192100203000
001179232000 192197124000
001008009000 192236120000
002057076000 192084068000
001208113040 192148020000
005129224000 192223104000
003172107000 192178082076
003165253000 192230097000
004001117072 185045013000
002021175148 192101143000
003162013000 192178241026
001178002000 190252105000
005104059228 192178104168
002255254120 192111002000
002059220000 192135036000
001241228000 192238048000
004068075239 192188123000
012144150000 192178120076
005023034000 192178086044
005061111000 192210252000
002056048000 192178221000
003172115000 192147093000
002023148000 192197082000
003160178000 192076184000
002058080000 192215060000
002056125000 192241092002
005180134076 191096231000
002018209000 192233205039
002058048251 192111226000
005255148076 192152116000
002078048000 192178254198
001178027000 192233193252
001241193000 192178099020
001039080000 192166241000
001020125000 192178104190
001044112000 192219092000
023224116000 192177002000
001028148000 192195054000
005129000000 192103180000
004068063220 192101004000
001208112252 192178249148
002057225080 192237106000
005011008133 192029160000
001208145000 192138185000
001213128000 192084253000
001231128000 192031021000
023055140000 192178074036
004068063156 192178249104
002255249056 192102220000
002255000000 192178244156
004068072079 192193163000
008029228100 192206030000
004028160000 192178068136
002255251036 192178086084
003166072000 192203177000
003165014000 192241081000
005062063080 192238022000
003174128000 192209027000
004068072140 192093004000
002059062000 192193113000
003005032000 192178086170
001214092000 192178248152
002016160000 192207150000
001240001000 192234202000
001028112000 192240107208
017057144000 192208001224
005249188000 192146168000
001199240000 192231036004
002179064000 191101177000
001037064000 192233196076
002058085000 192124225000
004069231155 192178250240
008002192000 192178245136
002016186000 192236008000
005176000000 192139018000
006133066000 188128192000
001071176000 192234212000
004036040010 192176224000
004068037252 188227204000
001237168000 192165054000
002255252016 185248169000
001037029072 192178069228
001023113000 192178029139
001037072146 192240102032
002022008000 192229152000
002056244000 192245002000
002027112000 192236147064
004015020088 192178122010
004068038017 192100008000
002057200000 192178250215
001208114044 192178248102
002023015000 192036010000
002019004101 192178243106
004031209192 192153002000
004068068012 192219017000
001073246000 192178107190
003002101000 192185128000
002017108080 192197148000
002019007096 192040128000
001213115192 192216122000
001225090000 192178240120
002020185000 192034070000
002057020000 189016000000
004042033144 192165169000
004069231224 192148064000
001178196000 192233198182
002021175250 192206174000
003174072000 186048000000
002017110204 192223150128
001076148000 192234142000
005053000137 192158034000
004040000000 192233198020
002020012000 192178245120
005196248128 192178240050
001213115144 192178074206
004068036144 192223172000
002255252031 192178244025
001208179173 192178098094
001037034000 192082116000
004068062097 192187006000
001038168000 192178245130
008244037146 192160132000
005059222000 192108213000
012201064000 192173090000
001208172144 192175255000
003175064096 192158020000
002021175164 192234211000
004015017201 192233197056
005062061238 192207100000
005053006096 192244024000
005101092000 190008236000
005011032000 192185076000
008015247000 192178098036
004068033215 192109240000
001236048000 192188015000
008244128208 185129066192
006072224000 191160016000
004015021138 192178087156
001021096000 192129048000
001208113032 192121000000
003165030000 192178044252
001208147188 192236009000
002018056000 192146234000
001009241174 192211047000
001236223000 192233204064
001007169000 192177005000
002255251000 192178249160
023066100000 191096131000
002189088000 192178085030
005035160116 188165021016
003175192000 192135066000
005008017000 192178072182
002059040000 192227176000
003169062000 190103100048
002022116176 192099146107
002017203249 190212070000
001178198160 192243090000
003002095000 192135172000
001179113068 192237099128
002063151032 192178107143
002016035249 192207180000
002255249059 192196002000
003162034000 192156162000
001006192000 192225208000
002017255000 192244228000
002058234000 192231247000
002017109248 192160027000
002255251231 188255164000
002023096000 192178078124
001076016000 192178193000
005104232000 190112204000
002058072000 192231037000
001213000000 192178105032
004059234009 192109207000
001208106168 192124115000
004016049160 192121243000
001018127000 192107168000
004068110061 192178099208
004068111105 192072125040
001023112000 192135110000
005249163066 192233204040
002021175194 192193118000
001193224000 192178242024
002021126000 192178093192
004028138142 192071248000
001032234050 192178216000
003171212000 192219116000
023130130000 192175012000
001009250064 192195030000
004069170034 192245000000
004068037013 192207253000
001022048000 192197160022
005042211173 192178022000
014049196000 192077236000
001178208000 192124155000
001074080000 192178254018
013225075000 192135193000
004068075055 187120008000
001208145128 192152049000
020157175000 192177144000
005056009099 192238208132
004031208050 186251012000
004069143128 192178253236
001007168173 192086052000
003165186000 192231044000
004039104000 192178245084
002027232000 188068164000
004042072224 192178111216
003002056000 192005157000
001178090000 192245025000
004068127020 192188072000
004069241000 192178247016
015176052000 192136131000
005183168000 192178097110
001068000000 192094208000
001244118000 192171104000
004068062052 192095000000
005183204000 192109144000
004015022000 192176196000
005056018048 192230240000
004068068055 192178086058
002021175057 192237072000
005053005120 192178241104
003004012018 192230113000
001079002000 192228126000
005135015216 192147013000
008029166000 192082000000
005057210000 192178244028
001233003000 192178109188
004068062044 192233204112
005053004120 192103189000
002019224000 187077112000
004068073132 192101081000
005053004036 192173089000
001201008000 192154196252
005062062132 192012221000
005239000000 192178029094
002022092000 192207012000
002023012000 190228080000
005001095000 192177101000
005056020144 192193130000
002023178000 192234058000
004069222177 192178045186
002057155000 192178247066
002018214102 192210246000
002058048180 192086005000
002017109234 192203158000
023012033076 192233206232
003160056000 192151179000
005053001192 192035025000
002019007244 190242016110
005159217095 192076092000
006043000000 192244244000
004069215046 192178096196
004020064000 192207254000
004001064000 192091109000
002056024000 192178158192
005175222000 192178247080
001021144000 192207242000
004068072192 192231192000
017094003248 192236160000
002057061000 191234096000
004147000000 189113032000
004033139056 192178241084
005154233000 192237116000
002017201000 192154196001
002189086000 192178070228
008255254123 192190062000
005178043068 192101194000
004033139032 192178240226
001002008000 192243230000
002255249030 192163011000
005062043192 192178143000
001178202032 192176249000
001009241093 192084009000
001075128000 192189024000
002188252000 192206008000
002019004072 192178119128
002018252000 192092094000
002188192000 190187084000
005053005000 192178246236
005053007042 190182248000
006064136000 192178075054
004068070144 192178072110
001208106172 192209026254
003175070240 192150058000
003168184000 192178071208
003164060000 192238208001
005062047224 192232184000
001066080000 192185024000
005100208000 192229232000
005046000000 192093096000
002188024000 192112152000
002022116170 192231005000
001033000000 191096028000
004042072130 192178072180
005175190067 192052153000
001084128000 192178254252
001039152000 192042136000
002022227000 192178083224
001228252000 192178110216
001179113096 192188034238
013106232072 192153188000
001079066000 190090232000
003164046000 191096003032
002188239000 192223004000
004014044080 192068231000
001082000000 192178107160
015158182000 192205038000
005003240000 192208001134
005175140000 192178107178
023026145000 192152107000
004068062010 192193182000
001023216000 192203230000
002180248000 192178073051
001009243035 192207062000
001009248000 192237094032
004068015224 189166000000
005159050000 192178074038
005062042112 192161192000
001118128000 192112140000
008029230176 192193230000
008029228095 192208015000
003169002000 192240128000
002056005000 191096189224
001013000000 192178121118
005172180000 188240068000
001248216000 192213000000
003033128000 192178070056
005154130000 192237094160
004069231200 192206109000
004033136000 192118032000
005077056000 192178250056
001018116000 192178120217
004068033216 192190226000
004068062123 192186178000
002180128000 192178083076
005181158000 192121239000
001179176000 192244000000
001030160000 192136016000
008028217000 192240126000
005083112000 192233206166
005181131000 192231043000
001222208000 192112160148
005042124000 192215204000
005140161000 192178243078
003172064096 192178046160
004059177172 192094176000
001208112136 192203127000
001023205000 192062208000
005003192000 192203219000
002018025000 192178083036
008048120000 192169068000
003173016000 192193013000
003164120000 192233205192
001022160000 192238209130
008022178000 192186190064
008227052052 192001140000
004069207090 192231023000
002021175200 188211026000
002019005040 192195224000
001213113016 192178081020
005172152000 192157000000
002017111205 192178109068
008227102000 192178251088
002027216000 192207002000
012237128000 192050074000
001075008000 192206027000
005180030000 192152226000
002022112000 192178245194
002027160000 192178252080
002056096000 192241102000
004069170224 192178068226
008245015080 192178109012
002255248064 192178254084
005187116166 192178244148
005135020135 192178068188
004016054192 192225154000
002058048252 192188095000
001178006000 192193068000
001022211000 192195068162
002181220000 192178241014
005053007212 192240102000
002020243000 192131024000
002056092000 192231004000
003161120000 192195234000
001243000000 192119170000
004028142176 192148100000
008041056000 192233201169
002017110096 190108058000
005056019038 192230089000
012181162000 192157153000
005196248038 192178071190
002021070000 192070246000
002017108076 192243032000
002019004096 192055128000
005182033000 192177108000
002182168000 192075088144
004195000000 192226060000
001037027038 192243034000
002063156228 192178240154
001030092000 192203138000
005105192000 192178111148
005010138096 192178029163
005061080000 192208096000
003162002000 192178244046
018068171000 192122224000
001178004000 192152142000
003163002000 192208001148
004068111200 192132128000
003004012034 192178246206
004016054232 192197216000
008043028000 192178121178
003160068000 192232104000
005053004202 192231060000
004068073142 192178108140
002022116136 192216088000
002017110072 192178086175
002017249000 192161208000
005062063168 192243255000
005180135254 192043211000
004068038040 192165028000
018172252000 192048079000
012149224000 192231107000
002058048160 192122213000
023188212000 188170164128
008029230189 190158200000
002057148000 192231218000
003174094000 192150017000
005100168000 192203197000
002187253000 192236176000
008045114000 192178081028
001002000000 192193000000
001022028000 192137185000
005011008064 192206196000
003002035000 192153080000
001094000000 192093052000
004055124000 192178080200
001224180000 192234215000
003163061000 190103122144
004069217192 192101002000
002022000000 192240046000
004069238245 192178086174
002188128000 192178071040
005183078000 192111231000
001186092000 192231219000
002017108084 192145228000
001178198248 192107056000
002027093000 192153156000
005129211000 192193024000
002255252008 192169005000
002059077160 192223056000
002188234000 192107051000
002017111200 192193092000
003174110000 192103154000
005062058028 192188051000
034096003032 192024088000
005022209236 192238209128
005053005160 192178243020
004068111158 192178106042
004068062008 192212000000
005181021246 192243084000
004001115064 192075239000
002017110112 192178243250
001179112000 192028166000
005053005042 192149254000
004053210232 192178083116
005023018088 188165136008
002017110160 192235064000
005181248000 192093180000
005056017056 192178098234
015158152000 192075116000
002017109199 192178099156
005062056000 192178069116
005011010220 192178107184
005004000000 192197210000
005101176000 192178083070
003172021000 192178086224
002078040000 192195118000
004068127123 190242157032
005102176000 192230090000
008038121000 192215200000
005035036000 192178096055
005034128000 192229112000
002018105000 192232120000
004068071048 192086004000
006047112000 192178240048
023249055240 192206205000
006070130000 192238168000
005144145000 192108202000
004016049204 192178252232
004069221128 192153152000
003164108000 192178252215
001081008000 192178068162
008020200000 192178104149
002058048080 192230228000
002152066000 189218111000
004068039206 192178028232
004016051068 191156208000
013106232168 192138234000
002019007250 192178249128
004068000000 192153148000
005056018095 192154196004
004068033236 192150112000
002059162000 192231216000
005196162132 192178028088
002057225128 192160104000
004001120000 188241248000
004069226087 192108014000
002056114000 192198204000
001039220000 192107096000
005083135000 190103100156
005182168000 192236147016
001039224000 192178109162
004033139048 192162218000
004069218130 191101250000
001002064000 192188034233
001067238000 192221147000
004042075060 192178081040
005178043065 192178082026
003166232000 192003071000
005039208000 192178244018
004068111211 192172250000
002255249146 192223011000
005059098000 192031163000
005056020080 192178029009
001118040000 192135181000
008027110000 190103122192
004068037233 192207122000
003005124000 192140252000
001020128000 192141236000
001208115254 192178240152
003174224000 192242000000
005056019022 192175045000
005039198000 192078150000
002018068000 192190174000
002255188000 192075066000
001213112240 190150208000
003002043064 192223147000
005101221000 192178121000
002063168200 192099146159
003162212000 192178044144
002018214111 192236064000
002063156200 192193115000
005039237000 192176026000
005040192000 192203213000
016015160000 192150192000
002016167000 192206090000
002018215048 192178248192
004068068013 192189054000
002022228000 192207043000
004068111140 192178245200
005160243000 188214158084
002018214054 192231161000
005226154000 192227016000
003174105000 192178247233
008044238000 190098132120
003172104068 192218141000
013021126000 192207108000
001024224000 192149205000
003174013000 192232182000
003002088000 192178240184
018018016000 192103010000
003002045000 192178111014
002018214208 192170020000
002057062000 192012236000
003172104106 192235222000
008002176000 192094156000
001233224000 192178243052
013105221042 192101071004
005104042208 192230114000
005199045000 192231235000
002255249145 192137211000
006065016000 192196008000
005053007005 192178107128
002058048096 192052196000
001240128000 192046168000
003167221000 192232099000
005056018012 192238208192
001081094000 192075216000
001203064000 192178046017
003165072000 192178087210
005042211176 192139192000
002016084000 192232094000
002059077136 192056115000
002255254034 188132175000
001193176000 192122064000
004068062111 192065136000
005039053122 192070131048
001064000000 192030224000
005102078000 192205036000
005145169112 192178250084
020135032000 192144052000
002019007180 192154248000
008244000208 192056081000
002255249048 192178245236
005172182000 192178246184
005180135168 192155000000
001079080000 192174128000
004016052248 192178245172
002255253120 192150075000
004016048228 192178116064
002020071000 192231025000
001007168176 192187200000
003163128000 192137048000
004068059111 192178111010
004069215095 192122207000
005083167000 192178121204
005045189000 192197113000
001076128000 192175000036
002018212088 192093029000
004068033196 192183192000
002008000000 192188131000
005254153000 192108160000
002021175096 192196140000
008024080000 192048128000
002080000000 192232072000
001249112000 192109232000
005153181000 192100024000
005175190172 192101006000
002023154000 192178254184
008048245136 192211004000
008052233200 192178082065
002255250192 192178246022
005003023000 192178254115
005042211128 192036109000
002188031000 190098170176
002018206000 192046204000
002056202000 192216160000
003172099000 192162112000
002019005162 192107105000
003004015000 192051240000
002059079000 192205028000
001239004000 192188214000
004069231202 192189247000
003175154000 192178099052
002056184000 192178074196
002018165000 192203096000
005133068000 192178073020
008150024000 192148176000
002059183000 192209062224
004068037242 192157030000
003173026000 192231206000
002018029000 192236208000
004069230122 192228003000
002090128000 192056243000
004069220034 192231036040
008227077160 192233205152
004068073014 192178122028
001018128000 192178249043
005056020068 192231140000
003171180000 192165206000
005231203000 192178097062
002058108000 192152017000
005159239000 192188064000
004069240064 192223128000
005039019231 192178069246
001193148000 192030056000
004068111003 192223192000
001208114000 192156154000
012227056000 192209020000
013104187080 192178098110
008017126000 192178121020
003002034000 192234150000
001075014000 192096096000
001074128000 192175040000
004213224000 187214029000
005255148184 192178087248
001200000000 192237119000
001177000000 192178252170
003164018000 192185012000
002022248000 192065185122
004068039227 192209026073
002021175017 192107246000
004068037198 192109239000
001213153110 192178071092
002022231000 192193189000
008227115097 192178086154
003033055224 187189200064
001209188000 190086057000
001076160000 191096127000
008227052017 192178246060
001025144000 192084052000
004036040018 192012102000
005023025004 192091060000
001037048000 192178244100
002188182000 192103046000
005053004034 192138002000
005039019234 191241140000
004001116000 192157186000
001208112081 192178106222
001237064000 192132102000
001208112064 192240156080
003004012008 190002202000
005188206000 192178109204
002058056000 192160200000
016214048000 192005255000
002064000000 192233198168
002027118000 192178111044
002057176000 192178086096
002189062000 190217128000
001208169000 192176108000
004033144000 192197158192
008048245114 192092116000
005039053113 192233195224
002057048000 192197135000
004068074175 192178108224
001032246000 192072124128
002021123000 192206148000
008022160000 192178082150
018173156000 192193020000
006001000000 190002193032
004019000000 192137250000
002019007188 192178081008
001178096000 192203048000
005062023018 192170001000
005039040000 192169004000
006072216000 192177150000
005062059040 192234008000
001214128000 192120006000
005200030248 192231114000
004068070193 192178120248
013224201000 192185058000
006048016000 192228004000
005022209232 192092095000
002058048057 192178080248
004068059154 192178070044
005062043253 192216093000
008048241196 192241076000
003163062000 192178249120
002059024000 192150009000
005011012024 192227189000
005187116156 188042225000
002057124000 192233201136
004031104000 192233202228
002021175143 192244128000
003172004000 185122224000
005056021060 192206018000
001208179192 192135200000
005134208160 192124050000
002021175195 192178087008
004068111108 192178120096
002023094000 192207183000
001213116000 192178255180
004068038240 192178251114
005158213064 192234088032
012184249000 192240157000
004068071050 192197158030
004071240000 192178029236
001002004000 192159135000
008035048000 192209016000
001024192000 192208009000
004069227011 192178253058
004068033212 192119144000
005059193000 192005071000
002181188000 192178085248
001007142000 192068040000
001119212000 192187224000
005062060077 192197160060
002021175224 191006128000
005057230000 192230224000
002056172000 192207091000
005032182000 192178045105
004002016192 192178082066
003171188000 192206041000
001032234000 192178068026
008047138128 192111160000
005183018000 192200136000
008043004000 192178083214
003164184000 192031107000
001022008000 192138102000
002189240000 192076245000
004002160000 192118084000
001212000000 192161032000
002018028000 192206176000
002057248000 192176169000
001178203014 192204080000
001208115252 192178107211
002019082000 192154132000
005053003060 192218067000
005039011156 192233204128
002019012000 192234096000
002063168224 192178158196
002056131000 192178072034
004001114008 185202064000
004069223214 192178122040
004016048032 192109173000
005053000056 192061046000
002019004079 192238032000
005010214000 192178099234
005062059020 192101208000
005062060069 192102199000
002058105000 192219254000
023060170000 192178029072
001009243000 192244144000
004069208060 192151080000
003168152000 192195088000
001081092000 192186141135
004016054184 192178106076
002255252023 192206105000
001009244090 192178106144
002186000000 192152020000
001208178016 192058041000
003175048000 192157154000
002018214192 192178240202
003165046000 192178045172
003175076000 192178247136
005059052000 192140108000
015221148000 192234178000
004069184000 192234180000
001071103000 191101201000
008244192000 192173087000
002022063000 192149219000
005045028000 188165133076
005062042125 192153018000
002057080000 192197160042
001021000000 192222030000
001009241224 192178075200
001255096000 192178083056
004068111198 192193158000
005104038104 192207250000
003143020064 192234041000
005045062104 192188063000
008004039000 192189181000
002020096000 192195039000
004068111136 190006175000
003016000000 192178241172
001179117000 192233207140
002188236000 192188010000
001247016000 192178074164
003162028000 192234000000
003166063000 192149214000
008021160000 192154130000
015197038143 192178252184
008039008000 192178248080
002019005128 192178029118
001076152000 188044112000
002019005176 192091151000
012021128000 192237097000
002255249087 192223144000
004068073057 192033242000
001179112160 192074213000
003004012042 192234167000
002022016072 192178097018
003165237000 192137235000
002017110080 192029048000
003002103000 192176212000
004069218142 192240106000
004068070086 192178083216
005255148064 192240137000
002017120048 192238209160
005175064000 192178074144
005159218105 192138172000
001255000000 192205195000
002016141000 192195041000
002255249066 192177159000
002018214222 192178097144
001030104000 192178247029
004069215056 192108207144
004069226249 192204104000
004068075080 192178028008
002020139000 192178245052
001032234051 192076156000
001179052000 192178105150
001208146056 192231084000
002016058000 192178072102
005159218218 192193172000
001007048000 192188164000
002056112016 192054130000
001022236000 192236032000
002019124000 192189118000
001011032000 192178244017
002255254019 192235128000
001032239000 192102209000
002037104000 192061052000
003162078000 192178069055
005175077000 192166082000
005053003080 192178028084
008015006000 192110224000
013225112000 192149014000
002017109222 192077007000
004068062192 192016155028
005135059166 192178120220
004068062103 192240150000
005252146000 192178158176
005180147016 192151209000
002018036000 192078000000
004020073128 192203181000
008042120246 192188156000
017248157000 192178250152
002059110000 188114192000
001022152000 192100171000
008029109230 192208224000
005187108000 192083152000
002021175149 192196188000
005196100224 192178070032
002059078232 192206126000
001066088000 191128112000
013248088000 192225026000
002058048166 192175170000
001004128000 192193146000
005039097136 192115096000
001178048000 190220000000
002056068000 192240105096
001208112154 192240191000
001255016000 192030218000
008036235000 192178105172
008048241233 192197160013
003173176000 192036217000
005254133000 192165236000
001223000000 192200214000
001009252000 192178069177
005196161192 186247058000
001040000000 192178245090
001000224000 192236069000
002017120040 192073051000
005062061045 192108105016
003004015176 192223252000
008018235000 192178240078
005143182000 192104001000
001247200000 192145048000
001178080000 192073214000
003164234000 192104139000
008042120040 192194132000
004068062004 192178244232
008052208000 192085023000
002021075000 192175064000
004068071134 192234112000
004028140000 192225110000
005159217096 192083216000
002058048032 192178075128
001037027032 192173111000
001002032000 192178029150
005011010210 192234192000
001179161000 192178251144
005022144000 192188178000
002027240000 192178086249
002017111216 192086131000
005056020173 192228064000
002255251214 192195069000
004069221160 192204076000
001018096000 192228031000
001009192000 192162108000
004068068090 192178110080
004031100000 192233199224
008007160000 192153136000
001007225000 192236210000
002019007233 192068043000
003175138000 185232045000
001208178208 191096092000
005255148238 192082236000
001178175000 191107128000
004068073244 192178241064
013106244000 192208004000
002016068000 192178253080
002021175169 192112160212
001208179174 192178085196
002255249086 192177174000
001178207000 189199095000
005252168000 192005140000
005053003036 192215064000
012019052000 192033033000
004232200000 192243208000
001208168115 192050150000
002182254000 192241086000
002022040000 192178073140
005062042050 192178241006
002056248000 192227224000
001248208000 192072124148
003173040000 192235069000
004016054103 192159118000
008003003000 192178252140
004069143163 187253255080
004015032000 190105196000
001032219000 192234126000
002183080000 192178109140
002003000000 192086162000
001079004000 192178241048
001213104024 192197161000
005158200000 192112254000
005183038192 192207099000
005053003204 192178045020
002255249008 192232088000
008029109040 192208186000
002017008000 192138188000
004068071000 192176000000
005183036024 192234088047
003169078000 192177040000
001025096000 192190168000
001254240000 192231201000
001010011000 192233200247
004069231046 190242166096
004004216000 192178120072
005178107000 192124181000
001007110000 192178121180
002019007219 192178250001
005180235000 192099146138
002020240000 190248080000
003005160000 192233199072
002017128000 192218136000
002255252021 192207015000
002018214070 192178070142
001023188000 192203168000
004028142172 192178247232
012070178192 188254078032
003164064000 192178111129
004042035208 192178245210
002056148000 192178097136
001008064000 192178097162
002019007000 192232050000
002188012000 192203106000
004031215032 192178029120
001254232000 192185224000
002057152000 192233198192
005165192000 192231066000
001213104128 192178104138
001028040000 192189050000
005061048000 192190002000
002255249096 192226040000
001209092000 192178245024
008017128000 192178110100
001024208000 192178086112
002021180000 192178085048
002018026000 192178087216
003162243000 192178240076
005154226000 192190111000
001030052000 192233198052
001238024000 192233193069
005011010168 192219000000
004068037027 192103013000
002255251194 192178247152
005144033128 192178085202
003173240000 192206254000
001022188000 191037208000
008150072000 190106216000
005016160000 192188174128
004036040043 185253121144
003004012053 192195058000
003174160000 192240106016
001242007000 192067002000
002018192000 190242166060
005053001144 192153191000
002255251024 192121136000
004068127024 192207178000
001074240000 188136134000
003166032000 185120058000
005188136000 192178242132
005231070000 192064251000
003160130000 192232082000
004071230000 192178105088
003024000000 192178252094
001208114249 192241000000
001044098000 192206186000
005255148227 192111033000
012131064000 192210254000
003002038192 192178086202
005105212000 192158037000
002021175026 192139042000
005011028000 192178245018
005010142000 192226032000
001237135000 192230092000
001119206000 192150214000
002019006024 192178158012
003173032000 192099146128
001178198176 192178106228
002059057000 192177007000
001023128000 192178247224
005062058092 192178107070
004042216000 192210144000
001233206000 187107000000
001000001000 192054113000
005010138064 192178138008
002019007246 192073064000
004042073000 188231135000
004028138092 192189048000
002255251160 192104184000
001037029128 192193243016
005100224000 192178255120
002056142000 192223156000
003163254000 192178075088
002056150000 192234022000
005061120000 192205016000
005001087000 192233194024
004042075160 192231036204
012171136000 192233194032
013104253096 192146166000
002016143000 192074160000
004038229208 192197061000
013024000000 192223053000
002058049000 190103139000
004031215212 192088140000
003161000000 192164064000
005062085172 192178253235
004068062134 192189040000
004068106120 192178069096
004002016096 192139080000
002181208000 192135167000
017253002000 192178241126
001179064000 192147037000
004068068022 192157169000
004069200040 192036074000
003174172000 192233205078
005062042248 192178245176
002021175197 192178099214
005061200000 192223189000
012237100000 192072008000
001039164000 192178249124
002255184000 192187024000
006014000000 192006150000
004069206192 192178029096
004069223000 192237098128
015145128000 192178111108
005008212000 192178110078
005183211048 192233205056
003004028000 185123142128
004068062154 192178046224
002016023000 192231188000
014047128000 192207018000
002021175242 192208012000
005062060224 192178248048
004028142128 192188016000
006042244000 192178120184
002255252000 192178098080
005083129000 192233205036
005010192000 192067146000
001203000000 192107032000
003163046000 190103125072
003163080000 192182192000
002255251096 192095086000
014121128000 192160058000
001000002000 192178086136
003165189000 192195079000
004042073184 189192192000
002181200000 192234072000
005059188000 192197158024
003160048000 192188145000
004033218008 192178246096
013106232024 192119111174
001085000000 192178244040
001119208000 192206202000
001022010000 192234153000
001037000000 192211013000
002016139000 192223064000
003002102000 192178046240
004002133240 192233199074
004069217083 192076237000
001023178000 192178243216
012183188000 192178241056
002019007168 192178067064
004069248188 192223249000
004069136216 192178110140
004038229128 192233199021
015158148000 192178249010
002188176000 192083208000
004068036000 192176246000
005062060053 190187211000
004068075246 192178243082
001208178184 192178252014
004055094000 185206226036
002027200000 192139112000
004068062204 192243020000
008024201000 192178099120
005056019000 192231011000
005001083000 192189229000
004069231081 192203110000
005062063024 192138220000
013227162000 192195004000
001178072000 192150123000
002018212231 192203156000
012227096000 192207118000
001118002000 192241104000
004068038120 192178245160
001007002000 192178246000
002017109108 192238012000
001178198128 192234018000
002018213162 192034106000
001022228000 192193086000
002021175154 192107166000
004059178059 192214115000
001004008000 192120000000
008038175000 192178244038
012181176000 192233197058
002255251032 192207225000
004014157075 192178106142
012107032000 192153240000
001241032000 192152203000
003175064128 192178082004
001238012000 192092242000
002018212059 192195211000
005008028000 192233197145
002057225040 192204008000
005180251000 192008124064
002021175002 192160034000
002023204000 192152124000
003169099000 192178029109
001074076080 192229087160
005226149086 192160124000
004031212140 192178070140
001002128000 192178081097
002027034000 192178098188
001232240000 192178255248
001022163000 192149213000
004037000000 192012011000
016002192000 190127224000
009142096000 192124247000
005180033000 192178246082
001044056000 192190129000
005180194000 192204120000
001023185000 192245014000
004059176200 192178076015
001208168073 192178244164
003169019000 192178104080
005053001104 192233202198
001232247000 192229093000
005196253176 192186141136
005062058156 192230075000
002255249208 192164048000
005180140006 192070226000
004069171128 192233198160
004068071145 192197146000
001213115208 192226055000
005231248016 192219192000
001209186000 192075036000
001199224000 192178121158
008033020000 192211002000
003172104100 192238208004
005062058176 192178029180
002021175076 192178254102
008027112000 192175216000
003143020110 192197076000
004028142080 192177021000
012145096000 192162024000
008042249000 192203148000
001037027040 192088187000
015220160000 192178045189
001012036000 192151199224
012033108000 192173072000
005056020120 192233205159
001044100000 190106134000
014103136000 192178240068
001186093000 192071190000
008230128000 192035035000
002017109147 192178243218
005039056000 192206020000
002020176000 191215048000
008029109176 192229125000
004068062197 192178069079
008033238000 192178085188
003171244000 188132139000
001213104030 192178099210
004028234208 192178240136
004069238218 192166251128
001025024000 192231191000
004068072048 192178243220
008037035000 192178249182
005011012224 192195140000
005101211000 192158180000
005053007102 192233202202
012181248000 192152030000
004015021156 192197205000
001024128000 192193204000
002017108242 192195136000
005039063192 192112160156
002255252038 192178120090
023038240192 192208022000
005188173020 192233197104
001178205112 192207074000
005056009064 192233201102
002017140000 192053103000
001208106192 192033191000
003163140000 192178107179
001079068000 192158025000
008036230000 192162020000
003170000000 192178249102
002057154128 192216092000
008007216000 192178070082
002021016000 192178098156
002188002000 192088082000
002017110126 192162172000
003004012035 192141100000
001116000000 192131096000
003002035192 192178244064
005252214000 192188020000
005056017185 192207004000
002017045000 192178085086
004068039040 192178105092
002015193192 192227201000
003174232000 192178246240
001245050000 192178240028
003175032000 192149102000
005053003092 192178075052
004028235000 192231239000
002018215112 192234094000
002021040000 192163005032
004069168000 192178107094
008026248000 192245036000
008242143000 192187140000
004068039122 192178044156
002019007088 192165085000
004069230096 192178070132
003004013032 192152026000
005053007152 192233199211
001007062000 192206014000
004079104000 192243110000
001032228000 192058248000
004068062025 192178083042
004069231176 192139131000
002018212158 192229032000
004030176128 192178249088
002063151240 192112034000
002020246000 192178111236
005062042030 192230115240
004001115188 192178243068
001208114240 192207068000
017000119048 190152240000
001178001000 192153166000
004069171042 192178068096
004068127199 192187030000
005180054040 192146202000
006075064000 190111160000
005196056000 192234200000
002016216000 192193243128
004069235177 192233193072
002255249073 192178068138
003161086000 192207156000
001208115240 192219234000
004001082010 192178247092
013034056000 192165202000
001178205080 192178251168
003170248000 192178084252
004182000000 192178076027
002019005161 186082219000
008029109001 185240248000
001007080000 192073232000
004004211128 192178087148
004069248176 192196160000
004068063109 192233205058
003175232000 192178245046
002058024000 192218080000
005039048000 192138232000
005231249000 192178080071
005226144146 192146142000
006048224000 192178255128
005059080000 192209000000
002252000000 192080068000
002057152008 192178243012
002255252009 192231111000
008034160000 192153060000
015177080000 192238024000
001178031000 192146102000
002019007223 192152098000
002021175045 192173105000
004031209000 192229080000
001039222000 192178250032
004036040144 192208001128
002255250224 192190184000
002018251000 192190020000
004055088048 192103022000
001028028000 190076242000
002023155000 192178251182
002021175140 192197214000
002255248138 192053044000
002059236000 192193217000
005039216000 192209026080
001082224000 192088000000
001023089000 192085189000
012182248000 192178111208
002027254000 192101080000
004068015000 192233197128
015158149020 192237083000
004008020032 192178099244
004068074115 192067014000
002016104000 192165073000
013105100224 190151072000
001235192000 192197160020
003166011000 192193028000
001093000000 192161076000
002019006036 192211000000
005035160128 192178105022
005183151000 192166227000
003164107000 192178071205
001247196000 192178105208
001240002000 192178097124
005201192000 192178242146
001213153108 192210136000
004068127029 192207073000
005053005149 190202144000
002255253048 192244020000
001208113036 192231242000
002062000000 192228121000
008002104000 192205040000
002022064000 192178254204
002020104000 192233201080
004001115185 192200168000
005059206000 192178080234
004038229124 192042124000
004068072195 192186048000
005226150128 190187220000
003173212000 192178099240
002017120042 192243033000
001208112152 192091067000
001022112000 192178045244
002058048175 192036224000
002189002000 192207139000
004068015128 192233195240
003175010000 192190054000
001030080000 192197240000
001079000000 192234076000
004031212024 192157143000
005039236000 192094054000
001179032000 192092125000
005062061250 192121244000
008029230196 192208001005
001037035128 192233193034
004069128000 192185196000
008029018000 192099146070
001208178182 192209062240
004068036208 192240117000
012204016000 192131054000
013226244000 192067086000
001249128000 192178071176
012169000000 192237126000
003174056000 192236066000
005010252000 192150029000
004016050172 192178045096
002019000000 192234240000
004035072000 192091191000
005039009240 192178085138
013105244000 192108008000
003033000000 192234213000
002255249127 192178075024
001025160000 192102221000
019012024000 192042116000
001186088000 192178145000
001208146032 192178073072
003174060000 192025154000
003175072000 192165050000
012139096000 192166076000
002255251112 192055164000
002255251128 192240158000
003164176000 192178080074
002016054000 192190106000
002022208000 192161182000
005194240000 192054049000
001066093000 192178252244
003164168000 192040239064
004059176198 192070131096
001016128000 192207098000
005035160071 192178247208
002255249050 192178240034
003002035040 192108109000
001208172160 192178241178
003169047000 192178029176
004033139072 192178249245
004001117044 192131081000
004068063048 192141148000
005001114000 192189144000
008026037000 192077028000
001018132000 192178241000
001248220000 192140120000
002017116000 192178242092
002016051000 192077001000
001076192000 192131016000
002019004076 192231177000
002182224000 192152213000
004001112021 192234001000
002017109041 192136061000
002057255012 192156116000
002017147000 192142051000
004028143108 192233193024
008020114000 192231246000
002057226000 192178072179
001238018000 192188249000
024075137000 192111130000
002020036000 192193196000
005062016018 192041030000
005175190224 190114104000
001022192000 192207014000
002020253000 192156230000
004068062120 192178082124
005053007184 191101122000
005056020146 192178245044
004028142000 192206178000
003172009048 192030201000
003172003000 192176216000
004008020192 192174032000
004069223220 192094046000
012031162000 192178071232
014096008000 190086136000
002017109039 192178068208
002018213184 192178121040
004059214185 190094176000
004069247248 192211128000
002018215114 192188000000
004042210000 192178250106
004069223163 192193073000
002059193000 192178251212
003163239211 192208052000
005188005000 190241119000
003171184000 192075165000
002019232000 192178243160
008048246140 186194014000
002059058000 188214158008
004069238198 192081103000
023012033016 192178249208
004068072094 192132247000
004069218107 192178244092
004069239108 192175178000
003161132000 192156102000
005135070128 192152101000
001178128000 192178245004
004001182000 192244008000
006064112000 190098147056
005062059064 192165156000
001208147224 192031014000
003002037064 192178120128
002021064000 192178045054
002017023000 192031111000
003168240000 192215048000
012215143000 192203222000
004031215210 192178111040
008044003008 192229208000
002016041000 192206032000
001179240000 192189030000
002091000000 192195202000
005056018056 192178075202
005040088000 187200064000
002021115000 192151224000
008025220000 192008200000
003174202000 192196163000
001208114053 192178241136
003044192000 192151212000
005196041000 192178249140
002020108000 192156157000
005062059074 192124237000
001208106176 192178242148
004068039041 192187208000
005083148000 192077072000
003004012128 192188098000
002019007208 192210212000
004001115144 192163164000
003175108000 192207239000
002056084000 192229090000
004015020082 190198192000
002018178000 192108125000
004068033197 192234223000
002018212224 192207190000
001208148016 192231018000
002016228064 192067094000
002016060000 190196186000
003175059104 192233193026
005180142000 192210128000
001023207000 192178243058
001238008000 192141056000
005062047192 192192056000
002110021000 192195068160
005255148080 192178241010
004068111197 192178246157
003042000000 192152175000
005135112000 188239184000
001119000000 192140160000
001230196000 192050216000
002018213224 192188172000
003163224000 192175132000
003172109000 192203203000
005175143000 192178109128
002021175190 192231014000
002255252061 192152127000
001118064000 192138178000
004069223177 192052234000
001075015000 190243000000
001237180000 190241000000
001208114052 192182096000
001237006000 192196244000
002020128000 192139218000
001179004000 192231254000
004028138136 192178249134
002016164000 192178105062
002018244000 192178243232
002022117000 192208190000
005045246000 192189220000
001032244000 192178245064
003160196000 192083101000
004033240000 192178069208
003174185000 192142006000
003171207000 190158120000
005253204208 192178243047
002021069000 192178121140
002016118000 192149074000
002255251197 192178086228
008027124000 192132036000
002056100000 192231090000
001096000000 192156151000
001018128004 192048002000
012175008000 192207217000
002189080000 192206059000
002018082000 192178244044
005039108168 192173100000
002056121000 192178029209
005062060230 192178240040
002021175233 192178070036
001009241095 192178248042
004068037172 192178240070
001177144000 192195203000
008005128000 192178247110
002063193000 188114213068
004068127120 192178249040
006073212000 192178121076
004069200036 192132210000
003165104000 192190038000
002056187000 192238224000
008014068000 192195035000
005062085056 192207174000
003033051188 192197160096
005045062064 192076236000
001179118000 192069232000
004001114208 192231094000
001208112128 186227112000
005255149160 192232169000
003166078000 192233200248
001075032000 192178104206
004016054186 192206187000
005104038144 192193047000
005196176000 192195066000
004016048000 192149076000
003005192000 192243094000
002022149000 192197144000
008048092000 192178105090
002255254032 192210001000
001037035096 192178107034
005159224000 192178084254
001000032000 192233192128
005035170001 192068180000
004069223233 192232162000
015158023096 192233202208
001023025000 192178244166
002058029000 192233207064
005149158000 192166124064
002017111106 192225097000
005151196000 192197160017
005135020128 192209026072
005044168000 192160184000
005231097000 192178246190
008024071000 192178248020
004028234192 192233192126
003161216000 192068048000
001066091000 192193017000
005152158000 192103123066
001252160000 192234125000
013104157128 192118040000
005056016130 192178120214
008019255000 192234170000
002016135000 192049139000
003160060000 192178247045
001021128000 192154196192
018068165000 192136001000
004068039153 192206053000
004079107184 192231200000
004068075240 192178250010
002255249158 192219208000
001001016000 192240157160
002057155064 192195071000
002017120120 192189119000
003170238000 192235087000
002058084000 192216121000
017116124000 192208001236
004068110063 192094026000
001255078000 192192000000
003172063021 192055230000
002023248000 192223052000
005104041224 192178246104
013107194248 192178242197
005159236022 192214096000
004031128000 192178109036
005182232000 192219230000
008019204000 192229237000
003172106000 192178254186
005062062124 192140144000
008039048000 192178242178
004069219231 192051175000
001022224000 192178029134
004033200000 192243000000
004069227128 192178121095
001074064000 192178250204
004019075000 192070184000
004069140129 192222048000
005159218082 188254032000
001007184000 192207240000
002063151088 185117010000
017000124000 192178110130
001209030000 192189066000
008029109117 192223123000
001208168232 190086093064
005062085213 192154242000
006132134000 192196001000
001178029000 192178072192
008042126193 192238209000
001082064000 192178252174
002018212210 192218089000
004042032102 192234162000
004068074160 192188006000
002255249084 192178072030
003002074000 192111020000
005008189112 192178075038
005135020136 192206161000
004069064108 192178097084
002016230000 192238209129
002018215252 192231058000
005011016000 192178081164
001178193128 192190191000
005062058056 192121039000
008029231118 192196222000
001187080000 192178069170
001029000000 192178242100
001065192000 192157179000
002023179000 192160017000
002020020000 190212128000
001018120000 192000039000
004068039185 192178109142
003167222000 192178028159
005035168008 192195168000
001208112052 192046013000
001209201000 192162056000
003162036000 192049018000
005059097000 191102040000
002255251136 192193191000
002056052000 192037000000
001008002000 192176033000
002018242000 192178252044
005062020032 192166192000
012235244000 192240146000
004069221245 192178029146
002255253041 192178244140
003162228000 192076230000
002019007239 192178241092
002255249104 192178253000
008042125230 192234108000
003167008000 192084072000
004068070130 192185200000
002058032000 192207151000
002017120000 192219098000
001201002000 192173114000
005053003056 192188034224
003160052000 192235075000
008049087080 192223168000
004069219234 190159078000
005187125000 192211046000
002189061000 192178084096
002018214110 192115140000
002023212000 192149072000
001225161000 192034068000
001022024000 192178085118
005159218078 192176066000
001209128000 192189122000
005056017110 192177030000
004069218105 192209026096
001039000000 192233198049
004068068111 192178252234
023138202000 192129047032
002026000000 192208001022
002018214072 192210168000
001071118000 192207193000
002018214101 192226128000
004068106192 192237099000
004019075192 192233205080
002058048052 192223238000
005039011128 192178244176
004158000000 192178111084
004038232000 192178144000
001007170000 192236148000
002017108036 192187137000
001009241064 192178240100
020033076000 192152204000
002255249033 192108216000
002021148000 192108114000
002255249061 192092232000
004068074111 190116130000
001178019000 192178110092
001179008000 192178240224
002063176000 192243085000
001009071000 192178108028
001023070000 192234088128
003172118000 192001124000
003169056000 192178044128
001213151184 192140016000
017081108000 190098141082
005023018044 192108243000
002057132000 192178107124
005059242000 192209026011
005196253020 192157026224
003164220000 192067220000
001209024000 192178070128
001118096000 192225162000
002179060000 192176243000
004037154184 192208001015
004001115128 192093012000
005180132072 192233196186
003160104000 192231113000
001023068000 192177177000
001022007000 192178121248
001078000000 192103192000
005035160034 192233202196
002063158000 192178078048
002016182000 192178081212
005104057000 192109014000
002019007237 192071249000
005253204224 192149147000
004069215032 192031028000
005039011019 192240188000
005001088000 192160110000
003160082000 190242016000
002188048000 192084170000
004184016000 192008249000
001044048000 192141240000
005059218000 192178106184
002255252160 191094000000
004028139224 192178098050
002255249191 192209026255
001208178032 192233198064
005053006160 192219064000
002017110188 192178242240
004069249064 192114016000
006033084000 192178245166
008039086000 192064159000
004037154188 192108107000
014037016000 192056133000
005181024000 192178249200
008227059025 192121230000
017001112000 192082139000
002020060000 192121127000
005226055000 187062110000
002152096000 192233199184
002017110014 192019190000
011210128000 185147056000
005200030111 192132239000
008018228000 192085031000
002018166000 192229087144
005231204000 192240064000
005149000000 192197062000
002056014000 192068181000
004069143162 192088131000
002058043000 192176174000
004071175161 192184012000
003175070242 192203252000
013108000058 192178254076
002018213034 192178082036
004068037009 192207096000
004068074100 192178246226
001075208000 192104025000
002255249109 192135137000
002018214212 192178044220
008023243000 192196220000
002255249140 187253208000
004068033234 192064159128
001028224000 192157176000
002059120000 192187001000
005053004176 192146200000
003002089000 192178121086
004068068057 189203083192
002018214108 192177191000
001225096000 192178069212
002059052000 192193156000
005023018043 192178069242
004028139218 192178120010
004031212016 192046054000
003136000000 192231170000
023137181000 192051000000
002027063000 192178107054
003170255000 192223049000
005059232000 190057066000
002255248148 192178087000
004018064000 192221254000
002020068000 192042168000
005053003201 192048126000
018161032000 190242166064
001037029068 192108000000
001011095000 192188076000
004069170036 192150032000
012038176000 192244064000
001023200000 192199012000
004068070084 192178167000
005083008000 192189061000
002019120000 192228004128
004001096000 190187156000
004031208032 192233205038
004068039073 192178158208
008029230218 192178096082
001242032000 185239133000
002021175116 192102214000
003168157000 192236029000
002020112000 192233203160
001022208000 192138200000
008017225000 192215128000
005180016000 192240106024
005053001040 192211220000
001208148056 192133127000
001233016000 192178098252
001009244091 192178074179
001001120000 192244112000
001179210000 192147070000
001179113048 192121145000
002056108000 192178242136
002016124000 192230208000
005056018088 192190248000
002063156204 192178099042
005002095000 192178084058
002255183128 192164192000
002255253064 192178255218
001119204000 190007084160
001225164000 192209026076
005159218049 188068016000
005188240000 192178246088
005053003074 192178253032
012155052000 192178248073
001007200000 192243231000
008227115096 192178106132
001255006000 192203124000
002027060000 192071136000
002018212000 192068184000
001000208000 192175177000
005053003068 192229087131
005252071176 192178246132
003002035128 188241184000
001208168192 188072014000
005101084000 192178098140
003005048000 192193159000
004068070212 192198146000
008028204000 192178242176
001037027037 192233204104
001007004000 192131195000
002021022000 192231036038
001179112128 192135198000
003002068000 192009198000
003164232000 192230231000
003004012020 188214158048
003168226000 192136048000
002019193000 186056128000
004069240128 192041223000
002058087000 192178250066
004068059156 192233196078
005001089000 192133076224
023094252000 192233197103
003162128000 192055120000
001208115000 192232057000
002019007248 192233202204
008043014000 192225096000
002255183105 192200016000
005183016000 192178251154
004068062119 192207027000
005008069000 192221251000
002017108112 192077078000
005135214192 192178028152
002020032000 192241047000
001179214000 192163012000
001020072000 192188107000
008014062000 192081104000
004068038082 192151176000
004068074071 192209062235
005135198000 192178029050
008041196000 192178248108
001039074000 192226044000
004059059000 192238060000
008024196000 192160178000
002022116161 192232102000
002027218000 192178252072
001208113038 192178086152
002058026000 192133076008
002057236000 191118192000
005104205000 192206088000
001023084000 192178253010
002037108000 192231031000
005039160000 192178255000
017033131128 192196004000
001037034128 192208001023
005104172000 192203117000
001078124000 192178123000
008041105000 192178029203
003164063000 192158230000
005062085033 192088254000
001233208000 192005068000
003174032000 192178253062
001032212228 192152158000
001022146000 192178245204
002023224000 192040238136
001178076000 192189043000
005044016000 192233198176
001038200000 192208057000
005226000000 192178084014
004019128000 192177128000
005062017128 192185032000
023026040000 192178245012
008052233018 192178069164
004069137128 192178253056
013034008196 192131134000
002059132000 192110020000
004015023160 192088004000
001022080000 192178255016
012022056000 192067210000
023255078048 192203227000
001214088000 192233196101
004068039174 185177205120
001179116000 192231022000
001208113000 192211011000
005254030144 192150208000
003165106000 187073176000
004069206240 192178108232
005253150000 192154192000
002255254130 192178254202
002056112032 192034034000
002012000000 192121195000
004038228000 192178083248
001220000000 192237120000
003165125000 192200009000
001022200000 187087154000
001208113048 192231076000
002063168210 192203236000
008033035000 192084122000
008018123000 192178078076
002018212192 192178075025
005062062144 192115082128
004069171043 192178108182
004030176124 192178069118
001022056000 192243092000
002022116157 192193023000
004068111232 192175079000
005008250000 192233195096
004069141148 192214064000
002022226000 192146174000
001178030000 192103008000
004069211060 192178071212
002092000000 192178083196
002255251202 192178242252
008047035000 192075088128
005008216000 192173112016
014102098068 192094234000
003005220000 192146051000
005149252000 188191018006
002058004000 192231233000
004068111157 192198192000
001178168000 192178104134
003169040000 192208001024
004068071113 190013200000
005010026000 192188185000
005182012000 190096087000
003175044000 192078112000
001039180000 192178168000
005133011000 192072125032
008021232000 191096189222
001025000000 192233205158
008023156000 192178073096
003172090000 192178075158
012181015000 190089008000
001022088000 192243081000
001038192000 192197160034
008034172000 192195244000
004068063105 192197121000
001255128000 192178029149
004068037243 192190016000
002021175082 188214140000
005003043000 190158225000
002017109192 192243074000
003172009032 192172002000
005104041132 192178045128
001208184000 192178108076
005062062008 192178097120
001018124000 190242058000
001021192000 192190186000
002189007000 192178251196
008034178000 192238208129
005133000000 192206152000
002188018000 192178096076
005196062000 192231141000
001009244008 192206050000
002056039000 192133029000
001066016000 192241095000
004068038232 192178248084
002022116164 192178241226
005187116216 192178251048
001208112129 192078100000
001009224000 192233202000
001008032000 192233201016
005040128000 192102225000
005035160056 192190253000
004068038024 192231134000
005008075000 192228004044
005181168000 192203034000
003163138000 192178083108
002019240000 192210182000
001244128000 192243096000
005042211172 192189035000
004025024128 192199001000
002019116000 192203186000
002019007072 192178120025
002063151036 192084233000
001037084000 192192032000
003173204000 192228079000
004031209176 192151199208
001007081000 192178246252
004068033220 192008153002
001208114217 192178044142
002057154002 192178245158
018245029000 192149064000
001022176000 192189237000
004068072000 192199128000
002018214100 192221249000
002022120000 192229172000
001037027048 192122206000
002020186000 192240103000
001039160000 192049160000
005159218068 192124128000
004069235041 192231036208
003161074000 192104249000
001178205192 192030146000
002255252024 192197145000
005062059050 192104027000
002058188000 192043133128
005008190000 192046008000
008029228244 192148244000
005196248018 187214005184
008245014096 192233205000
005022192000 192136117000
005159200000 192233200158
004002017000 192155176000
004031208056 191096200000
002022016074 192178045055
002019048000 192188030000
001208179096 192178254218
002016169000 192238170000
002021175218 192233203192
001208112144 192233198128
013032042000 190107064000
008242228000 192195198000
004042033192 192148218000
004001112112 192139184000
001230108000 192178120188
005255147096 192048225064
001187128000 192208201000
004068039186 192204147000
015230200000 192178080087
005023056000 192216202000
004068063160 192163017000
008027105000 192226056000
004036040230 192175186000
008043023000 192080016146
002078128000 192178121078
004068038016 192178243104
005023065000 192178045056
002188040000 192229210000
005226144144 192231230000
002016142000 192233193175
004068072224 187251099012
013105181128 192189102000
002148000000 192162184000
003248000000 188255238000
002057153008 192195070000
005180135184 192145038000
002019244000 191215064000
001208169128 192081216000
003163196000 192236248000
012019106000 192199110000
001208179092 192207121000
002021175052 192178251000
005011012064 192178086116
002019199000 192178243176
005083211000 192234146000
005011013104 192178098232
001241192000 192193077000
006066237000 192188191000
002018214240 192131112000
005104038136 192178045202
002056138000 192196184000
002248000000 192132090000
001179248000 192193180000
001006224000 192233194196
005056020044 192178068094
004037154132 192178250048
004042072114 192244016000
008043176000 192145251033
002058059000 192233196042
002018215108 192231180000
018239248000 192231110000
003006000000 192165002000
002017120105 192178060000
004014044089 192178247244
001028024000 192178108172
004036040120 192178245112
005132240000 192195220000
004031103096 192146215000
002255251185 192188159000
002059194000 192178121240
004055092000 192178111116
013226104000 192178097002
004016051108 192233128000
002022019000 192231250000
004055064000 190106196000
008048232000 192211034000
001224040000 187222096000
005053003100 192147157000
001208115253 185168161000
001012048000 192145251048
004068038230 192185178000
004037144000 192077015000
023026083000 190146048000
001022226000 192238128000
003174189000 192233197217
008021126000 192183000000
005196210000 192178068058
001009241176 192178242076
002255249154 192238208000
001066096000 192031104000
002015193000 192178107130
004068037108 185253117064
012149070000 192065098000
001208168072 192073122000
003164030000 192219029000
002255251040 192178242156
005083166000 192203211000
005053006142 192147031000
004069248186 192178045107
001237172000 192149010000
002027249000 192197092000
004016054119 192193057000
001225176000 192197158032
008029228010 192231236000
004042073180 192178105124
001208112020 192203220000
002056212000 192214097000
005175190069 192177003000
005062082000 192136006000
004069211067 192178250158
004069220029 192178045190
005151253000 192135080000
002018240000 192144086000
008029230134 192207045000
004069171032 192147048000
001209016000 192229016000
012236016000 192203140000
001065128000 192150207000
004033192000 192178245070
004068038088 192162136000
003002061000 192192048152
002208000000 192223122000
008020160000 192197160054
004069227112 192178249136
003002039064 192221177000
002027080000 192188032000
003166048000 192231027000
002057250000 192165055000
004068072016 192095084000
005039100000 192234210000
004069206180 192223042000
002016176000 192124216000
004068038035 192119111186
003173228000 192244232000
001231024000 192101156000
001213112225 192154068000
002058047000 192193192000
003164222000 192178246100
004069226020 192223037000
001208178064 192208220000
001011064000 192178255234
004069231024 192178244224
001039004000 192178251056
002020016000 192156174000
005252154000 192189136000
005059011000 192137146000
001178206128 192065082000
004031215192 192208001096
005135208000 192147074000
001009241080 192178073216
002023187000 192071185000
002019004088 192148098000
005135038188 190086073000
001022031000 192080254000
003173248000 192178081152
006064143000 192197160093
002017110192 192165160000
005062061226 192178244004
001236222000 192195218000
004069245220 192228021000
001213150128 192178251044
002059054000 192199112000
013105070064 192096048000
004042035120 192042178000
023144240000 192232000000
002094096000 192233194208
002018215138 192178255140
005039097192 192229212000
002021125000 192173076048
005159237016 192229111192
001213150168 192206070000
001007228000 192178254048
005039036080 192218228000
006002000000 192178098060
005180106000 192190099000
005053003248 192178070200
001254128000 192207084000
003161192000 185212107000
005187121064 192149232000
002056101000 192169000000
001044016000 189249224000
002059244000 192138248000
004059234128 192175087000
005255148092 192184240000
005145180000 192178081144
001037035064 192188150000
008033194000 192178254038
001248069000 192152097000
005159238048 192178097254
001075064000 192178110056
001004004000 192193152000
002017110060 192233196046
002255254160 192233206160
001037029080 192228020000
003002041128 192184004000
001023072000 192188201000
004002132064 192229130000
001241229000 192178255040
004038229056 192190064000
001037069233 192178120074
009165000000 192133247000
003165042000 192178111254
012149072000 192233195064
002056004000 192178245106
005187116146 192233197218
005159021000 192240104000
005181021056 192233199217
005045062032 192240000000
001006228000 192238166000
002255252013 192197050000
001001124000 192178248190
001066090000 192178080085
003172011000 192152096000
002255251016 192172245000
002255251234 192178083138
002027212000 192145069000
002021175255 192231244000
002019006232 192178085128
005011010207 192142056000
002185240000 189195032000
001178176000 192055212000
002255251209 192178104064
004015020232 188122078000
012130096000 192216120000
003143021000 192178080003
005179224000 192178085204
004068037007 192200082000
005062060173 192197095000
002096000000 191160028000
002016003000 192232036000
004069219232 192204108000
004036040232 192238172000
004068063111 192178105200
004128000000 192178252104
004016054032 192219030000
002016035240 192103023000
004019075232 192240105128
001187096000 192177068000
005175189000 192231179000
005062061196 192178106216
004015023137 192233207033
004042035040 192133109000
001224172000 192197096000
004016050112 192132098000
002017124000 192193070000
001051000000 192075054000
004068110048 192119135000
003160063000 192234110000
002021175210 192099146208
001244064000 192199240000
005053001064 192178111180
002255249038 192178247186
002021152000 192193010000
004028138080 192237064000
005053000074 192189207000
004068062021 192165090000
003002099000 192178108064
002027035000 192178247234
001255124000 192083218000
002255249112 192200216000
001023206000 192165074000
001244112000 192178244162
001193190000 192178084072
005039013192 192230073000
002018042000 192237084000
004068073100 192233196064
003005170000 192189123000
004069181000 192244078000
002255254192 192108023000
004069202132 192231234000
001255074000 192228099000
002021092000 192178121094
008227072152 192162231000
004028234217 192221000000
004028136066 192133160000
005083209000 192197160010
001024080000 192178250092
012070016000 192141052000
002020133000 190159112000
002188184000 192178248204
012178160000 192173120000
001232032000 192207187000
005250211000 192227032000
001208112160 192195176000
004036129072 192188085000
001008004000 192238144000
008227068088 191096204000
002017110004 192237121000
003004012019 192178106108
002016062000 192165196000
004033228000 192208040000
005011128000 192135143000
004019075240 192178254092
004068127037 192188004000
001208168064 192188008000
002188006000 192177129000
005175190082 192152122000
017079045096 192152114000
005042192000 192178070222
005062044230 192240156000
005035160192 192102044000
005035170192 192198136000
017000017198 192178240036
001065160000 192203202000
002255249159 192178253156
005022216000 192225240000
003004015064 192040166000
008039020000 192209032000
003169126000 192189025000
005022208000 190066006000
005200030194 192238208160
005144033224 192235079000
001187160000 192075224000
012139128000 192182128000
003002041192 190094120104
004068073139 192231069000
001214064000 192206049000
003161073000 192236178000
017008139040 192195250000
002059022000 192204106000
002018009000 192109097000
002017028000 192178068166
008023133000 192163005002
002056140000 192150097000
005053005236 192173013000
005186000000 192058018000
001001000000 192108196000
003174014000 192068177000
003164016000 192107012000
003171222000 192061056000
002017108124 192178253228
012231148000 192230115218
008006244000 192141192000
001007008000 192146003000
004015021144 192231000000
004069208002 192210184000
004168000000 192178044153
005010121000 192150122000
005035224000 192216080000
008029056000 192178111004
006005000000 192188120000
003002044000 192231036008
001018118000 192229111132
005175190102 192214104000
003005036000 192188234000
001228248000 192207136000
001074076075 192178158016
002058057000 192070121000
002016198000 192230115000
005187116092 189219112000
002094019000 192178253160
005158080000 192160190000
023066008000 192178087104
004002133048 192187009000
002017248000 192207090000
001178086000 192162160000
002189188000 192178071240
001020112000 192231182000
004031214000 192197160094
005053003057 192207195000
004042072112 192149081000
005010218194 192230115216
005062039192 192178251096
001044024000 192234147000
002059063000 192164022000
002255249003 192229111129
001022162000 188254080000
004026176000 192178250082
001023016000 192178248090
004069151064 192092150000
001007160000 192234252000
004068073037 192184232000
004068039155 192236180000
005175202000 192178096240
004069218159 192189034000
005062085214 192178109210
001208112088 192245034000
004069231173 192178099180
008030202000 192190160000
002056082000 192178254040
002019005044 188124031000
001009244049 192200208000
002018213042 192086082000
001025136000 192187136000
002058048116 192138155000
001028032000 192173086048
001037032000 192178029090
002056216000 192206104000
002019007082 192230115215
004069136192 192203217000
002020048000 192115082201
003172089000 192107000000
004016048134 192163128000
005180132102 192124088000
002023120000 192121081000
001179016000 192178084236
005187116251 192193246000
003162160000 192223151000
005057224000 192178105072
002058170000 192178099178
002255251247 192190050000
001021112000 192080241000
002063236000 192178107244
005011012114 192178029074
003004012012 192109201000
001213144000 192178252074
001239000000 192229087000
005226144170 192231036001
015158180048 192178242140
005104039000 192034207000
005250208000 192243224000
008017028000 192178075098
008008011000 192178074161
005135072000 192108054000
005135197008 192178070216
004069219227 190103108032
005053007023 192178068068
004068038075 192178072080
013105166128 192178098008
001236008000 191232064000
005231031000 192103042000
004068038200 192230101000
005057247192 192243072000
003005180000 192080016160
008044084228 190115018000
005002032000 192178084108
002020052000 192178082232
008224006000 192178087168
004068072196 192138216000
005011008156 192184064000
005045220000 192197174000
005023025000 192233193070
002027125000 192189154000
004068111210 190107080000
008004048000 192178084049
002057152128 192233198136
002057123000 192091164000
001009241092 188209116000
005053000092 192178085080
001179040000 192033022000
003162144000 192214110000
004068036194 187121130000
003033057064 192157136000
005135002000 192225108000
001178065000 192233206176
005196213128 190252112000
004059178012 192193242000
002018010000 192154024000
004069218158 192095083000
001178200000 192189137000
005062058100 190123016244
001078128000 192178250003
004069220236 192042120000
002020045000 192152050000
013035074000 192178111020
004068073019 192178158003
001240032000 192161171000
001008008000 192104042000
005200030054 192197188000
005135054168 192178054000
003161016000 192178107208
004126000000 192178105116
004068073000 192193133000
004016054048 192206064000
002058148000 192240125112
005001004000 192101011000
003004032000 192178242254
005159219033 190196042000
002058048065 192178069052
012204013192 192243218000
002019180000 192189020000
005175218000 192178251064
001178018000 192233197098
001039016000 192206001000
008227066096 192193063000
002188179000 192178110176
001000016000 192147004000
001076072000 192152167000
001209202000 192178245008
001178074000 192178242116
001037035080 192178243224
002255251188 192104030000
002016080000 192208112000
005001003241 192231092000
008227138000 192190239000
006088000000 192228004042
001208147168 192198148000
005056017184 192196136000
005057023000 192193044000
002057252240 192082162000
002017111128 192153124000
005102076000 192235208000
002255251018 192195084000
002017217000 192178029157
003160132000 192188212000
004068058000 192137020000
002058064000 190123016068
004068110187 192141168000
004069247224 192178245088
004068038039 192178086000
004059176008 192104140000
005028200000 192229111032
005196222192 192232092000
001245128000 192178191000
005199228000 192238000000
002058021000 192208001006
006065017000 192233192125
001010136000 192208032000
001208064000 192178109254
002058042000 192150015000
004069223200 192178044100
005003012000 192233205077
008029228070 190122104000
004068037001 192189210000
005011014000 190242147000
002255183080 192203165000
008048143000 192208018000
002063156208 192178106120
008018086000 192231178000
005062060114 192178028091
001077000000 192223096000
002059240000 185221124000
003004012028 192157025112
001018128016 188216000000
005154183000 189203151000
005175190093 192078186000
001201004000 192211208000
004069231162 192102005000
001213192000 192178111228
003165250000 192216062000
003175205000 192188046000
003160120000 192241082000
005059241000 192225165000
003033042000 192235204000
001178066000 192231138000
002255249034 192169024000
012198172000 192178083052
001009244051 192233204043
005062060190 192094166000
001237004000 188121033240
005034236000 192178099124
005053004101 192121242000
002021065000 192187056000
002018212216 192199060000
002094002000 192104136000
004002016016 192178244174
001079224000 192218140000
002059140000 192188199000
005187116112 192165134000
004028139168 192065185132
002016070000 192193243020
005035172000 192178072178
004068062022 192230096000
002020152000 192178074048
005062061065 192193082000
005132168000 192240208000
017235133000 192026230000
001225092000 188191080000
005008196000 192139052000
005180135136 192223237000
004068071196 192233200128
002058048034 187120192000
004015021064 192102252000
001231194000 192200184000
003171178000 192186060000
002255252033 192178249170
001007150000 192189003000
008227089128 192114060000
005056018169 192206154000
003163014000 192234089000
008029230010 192193062000
005151200000 192233195118
005058000000 192137176000
003033055228 192178104092
008012114000 192234230000
001066064000 192178249192
002017111000 192178249244
001001032000 192234228000
023029128000 192178121168
001178194000 192178072232
001208170112 192192048160
003169024000 192178082204
004068072147 192182080000
002255251224 192127094064
005159236096 192073015000
002021175071 192094029000
004068070222 192099146234
001009244092 192069004000
005001003239 192178111130
002017111210 192184068000
005062060020 190158136000
005040137000 192104015000
023193112248 192178028191
004001116058 192178078046
012014128144 192178029098
002018118000 192178241036
008029228157 192177190000
005159217208 192023147000
004152000000 192178111064
008029109249 192178252182
008002019000 192164021032
001254229000 192178098254
002020183000 192203235000
001177208000 192178249132
001024040000 192198148016
013034038225 192092013000
002021175065 192208013000
002019007231 190123160000
002017109198 192203125000
001018128008 192178241046
003033032000 192178240164
005039250000 192188115000
001071192000 192048136000
003160128000 192233192240
001239128000 192229094000
008242180000 192221146000
008015016000 188074161000
004069226081 192207146000
001079096000 190107069000
004037154240 192109067000
001229000000 192156160000
008026122000 192178098072
005034245000 192094045000
002017110056 192234188000
005035160112 192228024000
001000128000 192147038000
003165220000 192178071130
005165216000 192147142000
001213115206 192178044146
004001117088 192223250000
017001168000 190010072000
012153240000 192230122000
001213104016 192223121000
002017205000 192240158064
001244224000 192189083000
023091109024 192178028016
004069223230 192178111088
004002016004 192102236000
001236002000 192178085198
001039216000 192175070000
005056018208 192178085182
001023096000 192231204000
001022077000 192104253000
002017109128 192243220000
002255252012 192175072000
001178199064 192236154000
004068072076 192178080070
002019006156 192058140000
005062060100 192109174000
002057255010 192178109104
001008012000 192233198167
014037026000 192178078121
002022049000 192098100000
001024096000 192207125000
004069203160 192178240190
002057052000 192238008000
001023252000 192178110088
005104055000 192232070000
004001112172 192178083074
001036000000 192132058000
001071160000 192178242102
005053003022 192222000000
008220168000 192198031000
004068062110 192234070000
005139208000 192018192000
002018212160 192101108000
002255249124 192178246191
013106112000 192243112000
002059148000 192240106064
002021175070 191036144000
004001117048 192132002000
004068072088 192197185000
002018115000 192234057000
002018215240 192243232000
004069222178 192239000000
004042032032 192233205064
005159218073 192003224000
013107195100 192178028204
004001176000 192112161000
004069219192 192195199000
001247032000 192107165000
008062168000 192235000000
001032212224 192205194000
002188062000 192235016000
001225080000 192178244072
004068073254 192111012000
008007204000 192228112000
004069137064 192223007000
005187032000 192138084000
003002083000 192223142000
004031208096 192084116000
005011014224 192229148000
004068039146 192233202108
005062060154 192195184000
002094177000 192178070204
001023000000 192178068132
004036040100 192159140000
008010080000 192033246000
005135235248 192236125000
001239001000 192178080040
004068068096 192211224000
020133240000 192099105064
004016053020 192175185000
001023222000 192178243108
001009243040 192231036036
001213115000 192111255000
013034038202 192219241000
008048245048 192229184000
003004012011 192219224000
003160080000 192137186000
002017209000 192178097116
004042073168 192178120236
001241208000 192178120019
005039029192 192178085110
002255254073 192178251180
001235138000 192195068185
004016052083 192170010000
003166253000 192205031000
002058224000 192178073016
001119224000 192178241144
005034248016 192245010000
005175213004 192178241168
006132132000 192240194000
001009241228 192193078000
001022076000 192178086022
013034153192 192178069074
008022140000 188121039012
005180179032 192178255022
005187103080 192203194000
012147128000 192235074000
002018215000 192178247108
001235139000 192065185150
008014036000 192219016000
004018034000 190105136000
003165160000 192178098224
002021175010 192206210000
001178010000 192178069080
004042075216 185214094000
002255251211 192178110136
014063000000 192048064000
002019006224 192178085161
001073072000 192240044000
008029019000 192146188000
005042201000 192243217000
005180141002 189247253255
004068037016 185121025199
001065188000 192124235000
001213154000 192178046032
001208147160 192165128000
002019204000 192178253200
001254224000 192231009000
002017120115 185235083204
005001043000 192228000000
006016112000 192178096072
005001115000 192226062000
002021175089 192101137000
003175012000 192178082128
003165012000 192149021000
001179113018 192178248092
005011012034 192206054000
005023025032 192241035000
002022253000 192171012000
005181218000 192230077000
001006128000 192178241031
001208178026 192231067000
002017044000 192073032000
003170232000 192197202000
005022210000 192178080236
008220120000 192178240144
002057153001 192190072000
005084000000 192186187000
002181222000 192178073092
001006230000 192233199032
002056201000 192178106078
005053001048 192237094000
001009243032 192178069100
001023074000 192145096000
001010132000 192160177000
002019007238 192178082123
008244134000 192215000000
008028064000 192234042000
012042192000 192178085170
005011008080 192231036002
005159218102 192240120000
005023000000 192067130000
001208178160 188064110000
005133024000 188241007000
005255146204 192216108000
001187180000 192219072000
001208112054 192235070000
002056006000 192178071214
001079064000 192100167000
005129193000 192108126240
005199040000 192178104216
001002002000 192178109060
004031213032 192178244082
002018214088 192153051000
003160232000 192188060000
004229000000 192178083200
001178091000 192175196000
002021175231 192208058000
005062039252 192178046142
004250000000 192178254088
003165110000 192068252000
008029109008 192234130000
002018212068 192223151128
002017103000 192234254000
001199250000 192178220000
002019177000 192005214000
004001115195 192206000000
005008025000 192117224000
004069141150 192231156000
002255249128 192234152000
003164224000 192197207000
001079008000 192206162000
005003019000 192178251208
002018176000 192178121016
002058220000 185214247000
003165074000 192207147000
005252034128 192178252226
005034248032 192185130000
002019007218 192199104000
003005200000 192237080000
003002085000 192178121160
004177000000 192208059000
005001040000 190248088066
001193216000 192178254166
002023008000 192178251090
001195208000 192178244213
005159218224 192178254148
002021175180 192198028000
005056019020 192122148000
001066000000 192137043000
005053000120 192178072096
001074194000 192005000000
005062060044 192231012000
005135051000 192109041024
002017109244 192136142000
001032214000 192139234000
002016131000 192165126000
001081128000 192152032000
001213151176 192160148000
004001180192 192233205037
005157005000 192178247091
002160000000 192241064000
005183211144 192124191000
012178128000 192144038000
002056040000 192188200000
008224036000 192233198018
001160000000 192171102000
002018215152 192197154000
002019214010 192234250000
001242004000 191006240000
002056255000 192156123000
003004012046 192058228000
002018213128 192093255000
001208148216 192040026000
006064192000 192178029190
008029231172 192197180000
005180252000 192240203000
001001008000 192237094192
003165078000 192148178000
002255249028 192222018000
008022098000 192178250000
003170216000 192240202000
003162192000 192080016000
004203192000 192176176000
002059232000 192052067000
001208112145 192178252100
002057155128 192149226000
001237128000 192178098186
003170212000 192188069000
003162040000 192178249154
004069222181 192196176000
001231196000 192156163000
005135021208 192177165000
004002133232 192161151000
003004015088 192229092000
002058000000 192178081076
002027124000 192178246204
005062061165 192219100000
012132032000 192133030000
005181227254 185253124000
002056164000 192237026000
004016048016 192189002000
001231016000 192178105054
002021175172 192206138000
005039022232 192008043000
005134208130 192190254000
003172019000 192159119000
002016165000 192175226000
001032242000 192233201078
002059184000 192178244042
004038229054 191239112000
004068033200 192136056000
002016151000 192152016000
001247192000 192234088046
001009080000 192189094000
004001112096 192178068176
001225088000 192178249180
004068074114 192178072145
004015021112 192228006000
004031212192 187130193192
002056012000 192207000000
003175064064 192229111004
012189140000 192178105156
002188009000 192236176030
005062042064 192135165000
005057072000 192223010054
004069221180 192233199213
002058008000 192112244000
004068075116 192211052000
003033056184 192178254248
002018208000 192231017000
002023093000 192094148000
001209029000 192170159000
001086000000 192178096244
012201160000 192141072000
002020140000 192204005000
005135059068 192105012000
015000104000 185226242000
005157012000 192157026208
008023090000 192189240000
005062038000 192178241170
004068062164 192197160064
005159218215 192053072000
004069170246 192025000000
013104183064 192177079000
003161136000 192243048000
004001116206 190124064192
002019214000 192178097036
001022190000 192178082136
002022150000 192230115238
004069223228 192178245030
002016155000 192223041000
002016140000 192178071124
002021120000 192094237000
002018106000 192235080000
002188244000 192135083000
013034015064 192198048000
002185000000 192178068164
002255251230 192178240030
001022142000 192135174000
002017203000 192075068000
011000032000 189218060000
002058048016 192178121088
003143020104 192188094000
013034159064 192178097128
002018214056 192104023000
004031212027 192178108004
002019006110 192157026156
002059016000 192178028112
004068074232 192149216000
005011030000 192104176000
005135059168 192174072000
005187109016 192218014000
002017148000 192178140000
005129214000 192157039000
005187116252 192157139000
002018215224 192178097232
002021122000 192149047000
012183190000 192135078000
012026055000 192178082220
002027239000 192234247000
005157021000 192019203000
001037034192 192178218000
002188044000 192178071008
005062061186 192197176000
008017194000 192237091000
005039019238 192203108000
002016065000 192178108056
002018214220 192068030000
008062104000 192188180000
002059078224 192175086000
005062061008 192209063000
005196173000 192073230000
004069208212 192233201000
002255254067 192023112000
001007112000 192240129000
005045247000 192206240000
004068062138 190115020064
002057003000 192178249097
005196173064 192135237000
008037034000 192178109064
004015158000 192081122000
004028143064 192178246062
001184000000 192103236000
004069207082 192101020000
002021067000 192033117000
008020032000 192243213000
002057116000 192088218000
023045017148 192178083190
002059049000 192031090000
001037072160 192083128000
002017109186 192193124000
002021099000 188121036252
002255190000 192206179000
004031214248 192238208016
005044064000 192178084168
002059077000 192178081208
008017250000 192210042000
001178025000 192233201096
005196167240 192178099022
001007032000 192147043000
002019006208 187188077000
002016120000 189214144000
004042074194 192193060000
004055160000 192178255024
004068038252 185227181008
002058218000 192154004000
002019004091 192240195000
002056249000 192222016000
004042033000 192208184000
004069246144 188209157000
002018213160 192233199208
001237174000 192190177000
005183211112 192102188000
001179112136 189254080000
008024128000 192003068000
001178016000 192193135032
001225064000 192197160032
001037072145 192238160000
002018168000 192197136000
001032227000 192149204000
005159218147 192176192000
004042035064 192178081004
004015023000 192178251153
001208170000 192183176000
001208112030 192137160000
012013240000 192244208000
005175190139 192178245244
004016049237 192228022000
005010213000 192195096000
005042211094 192178105000
012204013096 192240156096
001247005000 192178073034
001009244050 192178245092
002027234000 192178246004
005160254000 192091213000
005042218000 192223186000
005062042046 192243240000
001232064000 192149150000
004068037036 192211120000
006132133000 192175049000
001247064000 192160237000
001178199128 192238209192
002018212080 192178250165
001236032000 192233199018
005035120000 192234088048
005056021056 192233196187
001023090000 192178255220
001009071012 192203238000
001178201000 192178078035
004069231250 192067062000
008042032000 192178111018
013224041000 192178071140
002020178000 188137234000
002188172000 192080016096
005039025192 192233200240
008043082000 192139011000
002020250000 192233195000
001006136000 192048022192
013034018052 192149220000
001023218000 192178248054
005039063000 192184008128
017126192000 188215058000
004001115224 192178107210
001022034000 192175065000
013106096000 192233202199
002255249031 192177151000
001178203012 192160224000
004016048135 192135175000
004028138192 190110099000
004059180040 192133120000
001222192000 192146237000
004069215094 192178045228
002023186000 192240132000
027126046000 192132086000
004071230018 189084236000
001007180000 192176059000
001022016000 192233193172
004068127034 192178242232
008028057000 192178249101
004031209162 192177192000
003160064000 192200010000
005180134018 192005218000
008227161202 192159134000
005196213224 190196108000
005135059002 192036087000
002016122000 192234101000
001032212128 192147067000
002255248016 192178045024
005135039000 192178085116
005187105128 192099146139
001037034180 192237098160
001213112228 192124199000
004015018176 192099146044
002255249041 192172248000
002255254106 192233202232
001213153128 192129128000
004069223178 188123204000
004001112192 192178107148
002063151080 192178068124
001179120000 192211048000
001247000000 192178073202
005253004000 192153216000
001119216000 192231164000
001231021000 192150090000
002255254033 192178254180
001067128000 192025043000
003166254000 192231184000
002018126000 192178251120
005017000000 192218002000
002056026000 192156253000
002058048058 192142014000
001028168000 192178240188
008020128000 192169034000
005053000024 192178108170
001179114000 192207048000
023103239192 191164000000
002058054000 192178096066
002021175142 192025104000
005035116000 192178096236
005034248072 192233201176
005234224000 192190202000
001231064000 192078120000
002059088000 192146187000
002063168192 192178078122
001208114252 192193243000
005053001056 192240154000
001213153112 192236147128
001066128000 192178240172
003172063022 192233194114
001179000000 192189006000
001236004000 192178097086
002094000000 192160032000
002018214069 192189205000
020136132000 192178247115
001225168000 192238023000
004068075144 192233201128
004068039182 190196000000
005053003112 192231231000
002021073000 192178248194
003163228000 192185180000
003004010000 192195104000
001179244000 192178247022
004069223216 192178135000
007193230000 192211124000
002018212194 190007088096
017033131016 192211042000
014055065000 192177097000
004053246000 192178085101
001241224000 192178085100
004069214000 192178029172
004068074188 192178068192
002056236000 192157192000
001179060000 188121048040
002057140000 192245008000
002255251176 192240016000
001227176000 192236177000
005083158000 192235032000
005104042112 192121018000
004033220000 192183224000
004069238240 192178107072
002057010000 192233193039
002017110062 192158252000
004028139176 192151200000
002018016000 192234236000
004028236000 192103122112
004069137028 192233195136
005062060032 192193072000
001244194000 192223000000
005011010214 192233201032
005149200000 192054057000
002027113000 192178087150
002255251218 191052182000
001018136000 192233199010
002021023000 192233193096
002255248031 192178082160
001022108000 192042121000
005062044236 192178104108
004068073141 192012082000
001230105000 192178104084
005062085114 192178250042
002022072000 192178096047
004028139087 192129020000
002255254248 192173076000
004069208063 192077021000
004036040068 192233198166
004028142238 192155072000
005062061109 192197168000
018066042000 192189147000
002018254000 192171088000
001023058000 192178250178
001022136000 192233196189
003175090000 192228115000
002017120041 192234056000
001208149000 192207105000
001009243064 192088112000
004184032000 192178242145
002022028000 192207032000
005159217176 192076170000
001178101000 192178099064
003160226000 192102248000
002023032000 188095016000
004015020066 192231165000
002027050032 192153077000
004069203064 192178122128
018173081000 192193228000
004068074009 192041161000
004028142175 192178254066
008038249000 192172238000
003172056000 192178104152
002019125000 192240136000
002017110000 187253152000
002027044000 192178081129
005188007000 192178068168
004031210000 192198187000
001178198240 192171111000
001194064000 192086032000
001225192000 192223129000
001238064000 192171209000
001178203028 192225002000
008034210000 188227200000
005062061248 192178250004
004068110138 192173077000
005254120032 192231100000
005062049144 192178210000
002255254224 192237105000
002056064000 192149082000
002057225024 192206056000
002255254123 192031159000
008029231001 192188061000
001076144000 192189138000
004068127217 192178056000
008006018000 192135222000
001237032000 192033187000
001022084000 192226046000
004068074112 192178119000
013034015000 192207080000
002255254188 192240190000
001075000000 192243073000
003171196000 192178122030
003163034000 188042147000
003169076000 192178098077
017000017080 192161153000
003172024000 192178069050
004053244032 192178251150
001179224000 192162032000
001208112028 192195038000
005008088000 192178255064
002016159000 192084168000
001022030000 192178108062
003163016000 192182064000
001252188000 192236147032
003005196000 192178240014
005183196000 192178246064
001011056000 190226032000
005253030000 192084015000
008012244000 192178046104
002016146000 192178029135
008025006000 192178111080
004068073147 187020220000
002180000000 192203240000
002027064000 192237096000
004069064008 192178096062
003168208000 192092192000
005008178000 192207013000
002027248000 190182128000
002027252000 192178046088
002017108108 192178248240
001242128000 192178082206
003164170000 192107245000
005053000220 192193200000
004069226028 192178254008
005062061026 192192048144
004002016072 192234195000
004069244000 192219128000
005056020148 192178099204
002020142000 192170056000
005196044032 192233199024
005178046204 192081208000
008029228132 192101175000
001177152000 192238026000
005252124000 192233196032
002018228000 192178121188
004028143096 192031225000
004001117040 189113128000
005035064000 192096079000
004068073186 192233196003
008002198000 192160161000
003166013000 192178247188
004037155128 192081234000
002189189000 192227002000
002040000000 192178248104
001037072147 192149080000
004069230112 192203088000
002255252036 192236112000
005253018000 192178074166
004033130016 191019252000
003174221000 192111080000
002021175236 192088060000
004015023224 192189113000
002027101000 192153114000
003172002000 192178096052
001213104032 192165142000
005062061197 192178121192
008227104000 190054001000
012024116000 192203000000
005196203218 192178242183
002056208000 192026123000
003172080000 192175240000
004068062082 192092075000
002018213164 192233193025
001208112254 192233205040
004037152000 192178096194
001183000000 191084000000
001037035074 192197160008
005255136000 192193168000
001208145244 192233195100
003172085000 192139005000
005180022000 192192128000
001208106175 192231145000
008005251000 192178248248
008024087026 192193026000
005226144148 192235207000
002022052000 192230192000
002023168000 192158245000
001009250032 192178073136
003165024000 192178254206
002017022000 192035087000
002017192000 192233208000
005102048000 192162052000
002255249168 192124171000
004069221000 192178044120
013034207192 192112168000
001178198192 192092225000
004018044000 192152048000
005062085064 192107128000
002022116174 192195068163
004033139064 192040041000
002017203252 192188130000
005039041000 192231183000
004042032096 192190000000
004069215063 192172003000
008045108000 192178109048
001178089000 192138065000
004069230005 192178109160
005196162144 190196145000
001006229000 192178029052
003160062000 192122184000
008006183000 192237094048
001179056000 192236200000
008228064000 192043160000
002056016000 192178068220
003004064000 192234036000
003161102000 192197160092
001022002000 192148248000
004068070099 187251001064
001037026000 192178069196
002018212140 192236184000
002021015000 192178071248
005200030104 192166046000
001009071032 192178243217
001241196000 192178082012
001023144000 192207072000
002018215162 190115020101
001188000000 192177032000
002255249101 192070131228
004042033152 192178082223
001224176000 192207206000
001073192000 192103123064
002063156128 192203058000
002021009000 192219250000
001023086000 192235202000
003163032000 192178253012
005062085204 192055118000
012190104000 192178245196
002020013000 192066012000
004028142232 190242180056
005011008136 192177104000
002019084000 192203040000
005104050064 192173082000
004002133128 192178104040
002059029000 192234168000
001179012000 192153013000
008025128000 192065245000
004068039145 192178083084
001006140000 192207092000
004068062145 192231020000
004033218024 192178046152
001238016000 192178096060
005144080000 185142241037
002019006240 192178254190
002059061000 192046116000
005252177000 192193064000
001179113020 192131056000
003172014000 192238196000
002016028000 192160097000
005053003040 192240157192
008029228198 192178248096
002017108096 188240094008
001023048000 192178106164
008029228069 192175125112
003005128000 192190012000
001241250000 192162107000
008036069000 192061208000
003163223000 192051004000
004068127178 192027228000
001004064000 192229081000
001000004000 192238025000
001255003000 192065070000
001020096000 192197140000
013034008206 186159120000
005062061241 192186184000
005160248000 192178108214
001248224000 192243244000
008227071144 192193243064
001209192000 192042158000
002020245000 192149097000
003171240000 192178073000
001178199000 192178246234
003168196000 192165144000
003173188000 192178240081
005056020160 192178080079
002018214112 192178029000
002255249072 192207060000
003173136000 192233193064
002021034000 192138014000
001018000000 192049147000
008028213000 192233196002
003173200000 191053000000
004068037128 192103156000
005062023032 192178082072
005053004160 192175126000
005053003005 192178083008
005011010171 192178046196
004069222185 192082084000
004068127180 192228068000
004068039168 192207232000
001228000000 192189044000
002056104000 192054251000
002255252064 188075070000
003172062000 192223028000
004022000000 189247045192
005253186000 192152200000
001227169000 188162192000
005011056000 192187004000
001074076064 192238209003
001208148192 192240152000
013107195136 192178068072
002019007234 192198182000
008042121016 192233201103
008029160000 192178110040
001179062000 192203141000
008049079216 192133056000
005022209235 192109146000
001025064000 192200212000
003165016000 192178246164
002057122000 188094084000
003162072000 192174064000
004068068128 192067128000
002020160000 192207141000
003161131000 192088085000
005062057099 192099146200
002255251104 192026250000
004125072000 192178045169
004069180005 192223126000
001022104000 192223242000
001076004000 192231146000
002183096000 192175125120
013034013192 192222028000
004068070020 192178111120
005053003160 192207235000
004068038204 192195060000
005189234000 192150016000
001032236000 192166236000
002018214244 192190030000
004014044092 192185199000
002059119000 192133062000
002018213052 192237078000
002027122000 192233193174
002019064000 192231032000
006066176000 192178026000
003162064000 192233207142
008005248000 192178028182
005179128000 192208064000
001066092000 192236124000
005178004000 192178240116
001119192000 192150064000
003163048000 192178029028
002056171000 192190009000
001023010000 192231070000
004069231048 192152062000
001008016000 192178247024
001179112169 192149132000
005045024000 192188065000
003160248000 192210012000
002037096000 192233193249
001213151189 192160246000
001208168230 192236224000
002059067000 192178121182
004068039028 192193117000
002019006104 190026030000
001128000000 192108115000
001088000000 192094004000
008034203000 192241120000
001078100000 192236122000
005062039248 192178097096
005159218013 192178080158
012145192000 192200152000
003005060000 192178255177
001007226000 192195011000
004068039086 192024016000
005056017099 192178068151
004068070158 192101152000
023027028000 192233198017
002057238000 192233196080
001179112048 192096180000
002056090000 192193157000
002018212142 192178254138
003174062000 185249116000
004016049124 191005144000
002178000000 192178080075
008015168000 192178252168
004069239096 192178242032
001208168224 192236010000
001232160000 192161066000
003175060000 192070146000
002022056000 192070120000
005135059098 192175000032
008000024000 192155128000
002057108000 192221176000
002021175125 192212014000
001227160000 192231008000
001066024000 192234134000
005134208000 192178109150
002179048000 192230091000
002057252192 192236000000
001244096000 192178084028
001178081000 192160123000
001007128000 192150070000
002017111104 192227251000
004036128000 192104081000
008029231211 192193056000
001236208000 192178083120
001074078000 192178096214
008244038000 192178240232
004028142224 192188176000
002020044000 192178097180
005196162192 192156208000
005062060041 192000062000
005182088000 192178046080
001118036128 192207046000
004068059149 192165130000
002182176000 192178073142
001039183000 192178082228
005062060120 192236118000
001028096000 192178098236
002022240000 192175000064
008017062000 192198032000
001024095000 192178158127
001009244012 192147040000
002255180000 192199064000
001255028000 192193039000
001224186000 192178044201
005061000000 192138120000
002017120032 192155001000
004068037171 192232168000
008034048000 190084240000
002016018000 192234102000
004069226128 192178076026
005011014128 192071236000
001031064000 192206242000
002022116184 192174016000
001179100000 192230064000
001178020000 192206201000
013225078000 192094066000
005180132089 192140007000
008043232000 192233201028
002017120064 192193116128
001202000000 192171208000
005062063072 192071004000
001011048000 192233199188
002017109184 192048095000
002017110103 192006096000
004068073208 192081000000
002017037000 192228004041
002018120000 192231116000
003172007000 192178105082
001209180000 192178111230
001023194000 192107192000
004071175000 192235206000
001208112130 192058005000
005104048072 192165136000
005023032000 192244080000
008150000000 192178248238
003166012000 192170000000
006070066000 192124022000
012035120000 192101190000
005255148158 192109223000
002059048000 192150184000
001213106000 192230232000
001178172000 192165174000
001224160000 192240125000
002019007128 192178072176
005062061100 192056205000
008010066000 190185152000
001009244014 192030143000
004016048240 192178246150
013108000016 192193208000
001024064000 192137040000
008015201000 192188121000
004069231245 192178078088
001178198242 192178046046
002189045000 192178121048
005135235224 192112160214
002019214009 192232054000
005159238014 192203036000
002255249174 192216138000
023012036060 192072064000
005008200000 192178072004
004068062026 192197158128
001249109000 186121236000
004069249042 192156246000
001025088000 192156024000
002017120044 184104193135
005062059229 192094088000
001007084000 192244246000
004004193208 192221252000
001255048000 192195137000
004068073056 192232034000
002017108232 192231036192
002189228000 192178070022
004036040008 192227104000
002019052000 192178104074
001179208000 192138016000
001230000000 192088200000
004068106160 190012157000
003175024000 192092164000
004068071115 192132054000
005008183000 192178205000
001208178224 192205208000
008034028000 192223046000
002058174000 192178250044
001178203031 192195197000
001187176000 192178108042
012034128000 192228005000
002189224000 192178120087
004068062238 192152248208
005180054036 192178071060
008042120048 192177134000
001178202000 192223010128
001208148008 192178045028
008048246184 192177110000
004014000000 192152223000
002021175213 191096251000
002181192000 192197160058
005053004069 192137184000
004069142253 192178244220
002017120108 192203035000
023009128000 192190112000
008224179000 192207124000
005009000000 192233197096
003174173000 192173152000
004069171000 192233200244
008010084000 192178107142
005180108000 192178247128
023019240000 192206194000
004001088000 187214005048
003004012044 192225056000
001000196000 192086015000
005056016000 192193038000
002018213056 192188174000
012071224000 192178098168
001237240000 192233193160
001009243048 188235112000
004059178010 192178078047
005039019235 192178097098
002019004102 192238002000
002255251215 192178121134
005062042144 192237128000
001020117000 192234206000
002059195000 192178029198
005039022192 192229168000
004068111190 192076123000
005144135000 189194008000
005053007056 192030249000
005154156050 192178251190
002058236000 192206087000
003169114000 192178029222
002180254000 192236212000
005105230000 192129010000
002016102000 192178138224
005062063116 192178068170
001235104000 192178252096
001178094000 192178244238
004069203114 192136120000
002058048152 192193171000
001023095000 191101251000
002037111000 192119111188
001025092000 192197152000
008029230027 192100197000
001237224000 192228093000
005253204098 192189184000
003002077000 192178075176
002016236000 192195003000
001213153109 192234204000
001213150000 192178081184
002021088000 192207138000
002017108090 192100112000
002019206000 188093010000
003164002000 192223162000
001208108000 192135199000
005056019043 192219090000
002017109111 192178253144
001255228000 192163002000
002057184000 192195187000
002027042000 188051128000
013034019008 192081102000
002017109033 192056226000
001204000000 192197222000
004036040224 191117000000
002056168000 192154196128
006049080000 192196000000
001024094000 192152089000
005253084000 192178029188
002018182000 192233197102
004069151240 192233196192
002017132000 192154092000
001244195000 192231174000
004068074156 192178045200
003163239224 192233196040
004001115248 192231078000
003175046000 192102215000
004068068091 192198208000
001232012000 192152063000
005042211122 192132011000
014001100056 192081194000
002021175251 192195149000
002056222000 192240125168
002255249080 192101088000
004069211080 192200160000
003174064000 192233201120
002017108248 192030223000
005062042160 192233207141
005104042160 192187144000
005105160000 192236072000
001230224000 191101155000
002017240000 192124230000
002018212232 192245037000
005053003044 192042148000
001208172128 192178029110
005053007051 192206068000
004028143088 192238162000
001208179172 190111064000
002021175046 192178240146
002016212000 192233194064
001071128000 192178120107
001227197000 192245006000
002019007186 192178122000
013104186144 192205024000
003172064128 192237125000
002057162000 192157025104
004068039148 192237113000
008211224000 192178106218
005196253181 191101247000
004068068020 192241084000
005056064000 192178158190
001039075000 192188155000
001236064000 192188007000
009144251000 192197208000
002056038000 185236041016
004069171052 192049078000
002022118000 192208158000
002017111218 192233198143
005035160050 192178252092
001018128080 192177047000
002018072000 192204144000
001022021000 192231033000
005062061230 192186192000
005056019216 192112021000
002056186000 192178105162
005135042184 192240159000
002019007228 192207082000
004068074012 192229091000
