LMAX=12
TOTAL_VALUES=1000000
P=50
PARTITIONS=20000
0 0 1 0 0 0123 012 012369 0123456789 0 0 0
0 0 1 0 0 4567 012 012345689 0123456789 0 0 0
0 0 1 0 0 7 12 0123456789 012345689 01 02679 0234568
0 0 1 0 0 789 012 012346789 0124689 01 01234689 023456789
0 0 1 0 0 9 2 4 1234 012 0123456789 0123456789
0 0 1 0 01 0129 012 012345689 0124568 01 0236 0248
0 0 1 0 12 02346789 01 0123469 0123456789 012 0123456789 023468
0 0 1 0 2 012 012 012346789 0123456789 0 0 0
0 0 1 0 2 2 012 0123456789 0123456789 0 0 0
0 0 1 0 2 23 02 0123456789 0123456789 0 0 0
0 0 1 0 2 34 012 0123456789 012345678 0 0 0
0 0 1 0 2 4568 012 01234689 01234568 0 0 0
0 0 1 0 23 0189 012 0123456789 02468 0 0 0
0 0 1 0 3 12 012 0123469 0123456789 012 0123459 0124678
0 0 1 0 3 23467 02 012345 012456789 01 023456789 01246789
0 0 1 0 3 7 0 34678 02345689 012 023456789 02345678
0 0 1 0 3 789 012 0123456789 012345689 0 0 0
0 0 1 0 3456 01245689 012 0123456789 01234678 0 0 0
0 0 1 0 67 0123678 012 0123456789 0234689 0 0 0
0 0 1 0 7 456 012 012346789 0245678 01 026789 024568
0 0 1 0 78 016789 012 0123456789 0245678 0 0 0
0 0 1 01 189 12345689 012 01234689 0234678 01 029 028
0 0 1 1 1267 06789 012 01234569 0123456789 0 0 0
0 0 1 1 7 8 01 012346789 012345689 01 0269 02468
0 0 1 1 7 8 12 09 01234589 012 0123456789 01234568
0 0 1 1 7 89 012 0123456789 0245678 012 02345679 0124689
0 0 1 1 7 9 12 012679 012345678 012 0123456789 02456789
0 0 1 1 789 02346789 012 012346789 023468 01 01236 012468
0 0 1 1 9 345689 012 0123456789 0234689 0 0 0
0 0 1 12 09 0123489 012 012345689 01245678 01 02679 02345689
0 0 1 2 0 8 1 1 23 012 012345689 0123456789
0 0 1 2 0 8 1 124 034568 012 01234569 02346789
0 0 1 2 0 8 1 4 5678 012 0123456789 0123456789
0 0 1 2 0 8 1 4567 0289 012 012346789 012345689
0 0 1 2 0 8 1 7 01234689 012 0123456789 012345678
0 0 1 2 01 02389 012 01236789 012345689 01 0679 023468
0 0 1 2 1 3 01 0169 234568 012 01234569 012456789
0 0 1 2 1 345 01 012456789 0123468 01 0126789 024689
0 0 1 2 12 023456 012 0123456789 01246789 0 0 0
0 0 1 2 23 056789 012 01245679 023456789 0 0 0
0 0 1 2 3 0123 012 012346789 0123456789 0 0 0
0 0 1 2 3 34567 012 01234569 01234689 0 0 0
0 0 1 2 3 78 012 012346789 012345678 0 0 0
0 0 1 2 34 01289 012 01234569 01234689 0 0 0
0 0 1 2 4 234567 012 01234569 0123456789 0 0 0
0 0 1 2 45 02345789 012 012346789 02346789 0 0 0
0 0 12 02 015 023458 012 012346789 0123456789 01 02 08
0 0 2 0 1 56 012 012349 0123456789 012 02459 02489
0 0 2 0 1 6 01 01456789 0123456789 0 0 0
0 0 2 0 1 6 1 1234567 0123456789 0 0 0
0 0 2 0 1 67 012 01234589 012345689 01 026 048
0 0 2 0 1 7 01 0345689 0123456789 0 0123456789 02456789
0 0 2 0 1 7 1 0 89 012 01234569 01234689
0 0 2 0 1 7 1 01 09 012 0123456789 0123456789
0 0 2 0 1 7 1 1 01 012 012456789 0234568
0 0 2 0 1 7 1 123 01234568 012 012346789 012345689
0 0 2 0 1 7 12 01245679 0123456789 012 02459 02489
0 0 2 0 1 78 02 012345678 0123456789 0 01 06
0 0 2 0 1 8 012 01246789 0123456789 01 0236 0248
0 0 2 0 1 8 2 01 01245689 01 0123456789 01234689
0 0 2 0 1 8 2 1 234 012 0123456789 01234689
0 0 2 0 1 8 2 1 45 012 0123456789 012346789
0 0 2 0 1 8 2 123 024568 012 0123456789 02346789
0 0 2 0 1 89 02 0345 0123456789 012 012346789 012346789
0 0 2 0 1 9 0 0 56 012 012345679 01246789
0 0 2 0 1 9 0 0 67 012 0123456789 0123456789
0 0 2 0 1 9 0 0 78 012 0123456789 0123456789
0 0 2 0 1 9 01 0123456789 0123456789 0 0 0
0 0 2 0 1 9 12 012345789 0123456789 01 01236 024689
0 0 2 0 2 0 01 0123456789 0123456789 0 0 0
0 0 2 0 2 01 012 023456789 0123456789 0 0 0
0 0 2 0 2 1 0 0123456789 0123456789 0 0 0
0 0 2 0 2 1 1 01234567 0123456789 0 012 01245678
0 0 2 0 2 1 1 7 5 01 0123456789 0123456789
0 0 2 0 2 1 1 7 5 12 023456789 0123456789
0 0 2 0 2 1 12 023789 0124568 02 012345 0123456789
0 0 2 0 2 12 02 012345 0123456789 01 026789 024568
0 0 2 0 2 2 01 156789 01234678 01 023456789 0123456789
0 0 2 0 2 23 012 012345679 0123456789 0 0 0
0 0 2 0 2 3 01 012345689 023456789 0 0 0
0 0 2 0 2 3467 012 0123456789 012456789 0 036 024
0 0 2 0 2 7 01 0125689 0123456789 01 02 08
0 0 2 0 2345 02678 012 012345679 0123456789 0 0 0
0 0 2 0 5 6 01 0123456789 0123456789 0 0 08
0 0 2 0 5 6 1 123456 0123456789 01 01236 02468
0 0 2 0 5 6 12 012345789 0123456789 0 0 0
0 0 2 0 5 67 012 0123456789 0123456789 0 0 0
0 0 2 0 5 7 1 012345 0123456789 01 01236 012468
0 0 2 0 5 7 12 01256789 01245689 01 012346 02468
0 0 2 0 5 78 02 012345 0123456789 012 0123456789 0124689
0 0 2 0 5 8 0 234 023456789 01 0123456789 0123456789
0 0 2 0 5 8 0 4567 02456789 012 02456789 012345678
0 0 2 0 5 8 01 0123456789 0123456789 0 0 0
0 0 2 0 5 89 012 012345789 0123456789 0 0 0
0 0 2 0 5 9 0 1234567 0123456789 01 012369 02468
0 0 2 0 5 9 01 012345789 0123456789 012 0234569 02468
0 0 2 0 5 9 12 0123456789 0123456789 01 01269 024689
0 0 2 0 56 0239 012 0245 01234568 012 012345689 023468
0 0 2 0 67 234678 012 02345679 0123456789 012 01234569 02468
0 0 2 0 789 012489 01 0123456789 012346789 0 0 0
0 0 2 01 0123459 01234568 012 012346789 01234678 0 0 0
0 0 2 1 678 012689 012 0123456789 0234689 0 0 0
0 0 2 1 8 2345678 012 012456789 023456789 0 0 0
0 0 2 1 8 8 012 123456789 01246789 0 0 0
0 0 2 1 8 89 02 0123456789 012456789 0 0 0
0 0 2 12 0124589 0245689 012 0123456789 02346789 01 06789 0245678
0 0 2 2 5 5 12 2489 023489 01 01234569 0123456789
0 0 2 2 5 5 2 4 9 0 234567 0123456789
0 0 2 2 5 5 2 4 9 01 0123789 0123456789
0 0 2 2 5 5 2 4 9 1 3456789 0123456789
0 0 2 2 5 5 2 45 019 012 012346789 02456789
0 0 2 2 5 5 2 5 1 12 0123459 0123456789
0 0 2 2 5 5 2 5 2 012 01234569 0123456789
0 0 2 2 5 5 2 5 23 012 012346789 0123456789
0 0 2 2 5 5 2 5 34 012 012349 0123456789
0 0 2 2 5 5 2 5 4 01 012456789 0123456789
0 0 23 02 05 025 02 035 02345 012 0123456789 02468
0 0 3 0 0 2 0 34567 0123456789 01 0269 0248
0 0 3 0 0 234 01 01236789 0123456789 0 0 0
0 0 3 0 0 4 0 1 2 01 0123456 0123456789
0 0 3 0 0 45 01 0123456789 0234568 012 0123456789 02468
0 0 3 0 0123 0234568 012 0123456789 012468 0 0 0
0 0 3 0 34 012346 01 0256 01245678 012 012346789 02468
0 0 3 01 01234689 0234568 01 0123469 012468 01 01269 024689
0 0 3 1 6 0 012 0123456789 023468 0 0 0
0 0 3 1 6 01 012 0123456789 012346789 0 0 0
0 0 3 1 6 12 012 0123456789 0123468 0 0 0
0 0 3 1 6 23 012 0123456789 01234568 0 0 0
0 0 3 1 6 3 012 0123456789 012345678 0 0 0
0 0 3 1 6 34 02 012345 0123456789 012 01234569 0124568
0 0 3 1 6 4 01 0123456789 0123456789 0 0 0
0 0 3 1 6 45 012 0123456789 0123456789 0 0 0
0 0 3 1 6 5 01 0123456789 0123456789 0 0 0
0 0 3 1 6 56 012 0123456789 0123456789 0 0 0
0 0 3 1 6 6 012 0123456789 0123456789 0 0 0
0 0 3 1 6 678 012 0123456789 0123456789 0 0 0
0 0 3 1 6 89 02 012345 0123456789 0 0 0
0 0 3 1 6 9 01 0123456789 0123456789 0 0 0
0 0 3 1 7 01 012 0123456789 0123456789 0 0 0
0 0 3 1 7 12 02 01245 0123456789 01 023456 02468
0 0 3 1 7 2 0 234567 0123456789 01 01236789 012468
0 0 3 1 7 2 01 0789 0123456789 01 0126789 0245689
0 0 3 1 7 23 01 012346 0123456789 0 0 0
0 0 3 1 7 34 012 0123456789 0123456789 0 0 0
0 0 3 1 7 4 01 0123456789 0123456789 0 0 0
0 0 3 1 7 4 12 0123456789 0123456789 0 0 0
0 0 3 1 7 5 0 01234567 023456789 012 01246789 0124689
0 0 3 1 7 5 01 0123456789 0123456789 02 04 0248
0 0 34 012 02479 0124568 012 0123456789 0123456789 0 01 01268
0 0 4 0 0 1 01 189 23468 01 0123456789 012456789
0 0 4 0 0 1 1 1 456 012 0123456789 012456789
0 0 4 0 0 1 1 12 0678 012 012346789 012346789
0 0 4 0 0 12 01 01236789 0124678 012 012346789 02345678
0 0 4 0 0 2 01 2346 23468 012 0123456789 012346789
0 0 4 0 0 234568 012 01269 0123468 012 0123469 012346789
0 0 4 0 01 024589 01 01234569 012345678 01 02356789 02345689
0 0 4 0 1 5 0 12 06789 012 012346789 012345678
0 0 4 0 1 5 0 2 01 012 0123456789 0123456789
0 0 4 0 1 56 01 0234569 01234678 012 0123456789 01246789
0 0 4 0 1 6 0 45 089 012 01234569 02345678
0 0 4 0 1 6 0 5 012 012 0123456789 012456789
0 0 4 0 1 6 0 5 234 012 0123456789 0234568
0 0 4 0 1 678 01 02356 0234568 012 012346789 0123456789
0 0 4 0 12 089 01 012346789 01234568 012 01234569 024568
0 0 4 0 2 01245678 01 01236789 01245689 012 0123456789 024689
0 0 4 0 2 8 1 3 6789 01 0123456789 0123456789
0 0 4 0 2 8 1 34 0239 012 012346789 0123456789
0 0 4 0 23 0189 012 02346789 02345678 012 01269 02346789
0 0 4 0 3 1 12 0129 02489 01 012345679 02456789
0 0 4 0 3 1 2 1 2345 012 0123456789 0124689
0 0 4 0 3 123 012 0123 01245689 012 0123456789 012346789
0 0 4 0 3 34 012 0123469 0246789 012 0123469 0124678
0 0 4 0 3 456 01 012346789 0234689 01 012346789 02346789
0 0 4 0 3 67 01 0234569 0124689 012 012346789 012456789
0 0 4 0 3 78 012 02569 024568 012 012346789 0123456789
0 0 4 0 3 89 012 023469 024689 012 01234569 012345678
0 0 4 0 34 029 01 0123 023458 01 0123456789 01245678
0 0 4 0 4 2 0 3467 024568 012 01234679 012345678
0 0 4 0 4 2 0 7 2345 012 012346789 0124568
0 0 4 0 45 2348 012 012789 0245689 012 0123456789 024689
0 0 4 0 5 345 02 0124689 01245689 012 01234569 01234568
0 0 4 0 5 5689 01 012345679 01245689 01 01236789 0123468
0 0 4 0 5 9 1 78 016789 012 012345679 01246789
0 0 4 0 56 0489 012 0123489 0234568 01 012346789 0245689
0 0 4 0 6 8 0 123 01234568 012 01234689 0123456789
0 0 4 0 6 8 0 3 34567 012 0123469 0123456789
0 0 4 0 6 8 0 3 7 01 01234689 0123456789
0 0 4 0 6 8 0 3 7 12 01234679 0123456789
0 0 4 0 6 8 0 3 78 02 0123456789 0123456789
0 0 4 0 6 8 0 3 8 012 0123459 0123456789
0 0 4 0 6 8 0 3 9 01 012346789 0123456789
0 0 4 0 6 8 0 3 9 1 012345678 0123456789
0 0 4 0 6 8 0 345 06789 012 012345689 0123456789
0 0 4 0 6 8 0 56 029 01 01234569 0123456789
0 0 4 0 6 8 0 6 2 01 0126789 0123456789
0 0 4 0 6 8 0 6 2 12 023456789 0123456789
0 0 4 0 6 8 0 6 23 02 012345 0123456789
0 0 4 0 6 8 0 6 3 01 0456789 0123456789
0 0 4 0 6 8 0 6 3 12 012456789 0123456789
0 0 4 0 6 8 0 6 348 012 012345689 0123456789
0 0 4 0 6 8 0 67 089 01 01234569 0123456789
0 0 4 0 6 8 0 7 0 012 0123456789 0123456789
0 0 4 0 6 8 0 7 01 012 01234569 0123456789
0 0 4 0 6 8 0 7 12 012 0123456789 0123456789
0 0 4 0 6 8 0 7 2 012 0123456789 0123456789
0 0 4 0 6 8 0 7 23 012 01234569 0123456789
0 0 4 0 6 8 0 7 3 12 0123456789 0123456789
0 0 4 0 6 8 0 7 4 01 0123456789 0123456789
0 0 4 0 6 8 0 7 45 012 0123456789 0123456789
0 0 4 0 6 8 0 7 5 012 012346789 0123456789
0 0 4 0 6 8 01 01789 045678 012 0123469 0123456789
0 0 4 0 6 8 1 1 01 012 0123456789 0123456789
0 0 4 0 6 8 1 1 1 012 0123456789 0123456789
0 0 4 0 6 8 1 12 012467 02 01234 0123456789
0 0 4 0 6 8 1 2 7 01 0123456789 0123456789
0 0 4 0 6 89 01 026 0478 012 01234689 0123456789
0 0 4 0 6 9 01 236789 0245678 012 0123469 0123456789
0 0 4 0 6 9 1 345 0123478 012 012345679 01234689
0 0 4 0 6 9 1 567 0128 012 012345679 0123456789
0 0 4 0 6 9 1 7 01 012 012346789 012345689
0 0 4 0 6 9 12 0789 01246 01 0123456 0123456789
0 0 4 0 6 9 2 0 23467 012 012346789 02345689
0 0 4 0 6 9 2 01 01789 012 0123456789 0123456789
0 0 4 0 6 9 2 1 1245 01 0123456789 0123456789
0 0 4 0 6 9 2 1 5678 012 01234689 0123456789
0 0 4 0 6 9 2 1 89 012 0123456789 0123456789
0 0 4 0 6 9 2 12 019 012 012346789 0123456789
0 0 4 0 6 9 2 2 123 012 0123456789 0123456789
0 0 4 0 6 9 2 2 346 012 012346789 0123456789
0 0 4 0 6 9 2 23 0678 012 012345689 0123456789
0 0 4 0 6 9 2 3 01 01 0123456789 0123456789
0 0 4 0 6 9 2 3 1 12 0123789 0123456789
0 0 4 0 6 9 2 3 124568 012 0123456789 012345678
0 0 4 0 6 9 2 34 0124589 012 012345689 012345689
0 0 4 0 6 9 2 4 5678 012 0123456789 012456789
0 0 4 0 67 019 012 023456 02346789 012 0123469 012345678
0 0 4 01 12789 01245689 012 01234679 01245678 01 01236789 0124678
0 0 4 1 245678 0123456789 01 012346789 024568 01 023456 02468
0 0 4 12 01289 0123456789 012 024569 024678 0 0 0
0 0 45 02 02345 0123456789 012 029 02348 012 0239 0248
0 0 5 0 0 1 0 013456789 0123456789 02 034 012456789
0 0 5 0 0 123 01 0123689 0123456789 0 0 0
0 0 5 0 0 348 012 0123456789 0123456789 0 0 0
0 0 5 0 0 8 01 0123456789 0123456789 0 0 0
0 0 5 0 01 089 012 0123456789 0123456789 01 01269 02468
0 0 5 0 1 0 012 0123469 0123456789 012 0126789 02468
0 0 5 0 1 01 02 012345 012346789 012 0123689 01234568
0 0 5 0 1 1 0 01 089 012 0123456789 01234568
0 0 5 0 1 1 0 1 012 012 0123469 0123456789
0 0 5 0 1 1 0 1 234 012 0123456789 0123456789
0 0 5 0 1 126 01 012345689 01245689 012 0123469 0124689
0 0 5 0 12 0126789 01 012345679 023456789 0 0678 024
0 0 5 0 2 23 012 012349 012345689 012 0123469 024568
0 0 5 0 2 3 0 123 0123456789 01 012346789 0234678
0 0 5 0 2 345678 01 0123456789 0245689 012 023469 02456789
0 0 5 0 23 023489 012 0123456789 01234568 0 0 0
0 0 5 0 3 45 012 012345689 02345689 01 01236789 01245689
0 0 5 0 3 5 01 0126789 023468 0 03456789 0123456789
0 0 5 0 3 5 1 67 012489 01 0123456789 023456789
0 0 5 0 3 5 12 01789 01234568 01 012346789 01245689
0 0 5 0 3 5689 012 01234 012346789 012 01234689 01246789
0 0 5 0 3 9 0 12 012346789 012 01234569 0123456789
0 0 5 0 3 9 0 234 0123456789 012 02346789 023468
0 0 5 0 3 9 0 4569 01234678 01 012346789 01234568
0 0 5 0 3 9 01 0126789 01246789 01 012346789 024678
0 0 5 0 34 09 012 012345689 0123456789 0 0 0
0 0 5 0 4 012 012 0123456789 0123456789 0 0 0
0 0 5 0 4 2 12 019 0123456789 01 012345689 012456789
0 0 5 0 4 234 012 01234569 0123456789 01 034679 0123468
0 0 5 0 4 45 012 0123456789 0123456789 0 0 0
0 0 5 0 4 5 0 3456 024689 012 012345689 012345689
0 0 5 0 4 5 012 012456789 0123456789 012 01259 0245678
0 0 5 0 45 23568 02 02345 012345678 01 0123456789 024568
0 0 5 0 5 3 0 0 01 012 0123456789 02345678
0 0 5 0 5 3 0 0 123 012 0123456789 01245689
0 0 5 0 5 3 0 0 3 0 123456789 0123456789
0 0 5 0 5 3 0 0 3 012 012345679 0123456789
0 0 5 0 5 3 0 0 34 012 012346789 0123456789
0 0 5 0 5 3 0 0 45 012 0123456789 0123456789
0 0 5 0 5 3 0 0 56 012 0123456789 0123456789
0 0 5 0 5 3 0 0 67 012 0123456789 0123456789
0 0 5 0 5 3 01 012369 024678 012 0123456789 023456789
0 0 5 0 5 346 012 012346789 0246789 01 0123469 01234689
0 0 5 0 5 6 0 1 7 01 0123456789 012345689
0 0 5 0 5 6 0 1 789 012 0123456789 0123456789
0 0 5 0 5 6 0 12 09 012 012345679 012345678
0 0 5 0 5 6 0 2 01 012 0123456789 0123456789
0 0 5 0 5 6 0 2345 0123456789 012 0123456789 01245678
0 0 5 0 5 67 01 0123456789 0123456789 01 01236 024568
0 0 5 0 5 789 012 012349 0123456789 012 0234569 024568
0 0 5 0 5 9 01 0123456789 0123456789 0 0 0
0 0 5 0 56 09 012 012346789 012345689 01 02 08
0 0 5 0 6 01 01 0123456789 0123456789 0 0 0
0 0 5 0 6 12 012 012349 012456789 01 012346 02345678
0 0 5 0 6 2 0 23 01234568 01 0123456 0123456789
0 0 5 0 6 2 0 34 0245689 012 01234569 012345689
0 0 5 0 6 2 0 4 23 012 01234569 02345678
0 0 5 0 6 2 0 4 345 012 01234569 0123456789
0 0 5 0 6 2 0 4 567 012 01234569 012345689
0 0 5 0 6 2 0 4 789 012 012345679 0123456789
0 0 5 0 6 2 0 45 012456789 01 01234689 02345689
0 0 5 0 6 2 0 5 8 01 0123456789 024689
0 0 5 0 6 2 0 5 89 012 0123459 0123456789
0 0 5 0 6 2 0 5 9 01 23456789 0123456789
0 0 5 0 6 2 0 56 09 012 0123459 0123456789
0 0 5 0 6 2 0 6 0 01 0456789 0123456789
0 0 5 0 6 2 0 6 0 1 1234567 0123456789
0 0 5 0 6 2 0 6 0 12 01234789 0123456789
0 0 5 0 6 2 0 6 01 02 012345 0123456789
0 0 5 0 6 2 0 6 1 01 01256789 0123456789
0 0 5 0 6 2 0 6 1 1 2345678 0123456789
0 0 5 0 6 2 0 6 12 012 01234589 0123456789
0 0 5 0 6 2 0 6 2 012 0123456789 02468
0 0 5 0 6 2 0 6 23 012 0123456789 0245689
0 0 5 0 6 2 0 678 012345 012 0123456789 0124689
0 0 5 0 6 2 0 8 5 01 012345689 0123456789
0 0 5 0 6 2 01 189 245678 012 0123456789 023456789
0 0 5 0 6 23 01 01234569 0123456789 0 0 0
0 0 5 0 67 234567 01 0123456789 012456789 01 01236 0123468
0 0 5 0 78 023789 01 0123456789 0123456789 0 0 0
0 0 5 0 8 3 12 012345679 0123456789 0 0 0
0 0 5 01 089 013468 012 0123456789 02456789 0 0 0
0 0 5 1 0 12 012 0123456789 0123456789 01 02 08
0 0 5 1 0 234 01 0123456789 0123456789 0 0 0
0 0 5 1 0 4 0 234 01256789 012 012346789 024568
0 0 5 1 0 4 0 4 123489 012 0123456789 012468
0 0 5 1 0 4 0 456 012456789 012 012346789 023468
0 0 5 1 0 45 012 0123456789 012345678 01 0269 028
0 0 5 1 0 5 012 01234569 0123456789 0 0 0
0 0 5 1 012 0256789 012 012456789 0123456789 0 0 0
0 0 5 1 23 0239 012 0123456789 012456789 0 0 0
0 0 5 1 3 3 01 0126789 0123456789 01 01236 02468
0 0 5 1 3 34 012 012346789 01234678 01 012346 023456789
0 0 5 1 3 45 02 012 01234689 012 012345689 0234689
0 0 5 1 3 5 0 12 012456 012 01234679 012456789
0 0 5 1 3 5 0 234 02346789 012 01246789 012468
0 0 5 1 3 5 0 45 01245689 01 0123456789 01245689
0 0 5 1 3 5 0 5 9 012 0123456789 0123456789
0 0 5 1 3 5 0 567 0146789 012 01234569 01245678
0 0 5 1 3 5 01 126789 01234678 012 02345679 0124689
0 0 5 1 3 5 1 679 0123456789 012 01234569 0124678
0 0 5 1 3 5 12 01239 012345678 012 0234569 0234689
0 0 5 1 3 5689 012 0123459 012345678 012 0123469 024568
0 0 5 1 34 012349 012 02346789 0123456789 012 02349 01248
0 0 5 1 4 4 01 123456789 0123456789 012 02349 012489
0 0 5 1 4 45689 01 012456789 012346789 01 012689 02468
0 0 5 1 45 09 012 0123456789 0123456789 0 0 0
0 0 5 1 5 01 01 0123456789 02345678 0 0 0
0 0 5 1 5 12 012 023456789 0123456789 01 02 08
0 0 5 1 5 234 012 012346789 012346789 0 0 0
0 0 5 1 5 4 01 0123456789 012345689 01 01236789 0246789
0 0 5 1 5 4 12 2356789 0123456789 012 0234569 0124568
0 0 5 1 5 4567 02 012345 0123456789 0 0 0
0 0 5 1 5 78 012 023456789 0123456789 0 0 0
0 0 5 1 5 89 012 012345689 0123456789 01 026789 02468
0 0 5 1 5 9 012 0126789 02345678 012 012346789 01234568
0 0 5 1 5 9 2 1 8 0 01345678 0123456789
0 0 5 1 5 9 2 1 8 012 01245689 0123456789
0 0 5 1 5 9 2 123 024689 012 012346789 0123456789
0 0 5 1 5 9 2 3 678 012 01234569 023456789
0 0 5 1 56 09 012 0123456789 012456789 02 034 03468
0 0 5 1 6 012345 012 012345689 0123456789 0 0 0
0 0 5 1 67 25678 012 0123456789 02346789 0 0 0
0 0 5 1 7 2345 012 0123456789 012346789 012 0249 0248
0 0 5 1 7 5 01 23456789 0123456789 0 0 0
0 0 5 1 7 5 1 789 0123456789 0 0134567 0123456789
0 0 5 1 7 5 1 9 0 01 0123789 0123456789
0 0 5 1 7 5 1 9 0 12 01456789 0123456789
0 0 5 1 7 5 12 019 0123456789 012 012346 0124568
0 0 5 1 7 568 02 012345 0123456789 01 01236 012468
0 0 5 1 7 8 0 01234 0234689 01 0123456789 01245678
0 0 5 1 7 89 01 01246789 0123456789 012 025679 024568
0 0 5 1 78 09 012 01236789 01246789 012 0123469 01245689
0 0 5 1 8 0 0 234 0123456789 012 0123469 01234568
0 0 5 1 8 0 0 45 0123456789 01 012346 0124568
0 0 5 1 8 0 01 0126789 0123456789 01 023456 024568
0 0 5 1 8 0 1 23 23468 012 0126789 0123456789
0 0 5 1 8 0 1 3 45 01 0123456789 01245678
0 0 5 1 8 0 1 3 5 12 0123456789 0123456789
0 0 5 1 8 0 1 34567 0123456789 012 012356 012468
0 0 5 1 8 0 12 012789 0123456789 01 01234679 012468
0 0 5 1 8 01 02 012345 0123456789 01 0123456 0245689
0 0 5 1 8 1 0 2345678 0123456789 012 0246789 0124568
0 0 5 1 8 1 01 0123456789 0123456789 0 0 0
0 0 5 1 8 12 012 01234589 0123456789 012 02459 02348
0 0 5 1 8 2 0 123456789 0123456789 01 0236 0248
0 0 5 1 8 2 1 0123 0123456789 01 012345678 024689
0 0 5 1 8 2 12 013456789 0123456789 01 01289 02468
0 0 5 1 8 23 02 012345 02345678 012 0123679 02468
0 0 5 1 8 3 01 0123456789 0123456789 012 012349 02468
0 0 5 1 8 3 1 23456789 0123456789 012 0236789 012468
0 0 5 1 8 3 12 019 01456789 01 01234569 02468
0 0 5 1 8 3 2 1234 01245678 012 0123456789 02468
0 0 5 1 8 3467 02 012345678 0123456789 01 01236 012468
0 0 5 1 8 7 01 089 023456789 01 0123456789 02468
0 0 5 1 8 7 1 01 0124569 01 0123456789 02345678
0 0 5 1 8 7 1 12 01678 012 012345679 012346789
0 0 5 1 8 7 1 2 124567 012 0123456789 023456789
0 0 5 1 8 78 01 01234 0123456789 012 0123456789 0246789
0 0 5 1 8 8 01 0123456789 012345689 0 0 0
0 0 5 1 8 8 12 01256789 0123456789 01 01236 0123468
0 0 5 1 8 89 012 0123469 0123456789 01 023469 024568
0 0 5 1 89 012459 012 0123456789 0123456789 0 0 0
0 0 5 1 9 56 012 01234679 01234689 012 01236789 012346789
0 0 5 1 9 6 0 4569 012345678 012 0234569 0124678
0 0 5 1 9 6 01 09 01234789 012 0123456789 02346789
0 0 5 1 9 6 1 012 0245689 012 012345679 01245678
0 0 5 1 9 6 1 2456 012456789 01 01234569 01234689
0 0 5 1 9 6 1 67 012346789 012 023456789 01245689
0 0 5 1 9 6 12 0789 01234689 012 0126789 0124689
0 0 5 1 9 6 2 012 012345689 012 0123456789 02468
0 0 5 1 9 6 2 2345 02346789 012 0123469 02456789
0 0 5 1 9 6 2 5 0123 012 01234569 012456789
0 0 5 1 9 6789 012 0234569 0123456789 012 023456789 01234568
0 0 5 1 9 9 012 123456789 0123456789 0 0 0
0 0 5 12 09 09 02 012345 024689 01 0123456789 01234678
0 0 5 2 0 012 01 012345679 0124689 012 012345679 02468
0 0 5 2 012 023456789 012 012346789 02345678 0 0 0
0 0 5 2 2 6 01 23456 012345689 01 02345679 0123456789
0 0 5 2 2 6 1 4567 01234689 01 012456789 01245678
0 0 5 2 23 06789 01 0126789 0123456789 01 02 08
0 0 5 2 3 01 012 01236789 0123456789 01 01236 024689
0 0 5 2 3 1 0 345678 0123456789 01 0234679 024689
0 0 5 2 3 1 012 01289 0123456789 01 012 028
0 0 5 2 3 12 012 023456 0123456789 012 0123469 0245689
0 0 5 2 34 023456789 012 01246789 0234678 0 0 0
0 0 5 2 45 089 012 0123456789 0123456789 01 026789 02468
0 0 5 2 5 012 02 01234567 012345678 012 023459 0248
0 0 5 2 5 2 01 0789 0123456789 012 012345679 0234568
0 0 5 2 5 2 1 0123456 0123456789 01 01236789 012468
0 0 5 2 5 23 012 0123456789 0123456789 012 029 02468
0 0 5 2 5 3 0 01234 0123456789 01 0123679 012468
0 0 5 2 5 3 01 0123456789 0123456789 01 026789 012468
0 0 5 2 5 3 12 03456789 0123456789 01 013469 024678
0 0 5 2 5 34 02 012345 012456789 012 01234569 01245678
0 0 5 2 5 4 0 0123 0123456789 01 012369 012345678
0 0 5 2 5 4 0 3456 012345689 01 02345689 012345689
0 0 5 2 5 4 01 016789 0123456789 012 0123679 0234689
0 0 5 2 5 45 012 0123456789 0123456789 012 02346 0245678
0 0 5 2 5 5 01 23456789 0123456789 012 02346789 02468
0 0 5 2 5 5 1 4 78 012 01234569 0123456789
0 0 5 2 5 5 1 4 8 01 0156789 0123456789
0 0 5 2 5 5 1 4 8 1 12345678 0123456789
0 0 5 2 5 5 1 4 89 012 01234589 0123456789
0 0 56 02 05 05 012 0245679 012345689 012 01236789 0123468
0 0 6 0 01 01234568 012 012345679 01245678 0 0 0
0 0 6 0 1 456 01 0123456789 012346789 0 0 0
0 0 6 0 1234 01234678 012 0126789 023456789 0 0 0
0 0 6 0 4 2345678 012 0123456789 0234678 0 0 0
0 0 6 0 456 0124689 012 012345689 01234568 0 0 0
0 0 6 0 6 4 01 0123456789 0123456789 0 0 0
0 0 6 0 6 456 01 0123456789 01245678 0 0 0
0 0 6 0 67 06789 012 023456789 012456789 0 0 0
0 0 6 0 7 012 012 0123456789 024689 0 0 0
0 0 6 0 7 234567 012 012345689 012346789 0 0 0
0 0 6 01 12789 012456789 01 0123456 024678 0 0 0
0 0 6 1 3 012 01 01234569 0123456789 0 0 0
0 0 6 1 34 01234568 012 0123456789 0245689 0 0 0
0 0 67 012 024569 0234689 012 012345689 012345678 0 0 0
0 0 78 02 02 0124 01 012346789 0123456789 0 0 0
0 0 8 0 0 23 012 0123456789 023456789 0 0 0
0 0 8 0 0 34 012 0123456789 0123456789 0 0 0
0 0 8 0 0 45 012 01234679 0123456789 0 0 0
0 0 8 0 0 56 012 0123456789 012345689 0 0 0
0 0 8 0 0 67 012 0123456789 0123456789 0 0 0
0 0 8 0 0 78 012 012345679 0123456789 0 0 0
0 0 8 0 0 89 012 012345689 023456789 0 0 0
0 0 8 0 01 09 012 012345679 0123456789 0 0 0
0 0 8 0 1 0 012 0123456789 012345689 0 0 0
0 0 8 0 1 12 012 012345679 0123456789 0 0 0
0 0 8 0 1 2 012 0123456789 0123456789 0 0 0
0 0 8 0 1 234 012 0123456789 012346789 0 0 0
0 0 8 0 1 45 012 012345679 0123456789 0 0 0
0 0 8 0 1 567 012 0123456789 0123456789 0 0 0
0 0 8 0 1 7 01 0123456789 0123456789 0 0 0
0 0 8 0 1 78 012 0123456789 0123456789 0 0 0
0 0 8 0 1 8 01 012345689 0123456789 0 0 0
0 0 8 0 1 89 012 01234679 0123456789 0 0 0
0 0 8 0 1 9 01 0123456789 02345689 0 0 0
0 0 8 0 12 09 02 012345 0123456789 0 0 0
0 0 8 0 2 0 01 01256789 0123456789 0 0 0
0 0 8 0 2 01 012 012456789 0123456789 0 0 0
0 0 8 0 2 1 01 0123456789 0123456789 01 02 08
0 0 8 0 2 12 012 012345679 0123456789 0 0 0
0 0 8 0 2 2 01 012346789 0123456789 0 0 0
0 0 8 0 2 23 012 0123456789 0123456789 0 0 0
0 0 8 0 2 34 012 0123456789 0123456789 01 02 08
0 0 8 0 2 4 012 012456789 012345678 01 0123679 02468
0 0 8 0 2 45 012 0123456789 023456789 0 0 0
0 0 8 0 2 56 012 012456789 0123456789 0 0 0
0 0 8 0 2 6 01 0123456789 0123456789 0 0 0
0 0 8 0 2 67 012 012346789 0123456789 0 0 0
0 0 8 0 2 78 012 0123456789 0123456789 0 0 0
0 0 8 0 2 8 012 012456789 0123456789 0 0 0
0 0 8 0 2 89 02 01234567 0123456789 0 0 0
0 0 8 0 2 9 01 089 023456789 0 01234 0123456789
0 0 8 0 2 9 1 0 9 01 0456789 0123456789
0 0 8 0 2 9 1 0 9 1 0123456 0123456789
0 0 8 0 2 9 1 0 9 12 016789 0123456789
0 0 8 0 2 9 1 012456 012456789 02 02345 0123456789
0 0 8 0 2 9 12 012679 02345689 0 0123 0123456789
0 0 8 0 2 9 2 2 8 0 3456789 0123456789
0 0 8 0 2 9 2 2 8 01 0123459 0123456789
0 0 8 0 2 9 2 2 8 12 0156789 0123456789
0 0 8 0 2 9 2 23 089 02 012345 0123456789
0 0 8 0 2 9 2 3 0 0 2345678 0123456789
0 0 8 0 2 9 2 3 0 01 0123489 0123456789
0 0 8 0 2 9 2 3 0 12 0456789 0123456789
0 0 8 0 2 9 2 3 01 02 012345 0123456789
0 0 8 0 2 9 2 3 1 0 0123456 0123456789
0 0 8 0 2 9 2 3 1 01 0126789 0123456789
0 0 8 0 2 9 2 3 1 1 23456789 0123456789
0 0 8 0 2 9 2 3 1 12 012349 0123456789
0 0 8 0 23 09 012 012345689 01234568 02 045 023456789
0 0 8 0 3 01 012 0123456789 0123456789 01 02 08
0 0 8 0 3 123 012 012346789 012345689 0 0 0
0 0 8 0 3 3 01 012346789 0123456789 01 026 048
0 0 8 0 3 34 012 0123459 0123456789 0 0 0
0 0 8 0 3 4 01 12456789 0123456789 0 0 0
0 0 8 0 3 45 012 01234789 012345678 01 02 08
0 0 8 0 3 56 012 0123456789 0123456789 0 0 0
0 0 8 0 3 6 01 012346789 0123456789 0 0 0
0 0 8 0 3 67 012 01234679 0123456789 0 0 0
0 0 8 0 3 7 01 012456789 012345678 0 0 0
0 0 8 0 3 78 02 012346 0123456789 01 0234569 0245678
0 0 8 0 3 8 012 012456789 0123456789 0 0 0
0 0 8 0 3 89 02 012345678 0123456789 0 0 0
0 0 8 0 3 9 01 0123456789 0123456789 0 0 0
0 0 8 0 34 09 012 0123469 0123456789 0 0 0
0 0 8 0 4 0 01 012345789 0123456789 0 0 0
0 0 8 0 4 01 012 012345679 0123456789 0 0 0
0 0 8 0 4 1 01 012346789 0123456789 0 0 0
0 0 8 0 4 12 012 0123459 0123456789 0 0 0
0 0 8 0 4 2 01 01256789 0123456789 012 0234569 0124568
0 0 8 0 4 2 1 2 1 01 012346789 0123456789
0 0 8 0 4 2 1 2 23456 012 01234569 0123456789
0 0 8 0 4 2 1 2456 012345678 012 0123469 0123456789
0 0 8 0 4 23 012 012345679 0123456789 01 02 08
0 0 8 0 4 3 01 123456789 012345678 0 0 0
0 0 8 0 4 34 012 01234589 0123456789 01 01236 012468
0 0 8 0 4 4 01 123456789 0123456789 012 0123469 024568
0 0 8 0 4 45 012 0123459 0123456789 0 0 0
0 0 8 0 4 5 01 012345689 0123456789 0 0 0
0 0 8 0 4 56 01 03456789 01234678 01 012346789 0245678
0 0 8 0 4 6 012 012456789 0123456789 01 026 048
0 0 8 0 4 67 02 0123456 0123456789 01 0129 02468
0 0 8 0 4 7 01 012346789 012456789 01 0123456789 0245678
0 0 8 0 4 78 01 034569 0126789 012 0123689 0234689
0 0 8 0 4 8 012 0123456789 0123456789 01 0246 048
0 0 8 0 4 8 2 4 0123 012 01234569 0123456789
0 0 8 0 4 8 2 4 345 012 01234569 0123456789
0 0 8 0 4 8 2 4 56 012 0123456789 0123456789
0 0 8 0 4 89 02 013467 01246789 012 0123456789 0234689
0 0 8 0 45 019 012 0123456789 012456789 012 026789 0234678
0 0 8 0 5 12 012 024569 0123456789 01 01236789 01245689
0 0 8 0 5 2 2 0123 0123456789 012 0123469 01245689
0 0 8 0 56 012346 012 023469 023468 012 012456789 0124568
0 0 8 01 2346789 02345689 012 012345679 012468 0 0 0
0 0 8 1 45679 01234689 01 012346789 01234689 0 0 0
0 0 8 12 09 0234689 01 01234569 0234689 012 0269 0248
0 0 8 2 01 01234569 012 012346789 023468 0 0 0
0 0 8 2 12 012346789 012 0123456789 0124568 0 0 0
0 0 8 2 2 45 01 0123456789 012345689 0 0 0
0 0 8 2 2 567 012 012345689 02345689 012 02679 0234568
0 0 8 2 2 7 0 3456 02345689 01 0123456789 012456789
0 0 8 2 2 7 0 67 0126789 012 012345689 012346789
0 0 8 2 2 7 0 7 234567 01 012346789 02345689
0 0 8 2 2 7 0 78 0456789 01 0123456789 02345678
0 0 8 2 2 7 01 0189 0234689 012 0123456789 012345689
0 0 8 2 2 7 1 1 0123456 01 0123456789 0123456789
0 0 8 2 2 7 1 123 01245678 012 0123456789 023456789
0 0 8 2 2 7 1 346 01245689 012 0123469 0123456789
0 0 8 2 23 0126789 012 012345679 01234568 02 02 0248
0 0 8 2 34 0289 01 0123456789 0123456789 0 0 0
0 0 8 2 4 23 012 012346789 0123456789 0 0 0
0 0 8 2 4 3 012 012345679 01234678 0 0 0
0 0 8 2 4 34 02 034 01245689 012 01246789 023468
0 0 8 2 4 4 0 01346 012456789 012 012345679 024568
0 0 8 2 4 4 01 236789 0123456789 012 02346789 02456789
0 0 8 2 4 45 01 0345679 012346789 012 012346789 01234678
0 0 8 2 4 5 0 0 123456789 012 0123456789 01245689
0 0 8 2 4 5 0 01 0123456789 01 0123456789 0124689
0 0 8 2 4 5 01 12346 012345689 012 0123469 023468
0 0 89 02 0145 0245689 012 012345679 01245689 01 012369 023468
0 0 9 01 12346 012345689 012 01234689 02468 0 0 0
0 0 9 1 4567 0123456789 012 0123456789 0124689 0 0 0
0 0 9 12 0123789 0123456789 012 01234679 023468 0 0 0
0 01 19 012 0123469 0124678 012 0123469 012468 0 0 0
0 1 2 0 0 0123 01 012346789 0123456789 0 0 0
0 1 2 0 0 3456 012 0126789 0123456789 0 0 0
0 1 2 0 0 678 012 01234569 0123456789 0 0 0
0 1 2 0 01 089 012 01234569 0124689 01 01236 02468
0 1 2 0 1 0123 012 012346789 023456789 0 0 0
0 1 2 0 1 34 012 0123456789 0123456789 01 0234569 02468
0 1 2 0 1 4567 012 0123456789 012345689 0 0 0
0 1 2 0 1 789 012 0123456789 02456789 0 0 0
0 1 2 0 12 0129 012 0123456789 02345689 0 0 0
0 1 2 0 2 2345 012 01234569 02345678 0 0 0
0 1 2 0 2 567 01 0123456789 012345678 0 0 0
0 1 2 0 2 789 01 012345679 0123456789 0 0 0
0 1 2 0 3 012 012 01234679 01234678 0 0 0
0 1 2 0 3 2345 01 0123456789 0123456789 0 0 0
0 1 2 0 3 56 012 0123456789 012456789 0 0 0
0 1 2 0 3 678 012 02456789 0123456789 0 0 0
0 1 2 0 34 0189 01 0123456789 012345689 0 0 0
0 1 2 0 4 12 01 01234689 0123456789 01 02679 02468
0 1 2 0 4 2345 012 012345689 02345678 0 0 0
0 1 2 0 4 567 012 0123456789 01234689 0 0 0
0 1 2 0 45 0789 012 0123456789 0123456789 0 0 0
0 1 2 0 56 01234568 01 01234569 012456789 0 0 0
0 1 2 0 67 0189 01 0123456789 01246789 01 023469 02468
0 1 2 0 789 0126 012 0123456789 0123456789 0 0 0
0 1 2 01 09 045678 012 023456789 0123456789 0 0 0
0 1 2 1 0 789 012 012456789 0123456789 0 0 0
0 1 2 1 01 019 012 0123456789 02345689 0 0 0
0 1 2 1 123 01289 012 012346789 012345678 0 0 0
0 1 2 1 3 012 012 012345689 012345678 0 0 0
0 1 2 1 3 234689 012 0123456789 0123456789 0 0 0
0 1 2 1 34 045679 01 023456789 0123456789 0 0 0
0 1 2 1 45 0789 012 01246789 0123456789 0 0 0
0 1 2 1 5 123 012 01234569 01234689 0 0 0
0 1 2 1 5 345 012 012345679 023456789 0 0 0
0 1 2 1 5 567 012 01234569 023456789 0 0 0
0 1 2 1 56 01789 012 023456789 01245689 0 0 0
0 1 2 1 6 1234 012 012346789 02346789 0 0 0
0 1 2 1 6 4567 012 01234689 023456789 0 0 0
0 1 2 1 6 78 01 0123456789 0123456789 0 0 0
0 1 2 1 67 0189 012 02346789 01245678 0 0 0
0 1 2 1 7 1234 012 012346789 01246789 0 0 0
0 1 2 1 7 456 012 0123679 012456789 0 0 0
0 1 2 1 7 678 012 01234569 0123456789 0 0 0
0 1 2 1 78 0189 012 0123456789 023456789 0 0 0
0 1 2 1 8 12 012 012345679 012345689 0 0 0
0 1 2 1 8 234 012 0123456789 012345678 0 0 0
0 1 2 1 8 4567 012 0123456789 012456789 0 0 0
0 1 2 1 8 789 012 0123456789 023456789 0 0 0
0 1 2 1 89 0129 012 012345689 0246789 0 0 0
0 1 2 1 9 234567 012 012346789 012456789 0 0 0
0 1 2 1 9 89 012 0123456789 0123456789 0 0 0
0 1 2 2 0 012 01 0123456789 012345678 0 0 0
0 1 2 2 0 234 012 0123456789 0124678 0 0123689 02468
0 1 2 2 0 45 01 012345689 012345689 012 012456789 02468
0 1 2 2 0 56 012 012456789 01234568 01 012345679 02468
0 1 2 2 0 678 012 0123456789 023456789 01 0246789 02468
0 1 2 2 01 0245689 01 0123456789 01234568 012 0129 023468
0 1 2 2 12 016789 012 0123469 012345678 0 0 0
0 1 2 2 2 12 012 0123456789 01245678 0 0 0
0 1 2 2 2 234678 012 0123456789 01245689 0 0 0
0 1 2 2 23 0189 01 0123456789 012456789 0 0 0
0 1 2 2 3 12345 01 012346789 0246789 0 0 0
0 1 2 2 3 567 012 0123456789 012345689 0 0 0
0 1 23 02 0134 012346789 012 01234569 02346789 01 02 08
0 1 3 0 1 67 01 0123469 0123456789 01 012469 0246
0 1 3 0 12 0178 012 01234569 02346789 01 01236 02468
0 1 3 0 23 124 012 01234569 012345678 01 023468 01248
0 1 3 0 3 2 01 013456789 0123456789 01 0289 02468
0 1 3 0 3 2 12 012345679 0123456789 0 0 0
0 1 3 0 3 23 012 0123456789 0123456789 0 0 0
0 1 3 0 3 3 12 0123456789 0123456789 0 0 0
0 1 3 0 3 34 02 0234 01289 01 012346789 012456789
0 1 3 0 3 4 0 0 3456 01 01234679 01234689
0 1 3 0 3 4 0 0 678 01 01234679 01246789
0 1 3 0 3 4 0 0 89 012 012346789 012345678
0 1 3 0 3 4 0 01 0129 012 012346789 0123456789
0 1 3 0 3 4 0 1 234 012 01234679 01234568
0 1 3 0 3 4 0 1 45678 012 012346789 0123456789
0 1 3 0 3 4 0 12 089 01 012345679 01234689
0 1 3 0 3 4 0 2 01234 01 012346789 0123468
0 1 3 0 3 4 0 23 012456789 012 0123469 0123468
0 1 3 0 3 4 0 3 23456789 012 023469 01234568
0 1 3 0 3 4 0 45 0123456789 012 02369 02468
0 1 3 0 3 4 0 567 0123456789 012 023469 0234568
0 1 3 0 3 4 0 78 0123456789 01 0269 0248
0 1 3 0 3 4 01 089 0123456789 01 0269 0248
0 1 3 0 3 4 1 01 0123456789 01 0269 0248
0 1 3 0 3 4 1 123 0123456789 01 0269 0248
0 1 3 0 3 4 1 34 0123456789 01 0269 0248
0 1 3 0 3 4 1 456 0123456789 01 0269 0248
0 1 3 0 3 4 1 67 0123456789 01 0269 0248
0 1 3 0 3 4 12 089 0123456789 01 0269 0248
0 1 3 0 3 4 2 012 0123456789 01 0269 0248
0 1 3 0 3 45 02 0123456789 0123456789 01 0269 0248
0 1 3 0 34 04568 012 012346789 0123456789 0 0 0
0 1 3 0 5678 0123456789 012 023469 02468 0 0 0
0 1 3 01 089 0123456789 012 01234569 01245678 0 0 0
0 1 3 1 0 4 0 5689 0234678 012 0123456789 02468
0 1 3 1 0 4 01 09 0123456789 012 0123456789 02468
0 1 3 1 0 4 1 012 0123456789 01 0269 0248
0 1 3 1 0 4 1 234 012345689 012 023456789 02468
0 1 3 1 0 4 1 45 0123456789 012 01234679 02468
0 1 3 1 0 4 1 678 02346789 012 0123456789 02468
0 1 3 1 0 4 1 8 456 012 012346789 02468
0 1 3 1 0 4 12 0189 0123456789 012 012346789 02468
0 1 3 1 0 4 2 12345 012346789 012 012346789 02468
0 1 3 1 0 45 02 015 024568 012 01234689 02468
0 1 3 1 0 5 0 123 0123456789 012 0123456789 02468
0 1 3 1 0 5 0 3456 01234678 01 01234689 02468
0 1 3 1 0 5 0 67 012456789 01 01234569 02468
0 1 3 1 0 5 0 8 0123456789 01 01234569 02468
0 1 3 1 0 5 0 89 0246789 012 0123456789 02468
0 1 3 1 0 5 01 09 01234569 012 012346789 02468
0 1 3 1 0 5 1 01245 01246789 012 01234679 02468
0 1 3 1 0 5 1 567 0123456789 01 0269 0248
0 1 3 1 0 5 12 0789 0123456789 01 0269 0248
0 1 3 1 0 5 2 012 0124568 01 0123456789 0234689
0 1 3 1 0 5 2 2 123 01 0123456789 012345678
0 1 3 1 0 56 02 02345 0123456789 01 0234689 02468
0 1 3 1 0 6 0 0123456789 0124568 012 0123469 02468
0 1 3 1 0 6 01 01234569 0245678 012 01234679 0124678
0 1 3 1 0 6 1 6 234 012 01234569 01234689
0 1 3 1 0 6 1 6789 0245678 012 0123456789 02468
0 1 3 1 0 6 2 01 01468 012 0123456789 02346789
0 1 3 1 0 6 2 123 0124678 02 0123456 0123456789
0 1 3 1 0 6 2 3 23468 012 0123456789 0123456789
0 1 3 1 0 6 2 3 89 012 0123456789 0234568
0 1 3 1 0 67 02 012345 0123456789 012 023456789 023456789
0 1 3 1 0 7 01 23456 0123456789 01 012346789 02468
0 1 3 1 0 7 1 78 456 012 0123456789 02468
0 1 3 1 0 7 1 89 24568 012 0123456789 02468
0 1 3 1 0 7 1 9 45 012 0123456789 02468
0 1 3 1 0 7 12 019 056789 012 0123456789 02468
0 1 3 1 0 78 02 0245 012458 01 0123456789 0123456789
0 1 3 1 0 8 0 0 1 012 0123456789 012456789
0 1 3 1 0 8 0 0 123 012 012345679 0123456789
0 1 3 1 0 8 0 0 3467 012 0123456789 02345678
0 1 3 1 01 089 01 0123456 0246789 012 0123456789 024568
0 1 3 1 1234 012346789 012 0123689 0234568 0 0 0
0 1 3 12 01245679 0123456789 01 012346789 023468 0 0 0
0 1 3 2 2 4 01 0123456789 0123456789 0 0 0
0 1 3 2 2 4 12 0123456789 0123456789 0 0 0
0 1 3 2 2 45 02 01234567 0123456789 0 0 0
0 1 3 2 2 5 01 0123456789 0123456789 0 0 0
0 1 3 2 2 56 012 012345789 0123456789 0 0 0
0 1 3 2 2 6 01 0123456789 0123456789 0 0 0
0 1 3 2 2 67 012 0123456789 0123456789 0 0 0
0 1 3 2 2 7 01 012345689 0123456789 0 0 0
0 1 3 2 234 024678 012 012346789 0123456789 0 0 0
0 1 3 2 4 4568 012 0236789 0123456789 01 023469 024689
0 1 3 2 4 89 01 01234569 0123456789 0 0 0
0 1 34 02 045 02459 012 012345679 0123456789 0 0 0
0 1 4 0 0 0 01 0123456789 0123456789 0 0 0
0 1 4 0 0 01 01 01234 02345678 01 012345689 01234568
0 1 4 0 0 1 0 45 0126789 012 0123689 0123456789
0 1 4 0 0 1 01 056789 01246789 012 01234569 023456789
0 1 4 0 0 1 1 0 0 012 0123456789 0123456789
0 1 4 0 01 12345678 012 01236789 0123468 012 02349 0248
0 1 4 0 12 01289 01 0123456789 024689 0 0 0
0 1 4 0 23 0123489 01 01234569 012346789 0 0 0
0 1 4 0 3 2345 01 0123456789 0123456789 0 0 0
0 1 4 0 3 56789 012 01234689 012345678 0 0 0
0 1 4 0 34 012456789 012 01234569 012345689 0 0 0
0 1 4 0 45 023459 012 012346789 012345678 0 0 0
0 1 4 0 569 02345678 01 0123456789 01246789 0 0 0
0 1 4 0 9 678 012 0123456789 012345689 0 0 0
0 1 4 01 09 0129 01 0123456 012345689 01 01234569 02468
0 1 4 1 0 2 0 345678 0123456789 01 01236 012468
0 1 4 1 0 2 0 89 0123456789 01 0123456789 0123456789
0 1 4 1 0 2 01 0123456789 023456789 01 012369 024678
0 1 4 1 01 2346 012 012345689 0123456789 01 02679 023468
0 1 4 1 12 01246789 012 01234569 012345689 0 0 0
0 1 4 1 2 89 01 0123456789 0123456789 0 0 0
0 1 4 1 23 02469 012 0123456789 01245689 0 0 0
0 1 4 1 3 67 012 0234569 0123456789 0 0 0
0 1 4 1 3 789 012 023456789 0123456789 0 0 0
0 1 4 1 34 019 012 012345679 01245678 01 01269 024678
0 1 4 1 4 123 012 01245689 0234678 012 02345689 02456789
0 1 4 1 4569 02346789 012 012345689 02345689 02 04 0678
0 1 4 1 9 2 01 23456789 0123456789 01 02 08
0 1 4 12 09 0345689 012 012456789 0123456789 0 0 0
0 1 4 2 0 67 01 0123456789 012345678 0 0 0
0 1 4 2 01 24578 012 0123456789 012345678 0 0 0
0 1 45 02 01234 012345689 012 0126789 0234568 0 0 0
0 1 5 0 12 0124678 01 01236789 012456789 0 0 0
0 1 5 0 23 234568 01 012346789 0123456789 01 02 08
0 1 5 0 34 0124678 01 0126789 0123456789 0 0 0
0 1 5 0 467 2345689 012 012346789 02345689 0 0 0
0 1 5 0 789 01289 01 026789 012345678 01 02346 0248
0 1 5 01 01239 01234689 012 0123469 0124689 0 0 0
0 1 5 1 345 012345689 01 01236 0123456789 0 01236 0246
0 1 5 1 5 8 0 234 0123456789 01 0124569 0124678
0 1 5 1 5 8 0 4567 0123456789 012 0123456789 02468
0 1 5 1 5 8 01 0123789 0123456789 0 0 0
0 1 5 1 5 8 1 34 0123456789 01 0123456 01234689
0 1 5 1 5 8 1 456789 0123456789 01 023456 02468
0 1 5 1 56 089 012 0123459 0123456789 01 02 08
0 1 5 1 67 023456789 01 0123456789 023456789 0 0 0
0 1 5 1 789 046789 01 012346789 0123456789 0 0 0
0 1 5 1 9 0123 012 0123456789 0123456789 0 0 0
0 1 5 1 9 34567 01 013789 024678 01 0123456 01234568
0 1 5 1 9 7 0 3 89 012 0123456789 012345689
0 1 5 1 9 7 0 3 9 012 0123456789 0123456789
0 1 5 12 0129 0123456789 01 012345689 024689 02 012345 01234568
0 1 5 2 2 01 012 012345679 0123456789 0 0 0
0 1 5 2 2 1 1 45 234678 012 0123456789 024678
0 1 5 2 23 01245678 01 05679 01234689 012 01234569 0245689
0 1 5 2 3 0 0 01 012456789 012 012345679 012346789
0 1 5 2 3 0 0 123456 012345689 02 012345 024678
0 1 5 2 3 0 0 6789 0123456789 01 0269 0248
0 1 5 2 3 0 01 0129 0123456789 01 01236 0123468
0 1 5 2 3 0 1 234 0123456789 01 01236 02468
0 1 5 2 3 0 12 0456789 0123456789 01 0236 0248
0 1 5 2 3 01245 012 012345 0123456789 01 012346 02468
0 1 5 2 34 01234568 01 03469 0124678 01 012346789 02468
0 1 5 2 4 8 0 0 2345 012 012346789 02468
0 1 5 2 4 8 0 01 23568 012 0123456789 01245689
0 1 5 2 4 8 0 1 345 012 0123456789 0124678
0 1 5 2 4 8 01 0123456789 0245689 012 01234569 0124689
0 1 5 2 45 0189 01 02345679 012346789 01 012346 0123456789
0 1 56 02 05 01234 01 0123456 0123456789 01 0256 02468
0 1 6 0 0 123 01 0123456789 012346789 012 024569 01248
0 1 6 0 01 03456789 01 0123456789 0123456789 0 0 0
0 1 6 0 1 012 01 012346 0123456789 01 01236 02468
0 1 6 0 1 234567 012 0123456789 012456789 0 0 0
0 1 6 0 12345678 0123456789 012 024569 02348 0 0 0
0 1 6 01 089 0123689 01 01236 0245678 01 012369 024689
0 1 6 1 012 02345689 01 0123456789 024678 0 0 0
0 1 6 1 234 012345689 012 01236789 012456789 0 0 0
0 1 6 1 456789 0123456789 01 01236789 02468 0 0 0
0 1 6 2 012 012345689 012 01234569 012468 0 0 0
0 1 67 02 0345 012489 012 0123456789 012345689 0 0 012348
0 1 7 0 0 0 0 0 1 01 0123456789 0123456789
0 1 7 0 0 0 0 0 1 12 012346789 0123456789
0 1 7 0 0 0 0 01 012348 012 02345679 0123456789
0 1 7 0 0 0 0 1 01 012 012346789 012456789
0 1 7 0 0 0 0 1 1234 012 012345689 01246789
0 1 7 0 0 0 0 1 45 012 012346789 0123456789
0 1 7 0 0 0 0 1 56 012 0123456789 01234689
0 1 7 0 0 0 0 1 67 012 012345689 012345678
0 1 7 0 0 0 0 1 78 012 0123456789 012346789
0 1 7 0 0 0 0 123 012489 012 0123456789 0245678
0 1 7 0 0 0 01 06789 0123456789 01 0123456789 0234689
0 1 7 0 0 0 1 01 023456789 01 0123456789 0123456789
0 1 7 0 0 0 1 123 01245689 01 0123456789 012345689
0 1 7 0 0 01 01 0346789 012346789 012 01234689 0245678
0 1 7 0 0 1 0 0 0123 012 0123456789 02468
0 1 7 0 0 1 0 013678 0234689 012 0123456 01234568
0 1 7 0 0 1 01 089 0123456789 01 012369 0123468
0 1 7 0 0 1 1 0123 0123456789 01 0123456 024678
0 1 7 0 0 1 1 3456 0234678 012 0123456789 012456789
0 1 7 0 0 1 1 678 0123456789 012 0126789 0246789
0 1 7 0 0 1248 012 023689 0123456789 01 0123456789 024568
0 1 7 0 0 8 1 345 012456789 01 0123456789 02468
0 1 7 0 012 0245689 01 01234569 0245678 01 012369 02348
0 1 7 0 2 0123 012 012346789 0123456789 0 0 0
0 1 7 0 23 0346789 01 012346789 0123456789 01 02 08
0 1 7 0 3 0123 01 012345689 01234568 0 01234678 0123468
0 1 7 0 34 02346 01 0345679 012345678 01 012369 024568
0 1 7 0 4 34 012 012346789 0123456789 01 023469 02468
0 1 7 0 45 012456789 012 0123456789 01234568 01 026789 024568
0 1 7 0 56 0124678 01 02456789 012345678 01 0123469 02468
0 1 7 0 6 67 01 0123456789 0124568 01 026 048
0 1 7 0 6 78 012 0123456789 012345689 01 02 08
0 1 7 0 6 89 012 0123456789 02345678 01 02 08
0 1 7 0 7 01 012 0123456789 024568 01 01236 02468
0 1 7 0 7 123 012 0123456789 02345678 01 02 08
0 1 7 0 7 345 012 0123456789 024568 01 01236 02468
0 1 7 0 7 567 012 012346789 02456789 01 01236 02468
0 1 7 0 7 7 012 0123456789 0245689 0 0 0
0 1 7 0 7 78 012 02345678 0123456789 012 01234569 02468
0 1 7 0 7 89 012 012389 023456789 01 01234689 02468
0 1 7 0 7 9 01 234678 0123456789 012 01234689 02468
0 1 7 0 7 9 12 0124589 0246789 01 01234569 024678
0 1 7 0 7 9 2 5 01234 01 012345689 02468
0 1 7 0 78 019 012 0123456789 0123456789 0 0 0
0 1 7 0 8 1 01 0123456789 01245689 0 034 02
0 1 7 0 8 1 12 012346789 0123456789 01 0246 048
0 1 7 0 8 123 02 012345 012456789 01 01234689 02456789
0 1 7 0 8 3 012 0123456789 023456789 012 0269 0248
0 1 7 0 8 345 012 01234569 012456789 01 026789 02468
0 1 7 0 8 567 012 0123456789 012345689 012 02349 02468
0 1 7 0 8 78 012 012345679 0123456789 01 0123679 02468
0 1 7 0 8 8 01 01789 012345678 01 012456789 02468
0 1 7 0 89 089 012 01234679 0124689 01 01234569 0245689
0 1 7 0 9 01 012 01234589 012468 01 01236789 012346789
0 1 7 0 9 12 012 0123456789 023468 0 0 0
0 1 7 0 9 23 012 0123456789 01234568 01 012346789 0124568
0 1 7 01 09 013456 012 01234569 0123468 012 01234569 01234568
0 1 7 1 01 124678 012 012345679 0124678 01 012369 02468
0 1 7 1 1 8 01 012789 02345678 012 012346789 023468
0 1 7 1 12 04689 012 01234569 02456789 01 012369 02468
0 1 7 1 23 2678 012 012345679 012345689 01 026 048
0 1 7 1 34 02345689 012 012456789 0123456789 0 0 0
0 1 7 1 5678 0246789 01 01236789 02345678 01 029 028
0 1 7 12 2389 023459 012 01236789 02345689 012 026789 02468
0 1 7 2 34 0256 012 0123456789 0123456789 0 0 0
0 1 7 2 4 2348 012 012345689 0123456789 0 0 0
0 1 7 2 4 8 12 0123456789 0123456789 0 0 0
0 1 7 2 45 01289 012 0123456789 02345678 0 0 0
0 1 7 2 5 23 012 0123456789 012345678 0 0 0
0 1 7 2 5 3 01 0123456789 01245689 0 0 0
0 1 7 2 5 3 12 01234569 0123456789 01 01236 02468
0 1 78 02 01235 012345689 012 0123469 02345678 0 0 0
0 1 8 0 3456 024568 012 023456789 012346789 0 0 0
0 1 8 0 6 4 0 0123456 02345678 012 01234569 01234689
0 1 8 0 6 4 01 0123456789 0245678 01 0123679 012468
0 1 8 0 6 45 012 0123456789 012456789 0 0 0
0 1 8 0 6 5 01 0123456789 0124689 0 0 0
0 1 8 0 6 56 012 0123456789 012345689 0 0 0
0 1 8 0 6 6 012 0123456789 0234568 0 0 0
0 1 8 0 6 67 012 0123456789 023456789 0 0 0
0 1 8 0 6 78 012 0123456789 02346789 0 0 0
0 1 8 0 6 8 0 012345 0123456789 01 02689 0468
0 1 8 0 6 8 0 56789 0123456789 01 012346 024678
0 1 8 0 6 8 01 01239 0123456789 0 012345 012468
0 1 8 0 6 8 1 3456 0123456789 01 01234689 024689
0 1 8 0 6 8 1 6789 0123456789 01 01236 01245678
0 1 8 0 6789 02689 012 0123469 0123456789 0 0 0
0 1 8 01 0123459 012346789 012 012346789 02468 0 0 0
0 1 8 1 5 34 01 0123456789 0245678 0 0 0
0 1 8 1 5 45 012 0123456789 01245678 0 0 0
0 1 8 1 5 5 01 0123456789 0124689 0 0 0
0 1 8 1 56 056 012 0123456789 012345689 0 0 0
0 1 8 1 6 0 01 0123456789 0234568 0 0 0
0 1 8 1 6 01 012 0123456789 023456789 0 0 0
0 1 8 1 6 1 012 0123456789 0246789 0 0 0
0 1 8 1 6 124 02 0123456789 012456789 0 0 0
0 1 8 1 6 45 012 0123456789 01245678 0 0 0
0 1 8 1 6 568 012 0123456789 012456789 0 0 0
0 1 8 1 7 2 01 0123456789 0123468 0 0 0
0 1 8 1 7 23 012 0123456789 012345678 0 0 0
0 1 8 1 7 3 01 023456789 0123456789 0 0 0
0 1 8 1 7 3 12 0123456789 012345689 0 0 0
0 1 8 12 0123789 0234568 02 012345 012345678 0 0 0
0 1 8 2 3 8 01 0123456789 01234568 0 0 0
0 1 8 2 3 89 012 0123456789 0123456789 0 0 0
0 1 8 2 34 049 012 0123456789 01234689 0 0 0
0 1 8 2 4 4 01 0123456789 0123456789 0 0 0
0 1 8 2 4 4 12 0123456789 012346789 0 0 0
0 1 8 2 4 45 02 01234567 0123456789 0 0 0
0 1 8 2 4 5 012 0123456789 0123456789 0 0 0
0 1 89 02 0145 024568 012 0123459 012456789 01 0269 0248
0 12 09 012 0123469 0123456789 01 023456789 0234568 0 0 0
0 2 0 0 12 0789 01 012346789 0123456789 01 01236 0234678
0 2 0 0 2 0 0 45678 0123456789 012 02369 02468
0 2 0 0 23 0123456789 01 0123469 01245678 012 0269 0248
0 2 0 0 3 0123 01 012346 0123456789 0 0 0
0 2 0 0 3 3 0 456789 0123456789 0 0 0
0 2 0 0 3 3 01 0123459 0123456789 0 0 0
0 2 0 0 3 3 12 056789 0123456789 0 0 0
0 2 0 0 3 3467 012 0123469 0123456789 0 0 0
0 2 0 0 3 8 01 01234569 0123456789 01 02 08
0 2 0 0 34 089 012 0123456789 02468 0 0 0
0 2 0 0 4 1234567 012 0123469 012346789 0 0 0
0 2 0 0 4 7 0 12345678 0123456789 0 0 0
0 2 0 0 45 012789 012 012689 0123456789 0 069 046
0 2 0 0 56 023456789 01 01234689 0123456789 01 01236 02468
0 2 0 0 6 0 01 0123456789 0123456789 0 0 0
0 2 0 0 6 0 12 0123456789 02468 0 0 0
0 2 0 0 6789 0123456789 012 012345 01246789 0 0 0
0 2 0 0 9 5 01 012456789 0123456789 0 0 0
0 2 0 01 09 01234567 012 01234569 0123456789 0 0 0
0 2 0 1 0123 012346789 012 01236789 0124678 01 01236 023468
0 2 0 1 3 234 012 01234569 0123456789 0 0 0
0 2 0 1 3 45 012 0123456789 0246789 0 0 0
0 2 0 1 3 56 012 0123456789 024689 01 02 08
0 2 0 1 3 678 012 0123456789 012346789 0 0 0
0 2 0 1 34 02389 012 01234569 0123456789 0 0 0
0 2 0 1 4 348 01 0123456789 0124568 0 0 0
0 2 0 1 45 089 012 0123469 0123456789 01 02 08
0 2 0 1 5 0 0 345678 0123456789 01 02 08
0 2 0 1 5 012 01 01289 0123456789 0 0 0
0 2 0 1 5 23 01 0123456789 0123456789 0 0 0
0 2 0 1 5 3 0 123456789 0123456789 0 0 0
0 2 0 1 5 3 01 0123459 0123456789 0 0 0
0 2 0 1 5 34 012 0123456789 0123456789 0 0 0
0 2 0 1 5 4567 01 01236789 0123456789 0 0 0
0 2 0 1 5 7 01 013456789 0123456789 0 0 0
0 2 0 1 5 7 1 123456 0123456789 0 0 0
0 2 0 1 5 7 12 016789 0123456789 0 0 0
0 2 0 1 5678 012345678 02 02345 0123456789 0 0 0
0 2 0 1 89 0456789 012 0234569 0123456789 01 02 08
0 2 0 1 9 012345 01 026789 0123456789 01 0269 0248
0 2 0 12 09 0156789 01 023456789 0123456789 0 0 0
0 2 0 2 0 12 012 012345789 012345678 0 0 0
0 2 0 2 0 2 01 0156789 0123456789 0 0 0
0 2 0 2 0 2 1 12345678 0123456789 0 0 0
0 2 0 2 0 23456789 012 012345689 012456789 0 0 0
0 2 0 2 0 9 01 0123456789 02468 0 0 0
0 2 0 2 0 9 12 0123456789 024689 0 0 0
0 2 0 2 0123 0123456789 012 0234569 02468 0 06 04
0 2 0 2 3 1 1 2345 0123456789 012 02369 02468
0 2 0123 02 0345 0123456789 01 012345689 023468 012 02369 0248
0 2 3 0 0 01 012 0123456789 012456789 0 0 0
0 2 3 0 0 12 012 012345679 0123456789 0 0 0
0 2 3 0 0 23 012 012346789 0123456789 0 0 0
0 2 3 0 0 345 012 012346789 0234568 01 01236 01246789
0 2 3 0 0 567 012 0123456789 0245689 0 0 0
0 2 3 0 01 01789 012 012345689 0124689 0 0 0
0 2 3 0 1 12 012 012345689 01245678 0 0123456789 024689
0 2 3 0 1 2 0 3 23 012 012345679 012345689
0 2 3 0 1 2 0 3 3 012 0126789 0123456789
0 2 3 0 1 2 0 3 34 012 0123456789 012345678
0 2 3 0 1 2 0 3 456 012 012345689 0123456789
0 2 3 0 1 2 0 3 67 012 0123456789 01246789
0 2 3 0 1 2 0 3 789 012 012345689 01245678
0 2 3 0 1 23 01 0123456789 0124689 012 02456789 012345689
0 2 3 0 1 345 012 012345689 012346789 0 0 0
0 2 3 0 1 5689 012 0123456789 012456789 0 0 0
0 2 3 0 1 9 01 01245689 023468 01 0123469 0124689
0 2 3 0 1 9 12 0123456789 0246789 01 023456 023468
0 2 3 0 2 046 0 01234567 0123456789 0 0 0
0 2 3 0 2 6 01 012789 0123456789 0 0 0
0 2 3 0 2 6 12 02345679 0123456789 0 0 0
0 2 3 0 2 67 02 012345 0123456789 0 0 0
0 2 3 0 2 7 0 01234567 0123456789 0 0 0
0 2 3 0 2 7 01 012789 0123456789 01 023456 01245678
0 2 3 0 2 7 1 234567 0123456789 01 01236 02468
0 2 3 0 2 7 12 012389 0123456789 0 0 0
0 2 3 0 2 789 012 01234569 0123456789 0 0 0
0 2 3 0 23 029 012 012345689 0123456789 0 0 0
0 2 3 0 3 2 0 56 012678 01 0123456789 012345678
0 2 3 0 3 2 0 6 23 012 0123456789 012456789
0 2 3 0 3 2 0 67 03456789 012 0123456789 0123456789
0 2 3 0 3 2 01 0123456789 01234568 01 0245689 0234678
0 2 3 0 3 23 012 0123459 012456789 01 012369 0124678
0 2 3 0 3 3 0 5689 01234689 012 0123456789 01246789
0 2 3 0 3 3 0 9 678 012 0123456789 023456789
0 2 3 0 3 3 0 9 89 012 012346789 0123456789
0 2 3 0 3 3 01 09 019 012 012345689 0123456789
0 2 3 0 3 3 1 0 12 012 012346789 012456789
0 2 3 0 3 3 1 0 23 012 0123456789 0123456789
0 2 3 0 3 3 12 012346789 0123456789 01 089 028
0 2 3 0 3 34 012 0123456789 01234678 0 0 0
0 2 3 0 3 45 012 0123456789 023456789 0 0 0
0 2 3 0 3 56 012 0123456789 012456789 01 02 08
0 2 3 0 3 67 012 0123456789 01234678 0 0 0
0 2 3 0 3 78 012 0123456789 012346789 0 0 0
0 2 3 0 3 8 1 1 8 01 0123456789 0123456789
0 2 3 0 3 8 1 1 89 01 012345679 0123456789
0 2 3 0 3 8 12 0246789 01245678 01 01234689 012468
0 2 3 0 3 8 2 4 012 012 0123456789 01245689
0 2 3 0 3 8 2 4 23 012 0123456789 012345678
0 2 3 0 3 8 2 4 3 012 0123456789 0123456789
0 2 3 0 3 8 2 4 34 012 0123456789 0123456789
0 2 3 0 3 8 2 4 456 012 0123456789 02346789
0 2 3 0 3 8 2 4 67 012 0123456789 012345678
0 2 3 0 3 89 012 0123456789 012346789 012 023489 0248
0 2 3 0 34 09 012 0123456789 01234568 0 0 0
0 2 3 0 4 01 012 0123456789 012456789 0 0 0
0 2 3 0 4 12 012 0123456789 02456789 0 0 0
0 2 3 0 4 23 012 0123456789 012345678 0 0 0
0 2 3 0 4 34 012 0123456789 012345689 0 0 0
0 2 3 0 4 45 012 012345679 0123456789 0 0 0
0 2 3 0 4 5 0 1 67 012 0123456789 012345678
0 2 3 0 4 5 0 1 78 012 0123456789 02345689
0 2 3 0 4 5 0 1 89 012 0123456789 0123456789
0 2 3 0 4 5 0 12 019 012 0123456789 012345689
0 2 3 0 4 5 0 2 1 012 012346789 0123456789
0 2 3 0 4 5 0 2 12 02 012345 0123456789
0 2 3 0 4 5 0 2 2 01 0123456789 0123456789
0 2 3 0 4 5 0 2 23 012 0123456789 023456789
0 2 3 0 4 5 0 2345678 023456789 02 01234568 023456789
0 2 3 0 4 5 0 8 9 012 012345689 0123456789
0 2 3 0 4 5 01 123456789 0123456789 012 012569 02346
0 2 3 0 4 56 012 01234789 0123456789 01 023469 024678
0 2 3 0 4 6 012 012456789 0123456789 0 0 0
0 2 3 0 4 67 012 0123456789 0123456789 0 0 0
0 2 3 0 4 78 012 0123456789 0123456789 012 0249 0248
0 2 3 0 4 8 012 012456789 0123456789 0 0 0
0 2 3 0 4 89 012 0123456789 01245678 0 0 0
0 2 3 0 45 09 012 012345689 0123456789 0 0 0
0 2 3 0 5 01 012 0123456789 0234568 012 02459 02458
0 2 3 0 5 2 01 012346789 012346789 0 0 0
0 2 3 0 5 23 012 0123456789 0123456789 0 0 0
0 2 3 0 5 34 012 012345679 01234689 0 0 0
0 2 3 0 5 4 012 012456789 012456789 0 0 0
0 2 3 0 5 45 012 01234569 0123456789 0 0 0
0 2 3 0 5 56 012 0123456789 0123456789 0 0 0
0 2 3 0 5 6 01 012369 0123456789 012 01234569 0123468
0 2 3 0 5 6 12 0346789 0123456789 012 023469 024678
0 2 3 0 5 67 02 0123467 01246789 01 0123469 0124678
0 2 3 0 5 7 01 0789 0246789 012 012346789 012346789
0 2 3 0 5 7 1 01 012456789 012 012345679 0123456789
0 2 3 0 5 78 01 012689 012345689 012 012345789 01234689
0 2 3 0 5 8 01 01239 012345678 012 01234689 0234689
0 2 3 0 5 8 1 3 78 012 0123469 012345678
0 2 3 0 5 8 1 3 8 012 01234569 012346789
0 2 3 0 5 8 1 3 89 012 012345679 0123456789
0 2 3 0 5 89 012 01234569 0123456789 012 023489 01245689
0 2 3 0 5 9 012 012456789 0123456789 0 0 0
0 2 3 0 56 09 012 0123456789 023456789 0 0 0
0 2 3 0 6 01 012 01236789 0123456789 0 0 0
0 2 3 0 6 12 012 01234569 0123456789 0 0 0
0 2 3 0 6 23 012 0123456789 0123456789 0 0 0
0 2 3 0 6 3 012 0123456789 012345689 0 0 0
0 2 3 0 6 345 012 012345679 01234689 0 0 0
0 2 3 0 6 56 012 012346789 0123456789 01 023689 02468
0 2 3 0 6 67 012 0123456789 0123456789 0 0 0
0 2 3 0 67 2378 012 023456789 012346789 0 0 0
0 2 3 0 7 34 012 012346789 023456789 0 0 0
0 2 3 0 7 567 012 0123456789 012345678 0 0 0
0 2 3 0 7 789 012 012345679 0124568 0 0 0
0 2 3 0 78 019 012 0123456789 0123456789 0 0 0
0 2 3 0 8 123 012 0123456789 012468 0 0 0
0 2 3 0 8 3456789 012 01236789 0123456789 0 0 0
0 2 3 0 8 9 01 012345789 0123456789 0 0 0
0 2 3 0 8 9 1 56789 012345678 0 01234567 0123456789
0 2 3 0 8 9 12 09 0123456 012 012346789 01246789
0 2 3 0 89 09 02 0123467 0123456789 02 02 01248
0 2 3 0 9 01 01 01246789 0123456789 0 0 0
0 2 3 0 9 1 01 0123689 0123456789 01 0123456 01234678
0 2 3 0 9 1 1 01 09 012 012346789 012345678
0 2 3 0 9 1 1 1 01 012 0123456789 0123456789
0 2 3 0 9 12 012 0123469 01234678 012 023489 0123456789
0 2 3 0 9 2 012 012456789 023456789 0 0 0
0 2 3 0 9 234 02 02345 0123456789 01 02469 02468
0 2 3 0 9 4 01 0123456789 0123456789 0 0 0
0 2 3 0 9 45 012 01234569 012345689 0 0 0
0 2 3 0 9 5 01 0123456789 0123456789 0 0 0
0 2 3 0 9 567 012 0123456789 0123456789 01 02469 0248
0 2 3 01 09 012789 012 012345689 02345678 01 026 048
0 2 3 1 0 23 012 0236789 01234568 012 01234689 02468
0 2 3 1 0 3 1 34 0123456789 012 0123456789 02468
0 2 3 1 0 3 12 2456789 0123456789 012 023679 02468
0 2 3 1 0 3 2 234 0123456789 012 02369 0248
0 2 3 1 0 3456 012 012345689 02345689 012 023469 02468
0 2 3 1 0 6789 012 0123456789 01234568 0 0 0
0 2 3 1 01 019 012 012346789 0123468 0 0 0
0 2 3 1 12 128 012 0123456789 0123456789 0 0 0
0 2 3 1 2 8 0 12345678 0123456789 012 02349 0248
0 2 3 1 2 8 01 012345689 0123456789 0 0 0
0 2 3 1 2 8 12 01236789 0123456789 0 0 0
0 2 3 1 2 89 02 0123456 0123456789 0 0 0
0 2 3 1 2 9 01 012346789 0123456789 0 0 0
0 2 3 1 2 9 12 0456789 0123456789 01 026 048
0 2 3 1 23 09 02 012345 0123456789 01 023469 02468
0 2 3 1 3 0 0 12345678 0123456789 0 0 0
0 2 3 1 3 0 01 012389 0123456789 012 01269 02345689
0 2 3 1 3 0 12 013456789 0123456789 0 0 0
0 2 3 1 3 01 02 012345 0123456789 0 0 0
0 2 3 1 3 1 01 013456789 0123456789 0 0 0
0 2 3 1 3 1 12 0123456789 0123456789 0 0 0
0 2 3 1 3 1 2 01234 012456789 012 01234689 012468
0 2 3 1 3 12 02 012345 0123456789 012 0249 0248
0 2 3 1 3 2 01 012356789 0123456789 0 0 0
0 2 3 1 3 2 12 03456789 0123456789 0 0 0
0 2 3 1 3 23 02 012345 0123456789 0 0 0
0 2 3 1 3 3 01 013456789 0123456789 0 0 0
0 2 3 1 3 3 1 1234567 0123456789 01 034569 0123468
0 2 3 1 3 3 12 012789 0123456789 012 0124569 01245689
0 2 3 1 3 34 02 012345 0123456789 0 0 0
0 2 3 1 3 4 01 012456789 0123456789 0 0 0
0 2 3 1 3 4 12 023456789 0123456789 0 0 0
0 2 3 1 3 45 02 012345 0123456789 0 0 0
0 2 3 1 3 5 01 03456789 0123456789 0 0 0
0 2 3 1 3 5 1 0123456789 0123456789 0 0 0
0 2 3 1 3 56 012 012349 0123456789 01 026789 0124689
0 2 3 1 3 6 0 12 0123468 012 012345679 0123456789
0 2 3 1 3 6 0 23456789 0123456789 02 012345 01245689
0 2 3 1 3 6 01 012349 0123456789 012 0129 023468
0 2 3 1 3 6 12 0156789 0123456789 01 01236 023468
0 2 3 1 3 67 02 012345 0123456789 0 0 0
0 2 3 1 3 7 01 01456789 0123456789 0 0 0
0 2 3 1 3 7 12 0123456789 0123456789 0 0 0
0 2 3 1 3 78 02 012345 0123456789 01 029 028
0 2 3 1 3 8 0 123456789 0123456789 0 0 0
0 2 3 1 3 8 01 0123456789 0123456789 0 0 0
0 2 3 1 3 89 012 01234589 0123456789 01 023456 02468
0 2 3 1 3 9 0 01234567 0123456789 0 0 0
0 2 3 1 3 9 01 0123489 0123456789 0 0 0
0 2 3 1 3 9 12 012456789 0123456789 0 0 0
0 2 3 1 34 09 02 012345 0123456789 0 0 0
0 2 3 1 4 0 01 01256789 0123456789 01 01236 023468
0 2 3 1 4 0 1 23456789 0123456789 0 0 0
0 2 3 1 4 01 02 012345 0123456789 0 0 0
0 2 3 1 4 1 0 123456789 0123456789 0 0 0
0 2 3 1 4 1 01 01234569 0123456789 0 0 0
0 2 3 1 4 1 12 01236789 0123456789 01 029 028
0 2 3 1 4 12 02 012345 0123456789 0 0 0
0 2 3 1 4 2 01 0123456789 0123456789 0 0 0
0 2 3 1 4 2 12 01456789 0123456789 012 029 0248
0 2 3 1 4 23 02 012345 023456789 02 045 02348
0 2 3 1 4 3 01 023456789 0123456789 0 0 0
0 2 3 1 4 3 1 012345678 012346789 0 0 0
0 2 3 1 4 34 012 01234589 0123456789 0 0 0
0 2 3 1 4 4 0 12345678 0123456789 0 0 0
0 2 3 1 4 4 01 01234589 0123456789 0 0 0
0 2 3 1 4 4 12 0123456789 0123456789 01 02 08
0 2 3 1 4 45 02 0123456 0123456789 0 0 0
0 2 3 1 4 5 01 01236789 0123456789 012 0234689 0248
0 2 3 1 4 5 1 34567 0123456789 012 012346789 02345689
0 2 3 1 4 5 12 0123789 0123456789 01 023469 023468
0 2 3 1 4 56 02 012345 0123456789 01 0234569 024568
0 2 3 1 4 6 0 23456789 0123456789 01 0129 02468
0 2 3 1 4 6 01 01234569 0123456789 01 012369 024678
0 2 3 1 4 6 12 012346789 0123456789 0 0 0
0 2 3 1 4 67 02 0123456 0123456789 0 0 0
0 2 3 1 4 7 01 0126789 012346789 012 023459 01234568
0 2 3 1 4 7 1 23456 012456789 012 012346789 024689
0 2 3 1 4 7 12 012346789 0123456789 01 09 02
0 2 3 1 4 78 02 012345 0123456789 01 01236 024689
0 2 3 1 4 8 01 012356789 0123456789 0 0 0
0 2 3 1 4 8 12 0123456789 0123456789 0 0 0
0 2 3 1 4 89 02 012345 0123456789 012 02459 02458
0 2 3 1 4 9 01 012456789 0123456789 0 0 0
0 2 3 1 4 9 12 03456789 0123456789 0 0 0
0 2 3 1 45 09 02 012345 0123456789 0 0 0
0 2 3 1 5 0 01 0123456789 0123456789 0 0 0
0 2 3 1 5 0 1 12345678 0123456789 0 0 0
0 2 3 1 5 0 12 01234589 0123456789 012 02349 024678
0 2 3 1 5 01 02 01234567 0123456789 0 0 0
0 2 3 1 5 1 01 01234789 0123456789 0 0 0
0 2 3 1 5 1 12 0123456789 0123456789 0 0 0
0 2 3 1 5 12 02 01234567 0123456789 0 0 0
0 2 3 1 5 2 01 0123456789 0123456789 0 0 0
0 2 3 1 5 2 12 0123789 0123456789 012 029 023468
0 2 3 1 5 23 02 0123456789 0123456789 0 0 0
0 2 3 1 5 3 01 012346789 0123456789 0 0 0
0 2 3 1 5 34 012 01234589 0123456789 01 02346 024678
0 2 3 1 5 4 01 012346789 0123456789 0 0 0
0 2 3 1 5 4 12 0123456789 0123456789 0 0 0
0 2 3 1 5 45 02 0123456789 0123456789 0 0 0
0 2 3 1 5 5 12 0123456789 0123456789 0 0 0
0 2 3 1 5 56 012 0123456789 0123456789 012 0249 024678
0 2 3 1 5 6 12 0123456789 0123456789 01 0234689 02468
0 2 3 1 5 67 02 0123456789 0123456789 0 0 0
0 2 3 1 5 7 012 0123456789 012346789 0 0 0
0 2 3 1 5 78 02 01234567 0123456789 0 0 0
0 2 3 1 5 8 012 0123456789 0123456789 0 0 0
0 2 3 1 5 89 02 0123456 012456789 01 024569 02468
0 2 3 1 5 9 012 0123456789 012345678 0 0 04
0 2 3 1 56 09 02 012345 0123456789 01 012346 024568
0 2 3 1 6 0 01 0123456789 0123456789 0 0136 02468
0 2 3 1 6 0 12 012356789 023456789 01 012456789 02468
0 2 3 1 6 01 02 01234567 0123456789 012 029 024689
0 2 3 1 6 1 01 012345789 0123456789 01 023469 0124689
0 2 3 1 6 12 012 0123456789 0123456789 0 0 0
0 2 3 1 6 2 01 0123456789 0123456789 0 0 0
0 2 3 1 6 2 12 0123456789 0123456789 01 01269 023468
0 2 3 1 6 23 012 0123456789 0123456789 0 0 0
0 2 3 1 6 3 12 012345679 0123456789 0 0 0
0 2 3 1 6 34 012 0123456789 0123456789 0 0 0
0 2 3 1 6 4 12 012346789 0123456789 012 02459 02458
0 2 3 1 6 45 012 0123456789 0123456789 0 0 0
0 2 3 1 6 5 12 012346789 012456789 01 01236 0245678
0 2 3 1 6 56 02 012345678 0123456789 0 0 0
0 2 3 1 6 6 01 0123456789 0123456789 0 0345 0234689
0 2 3 1 6 6 12 012389 0245678 012 01245679 012345678
0 2 3 1 6 67 02 012345678 0123456789 01 01236 02468
0 2 3 1 6 7 012 0123456789 0123456789 0 0 0
0 2 3 1 6 78 02 0123456 012456789 012 0123469 0124689
0 2 3 1 6 8 01 0123456789 0123456789 01 01236 012345678
0 2 3 1 6 89 012 0123456789 0123456789 0 0 0
0 2 3 1 6 9 01 0123456789 0123456789 0 0 0
0 2 3 1 6 9 12 013456789 0123456789 01 02679 02689
0 2 3 1 67 09 02 012345 0123456789 012 02459 012348
0 2 3 1 7 0 01 012456789 0123456789 0 0 0
0 2 3 1 7 01 02 012345 0123456789 01 01236 012468
0 2 3 1 7 1 01 0123456789 0123456789 0 0 0
0 2 3 1 7 1 12 01789 01245689 012 01234679 01245689
0 2 3 1 7 12 02 01234567 0123456789 02 04 08
0 2 3 1 7 2 012 0123456789 0123456789 0 0 0
0 2 3 1 7 23 02 012345 0123456789 0 0 0
0 2 3 1 7 3 01 0123456789 0123456789 0 0 0
0 2 3 1 7 34 012 0123456789 0123456789 0 0 0
0 2 3 1 7 4 01 0123456789 0123456789 012 029 02468
0 2 3 1 7 45 012 0123456789 0123456789 01 01269 02468
0 2 3 1 7 5 0 0123456789 0123456789 012 024569 02468
0 2 3 1 7 5 012 0123456789 0123456789 0 0 0
0 2 3 1 7 56 012 0123456789 0123456789 0 0 0
0 2 3 1 7 6 12 0123456789 0123456789 0 0 0
0 2 3 1 7 7 01 0123456789 0123456789 0 0 0
0 2 3 1 7 7 12 0123456789 0123456789 0 0 0
0 2 3 1 7 78 012 0123456789 012456789 0 0 0
0 2 3 1 7 8 12 0123456789 0123456789 0 0 0
0 2 3 1 7 89 02 012345678 0123456789 0 0 0
0 2 3 1 7 9 01 0123456789 0123456789 01 02 08
0 2 3 1 78 09 012 0123459 0123456789 01 0123679 024689
0 2 3 1 8 0 01 0123456789 0123456789 0 0 0
0 2 3 1 8 0 12 0123456789 0123456789 01 01236 012468
0 2 3 1 8 01 012 0123456789 0123456789 0 0 0
0 2 3 1 8 1 12 012356789 0123456789 01 0123456789 02468
0 2 3 1 8 12 012 0123456789 0123456789 0 0 0
0 2 3 1 8 2 12 0123456789 0123456789 0 0 0
0 2 3 1 8 23 012 0123456789 0123456789 0 0 0
0 2 3 1 8 3 12 012345679 0123456789 0 01367 024568
0 2 3 1 8 34 02 045 0123456789 012 02346789 0245689
0 2 3 1 8 4 01 0123456789 0123456789 01 0236 0248
0 2 3 1 8 45 012 0123456789 0123456789 0 0 0
0 2 3 1 8 5 01 0123456789 0123456789 0 0 0
0 2 3 1 8 56 012 0123456789 0123456789 0 0 0
0 2 3 1 8 6 01 0123456789 0123456789 0 0 0
0 2 3 1 8 67 012 012345789 0123456789 0 0 0
0 2 3 1 8 7 01 0123456789 0123456789 0 0 0
0 2 3 1 8 78 012 01234589 0123456789 0 0 0
0 2 3 1 8 8 01 0123456789 0123456789 0 0 0
0 2 3 1 8 89 012 01234589 0123456789 0 0 0
0 2 3 1 8 9 01 0123456789 0123456789 0 0 0
0 2 3 1 89 09 012 0123456789 012346789 0 0 0
0 2 3 1 9 0 012 0123456789 0123456789 01 02 08
0 2 3 1 9 01 02 01234567 012346789 012 02469 0248
0 2 3 1 9 1 01 0123456789 0123456789 012 01269 023468
0 2 3 1 9 12 012 0123456789 0123456789 0 0 0
0 2 3 1 9 2 12 0123456789 012456789 0 0 0
0 2 3 1 9 23 012 01234569 0123456789 0 0134568 012468
0 2 3 1 9 3 1 1 2 012 0123456789 0123456789
0 2 3 1 9 3 12 0126789 023456789 012 0123456 0123456789
0 2 3 1 9 34 012 01234569 023456789 01 02346789 023468
0 2 3 1 9 45 012 0123456789 0123456789 0 0 0
0 2 3 1 9 56 012 0123456789 023456789 01 02 08
0 2 3 1 9 6 012 0123456789 02345678 01 012369 02468
0 2 3 1 9 67 02 01234567 0123456789 0 0 0
0 2 3 1 9 78 012 012346789 0123456789 0 0 0
0 2 3 1 9 89 012 012345679 012345689 0 0 0
0 2 3 12 09 09 012 0123456789 012345678 012 0249 0248
0 2 3 2 0 0 01 123456789 0123456789 0 0 0
0 2 3 2 0 01 012 012346789 01246789 01 012369 024678
0 2 3 2 0 1 012 0123456789 023456789 0 0 0
0 2 3 2 0 12 012 0123456789 012346789 0 0 0
0 2 3 2 0 23 012 0123456789 012345689 0 012 026
0 2 3 2 0 3 1 45 026789 012 0123469 0123456789
0 2 3 2 0 34 012 012456789 012345689 02 02 0468
0 2 3 2 0 45 012 023456789 0123456789 0 0 0
0 2 3 2 0 5 012 012456789 0123456789 0 0 0
0 2 3 2 0 56 012 0123456789 023456789 0 0 0
0 2 3 2 0 67 012 0123456789 0123456789 0 0 0
0 2 3 2 0 7 12 01236789 0123456789 01 012346 0124689
0 2 3 2 0 78 012 012346789 0123456789 01 023469 0234689
0 2 3 2 0 89 012 0123456789 0123456789 0 0 0
0 2 3 2 0 9 012 0126789 012345678 0 0 0
0 2 3 2 01 09 02 0123456 0123456789 012 01234569 012468
0 2 3 2 1 0 012 012346789 0123456789 01 0245679 02468
0 2 3 2 1 01 012 0134569 0123456789 012 012349 0234689
0 2 3 2 1 1 1 1 4 012 0123456789 012345689
0 2 3 2 1 1 1 1234 012456789 012 012345679 01245689
0 2 3 2 1 12 012 0123456789 012345689 0 0 0
0 2 3 2 1 2 012 012456789 0123456789 0 0 0
0 2 3 2 1 23 012 01234569 012346789 0 0 0
0 2 3 2 1 3 12 0123456789 0123456789 0 0 0
0 2 3 2 1 34 012 012346789 0123456789 0 01 024568
0 2 3 2 1 4 1 126789 0245689 01 0123456789 01245689
0 2 3 2 1 45 012 0123459 0123456789 0 01 012345678
0 2 3 2 1 5 0 5 234 01 012346789 0123456789
0 2 3 2 1 5 0 5 4 01 123456789 023456789
0 2 3 2 1 5 01 01234569 012345678 012 0126789 012345678
0 2 3 2 1 56 012 0123456789 023456789 0 0 0
0 2 3 2 1 67 012 012345679 012345689 0 0 0
0 2 3 2 1 7 012 0123456789 0123456789 0 0 0
0 2 3 2 1 78 012 0123456789 012346789 0 0 0
0 2 3 2 1 89 02 012345678 023456789 0 0 0
0 2 3 2 12 09 012 0123456789 0123456789 0 0 0
0 2 3 2 2 0 012 012456789 012346789 0 0 0
0 2 3 2 2 01 02 0123456789 012346789 0 0123 012468
0 2 3 2 2 12 012 01234569 02345689 01 02346 03468
0 2 3 2 2 2 012 0123456789 012346789 0 0 0
0 2 3 2 2 23 012 012345689 0123456789 01 01236 02468
0 2 3 2 2 34 012 0123456789 012345689 0 0 0
0 2 3 2 2 45 012 0123456789 012346789 0 0 0
0 2 3 2 2 5 01 0123456789 012345678 01 0234689 024689
0 2 3 2 2 56 012 01234589 0123456789 0 0 0
0 2 3 2 2 6 012 0123456789 012346789 0 0 0
0 2 3 2 2 67 02 0123456 0123456789 01 0123469 0234678
0 2 3 2 2 78 012 012346789 012346789 012 02349 02468
0 2 3 2 2 89 012 01234569 0123456789 0 0 0
0 2 3 2 2 9 01 0126789 0123456789 01 02346 02468
0 2 3 2 23 09 01 0123 0123456789 012 02349 024568
0 2 3 2 3 0 01 0456789 0123456789 0 0 0
0 2 3 2 3 0 1 0123456 0123456789 0 0 0
0 2 3 2 3 0 12 012346789 0123456789 0 0 0
0 2 3 2 3 01 02 012345689 0123456789 0 0 0
0 2 3 2 3 12345 01 012345689 01245678 0 0 0
0 2 3 2 3 5 01 1245689 0123456789 012 01246789 024678
0 2 3 2 3 5 1 45 06789 012 0123456789 02468
0 2 3 2 3 5 1 5 0123456 012 012346789 02468
0 2 3 2 3 56 012 0123456789 02456789 012 023469 0248
0 2 3 2 3 6 01 0123789 0123456789 0 03456 0124689
0 2 3 2 3 6 1 3456789 012345678 01 0234569 02468
0 2 3 2 3 67 012 0123459 0123456789 01 02346 024689
0 2 3 2 3 7 01 023456789 012346789 01 012346789 02468
0 2 3 2 3 7 1 01234 0123456789 012 0123456789 02468
0 2 3 2 3 7 12 012346789 012456789 01 01236 02468
0 2 3 2 3 789 012 0123456789 0123456789 0 0 0
0 2 3 2 34 0469 02 0123456 0124568 0 01234567 01234678
0 2 3 2 4 6 0 6 0 01 0123456789 0123456789
0 2 3 2 4 6 0 6 01 012 01234789 012456789
0 2 3 2 4 6 0 6 1 01 0123456789 012346789
0 2 3 2 4 6 0 6 12 012 0123456789 023456789
0 2 3 2 4 6 0 6 2 012 0123456789 0245678
0 2 3 2 4 67 01 0126 0123456789 012 01234569 02468
0 2 3 2 4 7 0 2345 012345678 012 0269 02468
0 2 3 2 4 7 0 56789 0123456789 012 012369 02468
0 2 3 2 4 7 01 01234569 012345689 01 01236 02468
0 2 3 2 4 78 012 0123456789 0123456789 01 02 08
0 2 3 2 4 89 012 012346789 0123456789 0 0 0
0 2 3 2 4 9 0 2345 023489 01 0123456789 0123456789
0 2 3 2 4 9 0 5 45 012 012345689 012456789
0 2 3 2 4 9 0 56 0156789 012 0123456789 012345689
0 2 3 2 4 9 01 1234689 01234678 012 0123456789 02345678
0 2 3 2 4 9 1 67 0123456789 012 0123456789 02345689
0 2 3 2 45 019 012 012346789 0123456789 0 0 0
0 2 3 2 5 12 012 012345679 0123456789 0 0 0
0 2 3 2 5 234 012 0123456789 0123456789 01 02 08
0 2 3 2 5 45 012 0123469 01245678 01 012346789 0123468
0 2 3 2 5 5 0 0 012 012 0123456789 02468
0 2 3 2 5 5 0 0 234 012 0123456789 02468
0 2 3 2 5 5 0 0 456 012 0123456789 02468
0 2 3 2 5 5 0 0 67 012 0123456789 02468
0 2 3 2 5 5 0 0 789 012 0123456789 02468
0 2 3 2 5 5 0 01 019 012 0123456789 02468
0 2 3 2 5 5 0 1 123 012 0123456789 02468
0 2 3 2 5 5 0 1 345 012 0123456789 02468
0 2 3 2 5 5 0 1 56 012 0123456789 02468
0 2 3 2 5 5 0 1 678 012 0123456789 02468
0 2 3 2 5 5 0 12 089 012 0123456789 02468
0 2 3 2 5 5 0 2 012 012 0123456789 02468
0 2 3 2 5 5 0 2 23 012 0123456789 02468
0 2 3 2 5 5 0 2 45 012 0123456789 02468
0 2 3 2 5 5 0 2 67 012 0123456789 02468
0 2 3 2 5 5 0 2 789 012 0123456789 02468
0 2 3 2 5 5 0 23 019 012 0123456789 02468
0 2 3 2 5 5 0 3 12 012 0123456789 02468
0 2 3 2 5 5 0 3 34 012 0123456789 02468
0 2 3 2 5 5 0 3 456 012 0123456789 02468
0 2 3 2 5 5 0 3 678 012 0123456789 02468
0 2 3 2 5 5 0 34 089 012 0123456789 02468
0 2 3 2 5 5 0 4 01 012 0123456789 02468
0 2 3 2 5 5 0 4 123 012 0123456789 02468
0 2 3 2 5 5 0 4 345 012 0123456789 02468
0 2 3 2 5 5 0 4 567 012 0123456789 02468
0 2 3 2 5 5 0 4 789 012 0123456789 02468
0 2 3 2 5 5 0 45 09 012 0123456789 02468
0 2 3 2 5 5 0 5 012 012 0123456789 02468
0 2 3 2 5 5 0 5 234 012 0123456789 02468
0 2 3 2 5 5 0 5 456 012 0123456789 02468
0 2 3 2 5 5 0 5 678 012 0123456789 02468
0 2 3 2 5 5 0 56 089 012 0123456789 02468
0 2 3 2 5 5 0 6 01 012 0123456789 02468
0 2 3 2 5 5 0 6 123 012 0123456789 02468
0 2 3 2 5 5 0 6 345 012 0123456789 02468
0 2 3 2 5 5 0 6 567 012 0123456789 02468
0 2 3 2 5 5 0 6 789 012 0123456789 02468
0 2 3 2 5 5 0 67 019 012 0123456789 02468
0 2 3 2 5 5 0 7 12 012 0123456789 02468
0 2 3 2 5 5 0 7 34 012 0123456789 02468
0 2 3 2 5 5 0 7 456 012 0123456789 02468
0 2 3 2 5 5 0 7 678 012 0123456789 02468
0 2 3 2 5 5 0 78 089 012 0123456789 02468
0 2 3 2 5 5 0 8 012 012 0123456789 02468
0 2 3 2 5 5 0 8 234 012 0123456789 02468
0 2 3 2 5 5 0 8 45 012 0123456789 02468
0 2 3 2 5 5 0 8 567 012 0123456789 02468
0 2 3 2 5 5 0 8 789 012 0123456789 02468
0 2 3 2 5 5 0 89 019 012 0123456789 02468
0 2 3 2 5 5 0 9 123 012 0123456789 02468
0 2 3 2 5 5 0 9 345 012 0123456789 02468
0 2 3 2 5 5 0 9 567 012 0123456789 02468
0 2 3 2 5 5 0 9 78 012 0123456789 02468
0 2 3 2 5 5 01 09 089 012 0123456789 02468
0 2 3 2 5 5 1 0 012 012 0123456789 02468
0 2 3 2 5 5 1 0 234 012 0123456789 02468
0 2 3 2 5 5 1 0 45 012 0123456789 02468
0 2 3 2 5 5 1 0 67 012 0123456789 02468
0 2 34 02 0125 04567 01 012689 0246789 012 0123456789 02468
0 2 4 0 23 01789 012 012345679 0123456789 0 0 0
0 2 4 0 3 12345678 012 012346789 012345689 0 0 0
0 2 4 0 3 8 01 012346789 0123456789 0 0 0
0 2 4 0 34 0189 012 012346789 01234568 0 0 0
0 2 4 0 4 123489 012 0123456789 0123456789 0 0 0
0 2 4 0 45 019 012 0123456789 0123456789 012 0249 0248
0 2 4 0 5 1 01 1234569 01245689 01 0123456789 0123456789
0 2 4 0 5 1 1 2 4 12 0123456789 0123456789
0 2 4 0 5 1234 012 0123456789 02345678 02 045 02458
0 2 4 0 5 45 01 012456789 01245689 012 029 0248
0 2 4 0 567 024678 01 0123456789 0123456789 0 0 0
0 2 4 0 7 2345 012 012346789 02345678 0 0 0
0 2 4 0 789 0125689 012 012345679 023456789 0 0 0
0 2 4 0 9 234567 012 012346789 0123468 0 0 0
0 2 4 01 09 078 012 0123456789 0124678 0 0 0
0 2 4 1 0 01234 012 0123456789 0123456789 0 0 0
0 2 4 1 0 456 01 01234569 0123456789 0 0 0
0 2 4 1 01 0678 012 0123456789 02345678 0 0 0
0 2 4 1 1 0123456 012 012346789 0123456789 0 0 0
0 2 4 1 1 67 01 0123456789 012345678 0 0 0
0 2 4 1 1 789 012 0123456789 012346789 0 0 0
0 2 4 1 12 09 012 012345689 012456789 0 0 0
0 2 4 1 2 01234 012 0123456789 01234568 0 0 0
0 2 4 1 23 023456789 012 01234679 01245689 0 0 0
0 2 4 1 3 789 012 012346789 0124689 012 0123469 0245689
0 2 4 1 34 01239 012 012346789 0123456789 0 0 0
0 2 4 1 45 0123456789 012 0123456789 02346789 0 0 0
0 2 4 1 5 2345 012 012346789 0234568 0 0 0
0 2 4 1 5 567 01 012345679 01234568 01 02456789 02345689
0 2 4 1 56 012345789 012 0234679 0234568 0 0 0
0 2 4 1 67 056789 012 023456789 0234678 0 0 0
0 2 4 1 7 0123 012 01245679 0123456789 01 01236 02468
0 2 4 1 7 3456789 012 012346789 012468 0 0 0
0 2 4 12 0789 02346789 012 0123469 01234689 0 0 0
0 2 4 2 0 456 012 012346789 0123456789 0 0 0
0 2 4 2 0 6789 012 0123469 0123456789 01 01236 0124689
0 2 4 2 1 01234 012 0123456789 01234678 0 0 0
0 2 4 2 1 456 012 012346789 0123456789 012 02349 01248
0 2 4 2 1 6789 01 012345689 023456789 0 0 0
0 2 4 2 12 0129 01 0123456789 012346789 0 0 0
0 2 4 2 2 23 012 0123459 0123456789 01 01269 024689
0 2 4 2 2 34 01 0123456789 0123456789 0 0 0
0 2 4 2 23 0456789 012 012345689 012345678 0 0 0
0 2 4 2 3 01234 012 01234689 0124568 01 02346 0248
0 2 4 2 3 45678 01 0123456789 0123456789 0 0 0
0 2 4 2 3 89 01 01234567 0123456789 0 0 0
0 2 4 2 34 01239 012 023456789 0123456789 0 0 0
0 2 4 2 4 456 012 0123456789 01234568 0 0 0
0 2 4 2 4 678 012 0123456789 023456789 0 0 0
0 2 45 02 0123456 02456789 012 0123469 02345678 0 0 0
0 2 56 01 0123469 0124689 012 026789 02345689 01 01269 012468
0 2 67 012 023469 0124568 01 012346789 024689 01 01236 0124689
0 2 7 0 0 0 012 0123456789 01234689 01 01236 02468
0 2 7 0 0 01 012 01234569 02345689 012 01234569 012468
0 2 7 0 01 24678 012 023456789 0234689 0 0 0
0 2 7 0 12 012789 012 012346789 012468 0 0 0
0 2 7 0 23 02345678 01 01234569 012345689 01 01236 023468
0 2 7 0 3 012456789 012 012346789 023468 0 0 0
0 2 7 0 34 012456789 012 0123456789 012468 0 0 0
0 2 7 0 45 09 01 012389 0234689 012 012345689 012345689
0 2 7 0 5 0 0 345 0234678 012 012346789 0123456789
0 2 7 0 5 01245 01 0123456789 0123456789 01 0126789 023468
0 2 7 0 56 056789 012 0123456789 02468 0 0 0
0 2 7 0 6789 0123468 012 01234689 024678 0 0 0
0 2 7 01 09 06789 012 012346789 01234689 0 0 0
0 2 7 1 0 0123456789 012 01234689 0234689 0 0 0456
0 2 7 1 01 09 01 0123456789 012345689 01 0123456789 012468
0 2 7 1 1 01 012 012346789 012345678 01 026 08
0 2 7 1 1 12 02 02345 0123489 012 0123456789 02346789
0 2 7 1 1 2345678 012 0123456789 0234678 0 0 0
0 2 7 1 12 01289 01 0123456789 02346789 0 0 0
0 2 7 1 2 23 01 01234569 01234689 012 02349 0123468
0 2 7 1 2 3 012 01234569 01234678 01 0123456 0123456789
0 2 7 1 2 3 2 1 2 012 012345679 0123456789
0 2 7 1 2 34 02 012345 0123456789 012 01234569 02346789
0 2 7 1 2 4 0 2345678 02456789 01 023456 023468
0 2 7 1 2 456 012 012345689 023456789 0 0 0
0 2 7 1 2 6 12 012346789 0123456789 0 0 0
0 2 7 1 23 016789 012 01234569 012345689 0 0 0
0 2 7 1 3 123 012 0123456789 02345689 0 0 0
0 2 7 1 3 345 012 0123456789 02456789 0 0 0
0 2 7 1 34 456789 012 012346789 01234568 01 0269 0468
0 2 7 1 5 0123456 01 0123456789 012468 0 0 0
0 2 7 12 2356789 012456789 01 0123469 012468 0 0 0
0 2 7 2 345 012348 01 0123456789 0123456789 0 0 0
0 2 7 2 5 4 012 0123456789 0123456789 0 0 0
0 2 7 2 5 45 02 012345 0123456789 0 0 0
0 2 78 02 05 045 012 0123456789 012456789 0 0 0
0 23 0189 01 01236 01234568 01 012346789 01234568 0 0 0
0 3 1 0 0 3456 012 012345679 012346789 0 0 0
0 3 1 0 0 6 0 1 3456 012 0123469 0123456789
0 3 1 0 0 6 0 1234 0123456789 012 023456789 02468
0 3 1 0 0 6 01 056789 012346789 012 0236789 02468
0 3 1 0 0 6 1 0129 0123456789 012 0124679 02468
0 3 1 0 0 67 012 0123456789 0123456789 0 0123 024568
0 3 1 0 0 789 012 023456789 012456789 012 0123469 02345678
0 3 1 0 01 0129 01 0123456789 012345689 0 0 0
0 3 1 0 1 23 01 012 045678 01 012346789 0123468
0 3 1 0 1 3 0 2345678 0123456789 012 02469 02468
0 3 1 0 1 3 01 0123456789 0123456789 01 026789 024568
0 3 1 0 1 34 012 0123459 0123456789 01 0234679 012468
0 3 1 0 1 4 0 1234567 0123456789 01 02 08
0 3 1 0 1 4 012 01246789 0123456789 01 012346 0124568
0 3 1 0 1 45 012 0123456789 0123456789 0 01 023468
0 3 1 0 12 0256 012 0123456789 0123456789 012 01236789 012468
0 3 1 0 2 234 01 0123456789 0123456789 02 0234 0248
0 3 1 0 2 4 12 012346789 02456789 012 01234569 0123456789
0 3 1 0 2 45 012 0123456789 012345689 012 012356 0234568
0 3 1 0 2 567 012 0123456789 012456789 012 01269 012468
0 3 1 0 2 789 012 012346789 0123456789 0 0 0
0 3 1 0 23 019 012 0123456789 01246789 01 01236 02345678
0 3 1 0 34 012 012 01236789 01234678 01 023456 024689
0 3 1 0 4 0 1 345 0123456789 01 023456789 02468
0 3 1 0 4 0 1 56789 0123456789 012 012346789 012468
0 3 1 0 4 0 12 0123459 0123456789 01 0123469 0123468
0 3 1 0 4 01 012 0123456789 012345678 012 0123469 012468
0 3 1 0 4 12 012 0123456789 0123456789 0 0 0
0 3 1 0 4 23 012 023456789 012345678 0 0 0
0 3 1 0 4 34 012 012346789 0123456789 01 0126789 023468
0 3 1 0 4 4 1 124678 0245678 012 012345679 0123456789
0 3 1 0 4 456 012 0124589 012345678 01 0126789 0234678
0 3 1 0 4 67 01 01236789 02345689 012 012346789 0123468
0 3 1 0 45 678 012 0123469 0123456789 01 023456 0246789
0 3 1 0 5 6 0 34567 0123456789 01 0269 028
0 3 1 0 5 6 01 0123789 0123456789 0 0 0
0 3 1 0 5 6 12 013456789 0123456789 0 0 0
0 3 1 0 5 67 02 01234 0123456789 01 01236 024568
0 3 1 0 5 7 0 12345 0123456789 01 012369 012468
0 3 1 0 5 7 01 0156789 0123456789 012 0249 01248
0 3 1 0 5 7 1 12345 0123456789 012 012346 024568
0 3 1 0 5 7 12 056789 0123456789 01 023469 02468
0 3 1 0 5 78 02 012345 0123456789 0 0 0
0 3 1 0 5 8 0 012345 0123456789 01 01236 012468
0 3 1 0 5 8 01 056789 0123456789 012 023469 023468
0 3 1 0 5 8 1 12345678 0123456789 0 0 0
0 3 1 0 5 89 012 01234589 0123456789 0 0 0
0 3 1 0 5 9 0 234567 0123456789 012 012346789 02468
0 3 1 0 5 9 01 0123789 0123456789 0 0 0
0 3 1 0 5 9 12 0123456789 0123456789 0 0 0
0 3 1 0 5689 024589 012 0123456789 01234678 0 0 0
0 3 1 0 9 567 012 0123456789 0123456789 0 0 0
0 3 1 0 9 789 012 012346789 012345678 01 029 028
0 3 1 0 9 9 0 0123 0123456789 012 02369 02468
0 3 1 0 9 9 0 345 0123456789 012 0269 02468
0 3 1 01 0129 0245689 012 0234569 0123456789 01 029 028
0 3 1 1 2 89 012 0123456789 0123456789 0 0 0
0 3 1 1 23 09 012 01234569 0123456789 0 0 0
0 3 1 1 3 01 012 0123456789 0123456789 01 0236 0248
0 3 1 1 3 12 012 0123456789 012345689 01 01236 02468
0 3 1 1 3 23 012 0123456789 023456789 01 02 08
0 3 1 1 3 3 0 456 012345689 01 0123456789 02468
0 3 1 1 3 3 0 67 02346789 012 0123456789 02468
0 3 1 1 3 34 012 01234689 0123456789 0 0 0
0 3 1 1 3 45 012 01234689 0123456789 01 02 08
0 3 1 1 34 012456 012 0123456789 0124689 0 0 0
0 3 1 1 4 56 012 0123456789 012345689 0 0 0
0 3 1 1 4 678 012 01234569 0123456789 012 02349 024568
0 3 1 1 4 89 012 012345679 0123456789 0 0 0
0 3 1 1 56 0123456 01 0123456789 01234678 0 0 0
0 3 1 1 6 24689 0 034 0245689 01 012346789 02456789
0 3 1 1 6 9 0 4 89 012 0123456789 0123456789
0 3 1 1 6 9 0 456 012369 012 02345679 0123456789
0 3 1 1 6 9 0 6789 0123456789 012 0123456789 0124689
0 3 1 1 67 09 01 012349 0123456789 01 01234569 0123468
0 3 1 1 7 01 012 0123456789 012345689 0 0 0
0 3 1 1 7 1 012 01234569 012345689 0 0 0
0 3 1 1 7 12 012 0123456789 0123456789 0 0 0
0 3 1 1 7 23467 012 012346789 023456789 0 0 0
0 3 1 1 78 02478 01 0123456789 0124568 0 0 0
0 3 1 1 8 45 012 01234679 012345678 0 0 0
0 3 1 1 8 56 01 012345689 0123456789 01 01236 024689
0 3 1 1 8 67 012 0123456789 0123456789 0 0 0
0 3 1 1 89 0278 012 0126789 0123456789 0 0 0
0 3 1 1 9 23 012 0123456789 0123456789 01 01269 02468
0 3 1 12 09 012346 012 01234589 012346789 01 01234689 012468
0 3 1 2 0 234 01 0123456789 0123456789 01 02346 024689
0 3 1 2 0 4567 012 0123456789 012345689 01 09 02
0 3 1 2 0 789 01 02456789 0123468 01 01234678 0246789
0 3 1 2 01 09 01 012346789 023456789 01 0123456789 012345678
0 3 1 2 1 0 0 0 89 012 0123456789 012345678
0 3 1 2 1 0 0 01 09 01 0123456789 012345689
0 3 1 2 1 0 0 1 01 012 0123456789 012346789
0 3 1 2 1 0 0 1 23 012 0123456789 0123456789
0 3 1 2 1 0 0 1234 0123456789 012 01234689 0123468
0 3 1 2 1 0 01 012345679 0123456789 0 0 0
0 3 1 2 1 012 012 0123456789 01234678 0 0 0
0 3 1 2 1 23 012 0123456789 012345689 0 0 0
0 3 1 2 1 34 012 012345 0123456789 0 0 0
0 3 1 2 1 456 012 012345679 0123456789 0 0 0
0 3 1 2 1 67 012 023456789 012346789 01 01236789 024678
0 3 1 2 1 7 1 23 01289 012 012346789 02345689
0 3 1 2 1 7 1 3 234 012 012345679 0123456789
0 3 1 2 1 7 12 01234569 012456789 012 01234569 0234568
0 3 1 2 1 7 2 5 1 012 012456789 01234678
0 3 1 2 12 0789 012 01256789 012345678 012 023459 012348
0 3 1 2 2 0 01 012346789 01246789 01 01236789 01245678
0 3 1 2 2 012 012 01234569 0123456789 0 0 0
0 3 1 2 2 2 012 0123456789 0123456789 0 0 0
0 3 1 2 2 23 012 012345689 0123456789 0 0 0
0 3 12 02 012 034568 012 012346789 0123456789 0 0 0
0 3 2 0 234 01245689 01 012346789 023456789 01 0123469 02468
0 3 2 0 4 2 01 0129 024789 012 012346789 012345678
0 3 2 0 4 2 1 23467 0124689 01 01236789 0123456789
0 3 2 0 4 2 1 789 024678 01 012456789 0123456789
0 3 2 0 45 23468 012 0123456789 023456789 0 0 0124568
0 3 2 0 5 8 2 01 02689 01 012345679 0123456789
0 3 2 0 5 8 2 1 678 012 012345689 0123456789
0 3 2 0 5 89 02 01234 012346789 012 01234689 012468
0 3 2 0 5 9 01 0456789 012456789 012 01234679 02468
0 3 2 0 5 9 1 012456789 02345678 012 012345689 02468
0 3 2 0 56 09 012 0129 01245678 012 023456789 02468
0 3 2 0 6 0 0 236789 02456789 012 0123456789 02468
0 3 2 0 6 0124 01 01269 02346789 012 012346789 0234689
0 3 2 0 6 4 1 6 0124568 01 0123456789 0123456789
0 3 2 01 06789 01245678 012 01234679 0234689 01 01236 012468
0 3 2 1 0 123 012 0123456789 0234568 01 02 08
0 3 2 1 0 345 012 0123456789 0246789 0 0 0
0 3 2 1 0 56 012 0123456789 0123456789 01 02 08
0 3 2 1 0 67 012 012345689 012345689 01 0123456 0124568
0 3 2 1 0 789 01 0126 0124678 012 0123456789 012456789
0 3 2 1 0 9 0 23 24568 012 0123456789 012346789
0 3 2 1 0 9 0 3 4 012 012346789 012345689
0 3 2 1 0 9 0 3 45 02 012345678 0123456789
0 3 2 1 0 9 0 3 56 01 012346789 0123456789
0 3 2 1 0 9 0 3 67 012 012345789 0123456789
0 3 2 1 0 9 0 345 078 02 01234567 0123456789
0 3 2 1 0 9 0 5 0 01 012345789 0123456789
0 3 2 1 0 9 0 5 01 012 0123456789 0123456789
0 3 2 1 0 9 0 5 1 012 012456789 0123456789
0 3 2 1 0 9 0 5 123 012 012345689 0123456789
0 3 2 1 0 9 0 5 34 012 01234569 0123456789
0 3 2 1 01 029 01 01256789 0124568 01 02346789 0123456789
0 3 2 1 1 2 0 12345 01234689 01 012345689 023456789
0 3 2 1 1 2 0 5 012346789 012 0124569 01246789
0 3 2 1 1 2 01 01269 024689 01 0123456789 0123456789
0 3 2 1 1 2 1 2 89 012 01234569 012456789
0 3 2 1 1 2 1 23 09 012 0123456789 012345678
0 3 2 1 1 2 1 3 01 012 0123456789 01234678
0 3 2 1 1 2 1 3 12 012 012346789 0123456789
0 3 2 1 1 2 1 3 23 012 0123456789 0124568
0 3 2 1 1 2 1 3 345 012 0123456789 02345678
0 3 2 1 1 2 1 3 5 012 0123456789 012346789
0 3 2 1 1 2 1 3 67 012 0123456789 0123456789
0 3 2 1 1 2 1 3 7 01 0123456789 012346789
0 3 2 1 1 2 1 3 78 012 0123456789 01234568
0 3 2 1 1 2 1 3 89 012 0123456789 0123456789
0 3 2 1 1 2 1 34 049 012 0123456789 02456789
0 3 2 1 1 2 1 4 45 012 012346789 01246789
0 3 2 1 1 2 1 45 24568 012 0123456789 012456789
0 3 2 1 1 2 1 5 45 012 0123456789 012346789
0 3 2 1 1 2 1 5 67 012 012345679 023456789
0 3 2 1 1 2 1 5 78 012 0123456789 01245689
0 3 2 1 1 2 1 5 8 01 0123456789 0123456789
0 3 2 1 1 2 1 5 89 012 012345679 023456789
0 3 2 1 1 2 1 56 09 012 0123456789 01245678
0 3 2 1 1 2 1 6 01 012 0123456789 01234689
0 3 2 1 1 2 1 6 12 012 012346789 012345678
0 3 2 1 1 2 1 6 23 012 0123456789 012345678
0 3 2 1 1 2 1 6 34 012 0123456789 01234689
0 3 2 1 1 2 1 6 45 012 012346789 012456789
0 3 2 1 1 2 1 6 56 012 0123456789 012456789
0 3 2 1 1 2 1 6 67 012 0123456789 012346789
0 3 2 1 1 2 1 6 78 012 0123456789 0123456789
0 3 2 1 1 2 1 6 8 01 0123456789 0123456789
0 3 2 1 1 2 1 67 089 012 0123456789 01245678
0 3 2 1 1 2 1 7 0 012 0123456789 012456789
0 3 2 1 1 2 1 7 1 01 0123456789 012456789
0 3 2 1 1 2 1 7 12 012 012346789 012456789
0 3 2 1 1 2 1 7 23 012 012345679 012345678
0 3 2 1 1 2 1 7 34 012 01234569 012345689
0 3 2 1 1 2 1 7 4 012 0123456789 012345689
0 3 2 1 1 2 1 7 45 012 0123456789 0123456789
0 3 2 1 1 2 1 7 567 012 012345689 01234568
0 3 2 1 1 2 1 7 7 012 012346789 023456789
0 3 2 1 1 2 1 7 78 012 0123456789 0123456789
0 3 2 1 1 2 1 7 89 012 0123456789 0123456789
0 3 2 1 1 2 1 78 09 012 0123456789 02345678
0 3 2 1 1 2 1 8 01246 012 012345679 023456789
0 3 2 1 1 2 1 8 67 012 0123456789 012345678
0 3 2 1 1 2 1 8 7 012 012346789 0123456789
0 3 2 1 1 2 1 8 78 012 012345689 0123456789
0 3 2 1 1 2 1 8 89 012 0123456789 0123456789
0 3 2 1 1 2 1 89 09 012 0123456789 012345689
0 3 2 1 1 2 1 9 01 02 0123456789 012345678
0 3 2 1 1 2 1 9 1 012 0123456789 01246789
0 3 2 1 1 2 12 09 012346 012 0123456789 02346789
0 3 2 1 1 2 2 0 01 012 0123456789 012345689
0 3 2 1 1 2 2 0 123 012 0123456789 0123456789
0 3 2 1 1 2 2 0 34 012 0123456789 02456789
0 3 2 1 1 2 2 0 45 012 0123456789 01245678
0 3 2 1 1 2 2 0 56 012 0123456789 01234568
0 3 2 1 1 2 2 0 67 012 0123456789 02456789
0 3 2 1 1 2 2 0 78 012 0123456789 02346789
0 3 2 1 1 2 2 0 89 012 0123456789 02345678
0 3 2 1 1 2 2 012 012469 012 0123456789 01234568
0 3 2 1 1 2 2 2 45 012 0123456789 01245678
0 3 2 1 1 2 2 2 56 012 0123456789 012345689
0 3 2 1 1 2 2 2 67 012 0123456789 01246789
0 3 2 1 1 2 2 2 7 012 0123456789 02345689
0 3 2 1 1 2 2 2 78 012 0123456789 0123456789
0 3 2 1 1 2 2 2 89 012 012345679 023456789
0 3 2 1 1 2 2 2 9 012 0123456789 02456789
0 3 2 1 1 2 2 23 09 012 0123456789 02345689
0 3 2 1 1 2 2 3 01 012 012345679 023456789
0 3 2 1 1 23 02 01234678 0123456789 012 01234569 024568
0 3 2 1 1 34 01 012456789 02456789 01 0123689 0246789
0 3 2 1 1 4 0 2346 012489 01 012345679 012345689
0 3 2 1 1 4 0 6 45 012 0123456789 0123456789
0 3 2 1 1 4 0 6 56 012 0123456789 02345678
0 3 2 1 1 4 0 6 6 012 0123456789 02456789
0 3 2 1 1 4 0 6 67 012 0123456789 012345689
0 3 2 1 1 4 0 6 78 012 0123456789 0123456789
0 3 2 1 1 4 0 6 89 012 0123456789 0123456789
0 3 2 1 1 4 0 67 09 012 0123456789 0123456789
0 3 2 1 1 4 0 7 01 012 01234569 0123456789
0 3 2 1 1 4 0 7 1 012 0123456789 01245678
0 3 2 1 1 4 0 78 012346 012 0123456789 012346789
0 3 2 1 1 4 0 8 23 012 0123456789 0123456789
0 3 2 1 1 4 0 8 34 012 0123456789 0123456789
0 3 2 1 1 4 0 89 04568 01 0123456789 012346789
0 3 2 1 1 4 0 9 01 012 0123456789 012456789
0 3 2 1 1 4 0 9 12 012 01234679 012345678
0 3 2 1 1 4 0 9 2 012 0123456789 02345678
0 3 2 1 1 4 0 9 23 012 0123456789 0123456789
0 3 2 1 1 4 0 9 34 012 0123456789 012456789
0 3 2 1 1 4 01 09 456 012 012346789 01234568
0 3 2 1 1 4 1 0 45 012 012345689 012345678
0 3 2 1 1 4 1 0 5 012 0123456789 0123456789
0 3 2 1 1 4 1 01 25678 012 0123456789 01234689
0 3 2 1 1 4 1 1 23 012 0123456789 02456789
0 3 2 1 1 4 1 1 3 012 0123456789 023456789
0 3 2 1 1 4 1 1 34 012 0123456789 0124568
0 3 2 1 1 4 1 1 45 012 0123456789 012346789
0 3 2 1 1 4 1 1 56 012 0123456789 0123456789
0 3 2 1 1 4 1 1 67 012 0123456789 023456789
0 3 2 1 1 4 1 1 7 012 0123456789 012456789
0 3 2 1 1 4 1 1 78 012 0123456789 01246789
0 3 2 1 1 4 1 12 0489 012 0123456789 012345678
0 3 2 1 1 4 1 2 45 012 012345689 023456789
0 3 2 1 1 4 1 2 56 012 012345679 012345678
0 3 2 1 1 4 1 2 67 012 0123456789 01234678
0 3 2 1 1 4 1 23 02678 012 0123456789 012345689
0 3 2 1 1 4 12 0123456789 0123456789 01 0236789 024568
0 3 2 1 1 45 02 035 012 012 0123456789 01245689
0 3 2 1 1 5 0 3 3 01 0123456789 0123456789
0 3 2 1 1 5 0 3 34 012 012345689 012456789
0 3 2 1 1 5 0 3 45 012 0123456789 012456789
0 3 2 1 1 5 0 3 56 012 0123456789 0123456789
0 3 2 1 1 5 0 3 6 012 0123456789 0123456789
0 3 2 1 1 5 0 34 01678 012 0123456 012456789
0 3 2 1 1 5 0 4 12 012 0123456789 01245689
0 3 2 1 1 5 0 4 2 012 0123456789 0123456789
0 3 2 1 1 5 0 4 234568 012 0123456789 02345678
0 3 2 1 1 5 0 56 0234678 01 0123456789 0234689
0 3 2 1 1 5 0 6 3 012 0123456789 0123456789
0 3 2 1 1 5 0 6789 0234678 012 0123456789 02346789
0 3 2 1 1 5 0 9 78 012 0123456789 0123456789
0 3 2 1 1 5 01 09 0189 012 0123456789 02456789
0 3 2 1 1 5 1 0 123 012 012345679 01234568
0 3 2 1 1 5 1 01 234 012 0123456789 01245678
0 3 2 1 1 5 1 1 45 012 0123456789 012345678
0 3 2 1 1 5 1 12 02356 01 012346789 023456789
0 3 2 1 1 5 1 2 345 012 0123456789 01234568
0 3 2 1 1 5 1 2 56 012 0123456789 023456789
0 3 2 1 1 56 01 023679 01234678 012 012346789 0124689
0 3 2 1 1 67 01 02346789 0234568 012 0123456789 012345689
0 3 2 1 1 7 1 23 68 012 0123456789 02346789
0 3 2 1 1 7 12 2345679 0245678 012 0123456789 0123468
0 3 2 1 1 7 2 5 0 012 0123456789 012345678
0 3 2 1 1 78 02 05 0128 012 0123456789 0234568
0 3 2 1 1 8 0 012346 02456789 012 012345689 0245689
0 3 2 1 1 8 0 7 24 012 012346789 0123456789
0 3 2 1 1 8 0 78 04568 012 012346789 023456789
0 3 2 1 1 89 012 01234689 0123456789 012 012346 0234678
0 3 2 1 12 019 012 01234569 01246789 01 012346 023456789
0 3 2 1 23 01248 012 01236789 02345689 01 01236 0123456789
0 3 2 1 3 0 0 89 019 012 012345679 0123456789
0 3 2 1 34 012689 012 012349 012456789 012 0129 0123468
0 3 234 012 023456789 0123456789 012 0123469 0245678 02 012 049
0 3 4 0 0 0 2 3 4 012 0123456789 023456789
0 3 4 0 0 01 02 01346789 0123456789 012 0126789 0124678
0 3 4 0 0 12 012 012346789 0123456789 01 02469 0248
0 3 4 0 0 23 01 01234689 012345689 012 012456789 0234678
0 3 4 0 0 3 1 3 12346 012 012346789 01246789
0 3 4 0 0 3 1 34 0126789 012 0123456789 0234678
0 3 4 0 0 3 1 4 23 012 0123456789 012345678
0 3 4 0 0 3 1 45679 012345689 012 023456789 012468
0 3 4 0 0 3 12 09 0234568 012 01246789 01245689
0 3 4 0 0 3 2 01 2345678 012 0123456789 0124568
0 3 4 0 0 3 2 1 456789 012 01236789 012468
0 3 4 0 0 3 2 12 012349 012 0123456789 0124568
0 3 4 0 01 234568 01 01234689 0245678 012 0123679 01234689
0 3 4 0 123 0123456789 012 01269 0234689 012 0249 024678
0 3 4 0 345 012456789 012 0234569 0123456789 0 0 0
0 3 4 0 5678 023456789 01 012346789 02345678 01 023 018
0 3 4 0 89 023459 012 0123469 0234568 012 0123469 0124568
0 3 4 0 9 56 02 0234 01278 012 012345689 02468
0 3 4 0 9 6 0 0 234 012 0123456789 02468
0 3 4 0 9 6 0 0 45678 012 012346789 02468
0 3 4 0 9 6 0 01 0189 012 012345689 02468
0 3 4 0 9 6 0 1 12 012 0123456789 02468
0 3 4 0 9 6 0 134 012345689 012 0123456789 02468
0 3 4 0 9 678 012 023456789 0123456789 01 02346 0248
0 3 4 0 9 89 02 012345 023468 01 0123456 02345689
0 3 4 0 9 9 01 0123456789 0234678 01 01234569 0245689
0 3 4 0 9 9 1 012 02678 01 0123456789 0123456789
0 3 4 0 9 9 1 2 0 01 0123456789 012346789
0 3 4 0 9 9 1 2 01 012 0123456789 0123456789
0 3 4 0 9 9 12 023456789 0124678 01 01289 0234568
0 3 4 01 09 09 02 012345 0245678 01 02456789 024689
0 3 4 1 0 0 0 34567 024568 012 012369 023456789
0 3 4 1 0 01 01 0123789 023456789 012 01236 023468
0 3 4 1 0 123 01 026 0248 012 01234569 012345689
0 3 4 1 0 3 0 01234 02345678 012 01234569 0245689
0 3 4 1 0 3 01 01456789 0123468 01 012345689 01246789
0 3 4 1 0 3 1 123 012348 01 012345679 012345678
0 3 4 1 0 3 1 3 23 012 0123456789 012345689
0 3 4 1 0 3 1 3 3 012 0123456789 0123456789
0 3 4 1 0 3 1 3 3467 012 0123456789 02345678
0 3 4 1 0 3 1 345 024678 01 0123456789 0234568
0 3 4 1 0 3 1 567 01245689 012 01234569 01245678
0 3 4 1 0 3 1 78 012468 012 01234569 023456789
0 3 4 1 0 3 1 8 45 012 0123456789 0123456789
0 3 4 1 0 3 12 089 0245678 01 01234569 012345689
0 3 4 1 0 3 2 0 6 01 0123456789 0123456789
0 3 4 1 0 3 2 0 67 012 0123459 012345689
0 3 4 1 0 3 2 0 7 012 01256789 0123456789
0 3 4 1 0 3 2 01234 0123456789 012 01234569 0124689
0 3 4 1 0 3 2 45 012345689 012 0123456789 0123456789
0 3 4 1 0 3 2 5 45 012 0123456789 0123456789
0 3 4 1 0 34 02 05 045 012 0123456789 01234568
0 3 4 1 0 4 0 012 4568 012 0123456789 0123456789
0 3 4 1 0 4 0 2 45 012 012345689 0123456789
0 3 4 1 0 4 0 234 012678 012 0123456789 0123456789
0 3 4 1 0 4 0 4 3456 012 0123456789 0234568
0 3 4 1 0 4 01 01456789 02346789 012 0123469 012468
0 3 4 1 01 012345678 01 012346 0123456789 0 0 0
0 3 4 1 1 6 0 4 345 01 0123456789 012345678
0 3 4 1 1 6 0 4 567 012 012345689 0123456789
0 3 4 1 1 6789 012 024569 024678 012 01234679 01245689
0 3 4 1 1 9 01 0123456789 0123456789 0 0 0
0 3 4 1 1 9 1 012345678 0123456789 0 0 0
0 3 4 1 12 049 012 01234589 0123456789 0 0 0
0 3 4 1 2 4 0 4567 01234678 01 012345679 02345689
0 3 4 1 2 4 0 789 02456789 01 023456789 02345689
0 3 4 1 2 4 01 09 0123789 012 0123456789 01246789
0 3 4 1 2 4567 012 012346789 012346789 012 012689 02468
0 3 4 1 2 7 1 9 34 012 0123456789 02468
0 3 4 1 2 7 1 9 5678 012 0123456789 02468
0 3 4 1 2 7 12 09 089 012 0123456789 02468
0 3 4 1 2 7 2 0 0123 012 0123456789 02468
0 3 4 1 2 7 2 0 3456 012 02456789 02468
0 3 4 1 2 7 2 0 6789 012 0123456789 02468
0 3 4 1 2 7 2 01 0129 012 0123456789 02468
0 3 4 1 2 7 2 1 23456 012 01234569 02468
0 3 4 1 2 7 2 1 67 012 0123456789 02468
0 3 4 1 2 7 2 12 01789 012 012346789 02468
0 3 4 1 2 7 2 2 12345 012 012346789 02468
0 3 4 1 2 7 2 2 56789 012 01245689 02468
0 3 4 1 2 7 2 234 0129 012 0123456789 02468
0 3 4 1 2 78 012 01234569 012346789 012 0124569 024689
0 3 4 1 234 01236789 012 0245689 023468 01 01234689 0246789
0 3 4 1 4 3 0 9 678 012 0123456789 02345689
0 3 4 1 4 3 01 09 089 012 0123456789 0123456789
0 3 4 1 4 3 1 0 01 012 012346789 01234689
0 3 4 1 4 3 1 0 123 012 0123456789 012345678
0 3 4 1 4 3 1 0 34 012 0123456789 0234689
0 3 4 1 4 3 1 0 456 012 0123456789 02456789
0 3 4 1 4 3 1 0 678 012 0123456789 01234678
0 3 4 1 4 3 1 0 89 012 0123456789 012345689
0 3 4 1 4 3 1 01 019 012 0123456789 012345689
0 3 4 1 4 3 1 1 123 012 0123456789 01246789
0 3 4 1 4 3 1 1 34 012 0123456789 0123456789
0 3 4 1 4 3 1 1 45 012 0123456789 012456789
0 3 4 1 4 3 1 1 567 012 0123456789 012345678
0 3 4 1 4 3 1 1 78 012 0123456789 012345689
0 3 4 1 4 3 1 1 89 012 0123456789 01245689
0 3 4 1 4 3 1 12 019 012 012346789 012456789
0 3 4 1 4 3 1 2 123 012 0123456789 012345689
0 3 4 1 4 3 1 2 34 012 0123456789 01245689
0 3 4 1 4 3 1 2 45 012 0123456789 012456789
0 3 4 1 4 3 1 2 56 012 012346789 02456789
0 3 4 1 4 34 01 02 01234678 012 01234569 02345689
0 3 4 1 4 4 0 01 01234568 01 0123456789 01246789
0 3 4 1 4 4 0 12 03456789 012 01234569 012346789
0 3 4 1 4 4 0 23 0123456789 01 012346789 012468
0 3 4 1 4 4 0 3469 012345678 012 0123689 024678
0 3 4 1 4 4 01 09 01789 012 01234569 0234678
0 3 4 1 4 4 1 0 1234 012 0123456789 0245689
0 3 4 1 4 4 1 0 4567 01 0123456789 024678
0 3 4 1 4 4 1 01 0789 012 012345689 01245689
0 3 4 1 4 4 1 1 012 012 0123456789 0123456789
0 3 4 1 4 4 1 1 2345 012 023456789 01245678
0 3 4 1 4 4 1 1 5 012 01236789 012345678
0 3 4 1 4 4 1 1 5678 012 0123456789 0123456789
0 3 4 1 4 4 1 12 0489 012 0123456789 0245678
0 3 4 1 4 4 1 2 4 012 0123456789 02456789
0 3 4 1 4 4 1 23 012345689 012 0123456789 024568
0 3 4 1 45 01245678 01 0234569 0123456789 01 023456789 02468
0 3 4 1 5 2 01 0123456789 0123456789 01 02 08
0 3 4 1 5 23 012 0123459 0123456789 0 0 0
0 3 4 1 5 34567 012 0123456789 012345678 01 029 028
0 3 4 1 5 7 012 012346789 0123456789 01 02 08
0 3 4 1 567 023456789 012 01234569 02345689 01 026789 0124689
0 3 4 1 7 567 012 012346789 0124568 012 024569 02345678
0 3 4 1 7 7 01 123456789 0123456789 01 02 08
0 3 4 1 78 0789 012 012345689 0123456789 012 029 0248
0 3 4 1 8 01234 01 01234569 012346789 01 02 08
0 3 4 1 89 045678 012 01234569 0123456789 0 0 0
0 3 4 1 9 0 01 0123456789 012456789 01 0234689 0245678
0 3 4 1 9 0 1 9 2345 012 0123456789 012346789
0 3 4 1 9 0 12 09 01235689 01 0123456789 012345678
0 3 45 012 01249 0124678 012 01234689 01234568 01 012469 024568
0 3 5 0 1234 0123456789 01 012689 012346789 0 0 0
0 3 5 0 5 0124 012 0123456789 012456789 0 0 0
0 3 5 0 5 45689 01 0123456 0123456789 0 0 0
0 3 5 0 67 012348 01 01236789 0123456789 0 0 0
0 3 5 0 789 0126 01 012345689 0123456789 0 0 0
0 3 5 0 9 67 012 0124569 012345689 012 0123456789 0245689
0 3 5 0 9 7 0 0 234 012 0123456789 01234568
0 3 5 0 9 7 0 0 45 012 01234569 023456789
0 3 5 0 9 7 01 0123469 0123456789 012 0234679 024689
0 3 5 01 01239 0124789 012 012345689 012345678 0 0 0
0 3 5 1 3 12345 012 012346789 012345689 0 0 0
0 3 5 1 345678 012345678 012 0234679 0124689 01 06789 0245678
0 3 5 1 8 78 012 023469 0123456789 012 012346789 01245678
0 3 5 1 89 01245679 012 0246789 01234689 012 023469 023468
0 3 5 12 09 0123456789 012 0123469 0124678 01 023469 02468
0 3 5 2 0 6 0 0 2 01 0123456789 012345689
0 3 5 2 0 6 0 0 2345 012 0123456789 012345689
0 3 5 2 01 012678 01 012369 01245689 012 012345689 0245689
0 3 5 2 12 023456789 012 01234569 012345678 0 0 0
0 3 5 2 23 012489 01 0269 0234568 01 012345689 012345689
0 3 5 2 3 0 1 9 67 012 012345679 012345689
0 3 5 2 3 0 1 9 789 012 0123456789 023456789
0 3 5 2 3 0 12 019 0189 012 0123456789 012468
0 3 5 2 3 0 2 12 23456 012 0123456789 0234568
0 3 5 2 3 0 2 2 567 012 0123456789 0234568
0 3 5 2 3 0 2 2 78 012 012346789 0123456789
0 3 5 2 3 0 2 23 089 012 012345689 01245689
0 3 5 2 3 0 2 3 01 012 023456789 012346789
0 3 5 2 3 012345678 012 01234679 012468 012 0123456789 0124678
0 3 5 2 4 0123 01 01234569 012345678 01 02689 024678
0 3 5 2 4 345678 01 01234569 01246789 01 0123456 0234678
0 3 56 02 01245 01234689 012 012345689 024689 01 02 08
0 3 6 0 23 0123456789 012 0123469 0234689 0 0 0
0 3 6 0 3 567 012 02345679 0246789 01 012346789 02346789
0 3 6 0 3 7 0 7 789 012 0123456789 0123456789
0 3 6 0 3 78 012 012346789 01234689 01 01269 024568
0 3 6 0 345 012346789 012 012346789 01234568 0 0 0
0 3 6 0 5 0 0 1234 012346789 012 0123456789 023456789
0 3 6 0 5 0 01 0456789 0123456789 012 0234569 0124689
0 3 6 0 5 0 12 0123456789 02456789 0 0 0
0 3 6 0 5 012 012 01234569 0123456789 0 0 0
0 3 6 0 56 2346 012 012345679 0123456789 0 0 0
0 3 6 01 06789 01246789 012 0123456789 02468 0 0 0
0 3 6 1 01 0178 012 0123456789 023456789 0 0 0
0 3 6 1 1 23 012 0123456789 01234568 0 0 0
0 3 6 1 123 0134568 012 0123456789 012345689 0 0 0
0 3 6 1 3 1234 01 0123456789 012345689 0 0 0
0 3 6 1 3 4567 012 0123456789 0234678 0 0 0
0 3 6 1 3 78 012 012345689 012346789 0 0 0
0 3 6 1 34 089 012 012345689 0123456789 0 0 0
0 3 6 1 4 0 012 0123456789 012345678 0 0 0
0 3 6 1 4 01 02 012345678 0123456789 0 0 0
0 3 6 1 4567 0123456789 01 01289 0123456789 0 0 0
0 3 6 12 0179 01234678 012 0123456789 02468 0 0 0
0 3 6 2 1245 01234568 012 02346789 012345689 0 0 0
0 3 6 2 5 5 01 0123456789 012346789 01 02 08
0 3 6 2 5 5 12 0123456789 0123456789 0 0 0
0 3 67 02 05 05 02 01234567 02346789 012 01234569 012468
0 3 7 0 0 01 01 0126789 0123456789 012 0123679 01245678
0 3 7 0 0 1 01 01245689 01245689 01 012346789 012346789
0 3 7 0 0 1 1 678 023456789 012 01246789 02468
0 3 7 0 0 1246789 012 012346789 0123456789 012 01236 012468
0 3 7 0 0 9 0 13456 012345689 012 012346789 01234678
0 3 7 0 0 9 012 012346789 023456789 012 024569 0248
0 3 7 0 01 09 02 0123456 0123456789 0 0 0
0 3 7 0 1 01246 01 01236789 0123456789 0 0 0
0 3 7 0 1 678 012 012346789 012346789 01 02 08
0 3 7 0 1 8 01 023456789 0123456789 0 0 0
0 3 7 0 1 89 012 0123456789 0123456789 01 02689 0124568
0 3 7 0 12 09 012 0123456789 0123456789 012 02469 0248
0 3 7 0 2 45 0 03456 0245678 012 012346789 012468
0 3 7 0 2 5 012 0123456789 012456789 012 024679 02468
0 3 7 0 2 56 012 0123456789 012346789 012 02349 0234678
0 3 7 0 2 78 01 023456789 0234678 01 012345679 02468
0 3 7 0 2 89 01 012346789 0123456789 012 012679 023468
0 3 7 0 23 029 01 01234567 0123456789 012 01269 0124689
0 3 7 0 3 2345 01 0123456789 0123456789 0 0 0
0 3 7 0 34 012456 012 0123456789 0124689 01 012345689 02468
0 3 7 0 4 4 2 012345 012345689 012 0123469 02468
0 3 7 0 4 456 012 0123456789 0123456789 012 023469 0248
0 3 7 0 4 6789 012 01234569 012456789 0 0 0
0 3 7 0 45 0126789 012 01234569 0123456789 01 023469 02468
0 3 7 0 5 89 012 012369 0245678 012 01234569 0234568
0 3 7 0 5 9 0 678 01246789 012 0123456789 024568
0 3 7 0 5 9 01 2345689 0245689 012 012345679 01246789
0 3 7 0 5 9 12 0234679 012456789 01 01234689 01234568
0 3 7 0 5 9 2 4 9 012 0123456789 023456789
0 3 7 0 56 019 012 0123456789 0123456789 02 045 0234568
0 3 7 0 67 1234 012 0123456789 0123456789 0 01 012468
0 3 7 0 7 2 012 0123456789 0123456789 01 0236 0248
0 3 7 0 7 2345 012 01234569 012346789 01 01236 02468
0 3 7 0 7 567 012 012349 0123456789 01 023456 0123468
0 3 7 0 7 7 01 012345689 0123456789 01 01236 02345689
0 3 7 0 78 078 012 02456789 0123456789 012 0123469 012468
0 3 7 0 9 678 012 0123456789 01246789 01 0126 012468
0 3 7 0 9 8 2 3 2345 012 01234569 023456789
0 3 7 01 019 0489 012 0123456789 0123456789 01 069 02
0 3 7 1 1 0 2 5 5 01 012345689 0123456789
0 3 7 1 1 01 02 01345 0234567 012 0123456789 0123456789
0 3 7 1 1 1 01 123456789 0123456789 01 0123456 012468
0 3 7 1 1 123 012 012345679 012346789 0 0 0
0 3 7 1 1 34 012 0123456789 0123456789 0 0 0
0 3 7 1 12 0456 01 023456789 0123456789 012 02349 024678
0 3 7 1 2 0 12 012356789 0123456789 0 0 0
0 3 7 1 2 0123 012 01234569 012345689 0 0689 024568
0 3 7 1 2 348 012 012345679 0123456789 01 026789 024678
0 3 7 1 23 089 012 012346789 012345689 0 0 0
0 3 7 1 3 01267 012 0123456789 012346789 0 0 0
0 3 7 1 3 789 01 0123456789 0123456789 0 0 0
0 3 7 1 34 09 012 0124569 012456789 01 012346789 01245689
0 3 7 1 4 0123 02 012345 0123456789 012 012489 012468
0 3 7 1 4 348 01 0123456789 012345689 0 0 0
0 3 7 1 45 0289 012 0123456789 012345678 0 0 0
0 3 7 1 5 2346 01 0123456789 0123456789 0 0 0
0 3 7 1 5 6 01 0123456789 0123456789 01 01236 02468
0 3 7 1 5 67 012 0123456789 012456789 0 0 0
0 3 7 1 5 7 2 12 0234567 012 0123456789 01234689
0 3 7 1 5678 0456789 012 01234569 012456789 01 026789 024568
0 3 7 1 8 67 012 02346789 0124689 012 01234679 023456789
0 3 7 1 8 7 2 012 0124569 012 01234679 0234678
0 3 7 12 089 0126789 012 0126789 012456789 0 0 0
0 3 7 2 0 0 1 01 012456789 012 01234689 02468
0 3 7 2 0 012 012 01234569 0123456789 01 079 026
0 3 7 2 0 23 012 01234567 0123456789 0 0 0
0 3 7 2 0 3456 012 0123456789 0123456789 0 0 0
0 3 7 2 01 0189 012 0123456789 023456789 0 0 0
0 3 7 2 12 0126789 012 01234689 01234678 0 0 0
0 3 7 2 2 01 01 045679 0123456789 0 012367 0123456789
0 3 7 2 2 1 01 016789 0123456789 012 012456789 0124689
0 3 7 2 2 1 1 1267 0123456789 012 0123469 0245689
0 3 7 2 2 124 012 012346789 012345678 012 0129 024568
0 3 7 2 2 4568 012 0123456789 0123456789 01 026 048
0 3 7 2 23 089 01 0123456789 0123456789 0 0 0
0 3 7 2 3 0 12 012456789 0123456789 0 0 0
0 3 7 2 3 0123 012 023456 0123456789 0 012345 02468
0 3 7 2 3 345 01 0123456789 0123456789 01 012356 024689
0 3 7 2 3 56 01 01256789 012346789 01 01236789 0234568
0 3 7 2 3 67 012 0123456789 012345689 01 01269 02468
0 3 7 2 3 789 012 012346789 0123456789 0 0 0
0 3 7 2 34 012349 01 0123689 0123456789 01 029 028
0 3 7 2 4 4567 012 01234569 0123456789 0 0 0
0 3 7 2 45 012789 012 024679 0123468 01 01234569 024678
0 3 7 2 5 2 01 012369 0123456789 01 02346789 0124689
0 3 7 2 5 2 12 012346789 012345678 01 02369 02468
0 3 78 02 05 0234 012 0123456789 0123456789 0 0 0
0 3 8 0 0 345 012 01234789 0123456789 012 0123469 02468
0 3 8 0 0 5 0 0 1 0 0123456 0123456789
0 3 8 0 0 5 0 0 1 01 01236789 0123456789
0 3 8 0 0 5 0 0 1 1 456789 0123456789
0 3 8 0 0 56 012 012369 012345689 012 01234689 024678
0 3 8 0 0 67 012 012345689 012456789 0 0 0
0 3 8 0 0 789 02 01234 012345678 012 02346789 02468
0 3 8 0 01 09 012 01234569 012345689 0 0 0
0 3 8 0 1 0 01 0123456789 0123456789 0 0 0
0 3 8 0 1 0123 012 0123456789 0124678 0 0 0
0 3 8 0 1 345 012 01234689 0123456789 012 0129 023468
0 3 8 0 1 567 012 0123456789 0124678 012 01234679 012468
0 3 8 0 1 789 012 0234569 01234678 012 012346789 0245678
0 3 8 0 1 9 01 01345689 0123456789 012 023469 02468
0 3 8 0 1 9 12 012346789 0123456789 012 0249 0248
0 3 8 0 12 09 012 0123456789 0123456789 01 02 08
0 3 8 0 2 012 012 0123456789 0123456789 0 0 0
0 3 8 0 2 2 01 012346789 0123456789 012 0123456789 02468
0 3 8 0 2 23 012 0123456789 0123456789 0 0 0
0 3 8 0 2 3 0 67 012356789 012 012346789 02468
0 3 8 0 2 3 0 78 0345689 012 02346789 02345689
0 3 8 0 2 3 0 8 4567 012 0123456789 023468
0 3 8 0 2 34567 012 01234689 012346789 012 0123469 02468
0 3 8 0 2 78 012 012679 0123456789 0 01 0123456789
0 3 8 0 2 8 0 0 1 0 1234567 0123456789
0 3 8 0 2 8 0 0 1 01 012789 0123456789
0 3 8 0 2 8 0 0 1 1 234567 0123456789
0 3 8 0 2 8 0 0 1 12 012789 0123456789
0 3 8 0 2 8 0 0 12 02 012345 0123456789
0 3 8 0 2 8 0 0 2 0 2345678 0123456789
0 3 8 0 2 8 0 0 234678 01 01289 0123456789
0 3 8 0 2 8 0 01 02389 01 012346 0123456789
0 3 8 0 2 8 0 12368 01246 01 0123456 0123456789
0 3 8 0 2 89 012 012345689 0123456789 01 0124569 02468
0 3 8 0 23 09 012 012346789 0123456789 01 023456 02468
0 3 8 0 3 012 012 01234569 012345678 01 01236 012468
0 3 8 0 3 2 01 124569 012456789 012 01234679 0124678
0 3 8 0 3 234 012 01234569 0123456789 0 0 0
0 3 8 0 3 4568 012 0123456789 02345678 0 0 0124
0 3 8 0 3 8 2 23 0123456789 01 0123689 01234689
0 3 8 0 3 8 2 34 06789 01 012345679 012345689
0 3 8 0 3 89 012 01234569 012345678 012 0234569 012458
0 3 8 0 34 019 012 0123456789 02345678 01 01236 02468
0 3 8 0 4 123 012 012456789 023456789 0 0 0
0 3 8 0 4 34 012 012345689 012346789 01 026789 02468
0 3 8 0 4 5 01 012345689 0123456789 0 0 0
0 3 8 0 4 56 012 0123456789 01234568 01 02 08
0 3 8 0 4 6 012 023456789 0123456789 01 012346789 02468
0 3 8 0 4 67 012 012345689 012456789 0 0 0
0 3 8 0 4 7 1 2456789 0124678 012 01234569 01245689
0 3 8 0 4 789 012 0123469 02345678 01 023469 02468
0 3 8 0 45 09 012 0123456789 012345678 01 01236 02468
0 3 8 0 5 01 012 01234569 012345678 012 02349 02468
0 3 8 0 5 1 12 23456789 02346789 012 012346789 012468
0 3 8 0 5 12 012 01234569 012456789 012 012345679 02468
0 3 8 0 5 234 012 01234789 012345678 0 0 0
0 3 8 0 5 4 0 12345678 0123456789 0 0 0
0 3 8 0 5 45 01 0126789 0123456789 0 0 0
0 3 8 0 5 5 12 0123456789 0123456789 01 0123456 0245689
0 3 8 0 5 5 2 12 01289 01 0123456 012345689
0 3 8 0 5 56 012 0123456789 0123456789 01 02456 0124689
0 3 8 0 5 6 12 0124569 0123456789 01 0123469 02468
0 3 8 0 5 67 02 01235 02345678 01 01234689 02468
0 3 8 0 5 7 0 345678 02346789 01 012345689 02468
0 3 8 0 5 7 01 0123456789 02345678 01 0123679 0234568
0 3 8 0 5 78 012 0123456789 0123456789 0 0 0
0 3 8 0 5 8 01 01234569 0123456789 012 01234569 0246789
0 3 8 0 5 89 012 012346789 0123456789 012 0129 02468
0 3 8 0 56 09 012 02345678 0123456789 0 0 0
0 3 8 0 6 0 12 0123489 0123456789 0 0 0
0 3 8 0 6 01234 012 01234569 0123456789 01 02 08
0 3 8 0 6 4 01 0123456789 0123456789 012 02469 0248
0 3 8 0 6 4 12 012345679 012345689 01 02346 0248
0 3 8 0 6 5 0 0123456789 0123456789 01 012369 02468
0 3 8 0 6 5 01 012346789 0123456789 01 029 028
0 3 8 0 6 56 012 01234569 012346789 012 0124 02468
0 3 8 0 6 6 012 012346789 0123456789 01 069 02
0 3 8 0 6 67 012 01234569 0123456789 0 0 0
0 3 8 0 6 78 02 0123456 0123456789 0 0 0
0 3 8 0 6 8 012 023456789 012345689 01 02679 0268
0 3 8 0 6 89 012 0123456 0123456789 01 0269 0248
0 3 8 0 67 09 012 0123456789 0123456789 0 067 0234
0 3 8 0 7 0 01 2346789 02456789 012 012346789 024689
0 3 8 0 7 0 12 012489 012346789 012 0123456789 0123468
0 3 8 0 7 1 0 01234678 0123456789 012 012349 02468
0 3 8 0 7 123 012 0123456789 023456789 0 0 0
0 3 8 0 7 34 02 012345 012345678 01 0123456789 0124568
0 3 8 0 7 4 0 2 01246 012 0123456789 0124678
0 3 8 0 7 4 0 2345 0126789 012 012345679 02345678
0 3 8 0 7 4 0 5 2345 012 012345689 024689
0 3 8 0 7 45 012 0123456789 0245678 01 02679 02468
0 3 8 0 7 5 012 0123456789 012345689 01 01269 02468
0 3 8 0 7 56 02 012345 0123456789 01 012689 0123468
0 3 8 0 7 6 012 0123456789 012345689 01 01234569 024678
0 3 8 0 7 6 2 1245 012345678 01 01234569 02345678
0 3 8 0 7 7 01 0123456789 023456789 01 0123469 02468
0 3 8 0 7 78 012 01234569 0123456789 01 02679 02468
0 3 8 0 7 89 012 01234569 012346789 012 0123469 02468
0 3 8 0 7 9 01 0123456789 02345689 01 02689 02468
0 3 8 0 78 09 01 0123456789 0123456789 01 0269 028
0 3 8 0 8 01 012 012346789 012345678 01 026789 02468
0 3 8 0 8 12 012 0123456789 012346789 01 0126789 02468
0 3 8 0 8 23 012 012346789 0123456789 012 0249 02468
0 3 8 0 8 3 01 0123456789 012345678 02 04 08
0 3 8 0 8 34 012 012345679 023456789 0 0 0
0 3 8 0 8 456 012 0123456789 012345678 01 02 08
0 3 8 0 8 6 01 23456789 0123456789 0 0123 024678
0 3 8 0 8 67 012 0123489 0123456789 01 023456 02468
0 3 8 0 8 7 01 012456789 012346789 01 026789 02468
0 3 8 0 8 7 12 012679 012456789 01 0123456789 0246789
0 3 8 0 8 78 02 012345 012345678 01 01236789 0245678
0 3 8 0 8 8 01 126789 01234568 012 012346789 024678
0 3 8 0 8 8 1 6789 02456789 012 01234569 024568
0 3 8 0 8 8 12 012349 012456789 012 0123456789 02468
0 3 8 0 8 89 012 0123456789 012345689 01 0234569 02468
0 3 8 0 89 09 012 012345679 02345678 0 0 0
0 3 8 0 9 012 012 01234569 0123456789 0 0 0
0 3 8 0 9 2 01 123456789 012345678 0 0 0
0 3 8 0 9 23 012 01234567 012456789 01 012345689 02468
0 3 8 0 9 34 012 0123456789 0123456789 01 01269 02468
0 3 8 0 9 4 1 012345679 0123456789 012 01234569 02468
0 3 8 0 9 45 012 012346789 012456789 0 0 0
0 3 8 0 9 5 01 012679 0123456789 012 01234569 02468
0 3 8 0 9 56 012 012346789 0123456789 01 0269 028
0 3 8 0 9 6 1 3456789 0123456789 01 01234569 02468
0 3 8 0 9 67 012 0123459 0123456789 01 0123679 02468
0 3 8 0 9 7 01 012456789 012345678 0 0 0
0 3 8 0 9 78 012 01234569 012345678 01 012689 02468
0 3 8 0 9 8 01 0123456789 023456789 0 0 0
0 3 8 0 9 8 12 012345679 0123456789 01 024569 0248
0 3 8 0 9 89 02 012345 0123456789 012 01234569 02468
0 3 8 0 9 9 0 345678 0123456789 012 023456789 02468
0 3 8 0 9 9 01 012389 023456789 012 012346789 0246789
0 3 8 0 9 9 1 345 012346789 012 0123469 0123468
0 3 8 0 9 9 1 5678 023456789 012 012346789 02468
0 3 8 0 9 9 12 0189 012345678 012 012346789 02468
0 3 8 01 09 09 02 012345 012345678 01 01234569 02468
0 3 8 1 0 0 01 0123456789 0123456789 0 0 0
0 3 8 1 0 0 12 0123456789 0123456789 01 012679 02468
0 3 8 1 0 01 02 01234567 0123456789 01 01269 02468
0 3 8 1 0 1 01 12345689 0123456789 01 012346 0124678
0 3 8 1 0 1 12 06789 0123456789 01 012345689 01245689
0 3 8 1 0 12 02 0123456 012345678 01 0123689 02468
0 3 8 1 0 2 01 016789 0123456789 01 0123456 01234689
0 3 8 1 0 2 1 12456 01245678 012 0123456789 01245689
0 3 8 1 0 23 012 0123456789 012345678 012 024689 0248
0 3 8 1 0 3 0 346 0456789 012 012345689 024678
0 3 8 1 0 3 0 789 01234568 012 01234569 02468
0 3 8 1 0 3 01 0123459 023456789 01 01234569 024678
0 3 8 1 0 34 012 0123456789 012346789 01 012346 024568
0 3 8 1 0 4 0 34567 0123456789 012 01246789 012468
0 3 8 1 0 4 0 789 0234568 012 02346789 01234689
0 3 8 1 0 4 01 0123459 023456789 012 0123456789 02468
0 3 8 1 0 4 12 01256789 012346789 012 0123469 02468
0 3 8 1 0 45 02 0345 01234568 012 01234689 01234689
0 3 8 1 0 5 01 01234689 0123456789 01 0123469 02468
0 3 8 1 0 5 12 012456789 012346789 01 0267 0468
0 3 8 1 0 56 02 012345 0123456789 012 0234569 02468
0 3 8 1 0 6 0 345678 0123456789 012 01234569 01234568
0 3 8 1 0 6 012 012346789 0123456789 01 02346789 02468
0 3 8 1 0 67 012 0123456789 0123456789 012 0129 02468
0 3 8 1 0 7 12 0123456789 0123456789 012 029 0248
0 3 8 1 0 78 02 01234567 0123456789 0 0 0
0 3 8 1 0 8 01 0126789 0123456789 0 0 0
0 3 8 1 0 89 012 0123459 012346789 01 02346789 024678
0 3 8 1 0 9 0 123678 023456789 012 01234569 024689
0 3 8 1 0 9 01 012345689 0123456789 01 0123456789 02468
0 3 8 1 01 09 012 0123456789 0123456789 01 0269 0468
0 3 8 1 1 0 0 012345678 0123456789 01 023469 02468
0 3 8 1 1 0 01 09 0126789 012 012346789 02468
0 3 8 1 1 0 1 012 01234689 012 0123456789 012468
0 3 8 1 1 01 012 012346789 0123456789 01 01269 02468
0 3 8 1 1 1 01 01234569 0123456789 01 012369 02468
0 3 8 1 1 1 1 2345678 023456789 012 0123456789 023468
0 3 8 1 1 12 012 0123489 0123456789 012 01234569 02468
0 3 8 1 1 2 0 01 012345689 012 012346789 0124678
0 3 8 1 1 2 0 123 0123489 012 023456789 0246789
0 3 8 1 1 2 0 3 234 012 01234569 012345689
0 3 8 1 1 2 0 3 45 012 0123469 0123456789
0 3 8 1 1 2 0 3 56 012 01234679 0123456789
0 3 8 1 1 2 0 3 67 012 012345689 0123456789
0 3 8 1 1 2 0 3 89 01 012346789 0123456789
0 3 8 1 1 23 012 012345689 01245689 01 012369 012468
0 3 8 1 1 34 01 02346789 012345678 01 023469 02468
0 3 8 1 1 45 012 012349 012456789 01 026789 023468
0 3 8 1 1 56 012 0123456789 0123468 0 012346789 0234568
0 3 8 1 1 67 02 0123678 0123456789 01 012369 024689
0 3 8 1 1 7 01 012389 0123456789 01 0123456 012468
0 3 8 1 1 789 012 01234679 023456789 0 0 0
0 3 8 1 12 09 012 012345679 02345678 01 01236 02468
0 3 8 1 2 0 01 23456789 02345678 01 0123469 02468
0 3 8 1 2 01 01 012345789 023456789 01 012346789 02468
0 3 8 1 2 1 0 56 01249 0 012345678 0123456789
0 3 8 1 2 1 0 6 45 012 0123456789 0123456789
0 3 8 1 2 1 0 6 5 01 0123456789 012345678
0 3 8 1 2 1 0 6 5 12 0123456789 0123456789
0 3 8 1 2 1 0 6 56 02 012345 0123456789
0 3 8 1 2 1 0 6 6 01 0123456789 0123456789
0 3 8 1 2 1 0 6 6 12 0123456789 0123456789
0 3 8 1 2 1 0 6 67 02 0123456789 0123456789
0 3 8 1 2 1 0 6 7 012 012346789 0123456789
0 3 8 1 2 1 0 6 78 02 012345 0123456789
0 3 8 1 2 1 0 6 8 01 0123456789 012345678
0 3 8 1 2 1 0 6 89 012 01234589 0123456789
0 3 8 1 2 1 0 6 9 01 0123456789 0123456789
0 3 8 1 2 1 0 6 9 12 0123456789 0123456789
0 3 8 1 2 1 0 67 09 02 0123456 0123456789
0 3 8 1 2 1 0 7 0 01 0123456789 02346789
0 3 8 1 2 1 0 7 01 012 0123459 012456789
0 3 8 1 2 1 0 7 1 01 0123456789 0123456789
0 3 8 1 2 1 0 78 01234568 012 0123456789 0123456789
0 3 8 1 2 1 0 8 0 01 0123456789 012345689
0 3 8 1 2 1 0 8 0 12 0123456789 012456789
0 3 8 1 2 1 0 8 01 012 0123456789 0123456789
0 3 8 1 2 1 0 8 1 1 0123456789 0123456789
0 3 8 1 2 1 0 8 12 012 01234569 012345689
0 3 8 1 2 1 0 8 2 01 0123456789 023456789
0 3 8 1 2 1 0 8 23 012 0123456789 0123456789
0 3 8 1 2 1 0 8 4 0 012345678 0123456789
0 3 8 1 2 1 0 8 4 01 0123456789 012456789
0 3 8 1 2 1 0 8 45 012 0123459 023456789
0 3 8 1 2 1 0 8 5 01 01236789 0123456789
0 3 8 1 2 1 0 8 5 12 0123456789 0123456789
0 3 8 1 2 1 0 8 56 02 0123456789 023456789
0 3 8 1 2 1 0 8 6 012 0123456789 0123456789
0 3 8 1 2 1 0 8 67 02 0123456 0123456789
0 3 8 1 2 1 0 8 7 01 0123456789 0123456789
0 3 8 1 2 1 0 89 01789 012 012345679 0123456789
0 3 8 1 2 1 01 019 12345678 012 012346789 023468
0 3 8 1 2 1 12 0123456789 0123456789 01 012369 02468
0 3 8 1 2 1 2 4 0 012 01234569 02345678
0 3 8 1 2 1 2 4 01 012 01234569 012456789
0 3 8 1 2 12 02 01234 01234678 012 01234569 012468
0 3 8 1 2 2 0 4567 0124689 012 0123456789 0246789
0 3 8 1 2 2 012 0126789 01245689 012 0123469 024678
0 3 8 1 2 23 02 0123456 012345689 012 012346789 02468
0 3 8 1 2 3 01 0123456789 0123456789 0 0 0
0 3 8 1 2 34 012 012345679 0123456789 0 0 0
0 3 8 1 2 4 01 0123456789 012346789 01 02689 0468
0 3 8 1 2 45 012 012345679 012345689 01 01269 02468
0 3 8 1 2 5 01 0123456789 0123456789 0 0 0
0 3 8 1 2 56 012 012345679 012345689 012 01234569 02468
0 3 8 1 2 6 01 01256789 0123456789 012 023469 0248
0 3 8 1 2 67 012 0123456789 012346789 0 0 0
0 3 8 1 2 7 012 01234689 023456789 01 01236 02468
0 3 8 1 2 78 02 012346 012456789 01 01236 023468
0 3 8 1 2 8 012 012456789 012468 0 012345689 01234568
0 3 8 1 2 8 2 2 6789 012 023456789 02456789
0 3 8 1 2 89 02 012345 0123456789 012 02346789 02345678
0 3 8 1 2 9 01 0123456789 0123456789 01 029 068
0 3 8 1 23 09 01 012346789 023456789 01 01236 012468
0 3 8 1 3 01 012 01234569 0123456789 012 0129 02468
0 3 8 1 3 1 012 0123456789 0123456789 0 0 0
0 3 8 1 3 23 012 0123469 02346789 01 023679 0234678
0 3 8 1 3 3 01 0123456789 01246789 01 01236789 0245689
0 3 8 1 3 34 012 0123456789 0123456789 0 0 0
0 3 8 1 3 4 01 012345679 0123456789 0 0 0
0 3 8 1 3 45 012 012345789 0123456789 01 024569 02468
0 3 8 1 3 5 01 023456789 0123456789 01 023469 02468
0 3 8 1 3 567 012 0123456789 0234689 01 01269 02468
0 3 8 1 34 078 012 012345789 0123456789 012 02459 0248
0 3 8 1 4 0 01 0123469 012456789 012 0123456789 02468
0 3 8 1 4 01 012 012345679 0123456789 01 01236 024678
0 3 8 1 4 12 012 012345679 01245689 012 01236789 024678
0 3 8 1 4 2 01 2456789 012345689 012 0123456789 023468
0 3 8 1 4 2 1 567 02345678 01 0123456789 01234689
0 3 8 1 4 23 012 012479 02345678 012 012346789 024689
0 3 8 1 4 3 01 0123456789 0123456789 012 023469 02468
0 3 8 1 4 345 012 023456789 012346789 01 02679 0268
0 3 8 1 4 56 012 0123456789 0123456789 0 0 0
0 3 8 1 4 67 012 012346789 0123456789 0 0 0
0 3 8 1 4 7 01 0123456789 0123456789 0 0 0
0 3 8 1 4 78 012 0123456789 0123456789 0 0 0
0 3 8 1 45 089 01 0123469 0123456789 01 02679 0268
0 3 8 1 5 0 01 06789 0123456789 01 01236789 012346789
0 3 8 1 5 012 012 0123456789 0123456789 0 0 0
0 3 8 1 5 34 012 01234569 012346789 0 0 0
0 3 8 1 5 4 01 0123456789 0123456789 0 0 0
0 3 8 1 5 45 012 0123456789 0123456789 0 0 0
0 3 8 1 5 6 012 012346789 0123456789 012 0249 0248
0 3 8 1 5 678 012 023456789 0123456789 01 01236 023468
0 3 8 1 5 89 012 0123456789 0123456789 0 0 0
0 3 8 1 56 023459 012 01234689 02456789 012 02459 02345689
0 3 8 1 6 5 012 0123456789 0123456789 0 0 0
0 3 8 1 67 01256789 012 012345689 02345678 0 0 0
0 3 8 1 7 2 12 0123456789 0123456789 0 0 0
0 3 8 1 7 23 012 02456789 0123456789 012 024569 0234568
0 3 8 1 7 345 012 01234569 0123456789 01 026 048
0 3 8 1 7 567 012 01234569 012346789 0 0 0
0 3 8 1 7 7 012 01249 012345678 01 02345679 01234678
0 3 8 1 7 7 2 4 34567 012 02346789 012345689
0 3 8 1 7 7 2 45 012378 012 012345679 012456789
0 3 8 1 78 0789 012 012356789 0123456789 012 023469 02489
0 3 8 1 8 0 01 0123456789 012345678 0 0 0
0 3 8 1 8 0 1 34 0123456789 012 0123456789 01246789
0 3 8 1 8 0 1 56 0123456789 012 02346789 0124689
0 3 8 1 8 0 12 01236789 0123456789 0 0 0
0 3 8 1 8 01 02 0134567 0123456789 01 0124689 012468
0 3 8 1 8 12 01 012789 0123456789 012 02369 0248
0 3 8 1 8 2 01 012369 0124689 01 013456789 012346789
0 3 8 1 8 2 1 1 67 012 0123456789 0123456789
0 3 8 1 8 2 1 1234567 0123456789 01 0123679 023456789
0 3 8 1 8 23 012 0123456789 0123456789 0 0 0
0 3 8 1 8 34678 012 012346789 02345689 0 0 0
0 3 8 1 8 8 012 012456789 0123456789 01 02 08
0 3 8 1 89 089 012 0123456789 012345678 012 02459 0248
0 3 8 1 9 01 01 0123456789 0123456789 0 0 0
0 3 8 1 9 1 01 123456789 012345678 0 0 0
0 3 8 1 9 12345 012 012345689 012345689 0 0 0
0 3 8 1 9 6 012 0123456789 012456789 0 0 0
0 3 8 1 9 6789 012 012356789 0123456789 0 0 0
0 3 8 12 09 0123459 012 0123456789 024568 0 0 0
0 3 8 2 0 567 01 0123456789 0124689 01 023456 02468
0 3 8 2 01 0789 01 0123456789 0123456789 0 0 0
0 3 8 2 1 0 012 0126789 0123456789 0 0 0
0 3 8 2 1 01 02 012345 0123456789 01 02 08
0 3 8 2 1 1 01 0123456789 0123456789 01 02 08
0 3 8 2 1 12 012 012345689 012345689 0 0 0
0 3 8 2 1 23 012 012345679 0123456789 0 0 0
0 3 8 2 1 3 012 012456789 0123456789 0 0 0
0 3 8 2 12 02346 02 0123456 0123456789 0 0 0
0 3 8 2 2 4 01 012345789 0123456789 0 0 0
0 3 8 2 2 4 12 0123456789 0123456789 01 02 08
0 3 8 2 2 45 012 013456789 0123456789 01 01236 02468
0 3 8 2 2 56 012 0123459 0123456789 0 0 0
0 3 8 2 2 6 01 01234569 0123456789 0 0 0
0 3 8 2 2 6 12 0123456789 012456789 0 0 0
0 3 8 2 23 026789 012 023456789 0123456789 0 0 0
0 3 8 2 34 0678 012 01236789 0123456789 0 0 0
0 3 8 2 4 0 01 2456789 012345689 01 0123679 02468
0 3 8 2 4 0 12 09 0123489 012 02346789 0124568
0 3 8 2 4 0 2 0 4567 012 012346789 0234568
0 3 8 2 4 0 2 012 01245678 012 0123469 0124678
0 3 8 2 4 012 012 012346 012345689 012 0123469 0234689
0 3 8 2 4 234 012 01234569 012345678 01 024569 01248
0 3 8 2 4 4 12 0456789 0123456789 01 026789 024568
0 3 8 2 4 456 02 0123456789 0123456789 0 0 0
0 3 8 2 4 6 01 0123456789 023456789 01 023456789 02468
0 3 8 2 4 6 12 023489 0123456789 01 02346789 0245689
0 3 8 2 4 67 02 0123467 023456789 012 012346789 02468
0 3 8 2 4 78 01 01246789 012345678 01 012346 02468
0 3 8 2 45 089 012 012345689 012346789 0 0 0
0 3 8 2 5 0 012 012346789 0123456789 01 01236 02468
0 3 8 2 5 012 02 0123456789 012345689 0 0 0
0 3 8 2 5 2 012 0123456789 0123456789 0 0 0
0 3 8 2 5 23 012 012346789 0123456789 0 0 0
0 3 8 2 5 345 012 0123456789 01245678 0 0 0
0 3 8 2 5 5 01 0123456789 012346789 0 0 0
0 3 89 02 05 01234589 01 01234689 0123456789 0 0 0
0 3 9 0 13469 012345678 012 0246789 02468 0 0 0
0 3 9 1 0 0489 0 0123456789 0123456789 0 0 0
0 3 9 1 01 0245679 012 01234679 012345678 0 0 0
0 3 9 1 12 0789 012 012346789 0124568 012 0234679 024689
0 3 9 1 2 012345 012 01234569 01234689 01 012346789 0123468
0 3 9 1 2 56 01 0123456789 01234678 0 0 0
0 3 9 1 23 24678 012 01234569 012346789 0 0 0
0 3 9 1 3 4 01 123456789 012345689 0 0 0
0 3 9 1 3 45 012 0123456789 02345678 0 0 0
0 3 9 1 3 56 012 0123456789 01234678 0 0 0
0 3 9 1 3 6 01 0123456789 0123456789 0 0 0
0 3 9 1 3 67 012 0123456789 0123456789 0 0 0
0 3 9 1 3 7 01 0123456789 01234568 0 0 0
0 3 9 1 34 023789 012 012346789 012345678 0 0 0
0 3 9 1 4 34 01 0123456789 0123456789 0 0 0
0 3 9 1 45 234568 012 0123456789 012346789 0 0 0
0 34 09 01 0156789 0123456789 012 02456789 0245689 0 0 0
0 4 0 0 12 045678 0 01234567 0123456789 0 0 0
0 4 0 0 2 7 012 0123456789 0123456789 0 0 0
0 4 0 0 23456 023456789 012 0246 0458 012 0123456789 02468
0 4 0 0 6 4 1 4 5678 012 01234689 02468
0 4 0 0 6 4 1 456 01234569 012 02369 02468
0 4 0 0 6 4 1 6789 0123456789 01 02 08
0 4 0 0 6 456 012 01236789 012345678 01 01234569 02468
0 4 0 0 6 6 01 016789 0234568 012 012345679 02468
0 4 0 0 67 02456789 012 0123469 012345678 01 01234689 02468
0 4 0 0 7 7 12 0236789 0123456789 012 023679 02468
0 4 0 0 7 789 012 0123456789 012345689 01 0234689 02468
0 4 0 0 78 09 012 0123456789 0123456789 012 0234689 02468
0 4 0 0 8 012345 012 0123456789 02468 0 0 0
0 4 0 0 89 06789 012 012346789 0124689 01 023456 02468
0 4 0 0 9 0 0 01 1234678 012 012346789 023468
0 4 0 0 9 0 0 1236 012456789 012 012369 02468
0 4 0 0 9 0 0 6 4 01 012345689 02345678
0 4 0 0 9 0 0 6 45 012 0123456789 012345678
0 4 0 0 9 0 0 6 5 0 0123456 0123456789
0 4 0 0 9 0 0 6 5 01 0126789 0123456789
0 4 0 0 9 0 0 6 5 1 23456789 0123456789
0 4 0 0 9 0 0 6 56 012 0123459 0123456789
0 4 0 0 9 0 0 67 0678 01 0123456789 0123456789
0 4 0 0 9 0 01 23789 012689 012 012346789 02468
0 4 0 0 9 0 1 34 013456789 012 0234679 02468
0 4 0 0 9 0 1 4 123456789 012 01234679 02468
0 4 0 0 9 01 01 0124569 0123456789 012 012369 02468
0 4 0 0 9 12 01 0123456789 0123456789 0 0 0
0 4 0 0 9 2 012 012345689 0123456789 0 0 0
0 4 0 0 9 23 012 0123456789 0123456789 0 0 0
0 4 0 0 9 34 012 0123456789 0123456789 01 02 08
0 4 0 0 9 4 012 0123489 0123456789 01 02 08
0 4 0 0 9 45 02 012345678 0123456789 01 02 08
0 4 0 0 9 5 012 01234689 0123456789 0 0 0
0 4 0 0 9 56 02 0145 012345689 012 01234679 02468
0 4 0 0 9 6 0 12 012456789 012 012346789 02468
0 4 0 0 9 6 0 23 0123456789 012 01234689 02468
0 4 0 0 9 6 0 345 023456789 012 01234679 02468
0 4 0 0 9 67 01 01256789 01245678 012 0123469 02468
0 4 0 0 9 789 01 0123456789 012345689 012 024569 0248
0 4 0 0 9 9 0 01 0123456789 012 02346789 02468
0 4 0 0 9 9 0 12 0123456789 012 01234689 02468
0 4 0 0 9 9 0 23 0123456789 012 0124679 02468
0 4 0 0 9 9 0 345 0123456789 012 0236789 02468
0 4 0 0 9 9 0 5 3456789 012 012346789 02468
0 4 0 0 9 9 0 56 012346789 012 012346789 02468
0 4 0 0 9 9 0 67 01234679 012 012345679 02468
0 4 0 0 9 9 0 78 012389 012 0123456789 02468
0 4 0 0 9 9 0 89 013456789 012 012345679 02468
0 4 0 0 9 9 01 09 0123456789 012 012346789 02468
0 4 0 0 9 9 1 01 023456789 012 012346789 02468
0 4 0 0 9 9 1 1234 0123456789 012 01234679 02468
0 4 0 0 9 9 1 45 012456789 012 012346789 02468
0 4 0 0 9 9 1 5678 0123456789 012 0234679 02468
0 4 0 0 9 9 12 089 0123456789 012 01236789 02468
0 4 0 0 9 9 2 01 0123456789 012 012346789 02468
0 4 0 0 9 9 2 123 0123456789 012 0234679 02468
0 4 0 01 09 09 02 0345 012456789 012 0123469 02468
0 4 0 1 0 0 0 012345 023456789 01 01269 02468
0 4 0 1 0 0 0 567 0123456789 01 023469 02468
0 4 0 1 0 01 01 0123456789 012346789 012 0269 02468
0 4 0 1 0 1 01 023456789 023456789 012 02469 0248
0 4 0 1 0 123 01 0123469 023456789 01 012369 02468
0 4 0 1 0 3 0 0 012456 012 012346789 02468
0 4 0 1 0 3 0 012 02345678 012 012346789 02468
0 4 0 1 0 3 0 23 0123489 012 012346789 02468
0 4 0 1 0 3 0 3 345678 012 012346789 02468
0 4 0 1 0 3 0 345 0456789 012 012346789 02468
0 4 0 1 0 34 01 01256789 0123456789 012 012346789 02468
0 4 0 1 0 4 0 123456 0123456789 0 0 0
0 4 0 1 0 4 01 012789 0123456789 0 0 0
0 4 0 1 0 4 1 2345678 0123456789 0 0 0
0 4 0 1 0 4 12 0123489 0123456789 0 0 0
0 4 0 1 0 4567 02 012345 0123456789 0 0 0
0 4 0 1 0 7 01 01256789 0123456789 0 0 0
0 4 0 1 0 7 12 023456789 0123456789 0 0 0
0 4 0 1 0 78 012 012345 0123456789 0 0 0
0 4 0 1 0 8 12 01256789 0123456789 0 0 0
0 4 0 1 01 02389 012 0234569 0123456789 01 0269 0248
0 4 0 1 12 03456789 01 012346789 0245689 01 02679 0268
0 4 0 1 2 012345 012 023456789 023456789 0 0 0
0 4 0 1 2 56 01 012345 0123456789 01 02 08
0 4 0 1 2 678 012 01234569 0123456789 01 0269 0248
0 4 0 1 234 0123456789 012 0123456789 024568 0 0 0
0 4 0 1 45 0123456789 012 0123456789 023456789 0 0 0
0 4 0 1 56 09 01 02346789 0123456789 012 0236789 02468
0 4 0 1 6 01 012 0234569 0123456789 012 02369 02468
0 4 0 1 678 01234689 012 01234689 0123456789 0 0 0
0 4 0 12 089 012346789 012 0123456789 01245678 0 0 0
0 4 0 2 012 0123456789 01 0123456 023456789 01 02 08
0 4 0 2 2 345678 012 0123456789 012345678 0 0 0
0 4 0 2 2345 012346789 012 01234569 0245678 0 0 0
0 4 01 02 05 01234 012 01234679 0123456789 01 02469 0248
0 4 1 0 012 0123456789 012 0234569 0124678 01 02456789 01245689
0 4 1 0 2 1 2 3 234 012 02345689 0123456789
0 4 1 0 2345 1234678 012 012346789 0245678 012 0123456 012345689
0 4 1 0 56 0789 01 01269 01234689 012 0123456789 023468
0 4 1 0 6 0 0 2 4567 012 0123456789 01234568
0 4 1 0 6 0 01 123469 023456789 01 0123456789 02468
0 4 1 0 6 0 1 5 02345689 01 012345689 01245678
0 4 1 0 6 0 1 569 02689 012 0123456789 0123456789
0 4 1 0 6 0 12 01239 023456789 012 01234569 0123456789
0 4 1 0 6 0123 012 0123456789 0123456789 01 0123456 023468
0 4 1 0 6 3467 012 0245689 0124568 01 0123456789 0123456789
0 4 1 0 67 012378 012 012345689 012456789 0 0 0
0 4 1 0 7 34 012 0123456789 0123456789 0 0 0
0 4 1 0 7 45 012 01234689 012456789 01 01234569 02345689
0 4 1 0 7 56 012 0123456789 02345689 01 026 048
0 4 1 0 7 67 012 0123456789 023456789 012 02349 02468
0 4 1 0 7 78 012 0123456789 012346789 0 069 046
0 4 1 0 7 8 1 012345678 0234689 012 012349 01245678
0 4 1 0 7 8 1 8 8 012 023456789 0123456789
0 4 1 0 7 8 1 8 89 012 0123456789 0123456789
0 4 1 0 7 89 012 0123456789 0246789 02 0234 024568
0 4 1 0 7 9 01 0123456789 02456789 012 012369 012468
0 4 1 0 7 9 1 9 6789 012 01234569 0123456789
0 4 1 0 78 01249 012 01234569 012456789 01 01235679 0234568
0 4 1 0 8 4 1 34569 0123478 012 01234569 0123456789
0 4 1 0 8 4 12 09 0345689 01 0123456789 01234568
0 4 1 0 8 45 012 012678 012346789 012 01234569 024568
0 4 1 0 8 567 012 0123689 02456789 012 0249 0248
0 4 1 0 89 012789 012 0123456789 012345689 0 0 0
0 4 1 01 19 23456 012 012345679 0245689 0 0 0
0 4 1 1 123 0123456789 012 0123456789 024568 0 0 0
0 4 1 1 3 45 012 01234569 012345689 0 0 0
0 4 1 1 3 678 012 012346789 012456789 01 0123469 024678
0 4 1 1 34 0189 012 0123456789 012456789 01 0269 028
0 4 1 1 45 012346789 012 012346789 02346789 0 0 0
0 4 1 1 567 012345678 01 0123469 02345689 012 0129 02468
0 4 1 1 7 123 01 023456 024689 01 012345689 0123456789
0 4 1 1 7 3 0 0 012489 01 0123456789 0123456789
0 4 1 1 7 3 0 012 0123469 012 012456789 0245678
0 4 1 1 7 3 0 234 012346 01 0123456789 02468
0 4 1 1 7 3 0 4 3456 012 0123456789 023468
0 4 1 1 7 3 01 2456789 0246789 01 012346789 0245689
0 4 1 1 7 3 1 9 23456 012 0123456789 012345689
0 4 1 1 7 3 1 9 789 012 012345679 0123456789
0 4 1 1 7 3 12 019 023456789 012 012346789 0123456789
0 4 1 1 7 3 2 124 0123456 012 0123456789 012456789
0 4 1 1 7 3 2 4 12345 012 0123469 02345678
0 4 1 1 7 34 02 0123456 0124678 01 026789 02468
0 4 1 1 7 4 01 236 0123489 012 0123456789 01245689
0 4 1 1 7 4 1 345 23456 012 0123456789 02468
0 4 1 1 7 4 1 5 2345 012 0123456789 02468
0 4 1 1 7 45 012 0234569 012456789 012 0123456789 02468
0 4 1 1 7 5 0 0 12 012 0123456789 023456789
0 4 1 1 7 5 0 0 23 012 0123456789 012345678
0 4 1 1 7 5 0 012 345678 012 0123456789 0245689
0 4 1 1 7 5 0 234 012456789 012 0123456789 012345689
0 4 1 1 7 5 0 456 012345678 01 012345689 0246789
0 4 1 1 7 5 01 01239 012456789 01 023456789 02468
0 4 1 1 7 5 1 34 012345678 012 012346789 02468
0 4 1 1 7 5 1 456789 0124689 012 0123456 023456789
0 4 1 1 7 5 12 0129 02345678 01 01234679 02346789
0 4 1 1 7 5 2 2 23 012 0123456789 0123456789
0 4 1 1 7 5 2 2345 02346789 012 023456789 012345678
0 4 1 1 7 56 012 0123456789 0123456789 0 0 0
0 4 1 1 78 06789 012 023456789 012345689 0 0 0
0 4 1 1 8 01 012 012346789 0245689 01 012345679 01234678
0 4 1 1 8 1 1 0 5 01 0123456789 012456789
0 4 1 1 8 1 1 0126 025689 012 012346789 0123456789
0 4 1 1 8 1 1 678 0124689 01 012346789 01245678
0 4 1 1 8 1 1 8 9 01 0123456789 012345678
0 4 1 1 8 1 1 89 09 012 0123456789 0123456789
0 4 1 1 8 1 1 9 0 012 0123456789 023456789
0 4 1 1 8 1 12 09 012689 012 0123469 0123456789
0 4 1 1 8 1 2 024 02348 01 0123456789 012456789
0 4 1 1 8 1 2 4 45 012 012346789 012345689
0 4 1 1 8 1 2 4 5 01 012346789 0123456789
0 4 1 1 8 1 2 4 567 012 0123456789 0123456789
0 4 1 1 8 1 2 4 7 01 123456789 0123456789
0 4 1 1 8 123456 012 0469 045678 012 012456789 012456789
0 4 1 1 8 6789 012 012345679 01245689 012 0129 024568
0 4 1 1 89 09 02 01234 0123456789 012 024689 01245689
0 4 1 1 9 0 0 3 89 012 0123456789 0123456789
0 4 1 1 9 01 012 023456789 0124689 02 012 046
0 4 1 1 9 1 12 01269 0246789 01 012345678 0234689
0 4 1 1 9 1234 012 01234569 01245689 012 01289 0234689
0 4 1 1 9 4 0 01234678 012346789 012 01234569 024568
0 4 1 1 9 45678 012 0123689 012345689 012 0245679 0234689
0 4 1 1 9 89 012 0123456789 023456789 0 0 0
0 4 1 12 09 0129 012 0234689 012345689 01 02346789 012345689
0 4 1 2 0 2 0 34 023456789 012 01234569 024678
0 4 1 2 0 2 0 45 012456789 012 012345689 024678
0 4 1 2 0 2 01 2569 012456789 012 012345689 024568
0 4 1 2 0 23 012 0123456789 023456789 012 0129 024689
0 4 1 2 0 34 02 05 0125 012 012345679 02456789
0 4 1 2 0 4 01 0123679 0234568 01 0123456789 012346789
0 4 1 2 0 45 012 012345679 012345689 012 024569 0246789
0 4 1 2 0 5 1 5 45 012 0234569 0123456789
0 4 1 2 0 56 012 0123569 0123456789 012 01234569 0123468
0 4 1 2 0 6 12 26789 0123456789 012 0123456789 01245689
0 4 1 2 0 78 012 01234569 02456789 01 02346 024678
0 4 1 2 0 89 01 0123469 02345689 012 0123689 012456789
0 4 1 2 1 01 01 0236789 012456789 012 01236789 024689
0 4 1 2 1 12 01 029 0123468 01 012345689 012346789
0 4 1 2 1 2345 012 01234679 01234568 012 01234689 024678
0 4 1 2 1 56 012 034569 0234568 012 01234569 0123456789
0 4 1 2 1 6 12 012346789 0123456789 012 012346 01246789
0 4 1 2 1 678 012 012345689 01234568 01 01236 0246789
0 4 1 2 1 8 0 8 01234568 01 0123456789 012346789
0 4 1 2 1 8 01 01289 02456789 01 0123456789 012346789
0 4 1 2 12 089 01 012345689 0123456789 01 0256 02468
0 4 1 2 2 0 12 012345679 01246789 01 0234689 0245678
0 4 1 2 2 012 012 0123456789 01245689 01 012689 024678
0 4 1 2 2 2 01 0123456789 012456789 012 02346 0248
0 4 1 2 2 2 12 09 0245678 012 012345689 012345689
0 4 1 2 2 23 012 0123456789 01234568 0 0 0
0 4 1 2 2 3 12 0123456789 012345678 012 023469 0234689
0 4 1 2 2 345678 012 01234569 012345678 02 034 046
0 4 1 2 23 0189 012 01234569 023456789 0 0 0
0 4 1 2 3 1 012 0123456789 023456789 0 0 0
0 4 1 2 34 012 012 01345689 024568 0 0123456 012346789
0 4 1 2 4 2 1 1 2 012 012346789 0123456789
0 4 1 2 4 2 1 1 23 012 012345689 012456789
0 4 1 2 4 2 1 1 345 012 01234569 023456789
0 4 1 2 4 2 1 12 04568 012 012346789 012345689
0 4 1 2 4 23 01 012345679 0123456789 01 026789 0124568
0 4 12 02 045 0123456789 012 01246789 0245678 01 01236 02468
0 4 2 0 0 01 012 02345689 01234689 012 0123459 0234568
0 4 2 0 013456 0123468 012 0123469 0246789 01 026789 0124568
0 4 2 0 678 012348 012 023456789 0246789 0 0 0
0 4 2 0 8 234568 012 0123456789 01245689 0 0 0
0 4 2 0 9 6789 01 01234569 012345678 01 026 048
0 4 2 01 09 09 012 0123456789 0123456789 0 0 0
0 4 2 1 012 01234568 012 02345689 01234568 0 0 0
0 4 2 1 245 2345678 012 012345689 012456789 0 0 0
0 4 2 12 056789 02456789 012 01234569 0123468 0 0 0
0 4 2 2 0 0123 012 0123456789 01245689 0 0 0
0 4 2 2 0124 01234568 012 01234569 0123456789 0 0 0
0 4 23 02 045689 01245689 012 01234569 0123456789 01 02 08
0 4 3 0 9 6 0 3456789 0123456789 01 0123469 0234689
0 4 3 01 09 02346789 012 0123469 012456789 0 0 0
0 4 3 1 0 9 0 1234567 0123456789 0 0 0
0 4 3 1 012 023456789 01 012689 0123456789 0 0 0
0 4 3 1 23 01289 012 012369 024568 0 012345 01234568
0 4 3 1 3 2 0 1 2 012 0123456789 012345689
0 4 3 1 3 2 0 1 23 02 012345 0123456789
0 4 3 1 3 2 0 1 3 01 0123456789 0123456789
0 4 3 1 3 2 0 12 0346 012 012346789 0123456789
0 4 3 1 3 2 0 234 01234568 012 0123456789 01246789
0 4 3 1 3 2 0 45678 0123456789 01 01236789 02456789
0 4 3 1 34 23456 012 0123689 012346789 01 0236 0248
0 4 3 1 45 2678 01 0123456 0123456789 0 01 018
0 4 3 1 5 2 01 01456789 0123456789 01 01236 02468
0 4 3 1 5 2 1 12345678 0123456789 0 0 0
0 4 3 1 5 23456789 012 0129 012468 012 0123469 02345689
0 4 3 1 5 9 0 2367 02456789 012 01234689 012468
0 4 3 1 56 09 01 012789 0123456789 01 01236 0234568
0 4 3 1 6 012345678 01 01234679 012456789 0 013 02468
0 4 3 1 6 8 0 12345678 0123456789 01 01236 012468
0 4 3 1 6 8 01 012345689 0123456789 0 0 0
0 4 3 1 6 89 012 012346789 0123456789 0 0 0
0 4 3 1 67 01239 012 0123469 0123456789 0 0 0
0 4 3 1 7 4 0 012345678 0123456789 01 02 08
0 4 3 1 7 4 01 0123489 0123456789 01 01236 02468
0 4 3 1 7 4 12 0123456789 0123456789 01 02 08
0 4 3 1 7 45 02 012345 0123456789 0 0 0
0 4 3 1 7 5 01 0156789 0123456789 0 0 0
0 4 3 1 7 5 1 1234567 0123456789 0 0 0
0 4 3 1 7 5 12 0124789 0123456789 01 012346 02468
0 4 3 12 012789 0123456789 012 012356789 0245678 0 0 0
0 4 3 2 2 4 0 1234567 0123456789 012 0123456789 02468
0 4 3 2 2 4 0 7 6789 012 0123456789 02468
0 4 3 2 2 4 01 01789 012456789 012 0123456789 02468
0 4 3 2 2 45 012 0123456789 012456789 0 0 0
0 4 3 2 2 5 0 012345678 0123456789 012 012369 0245689
0 4 3 2 2 5 01 0123456789 0123456789 01 01236 024568
0 4 3 2 2 56 012 012345789 0123456789 0 0 0
0 4 3 2 2 67 012 0123456789 012456789 01 0269 0468
0 4 3 2 2 78 012 0123456789 01246789 0 0 0
0 4 3 2 2 8 01 0123456789 012456789 01 02689 012468
0 4 3 2 2 89 02 012345678 012456789 0 0 0
0 4 3 2 2 9 01 0189 0246789 01 0123456789 01245678
0 4 3 2 2 9 1 123456 012345689 012 0123689 012345689
0 4 3 2 23 09 012 0123456789 02345678 0 0 0
0 4 3 2 3 0 01 012345789 012345689 012 012369 0123468
0 4 3 2 3 0 12 056789 012345689 01 0123469 0124678
0 4 3 2 3 01 012 0123456789 0123456789 012 029 04678
0 4 3 2 3 1 12 012346789 0123456789 0 0 0
0 4 3 2 3 126789 012 023456789 0123456789 0 0 0
0 4 3 2 3 9 12 0123456789 012345689 0 0 0
0 4 3 2 34 09 02 012345678 012345689 01 01236 0124678
0 4 3 2 4 0 012 012345689 0123456789 0 0 0
0 4 3 2 4 1 01 0123456789 012346789 01 02346 023468
0 4 3 2 4 1 1 123456 024689 012 0123456789 012456789
0 4 3 2 4 12 012 0123456789 01234568 0 0 0
0 4 3 2 4 23 012 0123456789 0123456789 0 0 0
0 4 3 2 4 3 01 0123456789 01234689 0 0 0
0 4 3 2 4 345 012 0123456789 02345689 0 0 0
0 4 3 2 4 5 01 0123456789 0123456789 0 0 0
0 4 3 2 4 5 12 01289 0123456789 01 01236789 01234568
0 4 3 2 4 56 012 01234569 012345689 012 02459 02348
0 4 3 2 4 67 012 0123456789 0123456789 0 0 0
0 4 3 2 4 7 01 03456789 01234689 012 01234569 0124568
0 4 3 2 4 7 1 012 0124689 012 01236789 012345678
0 4 3 2 4 78 012 012345679 0245689 02 034 0234689
0 4 3 2 4 8 012 0123456789 012346789 0 0 0
0 4 3 2 4 89 012 0123456789 023456789 0 0 0
0 4 3 2 45 09 012 0123456789 012346789 01 02 08
0 4 3 2 5 0 01 0123456789 012456789 0 0 0
0 4 3 2 5 01 012 0123456789 0123456789 0 0 0
0 4 3 2 5 1 01 03456789 012345678 012 012345689 024568
0 4 3 2 5 1 1 01234567 0123456789 012 0234569 0123468
0 4 3 2 5 1 12 0123489 01245678 012 01234569 024678
0 4 3 2 5 12 02 012345678 012345689 01 02346 02468
0 4 3 2 5 2 01 0123456789 012456789 012 02456789 023468
0 4 3 2 5 234 012 0123456789 012345689 0 0 0
0 4 3 2 5 4 01 0123456789 0234678 0 0 0
0 4 3 2 5 45 012 0123459 02345678 01 01269 0234678
0 4 3 2 5 5 0 5 7 01 0123456789 0123456789
0 4 3 2 5 5 01 0156789 01234678 012 02456789 0123456789
0 4 3 2 5 5 1 123456 01246789 012 0123689 012345678
0 4 34 02 05 015 012 0123456789 01234689 012 029 024678
0 4 4 0 0 123 01 012345689 01245689 01 0236 0248
0 4 4 0 0 345 01 0123456789 0123456789 01 029 02348
0 4 4 0 01 056789 01 0123469 01245689 01 01236 02468
0 4 4 0 1 0123456 012 01234569 012456789 0 0 0
0 4 4 0 12 06789 01 0123456 01245689 012 012459 0234689
0 4 4 0 2 0124567 012 01234679 0123456789 0 0 0
0 4 4 0 2 7 01 2346 0123456789 01 0123689 024568
0 4 4 0 23 078 012 012349 012345689 01 01236 01234568
0 4 4 0 3 0 0 012345 0123456789 0 0 0
0 4 4 0 3 0 01 056789 0123456789 0 01 012468
0 4 4 0 3 01 01 012 0123456789 01 0236 0248
0 4 4 0 3 1 0 345 0123456789 012 0123456789 0124568
0 4 4 0 3 1 01 056789 0123456789 012 012356 023468
0 4 4 0 3 1 1 012 0123456789 012 01234569 0234678
0 4 4 0 3 1 1 2345678 0123456789 012 02469 01248
0 4 4 0 3 1 12 089 0123456789 012 0123469 0234678
0 4 4 0 3 1 2 0123 0123456789 012 0123469 0245678
0 4 4 0 3 12 02 0134567 0123456789 0 01236 024689
0 4 4 0 3 2 0 789 012456789 012 01234569 012345678
0 4 4 0 3 2 01 01234569 0123456789 0 0 0
0 4 4 0 3 2 1 6789 0123456789 012 012346789 012345689
0 4 4 0 3 2 1 9 23467 012 012346789 0123456789
0 4 4 0 3 23 012 01234569 0123456789 01 012346 02468
0 4 4 0 34 0345678 012 01234569 023456789 0 0 0
0 4 4 0 4 012345678 01 0123679 01246789 0 0 0
0 4 4 0 45 0234689 012 012346789 01246789 01 026789 02468
0 4 4 0 56 01678 012 01269 024689 0 0123456 0123456789
0 4 4 0 6 1 0 0 0 01 012456789 0123456789
0 4 4 0 6 1 0 0 01234 01 0123456789 02345678
0 4 4 0 6 1 0 01 06789 012 0123456789 02468
0 4 4 0 6 1 0 12 02456789 012 012346789 02468
0 4 4 0 6 1 0 2 01234567 012 012346789 02468
0 4 4 0 6 1 01 23456789 0123456789 01 0234689 02468
0 4 4 0 6 12 012 012345679 012345689 01 01236 012468
0 4 4 0 6 23 01 01236 01234568 0 012345678 012345678
0 4 4 0 6 3 0 0 0 01 01234589 0123456789
0 4 4 0 6 3 0 0 0123 01 0123456789 01246789
0 4 4 0 6 3 0 0 346789 012 0123456789 02468
0 4 4 0 6 3 0 01 012459 012 0123456789 02468
0 4 4 0 6 3 0 12 06789 012 012346789 02468
0 4 4 0 6 3 0 23 012348 012 012346789 02468
0 4 4 0 6 3 01 123456789 0123456789 01 02369 02468
0 4 4 0 67 01345689 012 01234569 023456789 01 02 08
0 4 4 0 789 01234678 01 0123456 01245678 01 02369 0248
0 4 4 01 09 02345689 012 0123456789 023456789 0 0 0
0 4 4 1 012 0123489 01 0123456789 0124689 0 0 0
0 4 4 1 23 0456789 012 01234569 0123456789 01 01269 02468
0 4 4 1 3 0123 012 0123456789 01234568 01 01234569 012468
0 4 4 1 3 34 01 0123456 012345689 01 01236 023468
0 4 4 1 3 45 01 0123456789 02345689 01 0123689 02468
0 4 4 1 3 56 012 0123456789 012456789 01 01236 02468
0 4 4 1 3 678 012 023456789 012456789 01 0234679 02468
0 4 4 1 34 0124589 01 01234569 01234689 01 01269 023468
0 4 4 1 45 0123678 01 0126789 0124678 01 0123679 012468
0 4 4 1 56 01345689 012 023456789 023456789 01 01236 02468
0 4 4 1 6 124568 012 012345689 0123456789 0 0 0
0 4 4 1 67 012489 012 0123456789 02345678 012 0269 0248
0 4 4 1 78 02345678 01 012345689 01234678 01 01236 02468
0 4 45 012 0289 01234568 012 012346789 012456789 0 0 0
0 4 5 0 0 34 01 0123456789 023456789 0 0 0
0 4 5 0 0 4 12 0123456789 012345689 0 0 0
0 4 5 0 0 45 02 01234567 023456789 01 01234569 012468
0 4 5 0 0 5 01 0123456789 0123456789 012 0123469 012345689
0 4 5 0 0 56 012 0123456789 01234568 0 0 0
0 4 5 0 0 67 012 0123456789 0245689 0 0 0
0 4 5 0 0 7 01 0123456789 012345678 0 0 0
0 4 5 0 0 78 012 01234589 0124678 01 0123469 0124568
0 4 5 0 0 8 0 12345678 0123456789 01 012369 023468
0 4 5 0 0 8 01 0123456789 0123456789 0 0 0
0 4 5 0 0 8 12 01234789 0123456789 0 0 0
0 4 5 0 0 89 02 012345 0123456789 012 02346789 0234678
0 4 5 0 0 9 01 0123456789 0123456789 0 0 0
0 4 5 0 0 9 12 0123456789 0123456789 01 023456 02468
0 4 5 0 01 09 02 012345 0123456789 01 02 08
0 4 5 0 1 0 01 0123456789 01246789 0 0 0
0 4 5 0 1 0 12 0123456789 0123456789 0 0 0
0 4 5 0 1 01 02 012345678 0123456789 0 0 0
0 4 5 0 1 1 01 089 012345678 0 0123456 0123456789
0 4 5 0 1 1 1 0 7 01 0123456789 0123456789
0 4 5 0 1 1 1 0 7 12 0123456789 0123456789
0 4 5 0 1 1 12 0123456789 0123456789 02 05 0245
0 4 5 0 1 12 02 012345 012346789 012 0234679 01246789
0 4 5 0 1 2 0 2345 02456789 01 012346789 0123456789
0 4 5 0 1 2 01 056789 012346789 01 01236789 024678
0 4 5 0 1 2 1 0123456 0123456789 01 01236 023468
0 4 5 0 1 2 12 012346789 0123456789 0 0 0
0 4 5 0 1 23 02 0123456789 0123456789 0 0 0
0 4 5 0 1 3 01 0129 01246789 012 01234689 0245689
0 4 5 0 1 3 12 023456789 0123456789 01 03469 02456
0 4 5 0 1 34 02 012345 012345678 0 0 0
0 4 5 0 1 4 01 016789 0123456789 01 012345689 01234689
0 4 5 0 1 4 1 123456789 012345678 012 0234569 012468
0 4 5 0 1 45 02 012345 012346789 01 01234689 02468
0 4 5 0 1 5 0 23456 0123456789 012 01234569 02346789
0 4 5 0 1 5 01 0126789 0123456789 01 01234569 012468
0 4 5 0 1 5 1 2345678 0123456789 01 012346 02468
0 4 5 0 1 5 12 01234589 0123456789 012 0123469 01246789
0 4 5 0 13 2356 012 0123456789 0123456789 0 0 0
0 4 5 0 3 3468 02 0124 0123456789 01 03469 024689
0 4 5 0 3 8 0 234 0123456789 012 01234569 01234568
0 4 5 0 3 8 0 56789 0123456789 01 012369 0124568
0 4 5 0 3 8 01 0123459 0123456789 0 0 0
0 4 5 0 3 8 1 56789 0123456789 01 0234679 024689
0 4 5 0 3 8 12 012349 0123456789 0 0 0
0 4 5 0 3 89 02 0145 0123456789 012 0123469 024678
0 4 5 0 3 9 0 1234567 0123456789 0 0 0
0 4 5 0 3 9 01 012789 0123456789 0 0 0
0 4 5 0 3 9 1 2345678 0123456789 0 0 0
0 4 5 0 3 9 12 0189 0123456789 01 023456789 02468
0 4 5 0 34 09 012 012345689 0123456789 0 0 0
0 4 5 0 4 01 012 01234569 0123456789 0 0 0
0 4 5 0 4 1 012 0123456789 023468 01 012679 02468
0 4 5 0 4 12 012 0123456789 0123456789 01 09 02
0 4 5 0 4 2 12 0123456789 0123456789 0 0 0
0 4 5 0 4 23 02 0123456 0123456789 0 0 0
0 4 5 0 4 3 01 0123456789 0123456789 0 0 0
0 4 5 0 4 345 012 012345679 012346789 0 0 0
0 4 5 0 4 5 12 012456789 0123456789 01 01236 024689
0 4 5 0 45 234568 012 012345689 0123456789 0 0 0
0 4 5 0 5 456 01 0123456789 0123456789 0 0 0
0 4 5 0 5 67 012 0123456789 0123456789 0 0 0
0 4 5 0 5 7 01 0123456789 012468 0 0 0
0 4 5 0 5 78 012 012345689 012346789 01 01236 02468
0 4 5 0 5 89 012 0123456789 0123456789 0 0 0
0 4 5 0 5 9 01 0123456789 0123456789 0 0 0
0 4 5 0 56 09 01 0123456789 0123456789 0 0 0
0 4 5 0 6 01 012 012345689 0123456789 0 0 0
0 4 5 0 6 1 01 0123456789 0123456789 01 0269 028
0 4 5 0 6 12 012 0123456789 0123456789 0 0 0
0 4 5 0 6 23 012 012346789 012345689 012 012346789 02468
0 4 5 0 6 34 012 0123456789 01234568 012 0129 0124689
0 4 5 0 6 4 01 0123456789 023456789 01 01236 01234568
0 4 5 0 6 45 012 0123456789 012345689 0 0 0
0 4 5 0 6 5 01 012356789 023456789 012 01269 012468
0 4 5 0 6 56 012 0123456789 012345689 02 034 0248
0 4 5 0 6 6 0 23456789 0123456789 01 01236 024678
0 4 5 0 6 6 01 01234569 0123456789 012 012369 0246789
0 4 5 0 6 6 12 016789 0123456789 01 01234569 01245678
0 4 5 0 6 67 02 01234567 0123456789 0 0 0
0 4 5 0 6 7 01 0123456789 0123456789 0 0 0
0 4 5 0 6 7 12 0123456789 0123456789 0 012 0678
0 4 5 0 6 78 02 012345 0123456789 012 02345689 0124568
0 4 5 0 67 089 01 0123456789 0123456789 0 0 0
0 4 5 0 7 0 012 0123456789 023468 0 0 0
0 4 5 0 7 01 012 0123456789 01245678 01 01269 024568
0 4 5 0 7 12 012 0123456789 012346789 0 0 0
0 4 5 0 7 23 01 012456789 0123456789 0 0 0
0 4 5 0 7 34 01 01456789 0123456789 01 026789 0245689
0 4 5 0 7 4 0 2345 0123456789 012 0123469 02468
0 4 5 0 7 456 012 0123456789 0123456789 02 024 048
0 4 5 0 7 678 012 0123456789 024689 0 0 0
0 4 5 0 78 089 012 01234569 023456789 012 01236789 02345689
0 4 5 0 8 0 01 0123456789 0123456789 01 01236 012468
0 4 5 0 8 0 1 012345678 0123456789 012 02689 024689
0 4 5 0 8 0 12 0123489 0123456789 012 01234569 01245678
0 4 5 0 8 01 02 0123456 0123456789 01 023469 012468
0 4 5 0 8 1 01 01234789 0123456789 01 026789 024568
0 4 5 0 8 12 012 0123456789 012345689 0 0 0
0 4 5 0 8 2 0 1 23 01 0123456789 023456789
0 4 5 0 8 2 0 123456789 0123456789 012 02349 0245678
0 4 5 0 8 2 12 0123456789 0123456789 0 0 0
0 4 5 0 8 23 02 012345 0123456789 0 0 0
0 4 5 0 8 3 01 03456789 01246789 012 0234569 01245689
0 4 5 0 8 3 12 0123456789 0123456789 0 0 0
0 4 5 0 8 34 02 012345678 0123456789 0 0 0
0 4 5 0 8 4 01 0189 012346789 012 0123469 01234678
0 4 5 0 8 4 1 1234 012345689 012 01234569 01246789
0 4 5 0 8 4 12 0123456789 0123456789 01 0236 0248
0 4 5 0 8 45 02 01234567 012345678 0 0 0
0 4 5 0 8 5 01 01789 0123456789 012 01246789 0245678
0 4 5 0 8 5 12 0123456789 012456789 01 02 08
0 4 5 0 8 56 02 012345 0123456789 0 0 0
0 4 5 0 8 6 01 0156789 012345678 01 012346 0124568
0 4 5 0 8 6 1 1234567 0123456789 01 0123469 0123468
0 4 5 0 8 67 012 012345789 0123456789 0 0 0
0 4 5 0 8 7 01 0123456789 0123456789 0 0 0
0 4 5 0 8 7 1 234567 012345678 012 023459 024678
0 4 5 0 8 7 12 01234789 0123456789 01 02345 012468
0 4 5 0 8 78 02 0145 012345689 01 012346789 0123468
0 4 5 0 8 8 0 12345 0123456789 012 01234569 02468
0 4 5 0 8 8 01 01256789 0123456789 01 02689 012468
0 4 5 0 8 8 1 2345678 012456789 01 012346 012468
0 4 5 0 8 8 12 01234589 0123456789 0 01 0248
0 4 5 0 8 8 2 5 23 012 0123456789 02468
0 4 5 0 8 89 02 01234567 0123456789 01 0456789 02468
0 4 5 0 8 9 01 01789 012456789 012 012346789 02468
0 4 5 0 8 9 1 123456 0234689 012 012345689 023468
0 4 5 0 8 9 12 012346789 0123456789 01 023469 024678
0 4 5 0 89 09 02 012345 0123456789 01 0123456 02468
0 4 5 0 9 0 01 01256789 0123456789 012 02469 024568
0 4 5 0 9 01 012 0123456789 0123456789 0 0 0
0 4 5 0 9 1 0 0123456 0123456789 01 023469 023468
0 4 5 0 9 1 01 0123456789 0123456789 0 0 0
0 4 5 0 9 1 12 0123456789 0123456789 01 02 08
0 4 5 0 9 12 02 012345678 0123456789 01 01236 012468
0 4 5 0 9 2 01 0123489 0123456789 012 012345689 0124689
0 4 5 0 9 2 12 012456789 0123456789 01 023469 024689
0 4 5 0 9 2 2 234 01269 012 0123456789 0123456789
0 4 5 0 9 23 02 01234567 0123456789 012 02345 02458
0 4 5 0 9 3 01 0123489 0123456789 012 0123469 01234678
0 4 5 0 9 3 12 01456789 012345689 01 01236 0234678
0 4 5 0 9 34 02 012345 0123456789 0 0 0
0 4 5 0 9 4 01 0123456789 0123456789 0 0 0
0 4 5 0 9 4 12 01234789 0123456789 012 01234679 02468
0 4 5 0 9 45 02 0145 0123456789 012 0123456789 024689
0 4 5 0 9 5 0 234 0123456789 012 01234569 0245689
0 4 5 0 9 5 0 456 0124569 012 0123456789 02345689
0 4 5 0 9 5 01 01236789 023456789 01 0234569 024568
0 4 5 0 9 5 1 3456 0124568 01 0123456789 012345678
0 4 5 0 9 5 1 6 01 012 0123456789 01245678
0 4 5 0 9 5 12 06789 0123456789 012 01234569 0124568
0 4 5 01 19 256 02 0123456 0123456789 0 0 0
0 4 5 1 1 2 01 012345789 012345678 01 0123456 0246789
0 4 5 1 1 23 012 0123456789 01234568 01 0269 0248
0 4 5 1 1 3 01 0123456789 0234568 01 023469 024689
0 4 5 1 1 34 012 0123456789 02456789 0 0 0
0 4 5 1 1 4 01 0123456789 0123456789 0 0 0
0 4 5 1 1 45 012 01234589 0123456789 01 012369 024678
0 4 5 1 1 5 01 0123456789 0123456789 0 0 0
0 4 5 1 1 56 012 0123456789 0123456789 01 01236 024678
0 4 5 1 1 6 01 0123456789 02345689 01 026789 02468
0 4 5 1 1 6 12 012346789 012345689 012 0123469 02468
0 4 5 1 1 67 02 0123456789 0123456789 0 0345 02678
0 4 5 1 1 7 01 012349 0123456789 012 01256789 01234689
0 4 5 1 1 78 012 0123456789 012456789 0 0 0
0 4 5 1 1 8 012 0123456789 0246789 0 0689 02348
0 4 5 1 1 89 02 012345 02456789 012 0123469 0124689
0 4 5 1 1 9 012 0123456789 012346789 0 0 0
0 4 5 1 12 09 012 0123456789 0123456789 0 0 0
0 4 5 1 2 0 12 0123456789 0123456789 0 0 0
0 4 5 1 2 01 012 0123456789 012345678 0 0 0
0 4 5 1 2 12 012 0123456789 0123456789 0 0 0
0 4 5 1 2 23 012 01234569 0123456789 0 0 0
0 4 5 1 2 3 01 01234689 01246789 012 01236789 012345689
0 4 5 1 2 34 012 0123456789 01234568 0 0 0
0 4 5 1 2 4 012 0123456789 02345689 0 0 0
0 4 5 1 2 45 012 0123456789 02345678 0 0 0
0 4 5 1 2 56 012 0123456789 0245678 01 01236 012468
0 4 5 1 2 6 01 0123456789 023456789 012 02459 012348
0 4 5 1 2 67 012 0123456789 02345678 0 0 0
0 4 5 1 2 7 012 0123456789 02345689 01 01236 024678
0 4 5 1 2 78 02 012345 0123456789 012 02349 0248
0 4 5 1 2 8 01 01236789 0123456789 01 012369 024689
0 4 5 1 2 8 1 34567 0123456789 01 0123456789 0124568
0 4 5 1 2 89 012 012345789 0123456789 01 069 02
0 4 5 1 2 9 0 2345 02345678 01 0123456 012346789
0 4 5 1 2 9 01 056789 0123456789 01 01236789 0234689
0 4 5 1 2 9 1 012345678 0123456789 0 0 0
0 4 5 1 23 09 012 01234589 0123456789 01 02 08
0 4 5 1 3 0 01 0123456789 0123456789 0 0 0
0 4 5 1 3 0 12 023456789 0123456789 0 03 02
0 4 5 1 3 01 02 012345 01234568 01 012456789 012346789
0 4 5 1 3 1 0 1234567 012345678 012 01234679 0234678
0 4 5 1 3 1 01 0123456789 0123456789 01 029 028
0 4 5 1 3 1 12 012789 0123456789 012 02346789 02345689
0 4 5 1 3 12 02 012345 0123456789 012 02349 0234689
0 4 5 1 3 2 0 456789 0123456789 0 012346789 01246789
0 4 5 1 3 2 01 012349 0123456789 01 0123469 0123456789
0 4 5 1 3 2 12 012356789 0123456789 0 0123 01246
0 4 5 1 3 23 02 012345 0123456789 01 0246789 02345678
0 4 5 1 3 3 01 01456789 012345678 012 01234569 02468
0 4 5 1 3 3 1 12345678 0123456789 01 012469 012468
0 4 5 1 3 34 012 01234589 0123456789 01 02 08
0 4 5 1 3 4 0 0123 012346789 012 0123456789 012345678
0 4 5 1 3 4 01 03456789 0123456789 01 012789 045689
0 4 5 1 3 4 1 012345678 0123456789 01 0236 0248
0 4 5 1 3 4 1 89 0129 012 01234569 01245678
0 4 5 1 3 45 012 0123459 0123456789 0 0 0
0 4 5 1 3 5 01 0123456789 012456789 01 01269 02468
0 4 5 1 3 5 1 3456789 0123456789 0 013 0268
0 4 5 1 3 5 12 0129 012456789 012 0123456789 023456789
0 4 5 1 3 56 02 012345 0123456789 01 01236789 023468
0 4 5 1 3 6 01 0123456789 01246789 01 02345679 024689
0 4 5 1 3 6 1 0123 012456789 01 012346 012345678
0 4 5 1 3 6 12 03456789 0123456789 01 0123689 024678
0 4 5 1 3 67 02 012345 012346789 012 0123469 0234568
0 4 5 1 3 7 0 01234567 012345689 02 01236 0124678
0 4 5 1 3 7 01 0789 012456789 012 0123456789 01245678
0 4 5 1 3 7 1 0123456 0123456789 01 01236 0123468
0 4 5 1 3 7 12 016789 0123456789 01 01234569 024568
0 4 5 1 3 78 02 012345 0123456789 01 01236 0234568
0 4 5 1 3 8 01 023456789 0123456789 01 0123456789 02468
0 4 5 1 3 8 1 012345 01245678 012 012345689 012468
0 4 5 1 3 8 12 01236789 012345689 01 02346789 0124678
0 4 5 1 3 8 2 345 02345689 012 01246789 023468
0 4 5 1 3 9 0 012345 0123456789 01 012346789 024689
0 4 5 1 3 9 01 0123456789 012345678 01 02689 02468
0 4 5 1 3 9 12 0123456789 0123456789 0 01 04568
0 4 5 1 34 09 02 01234567 0123456789 01 0236 0248
0 4 5 1 4 0 01 0789 0124689 01 0123456 0123456789
0 4 5 1 4 0 1 0 0 01 0126789 0123456789
0 4 5 1 4 0 1 0 0 1 2345678 0123456789
0 4 5 1 4 0 1 0 01 012 0123459 0123456789
0 4 5 1 4 0 1 0 12 01 0123456 0123456789
0 4 5 1 4 0 1 0 2 01 012345789 012345678
0 4 5 1 4 0 1 0 2 12 012356789 0123456789
0 4 5 1 4 0 1 012345678 012345678 02 0345 0123456789
0 4 5 1 4 01 012 01234589 0123456789 0 0 0
0 4 5 1 4 1 0 23456 0123456789 012 02459 0246789
0 4 5 1 4 1 01 0123456789 0123456789 012 0129 02468
0 4 5 1 4 1 1 56789 02456789 01 01236789 0234689
0 4 5 1 4 12 012 0123459 0123456789 012 02349 01248
0 4 5 1 4 2 01 0123456789 0123456789 0 0 0
0 4 5 1 4 2 12 0123456789 0123456789 01 026 048
0 4 5 1 4 23 02 012345 012456789 01 01236 02468
0 4 5 1 4 3 01 01456789 0123456789 01 012369 02468
0 4 5 1 4 3 1 23456789 0123456789 01 01236 02468
0 4 5 1 4 34 012 0123459 012346789 0 0 0
0 4 5 1 4 4 01 0123456789 023456789 0 0 0
0 4 5 1 4 45 012 0123459 0123456789 0 0 0
0 4 5 1 4 5 0 123 01234678 012 012345679 02345678
0 4 5 1 4 5 01 0123456789 0123456789 01 0289 068
0 4 5 1 4 5 12 0123456789 0123456789 0 0 0
0 4 5 1 4 56 02 01234567 0123456789 01 01236 023468
0 4 5 1 4 6 01 0123456789 0123456789 0 0 0
0 4 5 1 4 6 12 0189 01234678 01 0123456789 01245678
0 4 5 1 4 67 02 012345 0123456789 01 01236 012468
0 4 5 1 4 7 01 0123456789 0123456789 0 0 0
0 4 5 1 4 7 1 123456789 0123456789 01 012345 024568
0 4 5 1 4 78 012 0123459 0123456789 01 0126789 02456789
0 4 5 1 4 8 0 01 0126789 012 012346789 0234689
0 4 5 1 4 8 0 123456789 0123456789 01 012369 012468
0 4 5 1 4 8 01 012345679 0123456789 0 01 089
0 4 5 1 4 8 1 7 23 01 012346789 023456789
0 4 5 1 4 8 12 0789 02345689 012 012346789 0123456789
0 4 5 1 4 89 02 012345 0123456789 01 02 08
0 4 5 1 4 9 01 0123456789 0123456789 0 0 0
0 4 5 1 4 9 12 0123456789 0123456789 0 0 0
0 4 5 1 45 09 02 012345 012345678 01 0123469 01246789
0 4 5 1 5 0 0 01234 023456789 01 012345679 012345678
0 4 5 1 5 0 0 45 012469 012 0123456789 023456789
0 4 5 1 5 0 0 56 023456789 01 0123456789 0123456789
0 4 5 1 5 0 01 0123456789 0123456789 0 0 0
0 4 5 1 5 01 012 0123456789 0123456789 0 0 0
0 4 5 1 5 1 0 012345 012456789 012 01234569 024568
0 4 5 1 5 1 01 0123456789 0123456789 01 02 048
0 4 5 1 5 1 1 45678 0123456789 012 012346789 02345689
0 4 5 1 5 12 012 01234589 012345678 02 01234 0245689
0 4 5 1 5 2 01 0123456789 0123456789 0 0 0
0 4 5 1 5 2 12 0123456789 0123456789 0 0 0
0 4 5 1 5 23 02 012345 0123456789 01 0123456 023468
0 4 5 1 5 3 0 01234567 0123456789 01 01236789 02468
0 4 5 1 5 3 0 8 012 012 0123456789 02468
0 4 5 1 5 3 0 8 23 012 0123456789 02468
0 4 5 1 5 3 0 8 3 012 0123456789 012468
0 4 5 1 5 3 01 01234589 0123456789 012 02345679 024678
0 4 5 1 5 34 012 0123456789 0123456789 0 0 0
0 4 5 1 5 4 0 012345678 0123456789 0 0134 0268
0 4 5 1 5 4 01 0123456789 0123456789 01 026 048
0 4 5 1 5 4 12 0123489 0123456789 01 01269 012468
0 4 5 1 5 45 02 045 023459 012 01234569 0123456789
0 4 5 1 5 5 0 0123456 0123456789 012 0234569 023468
0 4 5 1 5 5 01 0123456789 0123456789 01 023689 02468
0 4 5 1 5 5 12 01256789 0123456789 01 0123679 01245678
0 4 5 1 5 56 02 012345 0123456789 012 0123489 012345689
0 4 5 1 5 6 01 0123456789 023456789 01 01236 023468
0 4 5 1 5 6 12 0123456789 0123456789 0 0 0
0 4 5 1 5 67 02 012345 0123456789 01 01236 024689
0 4 5 1 5 7 01 0123456789 023456789 012 0234569 0248
0 4 5 1 5 78 012 0123456789 01245689 0 0 0
0 4 5 1 5 8 01 0123456789 0123456789 0 0 0
0 4 5 1 5 8 12 0123456789 0123456789 0 0 0
0 4 5 1 5 89 02 01245 0123456789 012 0123469 0123468
0 4 5 1 5 9 0 2345678 0123456789 01 023456789 02468
0 4 5 1 5 9 01 012349 0123456789 01 01236 012346789
0 4 5 1 5 9 1 4 23 012 012345689 0123456789
0 4 5 1 5 9 1 4 3489 012 012346789 012456789
0 4 5 1 5 9 12 0123456789 012345678 012 0245689 0245689
0 4 5 1 56 09 012 0123456789 0124689 0 0 0
0 4 5 1 6 01 012 0123456789 0245678 0 0 0
0 4 5 1 6 12 012 0123456789 012345689 0 0 0
0 4 5 1 6 2 01 0123456789 02456789 0 0 0
0 4 5 1 6 23 012 0123456789 0124568 0 0 0
0 4 5 1 6 3 012 0123456789 0234689 0 0 0
0 4 5 1 6 34 012 0123456789 012346789 0 0 0
0 4 5 1 6 45 012 0123456789 01246789 0 0 0
0 4 5 1 6 5 01 0123456789 012345678 0 0 0
0 4 5 1 6 56 012 0123456789 01234689 0 0 0
0 4 5 1 6 6 012 0123456789 012456789 0 0 0
0 4 5 1 6 67 012 0123456789 0124678 0 0 0
0 4 5 1 6 78 012 0123456789 023456789 012 0124569 02468
0 4 5 1 6 8 01 0123456789 01245678 0 0 0
0 4 5 1 6 89 012 0123456789 0124678 0 0 0
0 4 5 1 6 9 012 0123456789 0123456789 0 0 0
0 4 5 1 67 09 012 0123456789 01234568 01 0169 0246
0 4 5 1 7 0 12 0123456789 023456789 01 02346789 02345678
0 4 5 1 7 01 02 01234567 0123456789 01 01269 02468
0 4 5 1 7 1 01 0123456789 0123456789 0 0 0
0 4 5 1 7 12 012 0123456789 0124689 0 0 0
0 4 5 1 7 2 12 0123456789 012456789 0 0 0
0 4 5 1 7 23 012 0123456789 0123456789 0 0 0
0 4 5 1 7 34 012 0123456789 012456789 0 0 0
0 4 5 1 7 4 01 0123456789 0245689 0 0 0
0 4 5 1 7 45 012 0123456789 0123456789 0 0 0
0 4 5 1 7 5 012 0123456789 012456789 0 0 0
0 4 5 1 7 56 012 0123456789 0245689 0 0 0
0 4 5 1 7 67 012 0123456789 012345689 0 0 0
0 4 5 1 7 7 01 0123456789 02345689 0 0 0
0 4 5 1 7 78 012 0123456789 01246789 0 0 0
0 4 5 1 7 8 012 0123456789 023456789 0 0 0
0 4 5 1 7 89 02 012345678 012346789 0 0 0
0 4 5 1 7 9 012 0123456789 0234689 0 0 0
0 4 5 1 78 09 012 0123456789 0124568 012 0249 0248
0 4 5 1 8 01 012 0123456789 023456789 0 0 0
0 4 5 1 8 1 01 0123456789 02345678 0 0 0
0 4 5 1 8 12 012 0123456789 0123456789 0 0 0
0 4 5 1 8 2 01 0123456789 012346789 0 0 0
0 4 5 1 8 23 012 0123456789 0123468 0 0 0
0 4 5 1 8 3 12 0123456789 02346789 0 0 0
0 4 5 1 8 34 012 0123456789 0234678 0 0 0
0 4 5 1 8 45 012 0123456789 012346789 0 0 0
0 4 5 1 8 5 01 0123789 0234689 012 012345689 0245678
0 4 5 1 8 5 12 0123456789 012456789 012 02469 01248
0 4 5 1 8 56 012 0123456789 02456789 0 0 0
0 4 5 1 8 67 012 0123456789 023456789 0 0 0
0 4 5 1 8 7 012 0123456789 0124689 0 0 0
0 4 5 1 8 78 012 0123456789 0245689 0 0 0
0 4 5 1 8 89 012 0123456789 0234689 0 0 0
0 4 5 1 8 9 01 0123456789 01246789 0 0 0
0 4 5 1 89 09 012 0123456789 02345689 0 0 0
0 4 5 1 9 0 012 0123456789 01245678 0 0 0
0 4 5 1 9 01 012 0123456789 023456789 0 0 0
0 4 5 1 9 12 012 0123456789 0123456789 0 0 0
0 4 5 1 9 2 01 0123456789 023456789 0 0 0
0 4 5 1 9 234 012 01234589 0123456789 0 0 0
0 4 5 1 9 4 0 123456 0123456789 012 029 024678
0 4 5 1 9 45 01 0126789 0123456789 0 0 0
0 4 5 1 9 5 0 1234567 0123456789 012 024569 0234568
0 4 5 1 9 5 01 01234789 0123456789 01 01269 024568
0 4 5 1 9 5 12 0156789 012346789 0 0 0
0 4 5 1 9 56 02 0123456 0123456789 0 0 0
0 4 5 1 9 6 01 0123456789 0123456789 0 0 0
0 4 5 1 9 67 012 0123459 0123456789 0 0 0
0 4 5 1 9 7 01 01236789 0123456789 0 0 0
0 4 5 1 9 78 012 023456789 012345678 01 012369 02468
0 4 5 1 9 8 0 0123456789 0123456789 0 0 0
0 4 5 1 9 8 01 012346789 0123456789 0 0 0
0 4 5 1 9 89 012 023459 012456789 01 0126789 02468
0 4 5 1 9 9 1 567 012345678 01 012346 012456789
0 4 5 12 09 09 012 012345789 0123456789 0 0 0
0 4 5 2 0 0 01 012345689 012345689 01 012346 0124568
0 4 5 2 0 01 012 012346789 0123456789 012 01289 0124568
0 4 5 2 0 1 01 0123456789 0123456789 0 0 0
0 4 5 2 0 12 012 0123456789 0123456789 01 02 08
0 4 5 2 0 2 12 0126789 0123456789 01 0126789 02468
0 4 5 2 0 23 012 01234569 0123456789 01 024569 02468
0 4 5 2 0 34 02 01234567 0123456789 0 0 0
0 4 5 2 0 45 012 0123456789 0123456789 0 0 0
0 4 5 2 0 5 01 0123456789 0123456789 0 0 0
0 4 5 2 0 56 012 012345679 0123456789 0 0 0
0 4 5 2 0 67 01 0123456789 0123456789 0 0 0
0 4 5 2 0 78 012 012345679 0123456789 0 0 0
0 4 5 2 12 0126 01 0123456 023456789 012 01234569 0234568
0 4 5 2 2 12 012 0123456789 012345689 012 0129 02468
0 4 5 2 2 23 02 012346 012345689 012 0123456789 0124689
0 4 5 2 2 3 012 0126789 0123456789 01 01236 02468
0 4 5 2 2 34 02 012345 023456789 01 0123469 0123468
0 4 5 2 2 4 012 0123456789 0123456789 0 0 0
0 4 5 2 2 45 02 01234567 012345689 0 0134 023468
0 4 5 2 2 5 012 0123456789 01245689 01 026 048
0 4 5 2 2 56 012 0123456789 012456789 0 0 0
0 4 5 2 2 67 012 0123456789 023456789 0 0 0
0 4 5 2 2 7 01 0123456789 01234689 0 0 0
0 4 5 2 2 78 012 0123456789 02345678 0 0 0
0 4 5 2 2 8 012 0123456789 0234678 0 0 0
0 4 5 2 2 9 01 0123456789 0245678 01 023456 02468
0 4 5 2 23 09 012 0123456789 012345678 0 0 0
0 4 5 2 3 0 012 0123456789 0234678 0 0 0
0 4 5 2 3 01 02 01234567 02345678 01 01236 023468
0 4 5 2 3 1 012 0123456789 02346789 0 0 0
0 4 5 2 3 12 012 0123456789 024689 0 0 0
0 4 5 2 3 23 012 0123456789 0124678 0 0 0
0 4 5 2 3 3 12 0123456789 0234568 0 0 0
0 4 5 2 3 4 01 0123456789 012345678 0 0 0
0 4 5 2 3 45 012 0123456789 02345689 0 0 0
0 4 5 2 3 5 012 0123456789 012345689 0 0 0
0 4 5 2 3 56 02 0123456789 01234678 012 0249 0245678
0 4 5 2 3 6 012 0123456789 012345678 02 045 0289
0 4 5 2 3 67 012 0123456789 023468 0 0 0
0 4 5 2 3 78 012 0123456789 0123468 0 0 0
0 4 5 2 3 89 012 0123456789 0246789 0 0 0
0 4 5 2 3 9 01 0123456789 02345678 0 0 0
0 4 5 2 34 089 012 0123456789 012345678 0 0 0
0 4 5 2 4 8 01 0123456789 0123456789 012 01234679 02468
0 4 5 2 4 89 012 0123456789 012345689 0 0 0
0 4 5 2 4 9 012 012346789 0123456789 0 0 0
0 4 5 2 45 09 012 0123456789 0124678 01 01236 012468
0 4 5 2 5 0 1 5 67 012 0123456789 012345689
0 4 5 2 5 01 012 0123456789 0123456789 01 02 08
0 4 5 2 5 1 01 023456789 024678 01 012346789 023456789
0 4 5 2 5 1 1 0 4567 012 01234569 0123456789
0 4 5 2 5 1 1 01 0126789 012 012346789 012346789
0 4 5 2 5 12 012 0123456789 01246789 0 0 0
0 4 5 2 5 2 1 5678 0246 012 023456789 0123456789
0 4 5 2 5 23 012 01234589 012345689 012 0234569 023456789
0 4 5 2 5 34 012 012345689 012456789 0 0 0
0 4 5 2 5 45 012 01234569 023456789 012 01234679 0123468
0 4 56 02 05 015 012 01234569 012345689 0 0 0
0 4 6 0 0 1 01 0123456789 0123456789 0 0 0
0 4 6 0 0 1 12 0123456789 0123456789 0 0 0
0 4 6 0 0 123 012 0123456789 0123456789 0 0 0
0 4 6 0 0 3 012 0123456789 0123456789 0 0 0
0 4 6 0 0 345678 012 01234569 0123456789 0 0 0
0 4 6 0 0 8 01 013456789 0123456789 0 0 0
0 4 6 0 0 8 1 1234567 012346789 01 01236789 0124678
0 4 6 0 01 089 012 01234589 0123456789 0 0 0
0 4 6 0 1 0123456 012 0123456789 023456789 0 0 0
0 4 6 0 1 6 01 0123456789 0123456789 012 0234569 02456789
0 4 6 0 1 67 012 0123456789 0123456789 0 0 0
0 4 6 0 1 7 12 0123456789 0246789 01 013456789 01245689
0 4 6 0 1 7 2 3 2345689 012 0123456789 012456789
0 4 6 0 1 78 012 0123456789 0123456789 01 02 08
0 4 6 0 1 8 1 67 012348 012 023456789 01245689
0 4 6 0 1 8 1 7 345 012 0123456789 0123456789
0 4 6 0 1 89 012 0123456789 01245678 012 029 024568
0 4 6 0 1 9 01 09 026789 01 012346789 0123456789
0 4 6 0 1 9 1 0123456 023468 012 02345689 02345678
0 4 6 0 1 9 1 6 45 012 0123456789 023456789
0 4 6 0 1 9 12 06789 0124568 012 01234679 0123456789
0 4 6 0 12 09 012 0123456789 0123456789 01 0269 028
0 4 6 0 2 0 12 012456789 012345689 01 0123469 0245678
0 4 6 0 2 0 2 4 012 012 0123456789 0123468
0 4 6 0 2 0 2 4 23456 012 012345679 024678
0 4 6 0 2 0 2 4 67 012 0123456789 0123456789
0 4 6 0 2 0 2 45 0123789 012 0123456789 0124678
0 4 6 0 2 0 2 5 34 01 012346789 0123456789
0 4 6 0 2 0 2 5 45 012 0123456789 012346789
0 4 6 0 2 01 02 0125 0123456 012 0123456789 0123456789
0 4 6 0 2 1 01 0123456789 0123456789 01 01236 02468
0 4 6 0 2 12 012 0123456789 0123456789 01 01236 02468
0 4 6 0 2 23 012 0123456789 0123456789 0 0 0
0 4 6 0 2 34 012 0123456789 0123456789 012 029 0248
0 4 6 0 2 45678 01 012456789 012456789 0 0 0
0 4 6 0 2 8 012 0123456789 0123456789 0 0 0
0 4 6 0 2 89 02 0123456789 0123456789 01 026 048
0 4 6 0 2 9 012 0123456789 02345678 01 0234689 024689
0 4 6 0 23 09 012 0123456789 01234689 01 01269 0245689
0 4 6 0 3 01 012 0123456789 012456789 0 0 0
0 4 6 0 3 1 012 0123456789 0123456789 01 02679 0124568
0 4 6 0 3 12 012 012345679 0123456789 01 01269 024568
0 4 6 0 3 23 012 0123456789 0123456789 0 0 04568
0 4 6 0 3 3 0 6 56 012 0123456789 0245689
0 4 6 0 3 3 0 6 67 012 0123456789 012345678
0 4 6 0 3 3 0 6 78 012 012345679 01246789
0 4 6 0 3 3 0 67 089 012 0123456789 0123468
0 4 6 0 3 3 0 7 0 012 012346789 0123456789
0 4 6 0 3 3 0 7 012 012 0123456789 02468
0 4 6 0 3 3 0 7 234 012 0123456789 023456789
0 4 6 0 3 3 0 7 4567 012 0123456789 012345678
0 4 6 0 3 3 0 7 78 012 0123456789 0123456789
0 4 6 0 3 3 0 7 89 012 0123456789 0124689
0 4 6 0 3 3 0 78 019 012 0123456789 01245689
0 4 6 0 3 3 0 8 12 012 0123456789 012345678
0 4 6 0 3 3 0 8 23 012 0123456789 02456789
0 4 6 0 3 3 0 8 34 012 0123456789 023456789
0 4 6 0 3 3 0 8 45 012 0123456789 0123456789
0 4 6 0 3 3 0 8 56 012 0123456789 012345678
0 4 6 0 3 3 0 8 67 012 0123456789 012346789
0 4 6 0 3 3 0 8 789 012 0123456789 01245678
0 4 6 0 3 3 0 89 09 012 0123456789 01245689
0 4 6 0 3 3 0 9 0123 012 0123456789 023468
0 4 6 0 3 34 012 02369 0234568 012 0123456789 0246789
0 4 6 0 3 4 0 34567 0123456789 012 02456789 024678
0 4 6 0 3 4 012 0123456789 012345689 01 026789 024678
0 4 6 0 3 456 012 012346789 0123456789 0 0 0
0 4 6 0 3 67 012 012369 0123456789 01 012369 0234568
0 4 6 0 3 78 012 01234569 0123456789 0 0 0
0 4 6 0 34 089 012 012369 0245678 01 0123456789 02468
0 4 6 0 4 012345 012 012456789 0123456789 0 0 0
0 4 6 0 4 5 012 0123456789 01234689 0 0 0
0 4 6 0 4 5678 012 0123456789 01245678 0 0 0
0 4 6 0 4 89 012 0123456789 0123456789 0 0 0
0 4 6 0 45 0129 012 012345679 012345678 0 0 0
0 4 6 0 5 2345 012 012346789 01245678 0 0 0
0 4 6 0 5 56789 012 01234569 0234689 012 0123469 0246789
0 4 6 0 56 019 01 01234567 01246789 012 02345679 0123468
0 4 6 0 6 123 012 0123456789 0123456789 0 0 0
0 4 6 01 06789 012346789 012 0123456789 02345689 0 0 0
0 4 6 1 0 012 012 0123456789 0123456789 0 0 0
0 4 6 1 0 23 012 0123456789 0123456789 0 0 0
0 4 6 1 0 45 01 024689 02345678 01 02456789 012346789
0 4 6 1 0 5 12 2456789 0234568 01 0123456789 02346789
0 4 6 1 0 567 012 012349 0245689 01 026789 012468
0 4 6 1 0 7 012 12369 245678 012 0123456789 0124678
0 4 6 1 0 78 02 01234 01246789 012 01234569 01234568
0 4 6 1 012 0124689 012 01234569 01234568 0 0 0
0 4 6 1 234 0123456789 012 024679 0234678 0 0 0
0 4 6 1 4 8 012 012346789 0123456789 0 067 0246
0 4 6 1 4 89 02 0123456 0123468 012 0123456789 012468
0 4 6 1 45 09 012 012346789 0123456789 01 01236 024568
0 4 6 1 5 01 012 0123456789 0123456789 0 0 0
0 4 6 1 56 012468 012 012346789 0123456789 0 0 0
0 4 6 1 6 123 012 01234569 0123456789 01 012 0468
0 4 6 1 6 3 0 5 456 012 0123456789 02345689
0 4 6 1 6 34 01 01245689 012346789 012 012345689 0245689
0 4 6 1 6 456 01 012456789 012345689 01 01236 02468
0 4 6 1 67 02678 012 012345679 01246789 0 0 0
0 4 6 1 7 23 012 01236789 0123456789 0 0 0
0 4 6 1 7 34 012 0123456789 012346789 0 0 0
0 4 6 1 7 45 012 012345689 0123456789 0 0 0
0 4 6 1 78 02568 012 0123456789 0123456789 01 0236 0248
0 4 6 1 8 2 01 0123456789 01246789 012 0123456789 024568
0 4 6 1 8 23 012 01234789 0123456789 012 01234689 012468
0 4 6 1 8 3 0 23456 01234689 01 0123456789 02345689
0 4 6 1 8 3 01 0123456789 0123456789 01 026 048
0 4 6 1 89 03456789 012 012346789 0234678 0 0 0
0 4 6 1 9 01 012 0123456789 0123456789 0 0 0
0 4 6 1 9 23 0 0 01 01 0123456789 012345689
0 4 6 1 9 3 0 0 123 012 012346789 012345678
0 4 6 1 9 3 0 0 345 012 01234689 012345689
0 4 6 1 9 3 0 0 56 012 0123456789 0123456789
0 4 6 1 9 3 0 01345 0126789 012 0123456789 012346789
0 4 6 1 9 3 0 5 123 012 012346789 02345689
0 4 6 1 9 3 0 5 3 01 012345689 0123456789
0 4 6 1 9 3 0 5 34 012 012456789 0123456789
0 4 6 1 9 3 0 5 4 01 123456789 0123456789
0 4 6 1 9 3 01 2569 24568 012 0123456789 0123456789
0 4 6 1 9 3 1 9 234 012 0123456789 012345678
0 4 6 1 9 3 1 9 56789 01 012345689 023456789
0 4 6 1 9 3 12 09 09 012 0123456789 0123456789
0 4 6 1 9 3 2 0 01 01 0123456789 0123456789
0 4 6 1 9 3 2 0 1 12 0123456789 0123456789
0 4 6 1 9 3 2 0 12 02 01234567 0123456789
0 4 6 1 9 3 2 0 2 01 012346789 0123456789
0 4 6 1 9 3467 012 012345689 023468 012 012349 012456789
0 4 6 12 09 02789 012 0123456789 012346789 0 0 0
0 4 6 2 0 2 0 234567 0123456789 01 02 08
0 4 6 2 0 2 012 0123456789 012456789 01 029 028
0 4 6 2 0 23 02 012345 0123456789 02 0245 02458
0 4 6 2 0 3 0 456789 0123456789 0 068 04
0 4 6 2 0 3 01 0123459 0123456789 01 01289 0123468
0 4 6 2 0 3 12 056789 0123456789 0 0 0
0 4 6 2 01 01234689 012 0123456 0123456789 0 0 0
0 4 6 2 1 3456789 012 0123456789 012456789 0 0 0
0 4 6 2 1 9 01 0123456789 012346789 0 0 0
0 4 6 2 12 01234569 012 0123456789 0234689 01 0245 02348
0 4 6 2 2 67 012 0123456789 0123456789 01 0569 0246
0 4 6 2 2 7 0 01234567 01245678 012 0123469 0234689
0 4 6 2 2 7 01 0123456789 0234568 01 023456789 023456789
0 4 6 2 2 7 12 0126789 01234568 012 012345679 0234568
0 4 6 2 2 78 012 0123456789 0123456789 012 02459 02489
0 4 6 2 2 89 012 0123456789 0123456789 0 0 0
0 4 6 2 23 019 012 0123456789 01234568 0 0 0234
0 4 6 2 3 12 012 0123456789 012456789 01 01236 02468
0 4 6 2 3 2 012 0123456789 01245689 012 02349 02489
0 4 6 2 3 234 012 01234569 012345689 012 0234679 0234568
0 4 6 2 3 45 012 012345679 0123456789 0 0 0
0 4 6 2 3 5 01 0123456789 0123456789 01 02369 02468
0 4 6 2 3 56 012 012346789 0123456789 01 01269 024689
0 4 6 2 3 678 012 01234569 0123456789 0 0 0
0 4 6 2 3 8 012 0123456789 012345689 012 012679 02468
0 4 6 2 34 0189 012 0123456789 02345689 0 0 0
0 4 6 2 4 123 01 012345679 0123456789 0 0 0
0 4 6 2 4 3 01 0123789 02346789 012 01234569 02345678
0 4 6 2 4 3 12 013456789 0123456789 0 0 0
0 4 6 2 4 34 02 0123456 0123456789 01 026 048
0 4 6 2 4 456 012 0123456789 0123456789 0 0 0
0 4 6 2 4 6 01 012346789 02345678 01 012345689 012345689
0 4 6 2 4 67 01 0123456789 012345689 01 023469 024678
0 4 6 2 4 78 012 0123469 0123456789 01 01236 02468
0 4 6 2 4 89 012 012345689 0123456789 012 026789 024689
0 4 6 2 45 019 012 0123456789 02456789 01 029 028
0 4 6 2 5 12 012 0123456789 0123456789 0 0 0
0 4 6 2 5 23 012 012345689 0123456789 0 0 0
0 4 6 2 5 34 012 023456789 0123456789 01 0123469 0123468
0 4 6 2 5 4 01 0123456789 012456789 01 02346 02468
0 4 6 2 5 45 012 0123489 02456789 01 01236789 012456789
0 4 6 2 5 5 01 0123456789 0123456789 01 02345679 01245678
0 4 6 2 5 5 1 3456789 0246789 012 012345689 012345678
0 4 67 02 05 025 012 012349 012468 012 012345679 02345678
0 4 7 0 01 012345689 01 012345689 0123456789 0 0 0
0 4 7 0 12 049 012 0123456789 0123456789 0 0 0
0 4 7 0 234 023456789 012 012345689 01234568 0 0 0
0 4 7 0 4 5678 01 01234569 0123456789 0 0 0
0 4 7 0 45 012349 01 0123456789 0124568 0 0 0
0 4 7 0 567 02345678 012 012346789 0123456789 0 0 0
0 4 7 0 7 3 01 123456789 012345678 0 0 0
0 4 7 0 78 013456789 012 012345689 012345689 0 0 0
0 4 7 0 8 123456789 012 0123456789 01234568 0 0 0
0 4 7 0 8 9 01 06789 0123456789 012 0124569 012468
0 4 7 01 12346789 01246789 012 01234679 01234678 01 01236 02468
0 4 7 12 023789 012456789 012 012345689 0246789 0 0 0
0 4 7 2 3 124567 012 0123469 012345689 0 0 0
0 4 7 2 34 012456789 012 01234569 012456789 0 0 0
0 4 7 2 4 6 0 2345678 0123456789 01 0234678 02468
0 4 7 2 4 6 01 0123456789 0123456789 01 089 0268
0 4 78 02 0345 0123456789 012 012346789 023468 0 0 0
0 4 8 0 4 04 01 0123456789 01234568 0 0 0
0 4 8 0 4 45 012 012345679 0123456789 0 0 0
0 4 8 0 4 5 12 012356789 0123456789 0 0 0
0 4 8 0 4 56 012 012456789 0123456789 0 0 0
0 4 8 0 4 67 02 012345678 0123456789 0 0 0
0 4 8 012 02469 012346789 012 01234589 012345689 01 01236 02468
0 4 8 2 0 12345 012 01236789 0123456789 01 01269 02468
0 4 8 2 0 5 0 345678 0123456789 0 0 0
0 4 8 2 0 5 01 012389 0123456789 0 0 0
0 4 8 2 0 5 1 3456789 0123456789 0 0 0
0 4 8 2 0 5 12 012349 0123456789 0 0 0
0 4 8 2 0 5678 012 0123456 0123456789 0 0 0
0 4 8 2 0 8 012 012346789 0123456789 0 0 0
0 4 8 2 01 01289 012 0123459 0123456789 0 0 0
0 4 8 2 1 2 01 234567 0123456789 0 0 0
0 4 8 2 1 23 01 01234589 0123456789 0 0 0
0 4 89 02 01245 012345689 012 01234569 0123456789 01 029 028
0 4 9 0 0 0 01 123456789 0123456789 012 012346789 02468
0 4 9 0 0 0124567 012 0123456789 0124678 0 0 0
0 4 9 0 01 01789 01 012346 0123456789 01 0123456 0234568
0 4 9 0 1 1245 01 012346789 012456789 0 0 0
0 4 9 0 134 02456 012 01234689 01234678 0 0346 0123468
0 4 9 0 45 0568 01 01236 0234568 01 0123456789 0123456789
0 4 9 0 56 01246 012 0123456789 01234568 0 0 0
0 4 9 0 6 4 01 0123456789 0123456789 0 0 0
0 4 9 0 6 4 12 0123456789 0123456789 0 0 0
0 4 9 0 6 45 012 01234569 0123456789 0 0 0
0 4 9 0 67 0125678 012 012346789 0123456789 0 0 0
0 4 9 0 7 2 0 123456789 023456789 0 0 0
0 4 9 0 7 2 12 0123456789 0123456789 0 0 0
0 4 9 0 7 23 02 0123456 0123456789 0 0 0
0 4 9 0 7 3 01 0123456789 0123456789 0 0 0
0 4 9 0 7 345 012 012345789 023456789 0 0 0
0 4 9 0 7 5 01 0123456789 0123456789 0 0 0
0 4 9 0 7 5 1 0123456789 0123456789 0 0 0
0 4 9 0 7 5689 012 012345679 0123456789 0 0 0
0 4 9 0 78 049 012 023456789 012346789 0 0 0
0 4 9 0 8 45 012 0123459 0123456789 0 0 0
0 4 9 0 89 5678 012 01234569 0123456789 0 0 0
0 4 9 0 9 67 012 0123456789 0123456789 0 0 0
0 4 9 01 09 01234789 012 012345679 0234568 0 0 0
0 4 9 1 0 456789 012 0123456789 01234568 0 0 0
0 4 9 1 012 01246789 012 012346789 0123456789 0 0 0
0 4 9 1 234 02689 012 01236789 0123456789 0 0 0
0 4 9 1 4 23 012 0123456789 02468 0 0 0
0 4 9 1 45 02346789 012 02345689 0123456789 01 0123469 02468
0 4 9 1 5 67 01 0123456789 01234568 0 0 0
0 4 9 12 05679 026789 012 0123456789 02468 0 0 0
0 4 9 2 0 01234 012 0123456789 01246789 0 0 0
0 4 9 2 0 456 012 0123456789 01234689 0 0 0
0 4 9 2 0 67 012 01234569 0123456789 0 0 0
0 4 9 2 01 0278 012 01246789 0123456789 0 0 0
0 4 9 2 1 23 02 01234 023456789 012 01234569 024568
0 4 9 2 1 345 012 0123456789 0123456789 01 02 08
0 4 9 2 12 012456789 012 012345679 024678 0 0 0
0 4 9 2 23 09 012 0123456789 012345689 0 0 0
0 4 9 2 3 01 012 0123456789 02346789 0 06 04
0 4 9 2 3 1 0 4 4567 012 012346789 012346789
0 4 9 2 3 1 0 4567 01246789 012 02345679 02345678
0 4 9 2 3 1 0 789 012345689 012 012346789 012345678
0 4 9 2 3 126 012 0123456789 0123456789 0 0 0
0 4 9 2 3 678 012 012345679 0123456789 0 0 0
0 4 9 2 34 023456789 012 01234679 012456789 0 0 0
0 4 9 2 4 89 012 012345679 01245678 0 0 0
0 4 9 2 45 02459 012 0123456789 023456789 01 0123689 012468
0 45 09 02 05 05 012 01234569 012345689 01 023456 0123456789
0 5 0 0 0 12 01 0123456789 02456789 0 0 0
0 5 0 0 0 2 012 0123456789 0123456789 012 029 0248
0 5 0 0 0 23 02 01234567 0234568 01 026789 02468
0 5 0 0 0 3 01 0123456789 0123456789 0 069 0468
0 5 0 0 0 3456 012 0123456789 012345678 01 0129 012489
0 5 0 0 0 67 012 0123456789 012456789 0 0 0
0 5 0 0 0 7 0 012345 012456789 01 01236789 012346789
0 5 0 0 0 7 0 5678 0123456789 01 012345679 01246789
0 5 0 0 0 7 012 0123456789 023456789 01 0123456 02468
0 5 0 0 012 06789 02 012345 02345689 01 012369 0124678
0 5 0 0 2 01 012 0123456789 01234568 0 0 0
0 5 0 0 23 0123489 012 012346789 024689 0 0 0
0 5 0 0 3 0 012 0123456789 0123456789 0 0 0
0 5 0 0 3 01 012 0123456789 0123456789 0 0 0
0 5 0 0 3 123 012 0123456789 0123456789 01 01269 02468
0 5 0 0 3 3456789 012 012346789 01245689 0 0 0
0 5 0 0 345 012345689 012 01234569 02345689 0 0 0
0 5 0 0 5 012345678 012 02345679 012345689 0 0 0
0 5 0 0 5 8 01 0123456789 01234568 0 0 0
0 5 0 0 5 8 12 0123456789 012345689 0 0 0
0 5 0 0 5 89 02 0123456789 012345689 0 0 0
0 5 0 0 5 9 01 0123456789 0123456789 0 0 0
0 5 0 0 56 0239 012 0123456789 02345689 0 0 0
0 5 0 0 678 0123456 012 02346789 012345678 0 0 0
0 5 0 0 8 1234 012 0123456789 0123456789 0 0 0
0 5 0 0 89 235678 012 0123456789 024568 0 0 0
0 5 0 0 9 3467 012 012345679 023456789 0 03456 02346789
0 5 0 0 9 7 0 1 6 01 0123456789 0123456789
0 5 0 0 9 7 0 1 67 012 012346789 0123456789
0 5 0 01 09 0789 01 012369 0245678 012 02345679 01246789
0 5 0 1 0 0123456 012 0123456789 012345689 0 0 0
0 5 0 1 01 012346789 012 012346789 0234568 0 0 0
0 5 0 1 1 4 0 012345 0123456789 0 0 0
0 5 0 1 1 4 01 0156789 0123456789 0 0 0
0 5 0 1 1 4 1 12345678 0123456789 01 026 048
0 5 0 1 1 45 012 012345689 0123456789 0 012345 024689
0 5 0 1 1 5 0 8 6789 01 023456789 0123456789
0 5 0 1 1 5 0 89 09 01 01234569 0123456789
0 5 0 1 1 5 0 9 0 012 0123456789 0123456789
0 5 0 1 1 5 0 9 1 01 012345689 0123456789
0 5 0 1 1 5 012 01245679 0123456789 012 01234679 01234689
0 5 0 1 1 567 012 012346789 012345678 0 0 0
0 5 0 1 1 7 01 023456789 0123456789 0 0 0
0 5 0 1 1 78 012 0123456789 0123456789 0 0 0
0 5 0 1 1 8 12 0123489 0123456789 0 0 0
0 5 0 1 12 0189 012 012345679 012345689 0 0 0
0 5 0 1 2 123 012 0123456789 01246789 0 0 0
0 5 0 1 24 345678 012 012346789 01234678 0 0 0
0 5 0 1 4 45 012 0123456789 0123456789 0 0 0
0 5 0 1 4 567 012 0123456789 012345689 0 0 0
0 5 0 1 4 789 012 012346789 02456789 0 0 0
0 5 0 1 45 09 012 0123456789 012456789 0 0 0
0 5 0 1 5 12 012 012345689 012345689 0 0 0
0 5 0 1 56 0234689 012 01234569 0123456789 0 0 0
0 5 0 1 67 09 012 012345689 0123456789 0 0 0
0 5 0 1 7 12 012 0123456789 0123456789 0 0 0
0 5 0 1 7 2345 012 012346789 012346789 0 0 0
0 5 0 12 079 0256 01 0123456789 0123456789 0 0 0
0 5 0 2 0 01 012 012345689 012345689 0 0 0
0 5 0 2 0 1 012 012346789 012346789 0 0 0
0 5 0 2 0 12 02 01234567 0123456789 0 0 0
0 5 0 2 0 2 012 0123456789 0123456789 0 0 0
0 5 0 2 0 23 02 012345678 0123456789 0 0 0
0 5 0 2 0 3 012 012346789 0123456789 0 0 0
0 5 0 2 0 34 012 0123456789 012346789 0 0 0
0 5 0 2 0 4 1 0123456789 0123456789 0 0 0
0 5 0 2 0 45 012 0123459 0123456789 0 0 0
0 5 0 2 0 5 012 0123456789 0123456789 0 0 0
0 5 0 2 0 56 012 0123456789 0123456789 0 0 0
0 5 0 2 0 67 012 012345679 012345689 0 0 0
0 5 0 2 0 7 012 01236789 0123456789 0 0 0
0 5 0 2 01 678 02 0123456789 0123456789 0 0 0
0 5 0 2 1 6 012 012345679 0123456789 01 02679 012468
0 5 0 2 1 67 02 0123456789 012346789 0 0 0
0 5 0 2 1 78 012 0123456789 023456789 0 0 0
0 5 0 2 1 8 012 012346789 0123456789 0 0 0
0 5 0 2 1 89 012 012345689 0123456789 0 0 0
0 5 0 2 12 09 01 0123456789 0123456789 01 023469 02468
0 5 0 2 2 0 012 012346789 0123456789 0 0 0
0 5 0 2 2 012 012 012345679 023456789 0 0 0
0 5 0 2 2 2 01 01234569 0123456789 0 0 0
0 5 0 2 2 23 01 023456789 023456789 0 0 0
0 5 0 2 2 34 02 0123456 012345678 0 0 0
0 5 0 2 2 4 012 0123456789 0123456789 0 0 0
0 5 0 2 2 45 012 0123456789 0123456789 0 0 0
0 5 0 2 2 56 012 0123456789 0123456789 0 0 0
0 5 0 2 2 6 01 0123456789 0123456789 0 0 0
0 5 0 2 2 67 012 0123456789 0123456789 0 0 0
0 5 0 2 2 7 12 0123456789 012346789 0 0 0
0 5 0 2 2 78 012 0123456789 0123456789 0 0 0
0 5 0 2 2 89 012 0123456789 0123456789 0 0 0
0 5 0 2 2 9 012 0123456789 0123456789 0 0 0
0 5 0 2 23 09 012 012346789 012346789 0 0 0
0 5 0 2 3 01 012 0123456789 0123456789 0 0 0
0 5 0 2 3 12 012 012345689 0123456789 0 0 0
0 5 0 2 3 2 01 012345689 0123456789 0 0 0
0 5 0 2 3 23 012 023456789 0123456789 0 0 0
0 5 0 2 3 3 012 0123456789 0123456789 0 0 0
0 5 0 2 3 34 02 0123456 0123456789 0 0 0
0 5 0 2 3 4 012 0123456789 0123456789 0 0 0
0 5 0 2 3 45 012 0123456789 0123456789 0 0 0
0 5 0 2 3 5 12 0123456789 0123456789 0 0 0
0 5 0 2 3 56 012 0123456789 012456789 0 0 0
0 5 0 2 3 67 012 01234569 0123456789 0 0 0
0 5 0 2 3 7 01 0123456789 012346789 0 0 0
0 5 0 2 3 78 012 0123456789 0123456789 0 0 0
0 5 0 2 3 8 012 0123456789 0123456789 0 0 0
0 5 0 2 3 89 012 012345689 0123456789 0 0 0
0 5 01 02 034 0123459 012 0123456789 012345689 0 0 0
0 5 1 0 0 5 0 0123456 0123456789 0 0 0
0 5 1 0 01 05689 012 02456789 0123456789 012 0123459 012346789
0 5 1 0 1 0 0 0 0 012 012456789 0123456789
0 5 1 0 1 0 0 0 01 012 0123456789 01245689
0 5 1 0 1 0 0 0 12 012 0123456789 01234568
0 5 1 0 1 0 0 0 23 012 0123456789 0123456789
0 5 1 0 1 0 0 0 3 012 0123456789 02345678
0 5 1 0 1 0 0 0 34 012 0123456789 0123456789
0 5 1 0 1 0 0 0 45 012 012345679 0123456789
0 5 1 0 1 0 0 0 56 012 0123456789 0123456789
0 5 1 0 1 0 0 0 67 012 0123456789 0124678
0 5 1 0 1 0 0 0 78 012 012345679 0123456789
0 5 1 0 1 0 0 0 89 012 0123456789 01234689
0 5 1 0 1 0 0 0 9 012 0123456789 0123456789
0 5 1 0 1 0 0 01 09 012 0123456789 0123456789
0 5 1 0 1 0 0 1 01 012 0123456789 012456789
0 5 1 0 1 0 0 1 12 012 01234569 012345689
0 5 1 0 1 0 0 1 2 012 0123456789 0123456789
0 5 1 0 1 0 0 1 23 012 0123456789 01234568
0 5 1 0 1 0 0 1 34 012 0123456789 0123456789
0 5 1 0 1 0 0 1 4 012 0123456789 0123456789
0 5 1 0 1 0 0 1 45 012 0123456789 0123456789
0 5 1 0 1 0 0 1 56 012 01245679 0123456789
0 5 1 0 1 0 0 1 67 012 012345679 0123456789
0 5 1 0 1 0 0 1 7 01 0123456789 012345678
0 5 1 0 1 0 0 1 78 012 012345789 0123456789
0 5 1 0 1 0 0 1 89 012 0123456789 012345678
0 5 1 0 1 0 0 1 9 01 0123456789 0123456789
0 5 1 0 1 0 0 12 019 012 012345689 012345678
0 5 1 0 1 0 0 2 12 012 012345679 023456789
0 5 1 0 1 0 0 2 2 012 0123456789 023456789
0 5 1 0 1 0 0 2 23 012 0123456789 0123456789
0 5 1 0 1 0 0 2 34 012 023456789 0123456789
0 5 1 0 1 0 0 2 45 012 0123456789 012345678
0 5 1 0 1 0 0 2 56 012 0123456789 012345678
0 5 1 0 1 0 0 2 6 01 0123456789 0123456789
0 5 1 0 1 0 0 2 67 012 0123456789 012345678
0 5 1 0 1 0 0 2 7 012 0123456789 0123456789
0 5 1 0 1 0 0 23 278 012 012346789 0123456789
0 5 1 0 1 0 0 3 23 012 0123456789 012456789
0 5 1 0 1 0 0 3 3 01 0123456789 0123456789
0 5 1 0 1 0 0 3 34 012 012346789 0123456789
0 5 1 0 1 0 0 3 45 012 012345679 023456789
0 5 1 0 1 0 0 3 5 01 0123456789 0123456789
0 5 1 0 1 0 0 3 56 012 012345789 0123456789
0 5 1 0 1 0 0 3 67 012 012346789 02345689
0 5 1 0 1 0 0 3 7 012 0123456789 0123456789
0 5 1 0 1 0 0 3 78 012 0123456789 012456789
0 5 1 0 1 0 0 3 89 012 0123456789 0123456789
0 5 1 0 1 0 0 34 09 012 0123456789 02345678
0 5 1 0 1 0 0 4 01 012 0123459 0123456789
0 5 1 0 1 0 0 4 1 012 0123456789 012346789
0 5 1 0 1 0 0 4 123 012 0123456789 01245678
0 5 1 0 1 0 0 4 34 01 0123456789 0123456789
0 5 1 0 1 0 0 4 45 012 012345689 0123456789
0 5 1 0 1 0 0 4 567 012 0123456789 02456789
0 5 1 0 1 0 0 4 78 012 0123456789 0123456789
0 5 1 0 1 0 0 4 89 012 01234569 0123456789
0 5 1 0 1 0 0 45 09 012 0123456789 0123456789
0 5 1 0 1 0 0 5 01 012 0123456789 012345678
0 5 1 0 1 0 0 5 12345 012 012345679 0123456789
0 5 1 0 1 012345 01 0124569 024568 012 012345689 01234689
0 5 1 0 1 5 1 4 456 012 0123456789 012345689
0 5 1 0 1 5 1 4 678 012 0123456789 01245689
0 5 1 0 1 5 1 45 089 01 0123456789 02345678
0 5 1 0 1 5 1 5 01 012 0123456789 0124568
0 5 1 0 1 5 1 5 23 012 0123456789 01245678
0 5 1 0 1 5 1 5 34 012 0123456789 0234568
0 5 1 0 1 5 1 5 45 012 0123456789 012456789
0 5 1 0 1 5 1 5 67 012 012345679 0234689
0 5 1 0 123 0245689 01 034569 0246789 012 023456789 0245678
0 5 1 0 3 234678 01 012456789 023456789 01 02689 0468
0 5 1 0 3 8 0 2367 023456789 012 023456789 02468
0 5 1 0 3 8 0 789 0123456789 012 012346789 012468
0 5 1 0 3 8 01 012679 023456789 01 0123456789 0234678
0 5 1 0 3 8 12 019 012489 012 0123456789 023456789
0 5 1 0 34 089 02 0124 0124568 012 0123456789 01234689
0 5 1 0 45 012348 012 0123456789 01245689 01 02 08
0 5 1 0 56 01246789 012 012346789 0123456789 01 02 08
0 5 1 0 6 4568 02 012345 0245689 01 012346789 02345678
0 5 1 0 6 8 01 256789 023456789 012 0123469 01234689
0 5 1 0 6 8 12 0129 012345689 012 012346789 02468
0 5 1 0 67 0124589 012 012346789 023456789 01 0123678 02468
0 5 1 0 7 5 12 01679 012345678 012 0123456789 012468
0 5 1 0 7 567 012 012346789 012456789 012 01256789 024689
0 5 1 0 7 7 12 2349 0245678 012 0123456789 0245678
0 5 1 0 78 0123789 012 02345 0234689 012 0123456789 0123468
0 5 1 0 8 3 01 125689 024689 012 012345689 023456789
0 5 1 0 8 3489 01 0234689 0245678 01 0123469 0234568
0 5 1 0 8 9 1 456 0124678 012 0123456789 02468
0 5 1 0 8 9 1 6789 01234689 012 012346789 02468
0 5 1 0 8 9 12 0129 012346789 012 012346789 02468
0 5 1 0 89 019 02 02345 0123456789 012 01234689 02468
0 5 1 0 9 1 01 1234679 02456789 012 0123456789 02346789
0 5 1 01 09 012345678 012 026789 0234689 01 02456789 023468
0 5 1 1 01 0789 012 01234569 01234678 01 02 08
0 5 1 1 12 0123456789 01 012345679 012456789 01 02 08
0 5 1 1 23 0123456789 012 01234569 02345678 01 02 08
0 5 1 1 34 0123456789 012 02345679 012468 01 02 08
0 5 1 1 4 6789 012 0123456789 0123456789 0 0 0
0 5 1 1 45 01245679 012 0123456789 012345689 01 02 08
0 5 1 1 5 78 012 01245679 012346789 01 01234679 02468
0 5 1 1 5 8 0 12 0678 01 012345689 023456789
0 5 1 1 5 8 0 2 01 012 0123456789 012346789
0 5 1 1 5 8 0 2 12 012 0123456789 012346789
0 5 1 1 5 8 0 2 234 012 012346789 01234678
0 5 1 1 5 8 0 2 45 012 0123456789 0234678
0 5 1 1 5 8 0 2 567 012 012345679 0234689
0 5 1 1 5 8 0 23 01789 012 012345689 0124568
0 5 1 1 5 8 0 34 01234 012 012346789 0234689
0 5 1 1 5 8 0 4568 02345678 012 012346789 012456789
0 5 1 1 5 89 01 02689 01246789 01 0123456789 01234678
0 5 1 1 5 9 0 89 019 012 0123456789 02345689
0 5 1 1 5 9 0 9 123 012 0123456789 012345678
0 5 1 1 56 019 012 029 0234568 012 0123456789 0124689
0 5 1 1 6 123 012 0123456789 012345678 0 0 0
0 5 1 1 67 0123468 01 01234569 0245678 01 01236 023468
0 5 1 1 7 8 1 0124 0245678 012 012346789 012456789
0 5 1 1 7 8 1 456 0234568 012 012345679 0123456789
0 5 1 1 7 8 1 67 01234678 012 012346789 02345678
0 5 1 1 7 8 1 789 01234689 012 0123456789 01234689
0 5 1 1 7 8 12 09 045689 012 0123456789 012346789
0 5 1 1 7 8 2 01245 012345678 012 0123469 02345678
0 5 1 1 7 89 012 02345678 01246789 012 012345689 024689
0 5 1 1 789 0245689 012 0123469 0234678 01 012369 0246789
0 5 1 1 9 5 1 45 012345678 012 01234569 023468
0 5 1 1 9 5 1 5678 023456789 012 012346789 02468
0 5 1 1 9 5 12 0189 0123456789 012 01234569 02468
0 5 1 12 019 045689 012 0123456789 0245689 01 0126789 012468
0 5 1 2 1 0 012 01236789 0245678 012 02345679 0124678
0 5 1 2 1 01245 012 012345689 012456789 01 01289 0268
0 5 1 2 1234 012345689 012 01234569 0124568 01 02 08
0 5 1 2 45 012468 01 012 0245689 012 0123469 0123456789
0 5 1 2 5 4 0 23456 0124568 012 01234569 012346789
0 5 1 2 5 4 01 0126789 024568 012 01234569 02456789
0 5 1 2 5 45 01 01789 012345689 012 012346789 01245689
0 5 1 2 5 5 01 134569 2345678 012 012346789 012456789
0 5 1 2 5 5 1 12345 02456789 012 0123469 0124568
0 5 12 02 05 05 012 01234569 01234678 012 01234569 0234689
0 5 2 0 01234 02468 01 01234569 0123456789 012 0129 0268
0 5 2 0 4 6 1 6 12346 012 0123456789 02456789
0 5 2 0 4 6 1 6 6 012 0123456789 01234568
0 5 2 0 4 6 1 6 67 012 0123456789 023456789
0 5 2 0 4 6 1 67 278 012 012345679 012345678
0 5 2 0 456 0124678 012 0124789 0124689 01 0126789 02468
0 5 2 0 678 02345678 01 0123456789 012345678 0 0 0
0 5 2 0 8 4 012 0123456789 0123456789 0 0 0
0 5 2 0 8 45 02 012345 0123456789 0 0 0
0 5 2 0 8 5 01 0123456789 0123456789 0 0 0
0 5 2 0 89 023568 012 012346789 0123456789 0 0 0
0 5 2 0 9 3 0 0123456 0123456789 01 026789 02345678
0 5 2 0 9 3 01 0126789 0123456789 01 02346 024678
0 5 2 0 9 3 1 2 01234 012 01236789 012456789
0 5 2 0 9 3 1 2 4567 012 0123456789 024678
0 5 2 0 9 3 1 2 7 01 0123456789 024678
0 5 2 0 9 3 1 23 0789 012 01234689 0123456789
0 5 2 0 9 3 1 3 123 012 012345679 0123456789
0 5 2 0 9 3 1 3 34 012 0123456789 0123456789
0 5 2 0 9 3 1 345 012456789 012 0123469 012345689
0 5 2 0 9 3 1 56789 02346 012 0123456789 012468
0 5 2 0 9 3 12 023459 023456789 012 0123456789 02468
0 5 2 0 9 34 012 0123456789 0123456789 0 013 023468
0 5 2 0 9 4 12 01245679 012346789 01 012346789 02468
0 5 2 0 9 45 02 012345 012345689 012 012346789 02468
0 5 2 0 9 5 0 4 3467 012 023456789 0123456789
0 5 2 0 9 5 01 012345679 0123456789 01 026789 02468
0 5 2 0 9 5 12 01789 01245678 01 0123456789 01234689
0 5 2 0 9 5 2 1 678 012 012345679 02468
0 5 2 0 9 5 2 1 89 012 0123456789 012346789
0 5 2 0 9 5 2 12 09 012 0123456789 01246789
0 5 2 0 9 56 02 02345 0123456789 012 012345689 012468
0 5 2 0 9 6 01 01345689 012346789 01 0124689 02468
0 5 2 0 9 6 1 1245678 012345678 012 0123469 02468
0 5 2 0 9 6 12 0189 0123456789 01 012346789 02468
0 5 2 0 9 6 2 1234 012345689 01 012346789 02468
0 5 2 0 9 67 02 0124 012345678 012 012345679 02468
0 5 2 0 9 7 0 23 0123456789 012 01234689 02468
0 5 2 0 9 7 0 34 012346789 012 012346789 02468
0 5 2 0 9 7 0 45 012345689 012 0123456789 02468
0 5 2 0 9 7 0 567 012345678 012 0123456789 02468
0 5 2 0 9 7 0 78 012345678 012 012346789 02468
0 5 2 0 9 7 01 012389 0123456789 01 012679 02468
0 5 2 0 9 7 1 345 0123456789 012 0123469 02468
0 5 2 0 9 7 1 567 0123456789 012 01234569 02468
0 5 2 0 9 7 1 78 0123456789 012 0123456789 02468
0 5 2 0 9 7 12 089 012346789 012 012369 02468
0 5 2 0 9 7 2 01 012345678 012 01234679 02468
0 5 2 0 9 7 2 123 0123456789 012 02346789 02468
0 5 2 0 9 7 2 34 0123456789 012 0234679 02468
0 5 2 0 9 78 02 012345 0123456789 012 0123456789 02468
0 5 2 0 9 8 0 34 023456789 012 0123456789 02468
0 5 2 0 9 8 0 4 01234567 012 0123456789 02468
0 5 2 0 9 8 0 45 0123456789 012 01236789 02468
0 5 2 0 9 8 0 56 0123489 012 0123456789 02468
0 5 2 0 9 8 0 67 0456789 012 0123456789 02468
0 5 2 0 9 8 0 7 2345678 012 0123456789 02468
0 5 2 0 9 8 0 789 012345689 012 0123456789 02468
0 5 2 0 9 8 01 09 0123456789 012 0123456789 02468
0 5 2 0 9 8 1 012 0123456789 012 01234689 02468
0 5 2 0 9 8 1 24 12345678 012 01234569 02468
0 5 2 0 9 8 1 456 0123456789 012 012469 02468
0 5 2 0 9 8 1 67 0123456789 012 012346789 02468
0 5 2 0 9 8 1 78 03456789 012 0123456789 02468
0 5 2 0 9 8 1 89 012345689 012 0123456789 02468
0 5 2 0 9 8 12 09 0123456789 012 0123469 02468
0 5 2 0 9 8 2 01 0123456789 012 01234679 02468
0 5 2 0 9 8 2 2 012345678 012 012346789 02468
0 5 2 0 9 8 2 23 01234589 012 01234689 02468
0 5 2 0 9 8 2 34 056789 012 0123469 02468
0 5 2 0 9 8 2 4 012345 012 012346789 02468
0 5 2 0 9 8 2 4 5678 012 012346789 02468
0 5 2 0 9 8 2 45 012349 012 0123456789 02468
0 5 2 0 9 89 012 012356 012345689 012 012346789 02468
0 5 2 01 09 09 01 01234569 012345689 01 02 08
0 5 2 1 0 0 12 01234789 0123456789 0 0 0
0 5 2 1 0 01 012 0123456789 023456789 0 0 0
0 5 2 1 0 1 12 0123456789 0123456789 0 0 0
0 5 2 1 0 12 02 04 012348 012 012346789 02468
0 5 2 1 0 2 0 01 0456789 012 0123456789 02468
0 5 2 1 0 2 0 1 0123456 012 0123456789 02468
0 5 2 1 0 2 0 12 0126789 012 012346789 02468
0 5 2 1 0 2 0 2 2345678 012 0123456789 02468
0 5 2 1 0 2 0 23 0123456789 012 0123456789 02468
0 5 2 1 0 2 01 013469 0123456789 012 01234679 02468
0 5 2 1 0 2 1 12456 0123456789 012 02369 0248
0 5 2 1 0 23 012 0126789 0123456789 0 0 0
0 5 2 1 0 3 01 23456789 0123456789 0 0 0
0 5 2 1 0 3 12 013456789 0123456789 0 0 0
0 5 2 1 0 34 02 012345678 0123456789 0 0 0
0 5 2 1 0 4 01 012456789 0123456789 0 0 0
0 5 2 1 0 45 012 012789 0123456789 0 0 0
0 5 2 1 0 5 01 123456 0123456789 0 0 0
0 5 2 1 0 5 1 3456789 0123456789 0 0 0
0 5 2 1 0 56 012 0123459 0123456789 0 0 0
0 5 2 1 0 6 01 12346789 0123456789 012 02369 02468
0 5 2 1 0 67 012 01289 0123456789 012 02369 02468
0 5 2 1 0 7 012 12369 0123456789 012 012369 02468
0 5 2 1 0 7 2 345 0123456789 012 0123469 02468
0 5 2 1 0 78 012 0123456789 0123456789 01 09 02
0 5 2 1 0 8 1 1234567 0123456789 0 0 0
0 5 2 1 0 89 012 012345789 0123456789 0 0 0
0 5 2 1 01 09 01 0123456789 0123456789 01 02 08
0 5 2 1 1 0 0 012 0123456789 012 02369 0248
0 5 2 1 1 01 012 0123469 0123456789 01 0269 028
0 5 2 1 1 12 02 0123456 0123456789 01 02 08
0 5 2 1 1 2 01 012346789 0123456789 01 02 08
0 5 2 1 1 2 12 0123456789 0123456789 0 0 0
0 5 2 1 1 23 012 013456789 0123456789 0 0 0
0 5 2 1 1 34 012 01234569 012345689 0 0 0
0 5 2 1 1 4 012 012356789 0123456789 0 0 0
0 5 2 1 1 45 012 01234569 0123456789 0 0 0
0 5 2 1 1 5689 012 01234569 0123456789 0 0 0
0 5 2 1 1 9 012 01256789 01246789 012 0123456789 024678
0 5 2 1 1 9 2 0 123 012 0123456789 01234568
0 5 2 1 1 9 2 0 34 012 012345689 012346789
0 5 2 1 12 019 012 01234569 02456789 012 0123456789 024678
0 5 2 1 2 12 012 0123456789 0234678 0 0 0
0 5 2 1 2 23 012 0123456789 0123456789 0 0 0
0 5 2 1 2 3 01 012345689 0123456789 0 0 0
0 5 2 1 2 3 12 023456789 0123456789 0 0 0
0 5 2 1 2 3 2 0 2 01 0123456789 0123456789
0 5 2 1 2 3 2 0 2 12 0123456789 012346789
0 5 2 1 2 3 2 0 23456 012 0123456 012345689
0 5 2 1 2 3 2 01234 0123456789 012 0123469 02468
0 5 2 1 2 34 02 045 01234568 012 0234569 01234689
0 5 2 1 2 4568 01 01234569 0123456789 0 0 0
0 5 2 1 2 8 012 012346789 0123456789 0 0 0
0 5 2 1 2 89 012 0123469 0123456789 0 0 0
0 5 2 1 234 01236789 01 0123469 012456789 0 0 0
0 5 2 1 4 34 012 01234569 0123456789 0 0 0
0 5 2 1 4 4 012 0123469 012345689 012 0123469 024689
0 5 2 1 4 4 2 01 012345689 012 012369 02468
0 5 2 1 4 4 2 123 0123456789 012 012369 02468
0 5 2 1 45 012456789 012 023469 023468 01 02346789 02468
0 5 2 12 0156789 023456789 01 01269 0268 0 0 0
0 5 2 2 1 9 012 0123456789 01245689 0 0 0
0 5 2 2 12 029 012 0123456789 012345678 0 0 0
0 5 2 2 2 23 012 02346789 02345678 0 0123456 0123456789
0 5 2 2 2 3 2 0 8 01 012346789 0123456789
0 5 2 2 2 3 2 0 8 12 0123456789 0123456789
0 5 2 2 23 0123456789 012 01234569 023456789 02 05 02
0 5 2 2 3 9 12 03456789 0123456789 01 02369 0248
0 5 2 2 34 023459 012 012345678 0123456789 0 0 0
0 5 2 2 45 02356789 01 012456789 0123456789 0 0 0
0 5 23 02 0345 023458 012 012345689 0123456789 01 01236 012468
0 5 34 01 01256 012345689 01 0123456789 02345689 01 02 08
0 5 4 0 23 245678 012 02346789 023456789 012 02679 02468
0 5 4 0 3 6 0 01234 01234568 012 0123456789 012456789
0 5 4 0 3 6 0 45 0568 012 0123456789 0123456789
0 5 4 0 3 6 0 5 0 12 0123456789 012456789
0 5 4 0 3 6 01 01234569 01245678 012 02345689 012345678
0 5 4 0 3 6 12 012456789 012345689 012 01234569 02345678
0 5 4 0 3 6 2 234 01234568 012 012345679 01234678
0 5 4 0 3 67 012 0123456789 0123468 01 012346789 01245689
0 5 4 0 3 7 1 12467 02345678 012 012345679 012345689
0 5 4 0 3 78 012 01234789 0245678 012 0123456789 012345689
0 5 4 0 3 8 012 0123456789 0245678 01 01246789 012468
0 5 4 0 34 0289 02 012 0123469 012 0123456789 024568
0 5 4 01 0123456789 0123456789 01 02 08 0 0 0
0 5 4 1 56789 01234689 01 012345678 02345678 0 0 0
0 5 4 1 9 2 012 0123456789 0123456789 0 0 0
0 5 4 1 9 23468 02 01234 012345678 012 0123456789 01234689
0 5 4 12 01239 012346789 01 0123456789 02456789 0 0 0
0 5 4 2 3 0 01 0123456789 012345689 0 0 0
0 5 4 2 3 0124689 012 0123456789 012345689 0 0 0
0 5 4 2 3 9 0 0134 012468 012 0123456789 024568
0 5 4 2 3 9 0 4 234567 012 01246789 01234689
0 5 4 2 3 9 01 0123456789 0123456789 012 0129 02468
0 5 4 2 34 09 012 0123456789 0123456789 01 02 08
0 5 4 2 4 0 12 012389 0123456789 0 012 0123456789
0 5 4 2 4 0 2 3 6 0 234567 0123456789
0 5 45 02 045 012468 02 012346 01246789 01 02789 0123456789
0 5 5 0 012 0123456789 012 012346789 01234678 0 0 0
0 5 5 0 2 23 01 012346789 0123456789 0 0 0
0 5 5 0 23456 0123456789 01 01236 024568 0 0 0
0 5 5 0 678 0123456789 012 01234569 012345689 0 0 0
0 5 5 01 089 0123456789 012 012345679 01234568 0 0 0
0 5 5 1 012678 0124689 012 023456789 0124678 0 0 0
0 5 5 1 89 09 012 0123456789 0123456789 0 0 0
0 5 5 12 0129 012456789 012 0123689 012346789 0 0 0
0 5 56 02 012345 0123456789 01 0123469 023456789 0 0 0
0 5 6 01 012356789 0123456789 01 02 08 0 0 0
0 5 6 12 0123456789 012345689 0 0 0 0 0 0
0 5 67 02 012345 0123456789 01 026789 023468 01 01236 02468
0 5 7 0 23456 0123456789 01 012367 0124689 01 02 08
0 5 7 0 67 056789 012 0123456789 01245689 01 01234 024678
0 5 7 0 7 012 012 0123456789 02346789 01 0246 048
0 5 7 0 7 234 012 012456789 02468 0 0 0
0 5 7 0 7 45678 012 0123456789 012468 01 01236 02468
0 5 7 0 7 89 012 0123456789 0245678 012 0234689 01234678
0 5 7 0 78 029 012 0123456789 02468 0 0 0
0 5 7 0 8 234 012 0123456789 02468 0 0 0
0 5 7 0 8 456 012 012346789 02345689 01 026789 0234568
0 5 7 0 8 678 012 012346789 0124678 01 01236 02468
0 5 7 0 89 019 012 0123456789 023468 0 0 0
0 5 7 0 9 12345 012 012346789 0246789 01 02 08
0 5 7 0 9 5678 01 012346789 0124678 01 02 08
0 5 7 01 09 0189 01 012346789 0234678 01 02 08
0 5 7 1 0 1234 012 023456789 012345689 01 02 08
0 5 7 1 0 45 012 012346789 023456789 01 02 08
0 5 7 1 0 567 012 012346789 01234689 01 02 08
0 5 7 1 0 78 012 012346789 012345678 01 02 08
0 5 7 1 01 089 012 01234689 023456789 01 02 08
0 5 7 1 12 012467 012 012345689 02456789 01 02 08
0 5 7 1 2 78 012 012569 012456 012 012345679 0123456789
0 5 7 1 2 8 1 2 1 01 012345789 0123456789
0 5 7 1 2 8 1 234 0123468 012 023456789 012345678
0 5 7 1 23 089 012 01234569 0124568 01 01234569 012346789
0 5 7 1 3 01 01 012346 02345678 012 02345689 02468
0 5 7 1 3 123 01 012345678 012346789 012 012346789 024568
0 5 7 1 3 3 01 0189 01234678 012 0123469 0124568
0 5 7 1 3 34568 01 01234569 012456789 01 0236 0248
0 5 7 1 3 8 01 0123456789 0123456789 0 0 0
0 5 7 1 34 089 012 0123459 0123456789 0 0 0
0 5 7 1 4 0 0 234567 0123456789 0 0 0
0 5 7 1 4 0 01 012789 0123456789 0 0 0
0 5 7 1 4 0 1 2345678 02345678 01 012345689 012346789
0 5 7 1 4 0 1 8 567 01 012346789 0123456789
0 5 7 1 4 0 12 01289 0123456789 01 0123456789 02345689
0 5 7 1 4 0124 012 0123456789 012345689 0 0 0
0 5 7 1 4 4 12 0123456789 02468 0 0 0
0 5 7 1 45 04568 012 0123456 01234678 01 0123679 02468
0 5 7 1 5 0 01 0123456789 0124678 0 0 0
0 5 7 1 5 0123456 012 0123456789 0246789 0 0 0
0 5 7 1 5 7 01 0123456789 012346789 01 023456 02468
0 5 7 1 5678 01246789 01 01234 0123456789 01 026 048
0 5 7 1 89 012346789 01 0123456789 012345678 0 0 0
0 5 7 12 0239 0123456789 01 012356789 01234689 012 02349 02489
0 5 7 2 345 0123456789 012 0123456789 0123456789 0 0 0
0 5 78 02 05 012346 012 0123456789 024568 0 0 0
0 5 8 0 012 02456789 012 01236789 0234678 01 0126789 0245689
0 5 8 0 2 67 01 01289 01234678 01 0123456789 02456789
0 5 8 0 2 7 01 01369 0124568 012 0123469 01246789
0 5 8 0 2 789 01 012346789 01234678 012 0256789 024568
0 5 8 0 345 01234689 012 012346789 02456789 0 0 0
0 5 8 0 5 678 01 012346789 0123456789 0 0 0
0 5 8 0 56 0489 01 012346 0123456789 0 0 0
0 5 8 0 6 4 012 0124569 01245678 01 012346 012345678
0 5 8 0 6 5678 012 0123456789 0123456789 0 0 0
0 5 8 0 67 089 012 0123456789 02345678 01 0123456 023468
0 5 8 0 7 12346 012 012346789 01245689 0 0 0
0 5 8 0 78 0234678 012 0123456789 01245678 0 0 0
0 5 8 0 8 4567 012 0123456789 023468 0 0 0
0 5 8 0 89 234678 01 01234569 01245689 01 01269 023468
0 5 8 0 9 7 012 012345679 0123456789 01 01236 0124568
0 5 8 01 09 023789 012 01234569 02456789 0 0 0
0 5 8 1 012 0123456 012 01234679 02345678 0 0 0
0 5 8 1 2 234 012 012346789 012345678 01 01236 02456789
0 5 8 1 23 45678 012 01234569 0123456789 0 0 0
0 5 8 1 3 7 01 0123456789 0123456789 0 0 0
0 5 8 1 3 78 012 0126789 012456789 0 0345 0123456789
0 5 8 1 3 8 0 8 01 01 0123456789 0123456789
0 5 8 1 3 8 0 8 12 012 012345679 0123456789
0 5 8 1 3 8 0 8 23 012 012345679 0123456789
0 5 8 1 3 8 0 8 3 01 246789 0123456789
0 5 8 1 3 8 0 8 34 012 0126789 0123456789
0 5 8 1 3 8 0 8 4568 012 023456789 0123456789
0 5 8 1 3 8 0 8 8 1 01234567 0123456789
0 5 8 1 3 8 0 8 8 12 012789 0123456789
0 5 8 1 3 8 0 8 89 02 012345 0123456789
0 5 8 1 3 8 0 89 02679 012 012346789 0123456789
0 5 8 1 3 8 0 9 78 012 01234569 012456789
0 5 8 1 3 8 0 9 89 012 0123456789 0123456789
0 5 8 1 34 0189 012 0126789 023456789 0 0 0
0 5 8 1 4 12345 012 01234569 012346789 0 0 0
0 5 8 1 4 567 012 0123456789 0123456789 01 0236 0248
0 5 8 1 45 012346789 012 0123456789 0123456789 0 0 0
0 5 8 1 678 0678 01 0123456789 0123456789 0 0 0
0 5 8 1 8 01 012 012346789 0123456789 0 0 0
0 5 8 12 089 1234568 012 0123456789 0123456789 0 0 0
0 5 8 2 0 8 01 0123456789 0123456789 0 0 0
0 5 8 2 0 8 12 0123456789 0123456789 0 0 0
0 5 8 2 0 89 02 012345 0123456789 0 0 0
0 5 8 2 0 9 01 0123456789 0123456789 0 0 0
0 5 8 2 01 019 012 0123456789 012456789 0 0 0
0 5 8 2 1 12 012 012346789 01245678 0 0 0
0 5 8 2 1 2345 012 012346789 012456789 0 0 0
0 5 8 2 1 56 012 0123456789 0123456789 0 0 0
0 5 8 2 1 6 01 0123456789 023456789 0 0 0
0 5 8 2 1 67 012 0123456789 0123456789 0 0 0
0 5 8 2 12 078 02 012345689 0123456789 0 0 0
0 5 8 2 2 0123 012 0123456789 0123456789 0 0 0
0 5 8 2 2 345 01 012346789 012345689 0 0 0
0 5 8 2 2 567 012 012346789 02345689 01 0123456 02345678
0 5 8 2 2 789 012 0126789 02456789 01 01234569 01246789
0 5 8 2 2 9 0 013689 012468 012 01234569 012345689
0 5 8 2 23 019 012 01239 0234689 01 01246789 0123456789
0 5 8 2 3 12345 012 02345679 012345689 0 0 0
0 5 8 2 34 025689 012 012345689 023456789 0 0 0
0 5 8 2 4 234678 012 012345679 02345678 0 0 0
0 5 8 2 45 019 012 0123456789 02456789 0 0 0
0 5 89 02 05 01245 012 012345679 012456789 0 0 0
0 5 9 0 01 0123456789 012 01234569 0123468 0 0 0
0 5 9 0 1 01234 012 02346789 0123456789 0 0 0
0 5 9 0 1 45678 012 01236789 0123456789 0 0 0
0 5 9 0 12 02346789 012 01234569 012345678 0 0 0
0 5 9 0 23 01245679 012 01234569 02456789 0 0 0
0 5 9 0 34 023456789 012 012345679 024568 0 0 0
0 5 9 0 45 01239 01 0123456789 012456789 0 0 0
0 5 9 0 56 03456789 01 0123456789 01245689 0 0 0
0 5 9 0 68 01234 012 0123456789 0124568 01 01236 023468
0 5 9 0 8 12 012 012346789 024678 01 02679 023468
0 5 9 01 089 01234678 012 023456789 02345689 01 01236 024678
0 5 9 1 0 234 012 0123456789 012456789 0 0 0
0 5 9 1 01 01456789 012 01234569 0123456789 0 0 0
0 5 9 1 12 128 012 012346789 012345678 0 0 024678
0 5 9 1 2 8 0 01345 123468 012 0123456789 012468
0 5 9 1 234 0124689 012 0123456789 012346789 0 0 0
0 5 9 1 4 4568 012 012456789 01234689 012 0123469 02345678
0 5 9 1 45 089 012 012346789 012345689 0 0 0
0 5 9 1 5 0 01 0123456789 0123456789 0 0 0
0 5 9 1 5 012 012 0123456789 0123456789 0 0 0
0 5 9 1 5 23 01 012345689 0123456789 0 0 0
0 5 9 1 5 3 012 0123456789 02456789 01 01236 023468
0 5 9 1 5 3456 012 01234689 01245689 01 01236 02468
0 5 9 1 56 01678 012 0123456789 02346789 012 02349 0234568
0 5 9 1 6 123 012 012456789 012456789 0 0 0
0 5 9 1 6 3 12 234679 01245689 01 0123456789 01245678
0 5 9 1 67 2345678 012 0123456789 02346789 012 02479 023468
0 5 9 1 78 0123456789 012 012345689 024689 0 0 0
0 5 9 1 8 8 01 0123456789 0123456789 0 0 0
0 5 9 12 2489 012489 012 0123456789 0123456789 0 0 0
0 56 09 012 0123456 01234568 012 0123456789 024568 0 0 0
0 6 0 1 6 345 012 012346789 012345678 0 0 0
0 6 0 1 67 056789 012 01234569 012456789 0 0 0
0 6 0 1 789 0124689 012 01234569 012345689 0 0 0
0 6 0 1 9 01 012 01234569 0123456789 0 0 0
0 6 0 1 9 1245 012 012345689 0123456789 0 0 0
0 6 0 1 9 56789 012 01234569 0124568 01 01236789 02345689
0 6 0 12 0239 01245689 012 01234569 01234689 0 0 0
0 6 0 2 3 234 02 0123456789 0123456789 0 0 0
0 6 0 2 34 023456 012 012346789 0123456789 0 0 0
0 6 0 2 45 2345678 01 012346789 01234689 0 0 0
0 6 01 02 05 045 01 012456789 0123456789 0 0 0
0 6 1 0 0 5678 012 0234569 023456789 0 0 0
0 6 1 0 01 0189 01 0123456789 012456789 01 026789 024568
0 6 1 0 1 123 012 0123456789 02345678 0 0 0
0 6 1 0 1 34 01 01234569 012346789 01 0234 028
0 6 1 0 1 4 1 45 0123456789 012 012346789 02456789
0 6 1 0 1 4 1 5 67 01 0123456789 0123456789
0 6 1 0 1 4 1 5 7 12 012346789 0123456789
0 6 1 0 1 4 1 567 0123456789 012 0123456789 0123456789
0 6 1 0 1 45 012 012345789 0123456789 01 0123469 02468
0 6 1 0 1 56 012 0123456789 0123456789 0 0 0
0 6 1 0 1 67 012 0123456789 012346789 0 0 0
0 6 1 0 1 789 02 034 023456789 01 013456789 02345678
0 6 1 0 1 9 0 0 9 12 0123456789 0123456789
0 6 1 0 1 9 012 01234569 023456789 012 0234569 02345689
0 6 1 0 12 012489 012 012345679 0123456789 0 0 0
0 6 1 0 23 01289 012 012345679 0123456789 0 0 0
0 6 1 0 3 234 012 0123456789 012456789 0 0 0
0 6 1 0 3 4567 012 01234569 023456789 0 0 0
0 6 1 0 3 789 012 01234569 0123456789 01 01269 012468
0 6 1 0 34 09 012 012345679 012346789 0 0 0
0 6 1 0 4 01 012 012345679 023456789 0 0 0
0 6 1 0 4 12 02 0123456789 0123456789 01 01236 024568
0 6 1 0 4 2 012 0123456789 0123456789 0 0 0
0 6 1 0 4 23 02 0234 0246789 01 01234569 02345689
0 6 1 0 4 3 0 013456 012345689 012 0234569 012345678
0 6 1 0 4 34 012 01236789 0123456789 0 0 0
0 6 1 0 4 4567 012 01234569 0123456789 0 0 0
0 6 1 0 45 026789 012 01236789 01234678 0 0 0
0 6 1 0 56 016789 012 01234569 02345689 0 0 0
0 6 1 0 6 1 012 0123456789 012346789 0 0 0
0 6 1 0 6 123456 012 012345679 0123456789 0 0 0
0 6 1 0 67 06789 01 0123456789 0123456789 0 0 0
0 6 1 0 7 234 012 012346789 01234678 0 0 0
0 6 1 0 7 4567 012 0123456789 012345689 0 0 0
0 6 1 0 78 0789 012 0123456789 0123456789 0 0 0
0 6 1 0 8 0123 012 012456789 02345678 0 0 0
0 6 1 0 8 34567 012 012346789 0124568 0 0 0
0 6 1 0 89 0789 012 012456789 0123456789 0 0 0
0 6 1 0 9 01 012 0123456789 012345689 0 0 0
0 6 1 0 9 12345 012 0123456789 0123456789 0 0 0
0 6 1 0 9 567 012 012346789 012345678 0 0 0
0 6 1 01 09 0789 012 0123456789 0123456789 0 0 0
0 6 1 1 0 012 012 0246789 01234689 0 0 0
0 6 1 1 0 234 012 0123456789 0123456789 0 0 0
0 6 1 1 0 456 012 0123456789 02345678 0 0 0
0 6 1 1 0 678 012 0123456789 012456789 0 0 0
0 6 1 1 0 8 01 0123456789 01246789 0 0 0
0 6 1 1 0 89 012 012346789 0123456789 01 01269 0124678
0 6 1 1 01 09 012 012345679 0123456789 0 0 0
0 6 1 1 1 0 01 0123469 012345678 012 0123679 0123468
0 6 1 1 1 0 12 0123469 012346789 01 01236 012468
0 6 1 1 1 01 012 0123456789 0123456789 01 0123469 0124689
0 6 1 1 1 123456 012 0123456789 01234689 012 0129 012468
0 6 1 1 12 0178 012 012456789 012456789 012 012679 02468
0 6 1 1 2 1234568 012 012346789 01245678 012 029 02468
0 6 1 1 2 89 012 0123456789 0123456789 0 0 0
0 6 1 1 23 09 012 012345689 012345689 0 0 0
0 6 1 1 3 012345 012 023456789 01234689 0 0 0
0 6 1 1 3 56789 012 0123456789 012345689 0 0 0
0 6 1 1 34 01239 01 0123456789 0123456789 0 0 0
0 6 1 1 4 34567 01 0123456789 01246789 0 0 0
0 6 1 1 45 0178 012 0123456789 0123456789 0 0 0
0 6 1 1 5 12 012 0123456789 012346789 0 0 0
0 6 1 1 5 23 012 0123456789 0123456789 0 0 0
0 6 1 1 5 345 012 0123456789 023456789 0 0 0
0 6 1 1 5 567 012 0123456789 01246789 0 0 0
0 6 1 1 56 0789 012 012345689 012456789 0 0 0
0 6 1 1 6 0124 012 0123456789 01246789 0 0 0
0 6 1 1 6 4 01 0123456789 0123456789 0 0 0
0 6 1 1 67 012456789 012 012345679 012345689 0 0 0
0 6 1 1 7 234 012 012345789 023456789 0 0 0
0 6 1 1 7 4567 012 0123456789 012346789 0 0 0
0 6 1 1 78 0123456789 01 012345679 02345678 0 0 0
0 6 1 1 8 678 012 0123456789 012456789 0 0 0
0 6 1 1 89 01234589 012 012345689 012456789 0 0 0
0 6 1 12 09 056789 012 012346789 0123468 012 023469 024678
0 6 1 2 0 0123456 012 0123456789 0245678 01 029 028
0 6 1 2 01 01236789 012 012345679 01245689 012 029 045678
0 6 1 2 123 23456 012 012346789 0234689 01 02679 024678
0 6 1 2 3 678 012 0123456789 0123456789 0 0 0
0 6 1 2 34 0123489 012 0123456789 0123456789 0 0 0
0 6 1 2 4 45 012 012346789 01234689 01 01236 012468
0 6 1 2 4 56 012 012345679 0123456789 0 0 0
0 6 1 2 4 678 012 0123456789 0123456789 0 0 0
0 6 1 2 45 0189 012 012345689 01234689 0 0 0
0 6 1 2 5 1 012 0126789 01234689 012 012346789 02468
0 6 1 2 5 12 012 0123456789 0123456789 0 0 0
0 6 1 2 5 2345 012 0123456789 012346789 0 0 0
0 6 12 02 05 01235 012 0125679 012345678 012 0123469 012468
0 6 2 0 0 3 0 012345 0123456789 01 012 04678
0 6 2 0 0 34 01 02569 0123456789 012 012345689 0234568
0 6 2 0 0 4 0 01 12348 01 0123456789 0123456789
0 6 2 0 0 4 0 1 45 012 0123456789 0123456789
0 6 2 0 0 4 0 12367 02456789 01 012346789 02456789
0 6 2 0 0 4 01 01789 0123456789 012 01234689 024689
0 6 2 0 0 4568 01 01236789 012345689 01 023469 02468
0 6 2 0 01 0289 01 0123456789 0123456789 01 01236 02468
0 6 2 0 1 23467 012 012346789 012346789 012 0129 024678
0 6 2 0 1 7 1 234 02456789 012 0123456789 023456789
0 6 2 0 1 7 12 01234569 01245678 01 023456 01234678
0 6 2 0 12 01278 012 02467 0123456789 012 0123456789 02468
0 6 2 0 2 2 0 78 03456789 012 0123456789 0124568
0 6 2 0 2 2 0 8 01245 012 012345679 01234568
0 6 2 0 2 2 01 089 01246789 01 0123456789 012345689
0 6 2 0 2 2 1 012 012345689 012 012346789 02468
0 6 2 0 2 2 1 234 02456789 012 012346789 0123468
0 6 2 0 2 2 1 456 012346789 01 0123456789 012468
0 6 2 0 2 2 12 023479 012345689 01 012345679 02468
0 6 2 0 2 2 2 45 0129 01 0123456789 012346789
0 6 2 0 2 2 2 5 2 01 012456789 0123456789
0 6 2 0 2 23 02 05 02345 012 012346789 0123456789
0 6 2 0 2 3 0 012 024568 012 0123456789 02468
0 6 2 0 2 3 0 2 3467 012 0123456789 02468
0 6 2 0 2 3 0 234 01238 012 0123456789 02468
0 6 2 0 2 3 0 456 023468 012 0123456789 02468
0 6 2 0 2 3 0 6 01 012 0123456789 02468
0 6 2 0 2 3 0 67 0123489 012 0123456789 02468
0 6 2 0 2 3 0 7 012456 012 0123456789 02468
0 6 2 0 2 3 01 0789 012346789 012 0123456789 02468
0 6 2 0 2 3 1 0 789 012 0123456789 024678
0 6 2 0 2 3 1 012 0246789 012 0123456789 02468
0 6 2 0 2 3 1 2 789 012 0123456789 02468
0 6 2 0 2 3 1 23 019 012 0123456789 02468
0 6 2 0 2 3 1 3 1234 012 0123456789 02468
0 6 2 0 2 3 1 345 012345678 012 012345689 024568
0 6 2 0 2 3 1 5 3456 012 0123456789 02468
0 6 2 0 2 3 1 5678 023456789 012 0123456789 02468
0 6 2 0 2 3 1 89 089 012 0123456789 02468
0 6 2 0 2 3 12 019 012345678 012 0123456789 02468
0 6 2 0 2 3 2 123 012345689 012 01234569 02345678
0 6 2 0 2 3 2 34 05689 012 0123456789 02468
0 6 2 0 2 3 2 4 01245678 012 0123456789 02468
0 6 2 0 2 3 2 45 089 012 0123456789 02468
0 6 2 0 2 3 2 5 01 012 0123456789 02468
0 6 2 0 2 3 2 5 1234 012 0123456789 02468
0 6 2 0 2 3 2 5 45 012 0123456789 024678
0 6 2 0 2 34 02 03456 012568 012 0123456789 024568
0 6 2 0 2 45 012 0245679 012468 012 012369 01234568
0 6 2 0 2 568 02 05 0234 012 0123456789 01234568
0 6 2 0 23 0239 012 0123456789 023456789 0 0 0
0 6 2 0 34 0346789 01 0123456789 012345678 01 0123469 02468
0 6 2 0 4 0 0 6 6789 012 0123456789 0123456789
0 6 2 0 4 0 0 67 09 01 0123456789 0123456789
0 6 2 0 4 0 0 7 0123 012 012345689 0123456789
0 6 2 0 4 0 0 789 012345689 012 01234679 0246789
0 6 2 0 4 0 0 9 678 01 0123456789 0123456789
0 6 2 0 4 0 0 9 8 01 0123456789 0123456789
0 6 2 0 4 0 0 9 89 012 023456789 0123456789
0 6 2 0 4 0 1 0 012456 012 0123456789 0123456789
0 6 2 0 4 0 1 01 01246789 012 012345689 01234568
0 6 2 0 4 0 1 12 0456789 012 0123689 012456789
0 6 2 0 4 0 1 2 01234 012 0123469 0123456789
0 6 2 0 4 0 1 2 4 012 0123456789 0123456789
0 6 2 0 4 0 1 2 45 02 0123456 0123456789
0 6 2 0 4 0 1 2 5 01 0123456789 0123456789
0 6 2 0 4 0 1 2 567 012 0123456789 0123456789
0 6 2 0 4 01 01 012 0123456789 012 0123456789 0245689
0 6 2 0 4 1 0 123456 0123456789 012 012346789 0123468
0 6 2 0 4 123 012 012456789 01234689 012 0123469 01234678
0 6 2 0 45 0345689 012 01234569 02346789 01 01234679 02468
0 6 2 0 5 0 0 2367 023456789 012 0123456789 02468
0 6 2 0 5 0 0 78 012346789 012 0123456789 02468
0 6 2 0 5 0 01 2389 012346789 012 012345689 02468
0 6 2 0 5 0126 012 01234569 023456789 0 0 0
0 6 2 0 56 0678 012 012345679 0123456789 012 0249 01248
0 6 2 0 6 0 12 012356789 0123456789 012 024 0248
0 6 2 0 6 012345 012 0123456789 01246789 0 0 0
0 6 2 0 6 567 01 0569 01234689 01 0123456789 0123456789
0 6 2 0 6 7 0 01 012456789 012 01234689 012346789
0 6 2 0 6 7 0 1 678 012 0123456789 0123456789
0 6 2 0 6 7 0 12 01289 012 0123456789 012345678
0 6 2 0 6 7 0 2 2345 01 0123456789 0123456789
0 6 2 0 6 7 0 2 5678 012 02345689 0123456789
0 6 2 0 6 7 0 23 089 012 0123456789 012345689
0 6 2 0 6 7 0 3 123456789 012 01234679 012345678
0 6 2 0 6 7 0 456 0123456789 012 0126789 0234689
0 6 2 0 6 7 0 67 0126789 012 0123456789 02345689
0 6 2 0 6 7 0 7 23 01 023456789 012456789
0 6 2 0 6 7 01 01789 034689 012 02346789 0123456789
0 6 2 0 6 7 1 12678 0124568 012 01234689 012345678
0 6 2 0 6 7 1 89 016789 012 0123456789 0123456789
0 6 2 0 6 7 12 09 012345678 012 023456789 012456789
0 6 2 0 6 7 2 012 0123456789 012 0123456789 02345678
0 6 2 0 6 7 2 234 0246789 012 0123456789 0123456789
0 6 2 0 6 7 2 45 0129 012 0123456789 023456789
0 6 2 0 6 78 02 035678 0123456789 012 024689 023468
0 6 2 0 67 01289 012 023456789 0123456789 012 0249 0248
0 6 2 0 7 2 01 01234569 0246789 012 0123456789 02468
0 6 2 0 7 2 1 0 01234 012 0123456789 02468
0 6 2 0 7 2 1 01 0123456789 012 012346789 02468
0 6 2 0 7 2 1 1 5678 012 0123456789 02468
0 6 2 0 7 2 1 12 01234569 012 012346789 02468
0 6 2 0 7 2 1 2678 0123456789 012 012346789 02468
0 6 2 0 7 23 012 012346789 0123456789 01 026789 02468
0 6 2 0 7 345 02 0145 0123489 012 012346789 01245678
0 6 2 0 7 5 01 0123456789 0123456789 01 01236 023468
0 6 2 0 7 5 12 013456789 0123456789 01 01236 012468
0 6 2 0 7 56 02 01234567 0123456789 0 0 0
0 6 2 0 7 6 01 012345789 0123456789 0 0 0
0 6 2 0 7 6 12 012345679 0123456789 0 0 0
0 6 2 0 7 78 012 012345689 0123456789 01 023456 02468
0 6 2 0 78 089 01 012456789 012346789 01 024569 024678
0 6 2 0 8 012 012 02345679 01234689 01 02789 0268
0 6 2 0 8 234 012 01234679 0123456789 012 012346789 02468
0 6 2 0 8 4 12 09 0156789 012 0123456789 02468
0 6 2 0 8 4 2 0 123456 012 0123456789 02468
0 6 2 0 8 4 2 01 026789 012 0123456789 02468
0 6 2 0 8 4 2 1 234 012 0123456789 02468
0 6 2 0 8 4 2 12 0456789 012 0123456789 02468
0 6 2 0 8 4567 012 02469 012348 012 01245679 02468
0 6 2 0 8 789 012 01234569 02345678 01 01236 023468
0 6 2 0 89 01239 012 0123689 01234689 01 01234569 02346789
0 6 2 0 9 3 12 0123456789 0123456789 01 012346 02468
0 6 2 0 9 3456 012 01234 0123468 012 0123456789 02468
0 6 2 0 9 6 01 046789 0124678 012 0123456789 02468
0 6 2 0 9 6 1 12346789 023456789 012 012689 02468
0 6 2 0 9 67 012 012346789 02345689 012 01234679 02468
0 6 2 01 09 01789 012 0123456789 012345689 0 0 0
0 6 2 1 0 12 01 01234679 0245689 012 012346789 02468
0 6 2 1 0 2345 012 01234569 012345678 012 01234679 012468
0 6 2 1 0 56 012 0123456789 0123456789 01 0236 0248
0 6 2 1 0 678 01 01234689 012345678 01 012346 023468
0 6 2 1 0 89 012 0123456789 0246789 01 0123456789 012345689
0 6 2 1 0 9 0 34 019 012 012345689 0123456789
0 6 2 1 0 9 0 4 12456 012 01234679 0123468
0 6 2 1 0 9 0 45 012678 01 0123456789 01245678
0 6 2 1 0 9 01 256789 012345689 012 012345679 02345678
0 6 2 1 0 9 1 9 2345 01 0123456789 01234689
0 6 2 1 0 9 1 9 5678 012 012346789 0123456789
0 6 2 1 0 9 12 019 012346789 012 012345679 02468
0 6 2 1 01 0129 012 012345 012346789 01 012369 02468
0 6 2 1 1 23 012 0123469 0123456789 01 023456 02468
0 6 2 1 1 34 01 0123456789 0123456789 0 0 0
0 6 2 1 1 45 012 012456789 0234678 01 0123456789 0246789
0 6 2 1 1 5 0 0 89 012 0123456789 02345689
0 6 2 1 1 5 0 0 9 012 0123456789 01245689
0 6 2 1 1 5 0 1 01 012 0123456789 0245678
0 6 2 1 1 5 0 1 1 012 0123456789 012346789
0 6 2 1 1 5 0 1 12 02 012345678 0123456789
0 6 2 1 1 5 0 1 2 012 0123456789 0123456789
0 6 2 1 1 5 0 1 3 01 0123456789 01234689
0 6 2 1 1 5 0 1 34 012 0123456789 023456789
0 6 2 1 1 5 0 1 45 012 0123456789 012456789
0 6 2 1 1 5 0 123 01245678 012 0123456789 012456789
0 6 2 1 1 5 0 3 2 012 0123456789 02346789
0 6 2 1 1 5 0 3 23 02 0123456 012345689
0 6 2 1 1 5 0 3 3 012 0123456789 0123456789
0 6 2 1 1 5 0 3 34 02 012345678 012456789
0 6 2 1 1 5 0 3 45 012 0123456789 012345689
0 6 2 1 1 5 0 3 5 01 0123456789 02346789
0 6 2 1 1 5 0 3 56 012 0123456789 02345678
0 6 2 1 1 5 0 3 6 012 0123456789 012345678
0 6 2 1 1 5 0 3 67 02 0123456789 0123456789
0 6 2 1 1 5 0 3 7 012 0123456789 0123456789
0 6 2 1 1 5 0 3 78 02 0123456789 012346789
0 6 2 1 1 5 0 3 8 012 0123456789 0123456789
0 6 2 1 1 5 0 34 089 012 0123456789 01234568
0 6 2 1 1 5 0 4 0 01 0123456789 0123456789
0 6 2 1 1 5 0 4 01 012 0123456789 012456789
0 6 2 1 1 5 0 4 1 01 0123456789 012345678
0 6 2 1 1 5 0 4 12 012 012345789 0123456789
0 6 2 1 1 5 0 4 2 01 0123456789 01245678
0 6 2 1 1 5 0 4 23 012 0123456789 0123456789
0 6 2 1 1 5 0 4 3 01 012346789 0123456789
0 6 2 1 1 5 0 4 34 012 0123456789 012346789
0 6 2 1 1 5 0 4 4 01 0123456789 012456789
0 6 2 1 1 5 0 4 45 012 0123456789 012456789
0 6 2 1 1 5 0 4 5 01 0123456789 01246789
0 6 2 1 1 5 0 4 56 012 0123456789 0123456789
0 6 2 1 1 5 0 4 6 01 0123456789 0123456789
0 6 2 1 1 5 0 4 67 012 0123456789 01245678
0 6 2 1 1 5 0 4 7 01 012345689 0123456789
0 6 2 1 1 5 0 4 78 012 0123456789 0123456789
0 6 2 1 1 5 0 4 8 01 0123456789 023456789
0 6 2 1 1 5 0 4 89 012 0123456789 012456789
0 6 2 1 1 5 0 45 09 012 0123456789 012345678
0 6 2 1 1 5 0 5 0 012 012456789 0123456789
0 6 2 1 1 5 0 5 01 012 0123456789 0123456789
0 6 2 1 1 5 0 5 12 012 0123456789 01245689
0 6 2 1 1 5 0 5 234 012 0123456789 02346789
0 6 2 1 1 5 0 5 45 012 0123456789 02468
0 6 2 1 1 5 0 5 56 012 0123456789 02345689
0 6 2 1 1 5 0 5 67 012 0123456789 0234689
0 6 2 1 1 5 0 5 78 012 0123456789 01234568
0 6 2 1 1 5 0 5 8 012 0123456789 023456789
0 6 2 1 1 5 0 56 089 012 0123456789 0123456789
0 6 2 1 1 5 0 6 0 012 0123456789 01246789
0 6 2 1 1 5 0 6 01 012 0123456789 0245678
0 6 2 1 1 5 0 6 12 012 0123456789 0234678
0 6 2 1 1 5 0 6 23 012 0123456789 0123456789
0 6 2 1 1 5 01 06789 02345678 012 0123456789 02468
0 6 2 1 1 5 1 01 234 012 0123456789 0123456789
0 6 2 1 1 5 1 1 23 012 0123456789 012345689
0 6 2 1 1 5 1 1 345 012 0123456789 01234568
0 6 2 1 1 5 1 1 56 012 0123456789 012346789
0 6 2 1 1 5 1 1 67 012 0123456789 01234689
0 6 2 1 1 5 1 12 0789 012 012346789 012468
0 6 2 1 1 5 1 2 01 012 0123456789 012345689
0 6 2 1 1 5 1 2 123 012 01234679 0123456789
0 6 2 1 1 5 1 2 34 012 0123456789 012346789
0 6 2 1 1 5 1 2 4 01 0123456789 012346789
0 6 2 1 1 5 1 2 456 01 0123456789 01245689
0 6 2 1 1 5 1 2 67 012 0123456789 01245689
0 6 2 1 1 5 1 2 7 01 0123456789 0123456789
0 6 2 1 1 5 1 2 78 012 0123456789 01234568
0 6 2 1 1 5 1 2 8 0 0123456 0123456789
0 6 2 1 1 5 1 2 8 01 0126789 0123456789
0 6 2 1 1 5 1 2 8 1 3456789 0123456789
0 6 2 1 1 5 1 2 8 12 0123459 0123456789
0 6 2 1 1 5 1 2 89 02 0123456 0123456789
0 6 2 1 1 5 1 2 9 01 016789 0123456789
0 6 2 1 1 5 1 2 9 1 12345678 0123456789
0 6 2 1 1 5 1 2 9 12 0123489 0123456789
0 6 2 1 1 5 1 23 0129 012 01234569 0123456789
0 6 2 1 1 5 1 3 2 01 0123456789 0123456789
0 6 2 1 1 5 1 3 234 012 012346789 02456789
0 6 2 1 1 5 1 3 45 012 0123456789 0123456789
0 6 2 1 1 5 1 3 56 012 012345679 012345678
0 6 2 1 1 5 1 3 6 01 0123456789 0123456789
0 6 2 1 1 5 1 3 6 12 0123456789 012456789
0 6 2 1 1 5 1 3 67 02 01234567 0123456789
0 6 2 1 1 5 1 3 7 01 012345689 0123456789
0 6 2 1 1 5 1 3 7 12 012346789 0123456789
0 6 2 1 1 5 1 3 78 02 012345678 0123456789
0 6 2 1 1 5 1 3 8 012 0123456789 0123456789
0 6 2 1 1 5 1 3 89 02 0123456 012346789
0 6 2 1 1 5 1 3 9 01 0123456789 012345678
0 6 2 1 1 5 1 34 09 012 012345789 0123456789
0 6 2 1 1 5 1 4 0 01 0123456789 0123456789
0 6 2 1 1 5 1 4 01 012 012345679 012346789
0 6 2 1 1 5 1 4 1 01 012345689 0123456789
0 6 2 1 1 5 1 4 1 12 0123456789 0123456789
0 6 2 1 1 5 1 4 12 012 0123456789 0123456789
0 6 2 1 1 5 1 4 2 12 012346789 0123456789
0 6 2 1 1 5 1 4 23 012 0123456789 012345689
0 6 2 1 1 5 1 4 34 012 0123456789 01234678
0 6 2 1 1 5 1 4 4 1 0123456789 02345678
0 6 2 1 1 5 1 4 45 012 012345679 012345689
0 6 2 1 1 5 1 4 5 01 0123456789 023456789
0 6 2 1 1 5 1 4 56 012 0123456789 0123456789
0 6 2 1 1 5 1 4 6 01 0123456789 023456789
0 6 2 1 1 5 1 4 67 012 0123456789 0124678
0 6 2 1 1 5 1 4 7 01 0123456789 0123456789
0 6 2 1 1 5 1 4 7 12 0123456789 02345678
0 6 2 1 1 5 1 4 78 012 013456789 02346789
0 6 2 1 1 5 1 4 8 12 0123456789 02345678
0 6 2 1 1 5 1 4 89 012 013456789 0123456789
0 6 2 1 1 5 1 45 09 012 0123456789 0124689
0 6 2 1 1 5 1 5 01 012 0123456789 0123456789
0 6 2 1 1 5 1 5 1 01 0123456789 02345678
0 6 2 1 1 5 1 5 12 012 012456789 0123456789
0 6 2 1 1 5 1 5 23 012 0123456789 0123456789
0 6 2 1 1 5 1 5 3 01 0123456789 0123456789
0 6 2 1 1 5 1 5 3 12 0123456789 0123456789
0 6 2 1 1 5 1 5 34 02 012345 012346789
0 6 2 1 1 5 1 5 4 01 0123456789 012456789
0 6 2 1 1 5 1 5 45 012 01234589 0123456789
0 6 2 1 1 5 1 5 5 01 0123456789 02346789
0 6 2 1 1 5 1 5 56 012 0123456789 02346789
0 6 2 1 1 5 1 5 6 01 123456789 0123456789
0 6 2 1 1 5 1 5 67 012 0123456789 02345678
0 6 2 1 1 5 1 5 78 012 0123456789 012456789
0 6 2 1 1 5 1 5 89 012 0123456789 01234568
0 6 2 1 1 5 1 56 09 012 0123456789 012345689
0 6 2 1 1 5 1 6 01 012 0123456789 02456789
0 6 2 1 1 5 1 6 12 012 0123456789 02345689
0 6 2 1 1 5 1 6 2 01 0123456789 012346789
0 6 2 1 1 5 1 6 23 012 0123456789 02456789
0 6 2 1 1 5 1 6 34 012 012345689 0123468
0 6 2 1 1 5 1 6 45 012 0123456789 0123456789
0 6 2 1 1 5 1 6 5 012 0123456789 0245678
0 6 2 1 1 5 1 6 56 012 0123456789 012456789
0 6 2 1 1 5 1 6 6 12 0123456789 023456789
0 6 2 1 1 5 1 6 67 02 01234567 0123456789
0 6 2 1 1 5 1 6 7 01 123456789 012345689
0 6 2 1 1 5 1 6 78 012 0123459 012345689
0 6 2 1 1 5 1 6 8 01 0123456789 0123456789
0 6 2 1 1 5 1 6 89 012 0123456789 01246789
0 6 2 1 1 5 1 6 9 01 0123456789 02345678
0 6 2 1 1 5 1 67 09 012 0123456789 012345689
0 6 2 1 1 5 1 7 0 01 0123456789 0123456789
0 6 2 1 1 5 1 7 01 012 0123456789 012456789
0 6 2 1 1 5 1 7 1 01 0123456789 023456789
0 6 2 1 1 5 1 7 12 012 0123456789 023456789
0 6 2 1 1 5 1 7 2 01 0123456789 012345689
0 6 2 1 1 5 1 7 23 012 0123456789 0123468
0 6 2 1 1 5 1 7 3 01 0123456789 0123456789
0 6 2 1 1 5 1 7 34 012 012345789 012456789
0 6 2 1 1 5 1 7 4 01 0123456789 0124568
0 6 2 1 1 5 1 7 45 012 0123456789 012456789
0 6 2 1 1 5 1 7 5 01 012346789 012456789
0 6 2 1 1 5 1 7 5 12 0123456789 0123456789
0 6 2 1 1 5 1 7 56 012 0123456789 01234689
0 6 2 1 1 5 1 7 6 12 0123456789 01245678
0 6 2 1 1 5 1 7 67 012 0123456789 023456789
0 6 2 1 1 5 1 7 7 12 0123456789 0123456789
0 6 2 1 1 5 1 7 78 02 01234567 01245689
0 6 2 1 1 5 1 7 8 012 012456789 0124568
0 6 2 1 1 5 1 7 89 02 012345678 01234689
0 6 2 1 1 5 1 7 9 01 0123456789 0123456789
0 6 2 1 1 5 1 78 09 012 01234569 0123456789
0 6 2 1 1 5 1 8 0 01 0123456789 023456789
0 6 2 1 1 5 1 8 01 012 0123456789 01246789
0 6 2 1 1 5 1 8 1 01 0123456789 01234678
0 6 2 1 1 5 1 8 12 012 0123456789 0123456789
0 6 2 1 1 5 1 8 2 01 0123456789 01245678
0 6 2 1 1 5 1 8 23 012 0123456789 012456789
0 6 2 1 1 5 1 8 3 01 0123456789 012346789
0 6 2 1 1 5 1 8 3 12 0123456789 01234689
0 6 2 1 1 5 1 8 34 02 01234567 0123456789
0 6 2 1 1 5 1 8 4 01 0123456789 012345689
0 6 2 1 1 5 1 8 45 012 01234569 012456789
0 6 2 1 1 5 1 8 5 01 0123456789 012346789
0 6 2 1 1 5 1 8 56 012 0123459 0123456789
0 6 2 1 1 5 1 8 6 01 0123456789 0123456789
0 6 2 1 1 5 1 8 67 012 0123456789 012456789
0 6 2 1 1 5 1 8 7 01 0123456789 01246789
0 6 2 1 1 5 1 8 78 012 0123456789 012456789
0 6 2 1 1 5 1 8 8 01 123456789 01234678
0 6 2 1 1 5 1 8 8 12 0123456789 0123456789
0 6 2 1 1 5 1 8 9 01 0123456789 023456789
0 6 2 1 1 5 1 8 9 12 0123456789 0123456789
0 6 2 1 1 5 1 89 09 02 012345678 0123456789
0 6 2 1 1 5 1 9 0 012 0123456789 023456789
0 6 2 1 1 5 1 9 01 012 0123456789 012345689
0 6 2 1 1 5 1 9 1 12 0123456789 0123456789
0 6 2 1 1 5 1 9 12 02 012345678 012456789
0 6 2 1 1 5 1 9 2 01 0123456789 0123456789
0 6 2 1 1 5 1 9 23 02 0123456 01234568
0 6 2 1 1 5 1 9 3456 012 0123456789 012345678
0 6 2 1 1 5 1 9 6 012 0123456789 0123456789
0 6 2 1 1 5 1 9 67 02 012345678 012346789
0 6 2 1 1 5 1 9 7 012 012346789 02346789
0 6 2 1 1 5 1 9 78 02 012345678 01234568
0 6 2 1 1 5 1 9 8 012 0123456789 01234568
0 6 2 1 1 5 1 9 89 02 0123456789 012346789
0 6 2 1 1 5 1 9 9 012 0123456789 01245689
0 6 2 1 1 5 12 09 09 02 0123456 0123456789
0 6 2 1 1 5 2 0 0 01 0123456789 012456789
0 6 2 1 1 5 2 0 01 012 01234589 023456789
0 6 2 1 1 5 2 0 1 01 0123456789 012346789
0 6 2 1 1 5 2 0 12 012 012345789 01234568
0 6 2 1 1 5 2 0 2 01 0123456789 0123456789
0 6 2 1 1 5 2 0 23 012 012345789 01234568
0 6 2 1 1 5 2 0 3 01 0123456789 0123456789
0 6 2 1 1 5 2 0 34 012 01234789 023456789
0 6 2 1 1 5 2 0 4 01 0123456789 0123456789
0 6 2 1 1 5 2 0 45 012 0123456789 01245678
0 6 2 1 1 5 2 0 5 12 0123456789 0123456789
0 6 2 1 1 5 2 0 56 012 0123456789 02345689
0 6 2 1 1 5 2 0 6 12 0123456789 02345678
0 6 2 1 1 5 2 0 67 012 0123456789 01234689
0 6 2 1 1 5 2 0 78 012 0123456789 0245678
0 6 2 1 1 5 2 0 8 01 0123456789 012456789
0 6 2 1 1 5 2 0 89 012 0123456789 0123456789
0 6 2 1 1 5 2 0 9 012 0123456789 012346789
0 6 2 1 1 5 2 01 09 02 01234567 0123456789
0 6 2 1 1 5 2 12 01245689 012 012346789 0124678
0 6 2 1 1 5 2 23 01269 01 0123456789 02345678
0 6 2 1 1 5 2 3 67 012 0123456789 01246789
0 6 2 1 1 5 2 34 0123456789 012 0123456789 023468
0 6 2 1 1 567 012 02345689 012456789 012 0123469 02468
0 6 2 1 12 01789 01 012369 012468 012 023456789 0245689
0 6 2 1 2 12 01 01234569 0123456789 012 0249 0248
0 6 2 1 2 2345 012 0123456789 0123456789 0 0 0
0 6 2 1 2 5 0 23 089 012 01234569 0123456789
0 6 2 1 2 56 01 023679 012468 012 01234569 0123456789
0 6 2 1 2 678 012 0123689 0234678 01 0123469 02456789
0 6 2 1 2 8 1 2 2 01 0123456789 0123456789
0 6 2 1 2 8 1 2 2345 012 023456789 0123456789
0 6 2 1 2 8 12 026789 012456789 012 012346789 012456789
0 6 2 1 23 01289 012 01234569 012345689 012 01269 012468
0 6 2 1 3 23 01 01234569 012456789 01 012345679 02468
0 6 2 1 3 34 01 01236789 01234568 012 0123456789 0124568
0 6 2 1 3 4 0 678 0123456789 012 012345679 02468
0 6 2 1 3 4 012 02346789 02345689 012 0126789 02468
0 6 2 1 3 4568 012 01234 023456789 01 0126789 02468
0 6 2 1 3 89 012 023456789 0123456789 0 0 0
0 6 2 1 34 09 012 0123456789 012456789 012 0249 0248
0 6 2 1 4 0 0 012 012345678 012 023456789 0123456789
0 6 2 1 4 0 0 2 67 012 0123456789 012346789
0 6 2 1 4 0 012 23456789 0123456789 02 045 012489
0 6 2 1 4 0 2 3 67 012 012345679 0123456789
0 6 2 1 4 0 2 3 789 012 0123456789 012456789
0 6 2 1 4 0 2 3 9 12 0123456789 0123456789
0 6 2 1 4 0 2 34 0239 012 0123456789 012456789
0 6 2 1 4 0 2 4 345 01 012345679 0123456789
0 6 2 1 4 0 2 4 567 012 0123456789 012346789
0 6 2 1 4 01 02 0345 012456789 01 0123456789 01246789
0 6 2 1 4 1 0 45678 02345678 012 0123679 0123456789
0 6 2 1 4 123456 012 0123456789 01234689 012 02459 0248
0 6 2 1 45 0126789 012 0123456789 012345689 0 0 0
0 6 2 1 5 2 01 01234569 0123456789 01 023456 02468
0 6 2 1 5 234 012 01269 0124568 01 0123689 0123456789
0 6 2 1 5 4 0 0 5 1 0123456789 0123456789
0 6 2 1 5 4 0 01 24568 02 0123456 0123456789
0 6 2 1 5 4 0 1 4 01 012456789 0123456789
0 6 2 1 5 4 0 1 45 012 012345689 0123456789
0 6 2 1 5 456 01 01236 0124568 01 012345679 0245678
0 6 2 1 5 67 012 023469 0124689 012 0124569 01234689
0 6 2 1 5 7 2 45 09 012 012345679 023456789
0 6 2 1 5 7 2 5 01 012 012346789 0123456789
0 6 2 1 5 789 02 03456 01268 012 0123456789 023456789
0 6 2 1 5 9 0 6 1 012 012346789 012346789
0 6 2 1 56 0129 012 0123469 01246789 012 0234569 012345689
0 6 2 1 6 234 012 0123679 0123456789 0 0 0
0 6 2 1 6 4 12 02456789 0123456789 01 0269 0248
0 6 2 1 6 56789 012 01234569 0123456789 0 01345 02468
0 6 2 1 6 9 1 23456789 0123456789 012 012356789 012468
0 6 2 1 6 9 12 0249 023468 012 012346789 0123456789
0 6 2 1 6 9 2 45 0124568 012 023456789 012456789
0 6 2 1 67 0129 012 0123459 01245689 012 01234689 0124678
0 6 2 1 7 234 012 02346789 023456789 012 0129 0123468
0 6 2 1 7 456 012 0123456789 01234689 01 01269 02468
0 6 2 1 7 6 2 345 0124568 012 0123456789 012345678
0 6 2 1 7 789 01 0123456 0123456789 01 0234689 023468
0 6 2 1 7 9 0 56789 0123456789 012 0123456789 02468
0 6 2 1 78 09 01 012 023456789 012 012346789 02468
0 6 2 1 8 0 0 012345 012345678 012 0123469 024678
0 6 2 1 8 0 0 5678 012345689 012 012346789 02468
0 6 2 1 8 0 0 89 012346789 01 01234569 023468
0 6 2 1 8 0 01 019 012345678 012 012346789 024568
0 6 2 1 8 0 1 12 023456789 012 01234689 02468
0 6 2 1 8 0 1 234569 0123456789 012 01234689 0246789
0 6 2 1 8 01 02 02345 0123456789 01 023689 02468
0 6 2 1 8 1 01 24569 023456789 012 023456789 02345678
0 6 2 1 8 1 12 019 02345689 012 01234569 023456789
0 6 2 1 8 1 2 123 0123456789 012 01234569 012345678
0 6 2 1 8 12 012 0123456789 012345689 012 0234 024568
0 6 2 1 8 23 012 0123456789 012345689 0 0 0
0 6 2 1 8 34 01 0123 023456789 012 01236789 02468
0 6 2 1 8 4 0 345678 023456789 012 0123469 02468
0 6 2 1 8 4 01 012345689 012345689 01 02346789 02468
0 6 2 1 8 4 12 0126789 023456789 01 01234689 02468
0 6 2 1 8 45 02 0145 012345678 012 026789 02468
0 6 2 1 8 5 0 12345 012345689 012 0236789 02468
0 6 2 1 8 5 0 56789 023456789 012 02346789 02468
0 6 2 1 8 5 01 019 01234678 012 0234679 02468
0 6 2 1 8 5 1 123 012345678 012 0123469 02468
0 6 2 1 8 5 1 3456 0123456789 012 01234689 02468
0 6 2 1 8 5 1 6789 023456789 012 012346789 02468
0 6 2 1 8 5 12 01239 0123456789 012 0234569 0248
0 6 2 1 8 56 02 0345 0123456789 012 01234569 02468
0 6 2 1 8 6 0 12345 01234678 012 02345689 02468
0 6 2 1 8 6 0 6789 0123456789 012 0234569 02468
0 6 2 1 8 6 01 0129 023456789 012 01234679 02468
0 6 2 1 8 6 1 2345 0123456789 01 01236789 02468
0 6 2 1 8 6 1 5678 0123456789 012 02346789 02468
0 6 2 1 8 6 12 089 0123456789 01 01236789 02468
0 6 2 1 8 67 02 012345 0123456789 012 0234569 02468
0 6 2 1 8 7 0 123456 01246789 012 0234679 02468
0 6 2 1 8 7 01 06789 0123456789 012 0123469 02468
0 6 2 1 8 7 1 1234567 012345678 012 01269 02468
0 6 2 1 8 7 12 012789 0123456789 012 01236789 02468
0 6 2 1 8 78 012 023456789 012345689 012 023469 02468
0 6 2 1 8 89 012 012345679 0123456789 01 024569 0248
0 6 2 1 8 9 1 345678 02346789 01 0123456789 012468
0 6 2 1 89 019 012 0123456789 01246789 01 01234679 02468
0 6 2 1 9 12 01 01236789 01234678 012 0129 02468
0 6 2 1 9 23 012 0123456789 0123456789 0 0 0
0 6 2 12 09 034678 012 01234569 0123456789 0 013 026
0 6 2 2 0 0 0 012367 0123456789 01 0123456789 02468
0 6 2 2 0 0 01 089 0123456789 012 0123456789 02468
0 6 2 2 0 0 1 1234 012345678 012 02345679 023468
0 6 2 2 0 0 1 4567 023456789 012 01234679 02468
0 6 2 2 0 01 012 01234789 012456789 01 012689 02468
0 6 2 2 0 1 01 24679 023468 01 0123456789 02456789
0 6 2 2 0 1 12 0123459 012346789 01 012346 023456789
0 6 2 2 0 1 2 5 2 01 123456789 0123456789
0 6 2 2 0 1234 012 02345679 0123456789 012 0245789 0234678
0 6 2 2 0 4 01 234569 0123456789 012 012369 02468
0 6 2 2 0 45 012 0234569 02345689 0 012345678 0123456789
0 6 2 2 0 5 01 236 2348 012 01234569 012346789
0 6 2 2 0 5 1 345 02456789 012 012456789 0234568
0 6 2 2 0 5678 01 0123569 01246789 01 01236789 012345678
0 6 2 2 0 8 0 3 12 01 0123456789 0123456789
0 6 2 2 0 8 0 3 23 01 012345689 0123456789
0 6 2 2 0 8 0 3 346789 01 01234689 0123456789
0 6 2 2 0 8 0 456789 01234678 01 01234567 0123456789
0 6 2 2 0 8 01 0126789 01245678 012 0123456789 012456789
0 6 2 2 0 8 1 9 0123456 012 023456789 012345678
0 6 2 2 0 8 12 019 023456789 01 012345689 012345678
0 6 2 2 0 89 02 012345 02345678 01 012346 0123456789
0 6 2 2 0 9 01 2367 0124678 01 0123456789 023456789
0 6 2 2 01 09 01 0789 02456789 01 012346789 012345678
0 6 2 2 1 0 0 0 567 012 012345689 012456789
0 6 2 2 1 0 0 0 78 012 0123456789 012456789
0 6 2 2 1 0 0 01 089 012 0123456789 012345689
0 6 2 2 1 0 0 1 01 012 0123456789 01246789
0 6 2 2 1 0 0 1 123 012 0123456789 023456789
0 6 2 2 1 0 0 1 34 012 0123456789 012345689
0 6 2 2 1 0 0 12 456 012 0123456789 012346789
0 6 2 2 1 0 0 2 4567 012 0123456789 02346789
0 6 2 2 1 0 0 2 78 012 012346789 012346789
0 6 2 2 1 0 0 23 089 012 0123456789 012345689
0 6 2 2 1 0 0 34567 0123468 012 012345679 0234678
0 6 2 2 1 0 01 23456789 01245678 01 01234569 01234689
0 6 2 2 1 0123 012 0234569 0123456789 01 0129 02489
0 6 2 2 1 3 01 012456789 0123456789 0 0 0
0 6 2 2 1 345 012 02345679 0123456789 01 01269 024568
0 6 2 2 1 56 012 0123456789 012346789 0 012 023456789
0 6 2 2 1 6 1 2 8 01 023456789 0123456789
0 6 2 2 1 6 1 2 8 12 0123456789 0123456789
0 6 2 2 1 6 1 2 89 012 0123456789 0123456789
0 6 2 2 1 6 1 23 09 02 012345678 0123456789
0 6 2 2 1 6 1 3 01234 01 01234689 012345689
0 6 2 2 1 6 1 3 567 012 01234679 0123456789
0 6 2 2 1 6 1 34 012345789 012 0123456789 02346789
0 6 2 2 1 6 1 4 56 012 0123456789 012345689
0 6 2 2 1 6 1 4 7 01 012346789 023456789
0 6 2 2 1 6 1 45 01789 012 012346789 012345678
0 6 2 2 1 6 1 5 123 012 0123456789 0124678
0 6 2 2 1 6 12 23569 023456789 01 0123456789 0246789
0 6 2 2 1 6789 012 012346789 0123456789 01 026 048
0 6 2 2 12 09 012 012345689 023456789 0 0 0
0 6 2 2 2 01 012 0123456789 012456789 01 02 08
0 6 2 2 2 123489 012 01234569 012345689 0 0 0
0 6 2 2 23 019 012 01234569 02456789 01 02679 02468
0 6 2 2 3 123 012 01234569 0123456789 012 0123469 0123468
0 6 2 2 3 3 0 45 0123456789 012 0123456789 02346789
0 6 2 2 34 0345689 01 0123569 0123456789 01 0123569 024678
0 6 2 2 4 0123 012 01234569 0245678 01 023456 012468
0 6 2 2 4 34 01 012346 012346789 012 0126789 0123456789
0 6 2 2 4 4 01 0123456789 0123456789 0 0 0
0 6 2 2 4 456 012 01234679 012345678 012 02689 024568
0 6 2 2 4 789 012 01234569 0124689 01 023456789 024689
0 6 23 02 01245 01234569 01 023456789 012345678 0 0 0
0 6 3 0 23 2456789 012 01234569 02346789 0 0 0
0 6 3 0 3456 0245689 012 0123456789 02456789 0 0 0
0 6 3 0 67 06789 012 012346789 024689 012 0236789 0246789
0 6 3 0 7 01 012 0123456789 023468 012 02346 02468
0 6 3 0 7 1234 012 0123456789 012345689 01 0269 0468
0 6 3 0 7 56 012 0123456789 012346789 0 0 0
0 6 3 0 7 78 012 0123469 012345678 01 01236 02468
0 6 3 0 78 089 012 012345689 012345689 0 0 0
0 6 3 0 8 01234 012 012346789 0123456789 0 0 0
0 6 3 0 8 45 012 0123456789 02456789 0 0 0
0 6 3 0 8 56 012 0126789 0123456789 0 0 0
0 6 3 0 8 678 012 01269 0234689 0 0123456789 012345689
0 6 3 0 8 8 0 2 23 012 0123456789 012346789
0 6 3 0 89 089 012 0123456789 02345678 02 0234 024678
0 6 3 0 9 0123 01 0123456789 02346789 01 01269 023468
0 6 3 0 9 345 012 023456789 0123468 012 02469 0248
0 6 3 0 9 67 012 012345689 0123456789 0 0 0
0 6 3 0 9 789 012 0123456789 012345678 0 0 0
0 6 3 01 09 019 01 023456789 0123456789 012 0123469 02468
0 6 3 1 0 1234 012 01234569 02345689 01 02689 012468
0 6 3 1 0 45678 012 0123456789 012346789 0 0 0
0 6 3 1 01 089 012 012346789 02345678 012 02349 0248
0 6 3 1 1 01234 012 012456789 012456789 01 026 048
0 6 3 1 1 45 012 01234569 0123468 012 0234679 0124689
0 6 3 1 1 56 012 0123456789 0123456789 0 0 0
0 6 3 1 1 678 012 012345679 0123456789 0 0 0
0 6 3 1 1 89 012 012346789 012456789 0 0 0
0 6 3 1 12 019 012 0123456789 023456789 01 01236 02468
0 6 3 1 2 2345 012 0123456789 02346789 012 029 0248
0 6 3 1 2 5678 012 0123469 012345678 0 0 0
0 6 3 1 23 0189 012 012346789 012345689 01 026 048
0 6 3 1 3 12345 012 012346789 0123456789 0 0 0
0 6 3 1 3 567 012 01246789 0123456789 01 02679 0268
0 6 3 1 34 0789 012 012345689 0123456789 01 01269 024678
0 6 3 1 4 01 01 0123456 0123456789 0 01 0128
0 6 3 1 4 1 1 5679 024689 012 0123456789 012346789
0 6 3 1 4 1 1 9 45678 012 012346789 012345678
0 6 3 1 4 1 12 09 089 012 0123456789 01234689
0 6 3 1 4 1 2 0 01 012 0123456789 0123456789
0 6 3 1 4 1 2 0 12 012 0123456789 023456789
0 6 3 1 4 1 2 0 23 012 0123456789 02345689
0 6 3 1 4 1 2 0 345 012 0123456789 012346789
0 6 3 1 4 1 2 0 56 012 0123456789 02456789
0 6 3 1 4 1 2 01 24678 012 0123456789 0124689
0 6 3 1 4 1 2 1 678 012 023456789 0123456789
0 6 3 1 4 1 2 12 02389 012 01234569 0124689
0 6 3 1 4 12 02 0124 012348 012 012346789 0245678
0 6 3 1 4 23 012 0123456789 0123456789 0 0 0
0 6 3 1 4 3 01 0136789 0123456789 01 01236789 0124689
0 6 3 1 4 345 012 0123456789 012345689 0 0 0
0 6 3 1 4 56 012 01234689 012346789 0 0 0
0 6 3 1 4 67 012 012345689 0123456789 0 0 0
0 6 3 1 4 7 012 01245689 023456789 01 01236 02456789
0 6 3 1 4 78 012 0123456789 01246789 0 0 0
0 6 3 1 4 89 012 0123456789 012345689 0 0 0
0 6 3 1 45 09 012 0123456789 0123456789 0 0 0
0 6 3 1 5 01 012 0123456789 012345689 0 0 0
0 6 3 1 5 267 01 0123456789 012345689 0 0 0
0 6 3 1 5 78 01 0123456789 023456789 0 0 0
0 6 3 1 5 89 012 012346789 012345689 01 012346789 0123468
0 6 3 1 56 09 012 012345689 01245689 012 0124679 02468
0 6 3 1 6 0 1 0123456 01245678 012 01234569 02468
0 6 3 1 6 01 012 0123456789 0246789 01 023469 024689
0 6 3 1 6 1234 012 012346789 012456789 01 02 08
0 6 3 1 6 45 012 0123469 0123456789 01 0123469 02468
0 6 3 1 6 567 012 0123456789 02345678 01 02346 0248
0 6 3 1 6 78 012 01234689 023456789 01 0123679 02468
0 6 3 1 67 089 012 012345679 012346789 012 0123469 02468
0 6 3 1 7 012 012 0123456789 02345678 01 024569 0248
0 6 3 1 7 234 01 01236789 012456789 01 01236789 02468
0 6 3 1 7 456 012 023456789 012346789 0 0 0
0 6 3 1 9 234 012 0123456789 012345689 0 0 0
0 6 3 1 9 456789 012 012346789 012345689 0 0 0
0 6 3 12 09 012349 012 0123456789 023456789 0 0 0
0 6 3 2 0 5678 012 0123456789 01245678 0 0 0
0 6 3 2 0 89 012 0123456789 0123456789 01 026789 024689
0 6 3 2 01 09 012 01234569 01234689 0 0 0
0 6 3 2 1 12345 012 012346789 01245689 0 0 0
0 6 3 2 1 56 012 02346789 02345678 012 012346789 024678
0 6 3 2 1 6 01 23456789 0123456789 012 0234679 0234689
0 6 3 2 1 6 12 02456789 02345678 012 02346789 0234689
0 6 3 2 1 67 02 0124 01234678 012 023456789 012345689
0 6 3 2 1 7 0 23456 0123456789 01 0123456789 0234678
0 6 3 2 1 7 012 0123456789 01234678 0 0 0
0 6 3 2 1 78 02 05 0123456789 012 012346789 012345678
0 6 3 2 1 8 0 1 02345678 012 01234679 01246789
0 6 3 2 1 8 0 1234 012345689 012 0123456789 02345689
0 6 3 2 1 8 0 45 2345678 01 0123469 023456789
0 6 3 2 1 8 01 056789 0123456789 01 01236 0123456789
0 6 3 2 1 8 1 012 0245678 01 01234569 0123456789
0 6 3 2 1 8 1 2 23 012 0123456789 0123456789
0 6 3 2 1 8 1 23 34678 012 012346789 0123456789
0 6 3 2 1 8 1 456 012345678 01 0123456789 01246789
0 6 3 2 1 8 1 6 67 012 0123456789 0123456789
0 6 3 2 1 8 1 67 078 012 0123456789 0123456789
0 6 3 2 1 8 1 7 012456 012 012456789 02346789
0 6 3 2 1 8 1 78 0124678 01 012345689 0123456789
0 6 3 2 1 8 12 012389 012345689 012 01234569 012456789
0 6 3 2 1 8 2 345 01234568 01 0123456789 01234678
0 6 3 2 1 89 02 012345 0234568 012 012345679 01234689
0 6 3 2 1 9 0 5 2 01 0123456789 0123456789
0 6 3 2 1 9 01 0569 2346 012 0123456789 012345689
0 6 3 2 12 09 01 01234569 01245678 01 01234689 0234678
0 6 3 2 2 0 0 6 45 012 0123456789 0123456789
0 6 3 2 2 0 0 6 56 012 012345679 0123456789
0 6 3 2 2 0 0 6 67 012 0123456789 023456789
0 6 3 2 2 0 0 6 78 012 0123456789 012345678
0 6 3 2 2 0 0 6 89 012 0123456789 0123456789
0 6 3 2 2 0 0 67 09 012 0123456789 023456789
0 6 3 2 2 0 01 23789 012689 012 0123456789 02468
0 6 3 2 2 0 1 3469 0246 01 0123456789 012346789
0 6 3 2 2 0 1 9 23 012 0123456789 02345689
0 6 3 2 2 0 1 9 34 012 0123456789 012456789
0 6 3 2 2 0 1 9 4 012 0123456789 012345678
0 6 3 2 2 0 1 9 45 012 0123456789 02468
0 6 3 2 2 0 1 9 56 012 0123456789 0245689
0 6 3 2 2 0 1 9 6 012 0123456789 024568
0 6 3 2 2 0 1 9 67 012 0123456789 02468
0 6 3 2 2 0 1 9 78 012 0123456789 012468
0 6 3 2 2 0 1 9 89 012 0123456789 0245678
0 6 3 2 2 0 1 9 9 012 0123456789 012346789
0 6 3 2 2 0 12 09 09 012 0123456789 023468
0 6 3 2 2 0 2 0 01 012 0123456789 02468
0 6 3 2 2 0 2 0 12 012 0123456789 0123468
0 6 3 2 2 0 2 0 23 012 0123456789 024568
0 6 3 2 2 01 012 0234689 0234568 01 0123456789 0234568
0 6 3 2 2 1 1 56789 02346 012 0123456789 024678
0 6 3 2 2 12 012 029 012456789 012 0123456789 012345689
0 6 3 2 2 2 0 01 02456789 01 023456789 0234678
0 6 3 2 2 2 0 12 02346789 012 012346789 01234678
0 6 3 2 2 2 0 23 01234567 01 012346789 0234678
0 6 3 2 2 2 0 345 0123456789 01 012346789 0123456789
0 6 3 2 2 2 0 567 0123456789 012 01234689 0124689
0 6 3 2 2 2 0 789 0123456789 01 01234569 0124568
0 6 3 2 2 2 01 019 012456789 01 0123456789 01245689
0 6 3 2 2 2 1 1 2 01 0123456789 01245689
0 6 3 2 2 2 1 1 23 012 0123456789 012345689
0 6 3 2 2 2 1 1 3 01 0123456789 0123456789
0 6 3 2 2 2 1 1 34 01 012345679 0123468
0 6 3 2 2 2 1 1 4 012 0123456789 02346789
0 6 3 2 2 2 1 1 45 012 0123456789 01234568
0 6 3 2 2 2 1 1 56 012 0123456789 0234689
0 6 3 2 2 2 1 12 01678 012 0123456789 02345689
0 6 3 2 2 2 1 2 12345 012 012346789 0124689
0 6 3 2 2 2 12 023456789 0123456789 01 01236 023468
0 6 3 2 2 23 02 01245 01246789 01 0123456789 02456789
0 6 3 2 2 3 0 0 12345 01 01234567 012346789
0 6 3 2 2 3 0 01 0123456789 012 0123456789 012468
0 6 3 2 2 3 0 12 01245789 012 01234569 0123456789
0 6 3 2 2 3 0 2345 0123456789 01 01234569 02345678
0 6 3 2 2 3 01 056789 0123456789 01 01269 023468
0 6 3 2 2 3 1 01234 012346789 01 012346789 01245678
0 6 3 2 2 3 1 45 0123489 01 01236789 0123456789
0 6 3 2 2 3 12 05679 023456789 01 0123456789 02345689
0 6 3 2 2 345 012 0123456789 0123456789 01 023456 024678
0 6 3 2 2 567 012 01234679 023456789 0 0 0
0 6 3 2 2 789 012 012346789 02345689 012 023456789 02468
0 6 3 2 23 019 012 012456789 0123456789 0 0 0
0 6 3 2 3 12 012 0123456789 0123456789 01 02 08
0 6 3 2 3 23 012 0123456789 0123456789 0 0 0
0 6 3 2 3 34 012 0123456789 0123456789 0 0 0
0 6 3 2 3 45 012 01234569 0123456789 0 0 0
0 6 3 2 3 56 012 0123456789 012456789 0 0 0
0 6 3 2 3 678 012 0123456789 0123456789 0 0 0
0 6 3 2 3 89 012 0123456789 012346789 0 0 0
0 6 3 2 3 9 012 012346789 012456789 01 026789 023468
0 6 3 2 34 019 012 0123456789 012345689 0 0 0
0 6 3 2 4 123 012 012345679 023456789 0 0 0
0 6 3 2 4 3 1 34567 0123456789 01 02346 0248
0 6 3 2 4 34 012 0123456789 0123456789 01 01269 02468
0 6 3 2 4 45 012 0249 0123458 012 012345679 023456789
0 6 3 2 4 5 0 0123456 012345678 012 0126789 01246789
0 6 3 2 4 5 0 7 0126789 01 0123456789 02346789
0 6 3 2 4 5 01 0789 0123456789 012 01234679 024568
0 6 3 2 4 5 1 0 567 012 0123456789 01234568
0 6 3 2 4 5 1 0123456789 0123456789 012 023456 01248
0 6 3 2 4 56 02 012345 0123456789 01 0269 0248
0 6 3 2 4 6 0 34 01236789 012 023456789 012346789
0 6 3 2 4 6 01 1234569 0123456789 01 0269 0248
0 6 3 2 4 67 012 0123456789 02345689 01 02 08
0 6 3 2 45 0789 012 0123456789 0123456789 0 0 0
0 6 3 2 5 0 01 01234569 012345689 01 01236789 01234689
0 6 3 2 5 01 012 012456789 01234689 012 012346789 02468
0 6 3 2 5 1 01 0123456789 0123456789 0 0 0
0 6 3 2 5 1 12 0123456789 0123456789 0 0 0
0 6 34 02 05 012345 012 012345679 01245678 0 0 0
0 6 4 0 0 1234 012 01234679 012456789 0 067 024
0 6 4 0 0 4 2 4 12 012 0123456789 0123456789
0 6 4 0 0 4 2 4 2 012 0123456789 0123456789
0 6 4 0 0 4 2 4 23 012 0123456789 0123456789
0 6 4 0 0 4 2 4 34 012 0123456789 0123456789
0 6 4 0 0 4 2 4 456789 012 01234569 01234568
0 6 4 0 0 45 012 012345689 0123456789 01 01236 02468
0 6 4 0 0 56 012 01234569 01246789 01 0123679 02468
0 6 4 0 0 6 0 123467 023456789 012 012346789 02346789
0 6 4 0 0 67 012 012346789 012345689 01 01236 023468
0 6 4 0 0 7 012 01234689 0123456789 01 01236 02468
0 6 4 0 0 789 012 0123456789 02456789 0 0 0
0 6 4 0 01 09 012 01234569 0123456789 01 026 048
0 6 4 0 1 01 012 01234569 012345689 01 02 012458
0 6 4 0 1 123 012 0123456789 012345689 01 01236789 024568
0 6 4 0 1 34 012 0123456789 01245689 01 023469 02468
0 6 4 0 1 45 012 01234689 0123456789 012 0123469 02468
0 6 4 0 1 5 12 0124569 0245678 012 0123456789 02468
0 6 4 0 1 56 02 012 023468 01 0126789 012346789
0 6 4 0 1 6 0 1 4567 012 0123456789 01234689
0 6 4 0 1 6 0 1 789 012 0123456789 02345678
0 6 4 0 1 6 0 1234 01245689 012 01234689 02468
0 6 4 0 1 6 0 456 01245678 012 012345679 0123456789
0 6 4 0 1 6 012 0123469 02346789 01 0123469 0246789
0 6 4 0 1 6 2 4 67 012 01234569 01245689
0 6 4 0 1 6 2 45 23478 012 01234569 0123456789
0 6 4 0 1 6 2 5 45 012 0123456789 0123456789
0 6 4 0 1 7 012 0123456789 0123456789 012 0129 02468
0 6 4 0 1 789 012 012346789 012456789 0 06 04
0 6 4 0 12 09 012 012346789 0123456789 01 0129 02678
0 6 4 0 2 0 12 0123456789 012456789 012 029 0248
0 6 4 0 2 012 012 0123456789 01234689 012 0234 012689
0 6 4 0 2 2 01 012789 0123456789 01 045679 024568
0 6 4 0 2 2345 012 0123456789 0123456789 0 0 0
0 6 4 0 2 56 012 01234689 0123456789 0 0 0
0 6 4 0 2 6 012 0123456789 01234568 0 0 0
0 6 4 0 2 78 012 023456789 0123456789 01 01269 02468
0 6 4 0 2 89 012 0123456789 012456789 0 0 0
0 6 4 0 2 9 01 123456789 0123456789 01 01269 023468
0 6 4 0 23 019 012 012345689 0123456789 0 0 0
0 6 4 0 3 12 012 02345679 012345689 0 0 0
0 6 4 0 3 234 012 0123456789 012346789 01 023469 02468
0 6 4 0 3 4 01 012456789 012345678 01 012 028
0 6 4 0 3 45 012 01234569 012345678 012 02456789 02468
0 6 4 0 3 5 01 23467 0123456789 012 012345679 02468
0 6 4 0 3 5678 012 012346789 01245678 0 0 0
0 6 4 0 3 8 12 0123456789 023456789 012 012349 0234568
0 6 4 0 3 8 2 01234 02345689 01 0123689 0124689
0 6 4 0 3 89 02 0145 01245689 012 012345679 02468
0 6 4 0 3 9 0 12 01234678 012 01234569 02468
0 6 4 0 3 9 0 234 0123456789 012 0123456789 02468
0 6 4 0 3 9 012 0123456789 0123456789 01 01269 02468
0 6 4 0 34 09 02 0123467 0123456789 012 0246789 01234568
0 6 4 0 4 0 01 0789 012468 012 012345689 012345678
0 6 4 0 4 0 1 012 02345678 01 01234569 01245689
0 6 4 0 4 0 12 02345679 0123456789 01 0269 0248
0 6 4 0 4 012 012 0123456789 0123456789 0 0 0
0 6 4 0 4 23 012 0123456789 0123456789 0 0 0
0 6 4 0 4 345 012 012345689 0123456789 012 029 0248
0 6 4 0 4 56 012 0123456789 0123456789 0 0 0
0 6 4 0 4 67 01 012369 0123456789 01 01234569 02468
0 6 4 0 4 7 01 0134689 023456789 012 01234569 02468
0 6 4 0 4 7 1 12 03456789 01 0123456789 023468
0 6 4 0 4 7 12 01234679 0234689 01 012346789 01234568
0 6 4 0 4 7 2 1234 0123456789 012 01234569 02468
0 6 4 0 4 789 012 01234569 012345689 01 026 048
0 6 4 0 4 9 12 09 01456789 012 012346789 02468
0 6 4 0 4 9 2 0 1245678 012 0123456789 012345678
0 6 4 0 4 9 2 012 012456789 012 0123456789 02468
0 6 4 0 4 9 2 234 01234689 01 0123456789 02468
0 6 4 0 45 09 012 023456789 012345678 012 02346789 02468
0 6 4 0 5 01 012 012346789 0123456789 0 0 0
0 6 4 0 5 12 012 01234689 0123456789 0 0 0
0 6 4 0 5 23 012 012345679 0123456789 0 0 0
0 6 4 0 5 3456 01 0123456789 0123456789 0 0 0
0 6 4 0 5 67 012 01234689 0123456789 0 0 0
0 6 4 0 5 7 012 0123456789 0123456789 01 01236 0246789
0 6 4 0 5 78 012 01234569 012346789 01 01234569 0234689
0 6 4 0 56 089 012 012346789 012346789 0 0 0
0 6 4 0 6 012 012 01269 0123456789 012 0123456789 02468
0 6 4 0 6 2 0 1 5689 012 0123456789 024678
0 6 4 0 6 2 0 12 04569 012 0123456789 012468
0 6 4 0 6 2 0 23 016789 012 012346789 01246789
0 6 4 0 6 2 0 3 126 012 0123456789 023468
0 6 4 0 6 2 0 3 67 012 0123456789 0124568
0 6 4 0 6 2 0 345 01278 012 0123456789 024689
0 6 4 0 6 2 0 56 0234678 012 0123456789 024689
0 6 4 0 6 2 01 23456 012346789 01 012369 0123456789
0 6 4 0 6 2 1 6789 0123456789 012 02346789 0124689
0 6 4 0 6 2 12 0129 0123456789 012 0123456789 0246789
0 6 4 0 6 234 012 01234569 0123456789 01 01269 02468
0 6 4 0 6 45 012 01234569 012345678 012 02369 02468
0 6 4 0 6 567 012 01234569 012345678 0 0 0
0 6 4 0 6 78 01 0123456789 0123456789 01 0236 0248
0 6 4 0 6 8 0 3469 024678 012 0123456789 02345689
0 6 4 0 6 8 01 019 0234678 012 023456789 023456789
0 6 4 0 6 8 1 1 7 012 0123456789 0123456789
0 6 4 0 6 89 012 012345679 023456789 012 0245679 02346789
0 6 4 0 6 9 012 0124689 0123456789 01 012369 02468
0 6 4 0 67 019 012 0123456789 0123456789 0 0346 02468
0 6 4 0 7 1 1 23 012389 012 012346789 023456789
0 6 4 0 7 1 1 34 0345678 012 0123469 012456789
0 6 4 0 7 1 1 45 012345689 012 02346789 01245678
0 6 4 0 7 1 1 56 0123489 012 012346789 0123456789
0 6 4 0 7 1 1 678 0123456789 012 01234569 0234689
0 6 4 0 7 12 012 02346789 012456789 012 01234569 023456789
0 6 4 0 7 23 012 012346789 0123456789 0 0 0
0 6 4 0 7 34 02 012345678 0123456789 0 0 0
0 6 4 0 7 4 01 0123456789 0123456789 01 0269 028
0 6 4 0 7 45 012 012345689 023456789 0 0 0
0 6 4 0 7 56 012 0123456789 0123456789 0 0 0
0 6 4 0 7 6 12 0123456789 0123456789 0 0 0
0 6 4 0 7 67 012 012349 0123456789 01 0234569 012468
0 6 4 0 7 89 012 0123456789 0123456789 0 0 0
0 6 4 0 78 019 012 012345679 0123456789 0 0 0
0 6 4 0 8 1 01 12456789 0123456789 01 012369 02468
0 6 4 0 8 1234 012 023456789 0123456789 01 02 08
0 6 4 0 8 4 01 0123456789 0123456789 0 0 0
0 6 4 0 8 456 012 012346789 012345689 012 02346789 02468
0 6 4 0 8 6 0 012 012345678 012 0123456789 0234678
0 6 4 0 8 6 0 234567 0123456789 01 012369 02468
0 6 4 0 8 6 01 01789 0123456789 012 012346789 02468
0 6 4 0 8 6 1 1234567 012345689 01 0123689 0234568
0 6 4 0 8 6 12 0123789 0123456789 01 01236 02468
0 6 4 0 8 6 2 45 012345678 012 0123456789 023468
0 6 4 0 8 678 012 0234569 0124568 01 0123469 012346789
0 6 4 0 8 8 2 23 0236789 012 012346789 01245678
0 6 4 0 8 8 2 34 012345689 012 01234679 01234678
0 6 4 0 8 89 012 01234569 0123456789 01 012689 01245678
0 6 4 0 89 09 012 01234679 0123456789 01 023456 023468
0 6 4 0 9 01 012 0123456789 0123456789 01 0269 0468
0 6 4 0 9 12 012 0126789 0123456789 0 0 0
0 6 4 0 9 34 01 0123456789 0123456789 0 0 0
0 6 4 0 9 4 01 0123456789 0123456789 0 0 0
0 6 4 0 9 45 012 0123456789 012345689 01 0269 028
0 6 4 0 9 5 012 0123456789 0123456789 0 0 0
0 6 4 0 9 5678 012 01234569 012345678 012 0123469 0245689
0 6 4 0 9 89 01 01234679 01234678 01 01234689 0124568
0 6 4 0 9 9 01 0123456789 023468 01 01236789 0245678
0 6 4 01 09 023459 012 012346789 023456789 012 02346789 02468
0 6 4 1 0 5 01 0123456789 02345689 0 0 0
0 6 4 1 0 56 012 0123459 024568 01 026789 02468
0 6 4 1 0 6 1 345 02345678 012 0123456789 02468
0 6 4 1 0 6 12 025679 0124678 012 01234569 02468
0 6 4 1 01 0678 012 0123456789 023456789 0 0 0
0 6 4 1 1 0 01 1234569 01234689 01 01234569 0234689
0 6 4 1 1 0 1 567 01245689 012 012346789 023468
0 6 4 1 1 01 01 0134789 0123456789 012 012346789 02468
0 6 4 1 1 12 012 012456789 012345678 0 0 0
0 6 4 1 1 2 01 0123456789 0123456789 0 0 0
0 6 4 1 1 23 012 0123456789 0123456789 0 0 0
0 6 4 1 1 3456 012 023456789 0124689 0 0123 0456789
0 6 4 1 1 6 0 0134 01234689 012 01234569 012345689
0 6 4 1 1 6 0 469 124678 01 012456789 0123456789
0 6 4 1 1 6 01 01239 01234589 012 0123456789 02468
0 6 4 1 1 6 12 012346789 012345678 01 01236789 02468
0 6 4 1 1 67 02 034 02456789 01 012345689 012346789
0 6 4 1 1 7 0 0 0 12 0123456789 0123456789
0 6 4 1 1 7 01 012346 01245678 02 0123456 012345678
0 6 4 1 1 7 12 0123469 012456789 01 01234569 012468
0 6 4 1 1 789 012 0123456789 0123456789 0 0 0
0 6 4 1 12 09 012 0123456789 01234568 01 01234569 02468
0 6 4 1 2 012 01 012346789 02346789 01 01236789 012468
0 6 4 1 2 234 012 0123469 01234678 012 012345689 024678
0 6 4 1 2 4 0 012 023456789 01 0123456789 0246789
0 6 4 1 2 4 0 234 02345678 012 012346789 01245678
0 6 4 1 2 4 0 456 012456789 012 023456789 0123468
0 6 4 1 2 4 0 67 012346789 012 023456789 02345689
0 6 4 1 2 4 01 0789 0123456789 012 01246789 012468
0 6 4 1 2 4 1 012 01234689 012 01234569 024689
0 6 4 1 2 4 1 23 02346789 012 012346789 0124678
0 6 4 1 2 4 1 34 0123456 01 01234569 0246789
0 6 4 1 2 4 1 4567 012456789 012 01234569 02468
0 6 4 1 2 4 1 78 023456789 01 0123456789 02468
0 6 4 1 2 4 12 089 012456789 012 012346789 0245678
0 6 4 1 2 4 2 0 012346789 012 0123456789 02468
0 6 4 1 2 45 02 01234 01234689 01 0123456 012456789
0 6 4 1 2 5 0 0 0 01 0123456789 0123456789
0 6 4 1 2 5 0 0 01 012 023456789 0123456789
0 6 4 1 2 5 0 0 1 12 012456789 0123456789
0 6 4 1 2 5 0 0 12 02 0123456 0123456789
0 6 4 1 2 5 0 0 2 01 012346789 0123456789
0 6 4 1 2 5 0 0 2 12 0123456789 0123456789
0 6 4 1 2 5 0 0 23 012 0123456789 0123456789
0 6 4 1 2 5 0 01 0234589 01 0123469 0123456789
0 6 4 1 2 5 0 1 56789 01 01234569 012345678
0 6 4 1 2 5 0 12 09 012 0123456789 012345678
0 6 4 1 2 5 0 2 01 012 0123456789 01246789
0 6 4 1 2 5 0 2 1 012 0123456789 0123456789
0 6 4 1 2 5 0 2 12 012 012346789 0123456789
0 6 4 1 2 5 0 2 23 012 0123456789 0123456789
0 6 4 1 2 5 0 2 3 01 0123456789 012345678
0 6 4 1 2 5 0 2 34 012 0123456789 01245678
0 6 4 1 2 5 0 2 45 012 012346789 023456789
0 6 4 1 2 5 0 2 5 01 0123456789 012346789
0 6 4 1 2 5 0 2 56 012 0123456789 01234678
0 6 4 1 2 5 0 2 6 012 0123456789 02345689
0 6 4 1 2 5 0 2 67 012 0123456789 0123456789
0 6 4 1 2 5 0 2 78 02 012345678 0123456789
0 6 4 1 2 5 0 2 8 012 0123456789 0123456789
0 6 4 1 2 5 0 2 89 012 0123456789 012345678
0 6 4 1 2 5 0 23 09 012 0123456789 012345678
0 6 4 1 2 5 0 3 0 012 0123456789 0123456789
0 6 4 1 2 5 0 3 01 012 012345689 0123456789
0 6 4 1 2 5 0 3 123 012 012345679 012345678
0 6 4 1 2 5 0 345 0123456789 012 0123456789 02468
0 6 4 1 2 5 0 56 0123456789 012 0123469 02468
0 6 4 1 2 5 01 06789 0123456789 012 012469 024689
0 6 4 1 2 5 1 012345 0123456789 012 012346789 02468
0 6 4 1 2 5 1 5678 023456789 012 0123469 02468
0 6 4 1 2 5 12 02389 0123456789 012 012346789 02468
0 6 4 1 2 567 012 012345689 012346789 012 0129 02468
0 6 4 1 2 78 012 0123456789 012345689 0 0 0
0 6 4 1 2 89 012 0123456789 0123456789 0 0 0
0 6 4 1 2 9 01 0123456789 0123456789 0 0 0
0 6 4 1 23 09 012 0123456789 0123456789 0 0 0
0 6 4 1 3 0 012 0124569 0123456789 01 01234569 02345689
0 6 4 1 3 012 012 012345689 012345689 012 029 0248
0 6 4 1 3 2 012 0123456789 012346789 0 0 0
0 6 4 1 3 23456 012 012346789 023456789 0 0 0
0 6 4 1 3 67 012 0123679 023456789 0 0 0
0 6 4 1 3 7 01 03456789 0123456789 01 023469 012468
0 6 4 1 3 78 01 01269 0123456789 01 01236789 02468
0 6 4 1 3 8 0 0 1245678 012 0123456789 0245689
0 6 4 1 3 8 0 01 0123489 012 0123456789 0245678
0 6 4 1 3 8 01 1236 0123456789 012 01234569 0234568
0 6 4 1 3 8 1 234 0123456789 01 0123456789 02468
0 6 4 1 3 89 012 01234569 0123456789 01 012346 02468
0 6 4 1 3 9 012 0123456789 0123456789 0 0 0
0 6 4 1 34 09 012 012345689 0123456789 01 026 018
0 6 4 1 4 01 012 012345679 012345678 01 0679 02468
0 6 4 1 4 1234 012 0123469 02346789 0 0 0
0 6 4 1 4 45 02 0123467 012345678 0 0 0
0 6 4 1 4 56 01 0123456789 0123456789 0 0 0
0 6 4 1 4 678 012 012346789 02345689 0 0 0
0 6 4 1 45 0189 01 012346789 012345689 0 0 0
0 6 4 1 5 124567 01 0123456789 01246789 0 0 0
0 6 4 1 5 789 012 01234569 012345689 0 0 0
0 6 4 1 56 0123459 012 01234569 02345678 0 0 0
0 6 4 1 67 0156789 012 0123456789 023456789 0 0 0
0 6 4 1 7 1234678 012 012346789 023468 0 0 0
0 6 4 1 7 8 012 012346789 012456789 0 0 0
0 6 4 1 78 012389 012 012345689 012345689 0 0 0
0 6 4 1 8 34 01 0123456789 0123456789 0 0 0
0 6 4 1 8 45 012 02346789 012456789 01 024569 01248
0 6 4 1 8 56 012 012345689 012345678 01 026 048
0 6 4 1 8 67 012 0123456789 0123456789 012 02369 0248
0 6 4 1 8 78 012 01245679 012345678 01 01236789 02468
0 6 4 1 8 8 0 2345678 0123456789 01 01234569 0124678
0 6 4 1 8 89 012 012345689 0123456789 0 0 0
0 6 4 1 8 9 01 0123456789 012456789 0 0 0
0 6 4 1 89 09 012 0123456789 012345678 0 0 0
0 6 4 1 9 0 01 0123456789 012346789 0 0 0
0 6 4 1 9 0 1 123456789 0123456789 0 0 0
0 6 4 1 9 01 012 0123459 0123456789 0 0 0
0 6 4 1 9 1 012 01234569 012345678 01 0269 0468
0 6 4 1 9 123 012 0123456789 0123456789 0 0 0
0 6 4 1 9 34 012 012346789 0123456789 0 0 0
0 6 4 12 09 045689 012 01234569 01234568 0 0 0
0 6 4 2 0 01 012 0123456789 0123456789 0 0 0
0 6 4 2 0 12 012 012346789 0123456789 0 0 0
0 6 4 2 0 23 012 0123456789 01245678 0 0 0
0 6 4 2 0 34 02 0123456 0123456789 0 0 0
0 6 4 2 0 4 01 012346789 0123456789 0 0 0
0 6 4 2 0 45 012 012345689 0123456789 01 01236 02468
0 6 4 2 0 567 012 0123456789 01234689 0 0 0
0 6 4 2 0 78 012 012679 012345678 01 024567 023456789
0 6 4 2 0 8 0 01234 0124678 012 012345689 012345678
0 6 4 2 0 8 01 0145689 012345689 01 01234679 012345689
0 6 4 2 0 8 1 12 0124678 012 0123469 0123456789
0 6 4 2 0 8 1 345 0124678 012 012346789 0124689
0 6 4 2 0 8 1 567 0234789 012 012346789 0234689
0 6 4 2 0 8 1 78 0126789 012 01234569 0123456789
0 6 4 2 0 8 12 089 01234568 012 01234679 012345689
0 6 4 2 0 8 2 01 0234689 012 0123456789 023456789
0 6 4 2 0 8 2 123 012349 012 012345689 0123456789
0 6 4 2 0 89 02 0345 0124678 01 0123456789 0234678
0 6 4 2 0 9 0 01 0289 012 01234679 0123456789
0 6 4 2 0 9 0 123 01234678 012 023456789 01246789
0 6 4 2 0 9 0 345678 0234689 01 012345689 012456789
0 6 4 2 0 9 0 89 023456789 012 02345679 0234678
0 6 4 2 0 9 01 012349 0123456789 012 012345679 024568
0 6 4 2 01 09 012 0124569 012345689 012 02456789 02468
0 6 4 2 1 0 0 01 245689 01 01234679 0123456789
0 6 4 2 1 0 0 12 019 012 012346789 0123456789
0 6 4 2 1 0 0 23 0123489 012 01234569 012345678
0 6 4 2 1 0 01 03456789 012345689 01 012345679 0245689
0 6 4 2 1 0 12 012345679 012456789 012 0234689 024568
0 6 4 2 1 1 0 0 01 012 0123456789 0123456789
0 6 4 2 1 1 0 012 012468 012 0123456789 0123456789
0 6 4 2 1 1 0 2 123468 012 0123456789 01234678
0 6 4 2 1 1 0 23456 012689 012 012456789 012345678
0 6 4 2 1 1 0 6 01245678 012 01234569 01245689
0 6 4 2 1 1 0 67 029 012 01236789 0123456789
0 6 4 2 1 1 0 789 0234568 012 0123456789 01246789
0 6 4 2 1 1 01 019 0468 012 0123456789 0123456789
0 6 4 2 1 1 1 1 01 012 0123456789 0123456789
0 6 4 2 1 1 1 12456 012345678 012 012345689 0123456789
0 6 4 2 1 1 1 67 026789 012 0123469 01246789
0 6 4 2 1 1 1 789 0234789 012 01234569 0123456789
0 6 4 2 1 1 1 9 345 012 01234569 0123456789
0 6 4 2 1 1 12 09 0456 01 012346789 0123456789
0 6 4 2 1 1 2 01 016789 01 0123456789 0123456789
0 6 4 2 1 12 02 012 01234678 012 0123469 0123456789
0 6 4 2 1 2 0 23 234 012 02346789 0123456789
0 6 4 2 1 2 0 3456 01245689 012 012345679 0123456789
0 6 4 2 1 2 01 06789 01234689 012 0123456789 012345689
0 6 4 2 1 2 1 0 89 012 0123456789 0123456789
0 6 4 2 1 2 1 01234678 02346789 012 0123456789 012345689
0 6 4 2 1 2 12 089 01234689 012 01234689 012345678
0 6 4 2 1 23 02 01234 0245689 01 012346 012456789
0 6 4 2 1 3 0 123 01234678 01 012346789 012345678
0 6 4 2 1 3 0 34 046789 012 023456789 012345678
0 6 4 2 1 3 0 45 248 012 0123456789 0123456789
0 6 4 2 1 3 0 567 24567 012 012345689 023456789
0 6 4 2 1 3 0 7 789 012 0123456789 0123456789
0 6 4 2 1 3 01 0789 04689 01 0123456789 0123456789
0 6 4 2 1 3 1 0 4567 012 012456789 0123456789
0 6 4 2 1 3 1 0123456 0123456789 012 01234569 012345678
0 6 4 2 1 3 1 6 3467 012 01234689 012456789
0 6 4 2 1 34 012 0123456789 012346789 01 0123456789 012468
0 6 4 2 1 4 0 6 012 012 0123456789 0123456789
0 6 4 2 1 4 01 0126789 0123456789 012 012346789 024678
0 6 4 2 1 4 1 2 124 01 012345689 0123456789
0 6 4 2 1 4 1 2 45689 012 0123456789 0123456789
0 6 4 2 1 4 1 234 0123469 012 012346789 0123456789
0 6 4 2 1 4 1 4 12 012 0123456789 0123456789
0 6 4 2 1 4 1 4 234567 012 01234679 0123456789
0 6 4 2 1 4 1 4 7 01 012345689 0123456789
0 6 4 2 1 4 1 4 789 012 0123456789 0123456789
0 6 4 2 1 4 1 45 09 012 012345679 0123456789
0 6 4 2 1 4 1 56 012 012 012346789 0123456789
0 6 4 2 1 4 1 67 1248 012 012345679 0123456789
0 6 4 2 1 4 1 7 45 01 01234689 0123456789
0 6 4 2 1 4 1 789 0245678 012 0123456789 012345689
0 6 4 2 1 4 12 0129 02456789 012 0234569 012346789
0 6 4 2 1 45 02 0234 0245678 012 01234569 0123456789
0 6 4 2 1 5 0 012 02345678 012 0123456789 0123456789
0 6 4 2 1 5 0 2 456 012 012345689 0123456789
0 6 4 2 1 5 0 2 678 012 0123456789 012346789
0 6 4 2 1 5 0 2 89 012 0123456789 0123456789
0 6 4 2 1 5 0 23 09 012 0123456789 0123456789
0 6 4 2 1 5 0 3468 0124678 012 0123456789 02345678
0 6 4 2 1 5 0 8 01 012 0123456789 023456789
0 6 4 2 1 5 01 089 0123456789 012 02456789 012345689
0 6 4 2 1 5 1 01 234 01 0123456789 0123456789
0 6 4 2 1 5 1 1 3456 01 0123456789 012345689
0 6 4 2 1 5 1 1245 0246789 012 01234569 0123456789
0 6 4 2 1 5 1 678 0123468 012 012346789 02345678
0 6 4 2 1 5 1 8 45 012 023456789 0123456789
0 6 4 2 1 5 1 8 567 012 012456789 0123456789
0 6 4 2 1 5 12 01289 012346789 012 01236789 0245689
0 6 4 2 12 056789 012 012345679 02345689 01 0123456 012456789
0 6 4 2 2 0123 012 023456789 023456789 0 0 0
0 6 4 2 2 34 012 0123456789 0123456789 0 0123 04678
0 6 4 2 2 4 012 01234569 012346789 01 0123469 012468
0 6 4 2 2 4 2 01234 0123456789 01 0123469 02468
0 6 4 2 2 56 012 012345689 023456789 0 0 0
0 6 4 2 23 0678 012 012345689 0123456789 0 0 0
0 6 4 2 3 0123 012 023467 01234568 0 012345 012345689
0 6 4 2 3 3 1 7 4 01 0123456789 0123456789
0 6 4 2 3 3 1 7 4 12 0123456789 0123456789
0 6 4 2 3 3 1 7 5 0 0123456789 0123456789
0 6 4 2 3 3 1 7 5 01 0123456789 0123456789
0 6 4 2 3 34 01 0789 0123456789 012 0123459 012345689
0 6 4 2 3 4 0 01234567 0123456789 0 0 0
0 6 4 2 3 45 012 01234789 0123456789 0 0 0
0 6 4 2 3 5 012 1234569 0123456789 01 01236 0123468
0 6 4 2 3 5 2 2 45678 012 0123456789 02468
0 6 4 2 3 5 2 23 089 012 0123456789 02468
0 6 4 2 3 5 2 3 012346 012 0123456789 02468
0 6 4 2 3 5 2 34 06789 012 0123456789 02468
0 6 4 2 3 5 2 4 124 012 012346789 0234678
0 6 4 2 3 5 2 4 456789 012 0123456789 01234568
0 6 4 2 3 5 2 45 012349 012 0123456789 0234689
0 6 4 2 3 5678 012 01234569 0245689 012 01234569 023468
0 6 4 2 3 8 12 01234569 0123456789 01 012369 0124689
0 6 4 2 3 89 012 0123456789 0123456789 0 0 0
0 6 4 2 34 09 012 012345679 0123456789 01 01236789 02468
0 6 4 2 4 01 012 02346789 0123456789 01 0234689 02468
0 6 4 2 4 123 01 01234679 0123456789 01 01234689 02468
0 6 4 2 4 34 012 0123469 01234689 01 02346789 02468
0 6 4 2 4 456 012 0123456789 0123456789 0 0 0
0 6 4 2 45 0678 012 012345679 0123456789 0 0 0
0 6 4 2 5 012 012 012346789 012345678 0 0 0
0 6 4 2 5 23 012 0123456789 0245678 0 0 0
0 6 4 2 5 34 012 01236789 0123456789 01 026789 024568
0 6 4 2 5 4 01 012345689 0123456789 0 0 0
0 6 4 2 5 45 012 0123456789 0123456789 012 0123469 02468
0 6 45 02 05 045 012 012345689 0123456789 0 0 0
0 6 5 0 0 5678 01 012346789 0123456789 0 0 0
0 6 5 0 0 8 12 0123456789 0123456789 0 0 0
0 6 5 0 0 89 02 012345678 0123456789 0 0 0
0 6 5 0 01 02349 012 0123456789 0123456789 0 0 0
0 6 5 0 1 45678 012 0124679 0123468 012 0123679 012468
0 6 5 0 1 89 012 0123469 012345678 012 029 02345678
0 6 5 0 1 9 1 34 0123456 012 01234569 02456789
0 6 5 0 1 9 1 4567 023456789 01 0124679 01234689
0 6 5 0 12 09 012 02345789 0123456789 01 0123469 0123468
0 6 5 0 2 012 01 01235679 0123456789 01 024569 0248
0 6 5 0 2 2 01 03456789 0123456789 0 0 0
0 6 5 0 2 2 1 1234567 0123456789 0 0 0
0 6 5 0 2 2 12 01234789 0123456789 0 0 0
0 6 5 0 2 234678 012 023456789 02346789 0 0 0
0 6 5 0 23 01245689 012 0123456789 012345678 0 0 0
0 6 5 0 3 678 012 0123456789 0123456789 01 01236 024689
0 6 5 0 3 89 012 0123456789 0123456789 0 0 0
0 6 5 0 34 09 012 01234569 0123456789 0 0 0
0 6 5 0 4 0 01 0123456789 0123456789 0 0 0
0 6 5 0 4 01 012 0123459 0123456789 0 0 0
0 6 5 0 4 1 01 0123456789 0123456789 0 0 0
0 6 5 0 4 12 012 012345679 0123456789 0 0 0
0 6 5 0 4 234568 012 0123456789 0123456789 0 0 0
0 6 5 0 4 89 02 012345 0123456789 012 029 024568
0 6 5 0 4 9 0 12 0123456789 012 012346789 023456789
0 6 5 0 4 9 0 234 012456789 01 01234569 023456789
0 6 5 0 4 9 0 45678 012456789 012 023459 012345678
0 6 5 0 4 9 01 089 0234689 01 0123456 012346789
0 6 5 0 4 9 1 0 89 012 0123456789 01245678
0 6 5 0 4 9 1 01 09 012 0123456789 0123456789
0 6 5 0 45 09 012 01234569 0123456789 012 024569 0234689
0 6 5 0 5 01 012 0123456789 01245689 0 0 0
0 6 5 0 5 1 012 0123456789 0123456789 0 0 0
0 6 5 0 5 1234 012 012345689 0123456789 01 024569 0248
0 6 5 0 5 4 01 12346789 012345678 012 012345689 02468
0 6 5 0 5 45 01 023456789 012346789 012 012346789 02468
0 6 5 0 5 56789 012 012345689 0234689 01 02346 01248
0 6 5 0 56 019 012 0234569 012346789 012 01236789 02468
0 6 5 0 6 1234 01 0123456789 012345689 012 01234569 02468
0 6 5 0 6 45678 012 0123456789 023456789 0 0 0
0 6 5 0 67 01289 012 0123456789 01245689 0 0 0
0 6 5 0 7 23 012 0123456789 012345689 01 024569 02468
0 6 5 0 7 345 012 0123456789 012345689 0 069 0468
0 6 5 0 7 56789 012 01246789 012456789 01 012 0248
0 6 5 0 78 0123459 012 012346789 012345678 0 0 01
0 6 5 0 8 56 01 012345689 0123456789 01 01236 02468
0 6 5 0 8 67 012 0123456789 0123456789 0 0 0
0 6 5 0 8 78 012 0123469 0123456789 0 0 0
0 6 5 0 89 0189 01 012346789 012456789 0 0 0
0 6 5 0 9 126 012 012345679 0123456789 0 0 0
0 6 5 0 9 678 012 0123456789 012345678 012 0249 0248
0 6 5 0 9 89 02 012345 0123456789 012 012345679 02468
0 6 5 0 9 9 0 01 24568 012 0123456789 024568
0 6 5 0 9 9 0 12 01245689 012 01234689 024568
0 6 5 0 9 9 0 234 023456789 012 0123456789 023468
0 6 5 0 9 9 0 456 0123456789 012 01234569 02468
0 6 5 0 9 9 0 6 67 012 0123456789 012468
0 6 5 0 9 9 0 67 01789 012 0123456789 02468
0 6 5 0 9 9 0 7 123467 012 0123456789 02468
0 6 5 0 9 9 0 78 0178 012 0123456789 023468
0 6 5 0 9 9 01 2489 1234568 012 012346789 01234678
0 6 5 0 9 9 1 4 56789 01 0123456789 0123456789
0 6 5 0 9 9 12 024569 01234689 01 0123456789 02345678
0 6 5 01 09 09 012 01234569 023456789 01 01236789 0245678
0 6 5 1 0 0123467 012 0123456789 02345678 0 0 0
0 6 5 1 01 0189 012 0123456789 012345678 0 0 0
0 6 5 1 1 1 012 0123456789 0123456789 0 0 0
0 6 5 1 1 12 012 0123456789 0123456789 0 0134567 023468
0 6 5 1 1 23 01 01234569 012456789 012 023456789 0234568
0 6 5 1 1 34 012 0123456789 012456789 0 0 0
0 6 5 1 1 45 012 0123456789 0123456789 0 0 0
0 6 5 1 1 56 012 0123456789 012456789 0 0 0
0 6 5 1 1 67 012 012346789 0123456789 0 0 0
0 6 5 1 1 78 012 0123456789 012345678 0 0 0
0 6 5 1 1 89 012 0123456789 023456789 0 0 0
0 6 5 1 12 09 02 01234 023456789 012 012349 024689
0 6 5 1 2 01 012 0123456789 023456789 0 0 0
0 6 5 1 2 12 012 012346789 012345678 0 0 0
0 6 5 1 2 23 012 012345679 012345689 0 0 0
0 6 5 1 2 34 012 0123456789 0123456789 0 0 0
0 6 5 1 2 45 012 0123456789 0123456789 0 0 0
0 6 5 1 2 56 012 0123456789 012345689 0 0 0
0 6 5 1 2 67 012 0123456789 0123456789 0 0 0
0 6 5 1 23 0178 012 0123456789 01245689 0 0 0
0 6 5 1 34 012346 012 0123456789 012456789 0 0 0
0 6 5 1 4 01 012 01234679 0123456789 0 0 0
0 6 5 1 4 124 012 012346789 012345678 01 02 08
0 6 5 1 45 0145689 012 012346789 023456789 01 02346 0234568
0 6 5 1 5 12 01 01234569 02346789 0 0 0
0 6 5 1 5 234 012 012345689 012345678 0 0 0
0 6 5 1 5 45 012 012345679 02345678 012 01234569 02468
0 6 5 1 5 56 01 01234569 0123456789 0 0 0
0 6 5 1 56 06789 012 0123456789 012346789 0 0 0
0 6 5 1 6 0123 012 02346789 01234689 01 023469 02468
0 6 5 1 6 345 01 023456789 02345678 01 0269 028
0 6 5 1 6 5678 012 01234569 0234678 0 0 0
0 6 5 1 67 089 012 0123456789 01245678 01 01236 02468
0 6 5 1 7 01 012 012345689 0234689 012 0123469 0124689
0 6 5 1 7 123 012 0123456789 012345689 01 01236 02468
0 6 5 1 7 345 012 0123456789 023456789 0 012345 024568
0 6 5 1 7 5 0 0 012345 012 0123456789 0123468
0 6 5 1 7 5 0 01 0256789 012 0123456789 02468
0 6 5 1 7 5 0 1 2345 012 012345689 02468
0 6 5 1 7 5 0 1 5678 012 0123456789 02468
0 6 5 1 7 5 0 12 0189 012 0123456789 02468
0 6 5 1 7 5 0 2 123 012 0123456789 0234689
0 6 5 1 7 5 0 2 34 012 0123456789 02456789
0 6 5 1 7 5 0 2 4568 012 0123456789 0123456789
0 6 5 1 7 5 0 23 012389 012 012345679 0245678
0 6 5 1 7 5 0 3 3456 012 0123456789 024568
0 6 5 1 7 5 0 34 01789 012 012345679 024568
0 6 5 1 7 5 0 4 123456 012 012346789 02468
0 6 5 1 7 5 0 45 0126789 012 0123456789 0234689
0 6 5 1 7 5 0 5 23456 012 012346789 01245689
0 6 5 1 7 5 0 56 01236789 012 012346789 0246789
0 6 5 1 78 01568 01 0123456789 012346789 02 04 0
0 6 5 1 8 12 012 01234589 0123456789 0 0 0
0 6 5 1 8 23 012 0123456789 012346789 01 02689 024568
0 6 5 1 8 3456 012 02345679 0123456789 0 0 0
0 6 5 1 89 023456789 012 0123469 01246789 01 01269 024678
0 6 5 1 9 6 01 12345689 01234568 01 012345679 0123456789
0 6 5 1 9 67 012 0123456789 0123456789 012 0234679 02345689
0 6 5 1 9 78 012 012346789 0123456789 01 0236 0248
0 6 5 1 9 89 012 012345689 012456789 0 0 0
0 6 5 12 09 019 012 0123456789 02456789 0 0 0
0 6 5 2 0 12 01 0123456789 02346789 0 0134568 0123468
0 6 5 2 0 23 012 02349 02346789 012 023456789 012346789
0 6 5 2 0 34 012 0123456789 01245689 012 0123469 023468
0 6 5 2 0 45 012 0123456789 012345689 0 0 0
0 6 5 2 0 567 012 012346789 0123456789 0 0 0
0 6 5 2 0 7 012 012345689 0123456789 01 012689 0124689
0 6 5 2 01 0789 012 01236789 01234568 0 0 0
0 6 5 2 1 012 012 0123456789 012345689 0 0 0
0 6 5 2 1 234 012 0123456789 012346789 0 0 0
0 6 5 2 1 456 01 0123456789 0245678 01 01236 02468
0 6 5 2 1 678 012 0123456789 012346789 0 0 0
0 6 5 2 12 01289 012 023456789 01246789 0 0 0
0 6 5 2 2 2348 012 023456789 012345678 0 0 0
0 6 5 2 2 89 02 012346 0123456789 01 023456789 0234678
0 6 5 2 234 029 01 012345679 0123456789 0 0 0
0 6 5 2 4 0123 012 012346789 01245689 0 0 0
0 6 5 2 4 3456 012 0123456789 02456789 0 0 0
0 6 5 2 4 678 01 0123456789 0123456789 0 0 0
0 6 5 2 45 02489 012 012346789 012346789 0 0 0
0 6 5 2 5 4 01 23456789 0123456789 012 01234569 0124568
0 6 5 2 5 45 012 02346789 0123456789 0 0 0
0 6 56 02 05 0125 012 0123456789 0123456789 0 0 0
0 6 6 0 0 23456 01 012345689 0123456789 0 0 0
0 6 6 0 0 67 012 012346789 0123456789 0 0 0
0 6 6 0 0 7 01 1239 0123468 012 0123456789 02468
0 6 6 0 0 7 1 3 4567 012 012345689 02468
0 6 6 0 0 7 1 3 78 012 012346789 01246789
0 6 6 0 0 7 1 34 012389 012 012346789 02468
0 6 6 0 0 7 1 4 34567 012 0123456789 02468
0 6 6 0 0 7 1 456 01245678 012 0123456789 02468
0 6 6 0 0 7 1 6 1234 012 0123456789 02468
0 6 6 0 0 7 1 67 045689 012 012346789 023468
0 6 6 0 0 7 1 7 0123 012 0123456789 024689
0 6 6 0 0 7 1 7 3456789 012 012345679 02468
0 6 6 0 0 7 1 78 0124689 01 0123456789 02468
0 6 6 0 0 7 1 89 0189 012 0123456789 024689
0 6 6 0 0 789 012 01234569 0123456789 012 02346789 02468
0 6 6 0 01 019 01 0123456789 0123456789 0 0 0
0 6 6 0 1 1267 012 0123456789 01234689 01 02346 024678
0 6 6 0 1 7 01 23456789 0123456789 0 0 0
0 6 6 0 1 7 12 0189 0124689 012 012345679 012468
0 6 6 0 1 789 012 0123456789 01234568 012 0123679 0245678
0 6 6 0 12 0129 012 012345689 023456789 01 02 08
0 6 6 0 2 2 0 23 0289 012 01234569 01234678
0 6 6 0 2 2 0 34 0123689 012 012346789 012345689
0 6 6 0 2 2 0 456 0123456789 012 01236789 012456789
0 6 6 0 2 2 0 67 012456789 01 0123456789 012456789
0 6 6 0 2 2 0 78 012346789 012 012346789 012456789
0 6 6 0 2 2 0 89 023456789 012 012345679 024678
0 6 6 0 2 2 0 9 45 012 012346789 012456789
0 6 6 0 2 2 01 09 0156789 012 012346789 01246789
0 6 6 0 2 2 1 0 1234 012 0123456789 01234689
0 6 6 0 2 2 1 0 4 01 0123456789 012345689
0 6 6 0 2 2 1 01 023456789 012 01256789 012456789
0 6 6 0 2 2 12 0123456789 0123456789 01 02346 0123468
0 6 6 0 2 234 012 01234569 0123456789 0 0 0
0 6 6 0 2 5678 01 02369 012468 01 012345689 0123456789
0 6 6 0 2 8 0 0 1234 012 0123456789 012345678
0 6 6 0 2 8 01 01236789 0245689 012 0123456789 012345689
0 6 6 0 23 02389 012 01234689 012345678 01 02346 024678
0 6 6 0 3 3 012 0123456789 0123456789 012 0239 0248
0 6 6 0 3 345 02 012 012456789 012 0123456789 0246789
0 6 6 0 3 5 0 2 012 01 012346789 012345678
0 6 6 0 3 5 0 2 234567 012 0123456789 0123456789
0 6 6 0 3 5 0 23 0178 012 0123456789 012456789
0 6 6 0 3 56 012 023456789 012345678 012 01269 0234568
0 6 6 0 3 6 012 01236789 012345689 01 0234689 0234568
0 6 6 0 3 67 012 01234569 0123456789 01 029 028
0 6 6 0 3 78 012 01234569 012456789 012 0123469 02468
0 6 6 0 34 089 012 02345689 023456789 0 0 0
0 6 6 0 4 0 0 01234567 012346789 012 024689 02468
0 6 6 0 4 0 01 01234789 02345678 012 012346789 02468
0 6 6 0 4 012 012 023456789 01245678 012 0123469 02468
0 6 6 0 4 23 012 01234689 0123456789 0 0 0
0 6 6 0 4 345 012 012349 0123456789 0 0 0
0 6 6 0 4 5 0 3456789 0123456789 012 023689 024568
0 6 6 0 4 56 012 0123469 0123456789 012 0123456 012345689
0 6 6 0 4 6 0 0 2 01 1234569 0123456789
0 6 6 0 4 6 0 0 2345 01 0123456789 0123456789
0 6 6 0 4 6 0 0123 012345678 012 0123456789 0124568
0 6 6 0 4 6 0 3 234 012 0123456789 0123468
0 6 6 0 4 6 0 34 0456 012 012346789 0123456789
0 6 6 0 4 6 0 456 012346789 012 01234569 024568
0 6 6 0 4 6 0 6 45 012 0123456789 0246789
0 6 6 0 4 6 0 6 567 012 0123456789 0123456789
0 6 6 0 4 6 0 67 0123789 01 0123456789 0123456789
0 6 6 0 4 6 0 7 34567 012 0123456789 02345689
0 6 6 0 4 6 0 78 012345678 012 01234569 01245678
0 6 6 0 4 6 0 8 89 012 0123456789 023456789
0 6 6 0 4 6 0 89 09 012 0123456789 0124568
0 6 6 0 4 6 0 9 012345 012 0123456789 0246789
0 6 6 0 4 6 0 9 5678 01 012345689 0123456789
0 6 6 0 4 6 01 09 01234589 012 0123456789 0234568
0 6 6 0 4 6 1 01 012345678 01 0123456789 0245678
0 6 6 0 4 6 1 12 026789 012 0123456789 023468
0 6 6 0 4 6 1 2 2345678 012 0123456789 0234689
0 6 6 0 4 6 1 23 089 012 0123456789 0124568
0 6 6 0 4 6 1 3 123 012 01234689 0234568
0 6 6 0 4 6 1 345 02345689 012 012346789 024689
0 6 6 0 4 6 1 567 012345689 012 01234569 02468
0 6 6 0 4 6 1 789 02345689 012 0123456789 023468
0 6 6 0 4 6 12 09 03456789 012 0123456789 0234568
0 6 6 0 4 6 2 0 0123456 012 0123456789 024689
0 6 6 0 4 6 2 01 06789 012 0123456789 0245689
0 6 6 0 4 6 2 1 01234678 012 0123456789 0123468
0 6 6 0 4 6 2 23 01234 012 0123456789 02468
0 6 6 0 4 6 2 34 023456 012 012345689 0246789
0 6 6 0 4 678 02 045 012346789 012 0123456789 0234689
0 6 6 0 4 8 0 01 013456789 012 01234689 01234689
0 6 6 0 4 8 0 123 0123456789 012 012346789 02468
0 6 6 0 4 8 0 3467 023456789 012 01234689 02468
0 6 6 0 4 8 01 01289 012345689 01 01236789 02345678
0 6 6 0 4 8 1 234 06789 012 01234569 0124568
0 6 6 0 4 8 1 4 0123 012 01234569 0124568
0 6 6 0 4 8 1 4 345 012 0123456789 0123456789
0 6 6 0 4 8 1 45 0125678 012 01234569 0124568
0 6 6 0 4 8 1 5 2345 012 01234569 012345689
0 6 6 0 4 8 1 5 5678 012 01234569 01234568
0 6 6 0 4 8 1 56 089 012 0123456789 0123456789
0 6 6 0 4 8 1 6 0123 012 01234569 0124568
0 6 6 0 4 8 1 6 345 012 01234569 012456789
0 6 6 0 4 8 1 6 56789 012 01234569 0124568
0 6 6 0 4 8 1 67 0129 012 01234569 0124568
0 6 6 0 4 8 1 7 2345 012 01234569 0124568
0 6 6 0 4 8 1 7 5678 012 01234569 0124568
0 6 6 0 4 8 1 78 01289 012 01234569 0124568
0 6 6 0 4 8 1 8 2345 012 01234569 0124568
0 6 6 0 4 8 1 8 567 012 0123456789 0123456789
0 6 6 0 4 8 1 89 02789 012 01234569 01245689
0 6 6 0 4 8 1 9 23467 012 01234569 0124568
0 6 6 0 4 8 12 09 0789 012 0123456789 0124568
0 6 6 0 45 0189 012 01234569 012345678 01 026789 024568
0 6 6 0 5 1 012 012456789 0123456789 01 02346 0248
0 6 6 0 5 1234 012 012345679 0245678 012 01234679 012468
0 6 6 0 5 4 0 6789 0123456789 012 012346789 023468
0 6 6 0 5 4 01 01239 01245689 01 0123456789 024678
0 6 6 0 5 4 1 3 12678 012 0123456789 02468
0 6 6 0 5 4 1 34 089 012 0123456789 02468
0 6 6 0 5 4 1 4 01234567 012 0123456789 02468
0 6 6 0 5 4 1 45 0789 012 0123456789 023468
0 6 6 0 5 4 1 5 012456 012 0123456789 02468
0 6 6 0 5 4 1 5 6789 012 023456789 0123468
0 6 6 0 5 4 1 56 01239 012 0123456789 02468
0 6 6 0 5 4 1 6 3456 012 0123456789 024568
0 6 6 0 5 4 1 6 678 012 0123456789 02468
0 6 6 0 5 4 1 67 012389 012 0123456789 02468
0 6 6 0 5 4 12 01789 012456789 012 0123456789 02468
0 6 6 0 5 45 012 0123456789 0123456789 01 01236 0123468
0 6 6 0 5 56789 012 012345689 012345678 0 0 0
0 6 6 0 5 9 01 0126789 023456789 0 012345 0123456789
0 6 6 0 5 9 1 9 01 012 0123456789 0123456789
0 6 6 0 56 09 012 012689 0123456789 01 012689 0123456789
0 6 6 0 6 012 012 023456789 0123456789 0 0 0
0 6 6 0 6 2 012 0123456789 012345678 0 0 0
0 6 6 0 67 0234568 012 01246789 0123456789 0 01 08
0 6 6 0 7 0 01 023456789 0124568 012 0123469 024678
0 6 6 0 7 012345 012 012346789 0124678 01 02 08
0 6 6 0 7 567 012 012346789 023456789 0 0 0
0 6 6 0 7 78 012 01234569 012346789 0 0 0
0 6 6 0 78 089 012 0123456789 0123456789 0 0 0
0 6 6 0 8 01 01 012345679 0123456789 0 0 0
0 6 6 0 8 1 012 012345689 0123456789 0 06 048
0 6 6 0 8 1 2 0 7 012 0123456789 012346789
0 6 6 0 8 12 02 012345 012456789 012 0123456 0234689
0 6 6 0 8 2 012 01234569 012345689 01 02689 023468
0 6 6 0 8 234 02 012346 0123456789 01 02346789 012346789
0 6 6 0 8 4 0 6 9 012 012346789 0123456789
0 6 6 0 8 4 0 67 02345679 012 0123456789 0123456789
0 6 6 0 8 4 0 7 78 012 0123456789 0123456789
0 6 6 0 8 45 01 012456789 0123456789 01 012345689 024568
0 6 6 0 8 5 0 012345678 0123456789 0 0 0
0 6 6 0 8 5 012 24589 0123468 012 0234569 0123456789
0 6 6 0 89 0568 02 012345678 0123456789 02 03456 024689
0 6 6 0 9 012 01 01289 0123456789 01 02 08
0 6 6 0 9 2 01 0123456789 0123456789 0 0 0
0 6 6 0 9 2 12 0123456789 012346789 0 0 0
0 6 6 0 9 23 02 012345 0123456789 0 0 0
0 6 6 0 9 3 0 1234567 0123456789 0 0 0
0 6 6 0 9 3 01 0123456789 012346789 012 0129 0124568
0 6 6 0 9 34 012 012345789 0123456789 012 01234569 024568
0 6 6 0 9 45 012 01256789 0123456789 01 02 08
0 6 6 0 9 56 012 012345689 0123456789 01 0269 0248
0 6 6 0 9 6 1 12 0123456789 01 0269 0248
0 6 6 0 9 67 012 0123456789 0123456789 01 0269 0248
0 6 6 01 09 0789 012 012345689 0123456789 0 0 0
0 6 6 1 0 012 012 0129 01245689 01 0123456789 023456789
0 6 6 1 0 2 0 1 2 01 012456789 0123456789
0 6 6 1 0 2 0 1 2 12 012456789 0123456789
0 6 6 1 0 2 0 134 0123456789 012 0234569 0234568
0 6 6 1 0 2 012 012456789 0123456789 01 0269 0248
0 6 6 1 0 23 02 015 023456789 01 0123469 0123456789
0 6 6 1 0 3 0 12 09 012 0123456789 0123456789
0 6 6 1 0 3 0 2 01234 01 01234569 012345689
0 6 6 1 0 3 0 2 4567 01 012346789 012456789
0 6 6 1 0 3 0 2 789 01 0123469 02345678
0 6 6 1 0 3 0 2368 01249 01 0123469 0123456789
0 6 6 1 0 3489 012 012345689 0123456789 0 0 0
0 6 6 1 01 09 012 024569 0123468 0 01234 0123456789
0 6 6 1 1 0 0 0 0 0 456789 0123456789
0 6 6 1 1 0 0 0 0 01 0123459 0123456789
0 6 6 1 1 0 0 0 0 12 0123456789 0123456789
0 6 6 1 1 0 0 0 01 02 012345 0123456789
0 6 6 1 1 0 0 0 1 01 0156789 0123456789
0 6 6 1 1 0 0 0 1 1 12345678 0123456789
0 6 6 1 1 0 0 0 1 12 0123489 0123456789
0 6 6 1 1 0 0 0 12 02 012345 0123456789
0 6 6 1 1 0 0 0 2 01 0156789 0123456789
0 6 6 1 1 0 0 0 2 1 1234567 0123456789
0 6 6 1 1 0 0 0 23468 012 0123456789 0123456789
0 6 6 1 1 0 0 01 09 0 012345678 0123456789
0 6 6 1 1 0 0 1 0 01 012345679 0123456789
0 6 6 1 1 0 0 1 01 012 012345789 0123456789
0 6 6 1 1 0 0 1 1 01 012346789 0123456789
0 6 6 1 1 0 0 134 01234689 012 012346789 012345689
0 6 6 1 1 0 01 012456789 012456789 01 02456789 0245689
0 6 6 1 1 01 012 0123456789 0123456789 01 0269 028
0 6 6 1 1 12 01 0123456789 0123456789 01 02 08
0 6 6 1 1 23 012 012345679 012456789 0 0 0
0 6 6 1 1 34 012 023456789 012456789 0 0 0
0 6 6 1 1 45 012 023456789 02345689 01 023456789 02456789
0 6 6 1 1 56 012 012345689 0123456789 0 0 0
0 6 6 1 1 67 012 0123456789 012346789 0 0 0
0 6 6 1 1 78 02 01234 01234568 012 012346789 024678
0 6 6 1 1 89 012 012345679 0123456789 02 01245 0234568
0 6 6 1 1 9 0 78 012345678 01 0123456789 023456789
0 6 6 1 1 9 01 12489 0123456789 01 0123469 0123456789
0 6 6 1 12 012469 012 01234569 0123456789 01 026 048
0 6 6 1 2 678 01 0123456789 012456789 0 0 0
0 6 6 1 2 89 012 023456789 0123456789 01 02 08
0 6 6 1 23 029 012 02345678 0123456789 0 0 0
0 6 6 1 3 2 12 0123489 0123456789 0 0 0
0 6 6 1 3 23 02 01345678 0123456789 01 026789 02468
0 6 6 1 3 345 01 023456789 012345678 01 023469 024678
0 6 6 1 3 5 01 123456789 02345678 012 029 024689
0 6 6 1 3 56 012 01234689 012346789 01 01234569 0234568
0 6 6 1 34 0126789 012 01234569 012346789 0 0 0
0 6 6 1 4 23467 012 01234679 01245678 0 0 0
0 6 6 1 45 0789 012 0123456789 012456789 0 0 0
0 6 6 1 5 0 012 012346789 0123456789 012 02469 0248
0 6 6 1 5 01 012 0123456789 0123456789 01 026 048
0 6 6 1 5 12 012 012346789 0123456789 01 0289 01234689
0 6 6 1 5 23 012 012456789 0123456789 0 0 0
0 6 6 1 5 34568 012 0123456789 0124568 0 0 0
0 6 6 1 5 89 012 023456789 0123456789 0 0 0
0 6 6 1 5 9 012 0129 0123456789 01 026789 012468
0 6 6 1 56 09 012 023456 0123456789 012 024679 02468
0 6 6 1 6 0 1 456789 0123456789 012 023469 02456789
0 6 6 1 6 012 012 02346789 01234678 012 02346 0234568
0 6 6 1 6 2 012 0123456789 0123456789 0 0 0
0 6 6 1 6 23 012 0123456789 0123456789 0 0 0
0 6 6 1 6 34 012 0123456789 0123456789 0 0 0
0 6 6 1 6 4567 012 0123456789 01245689 0 0 0
0 6 6 1 67 0789 012 023456789 012456789 0 0 0
0 6 6 1 7 01 012 0123456789 0123456789 0 0 0
0 6 6 1 7 1 12 0124679 0234678 012 023456789 012456789
0 6 6 1 7 1 2 2 45 012 0123456789 023456789
0 6 6 1 7 1 2 2 567 012 0123456789 012345689
0 6 6 1 7 1 2 2 789 012 012346789 012456789
0 6 6 1 7 1 2 23 029 012 012345679 012346789
0 6 6 1 7 1 2 3 234 012 012346789 0123456789
0 6 6 1 7 1 2 3 45 012 0123456789 01234689
0 6 6 1 7 123 012 0123469 02345678 012 0123456789 023468
0 6 6 1 7 345 012 0123456789 0123456789 01 024569 02489
0 6 6 1 7 568 012 0123456 0123456789 01 024569 0248
0 6 6 1 7 89 01 0123456789 0123456789 0 0 0
0 6 6 1 7 9 01 0123456789 0123456789 0 0 0
0 6 6 1 7 9 12 012789 02345678 01 01234679 02468
0 6 6 1 78 09 012 012346789 02456789 012 01234569 012468
0 6 6 1 8 012 012 0123456789 01245678 0 0 0
0 6 6 1 8 2345 01 0123456789 0123456789 0 0 0
0 6 6 1 8 56 012 0123456789 012345678 0 0 0
0 6 6 1 8 67 012 012346789 023456789 0 0 0
0 6 6 1 89 012789 012 0123456789 01245678 012 029 0248
0 6 6 1 9 2 01 0123456789 0123456789 0 0 0
0 6 6 1 9 23 012 01234589 012345678 01 0123469 0123468
0 6 6 1 9 3 01 0123456789 023456789 0 0 0
0 6 6 1 9 34 012 01234679 0123456789 0 0 0
0 6 6 1 9 4 01 012346789 0123456789 01 02679 0268
0 6 6 1 9 45 012 0123456789 0123456789 0 0 0
0 6 6 1 9 5 01 012345679 012346789 0 0 0
0 6 6 1 9 56 012 01234689 01234568 01 01234569 012468
0 6 6 1 9 6 012 01236789 012456789 012 023456789 0234678
0 6 6 1 9 67 012 0123469 023456789 012 012456789 02346789
0 6 6 1 9 7 1 6 01 02 01234567 012456789
0 6 6 1 9 7 1 6 12 012 0123456789 0123456789
0 6 6 1 9 7 1 6 2 01 0123456789 0123456789
0 6 6 1 9 7 1 6 23 012 01234589 0123456789
0 6 6 1 9 7 1 6 3 01 0123456789 0123456789
0 6 6 1 9 7 1 6 3 12 012456789 0123456789
0 6 6 1 9 7 1 6 34 02 012345 0123456789
0 6 6 1 9 7 1 6 4 01 0123456789 0123456789
0 6 6 1 9 7 1 6 4 12 0123456789 0123456789
0 6 6 1 9 7 1 6 5 0 0123456789 0123456789
0 6 6 1 9 7 1 6 5 1 012345678 0123456789
0 6 6 1 9 7 1 6 567 012 01234689 01245689
0 6 6 1 9 7 1 6 7 01 012456789 0123456789
0 6 6 1 9 7 1 6 78 012 012345689 012456789
0 6 6 1 9 7 1 6 89 012 0123456789 012468
0 6 6 1 9 7 1 67 029 02 0123456789 0123456789
0 6 6 1 9 7 1 7 2 01 012345679 0123456789
0 6 6 1 9 7 1 7 23 012 012345789 0123456789
0 6 6 1 9 7 1 7 3 01 0123456789 0123456789
0 6 6 1 9 7 1 7 34 012 0123456789 0123456789
0 6 6 1 9 7 1 7 4 12 0123456789 0123456789
0 6 6 1 9 7 1 7 45 02 012345678 0123456789
0 6 6 1 9 7 1 7 5 01 0123456789 0123456789
0 6 6 1 9 7 1 78 02568 012 0123456789 0123456789
0 6 6 1 9 7 1 8 2 01 0123456789 01245689
0 6 6 1 9 7 1 8 23 012 0123456789 012456789
0 6 6 1 9 7 1 8 3 12 0123456789 0123456789
0 6 6 1 9 7 1 8 3468 012 012346789 0123456789
0 6 6 1 9 7 12 0189 0123456789 01 01234569 0234568
0 6 6 1 9 78 02 01234 0123456789 01 012346 02468
0 6 6 1 9 8 01 0123456789 0123456789 01 01236 023468
0 6 6 1 9 8 1 56 01245678 012 01234569 0123456789
0 6 6 1 9 89 012 01234679 0123456789 01 01236789 0245678
0 6 6 1 9 9 01 0123456789 0123456789 0 0 0
0 6 6 12 09 019 012 012345679 012456789 012 0269 02468
0 6 6 2 0 1 01 0189 0123456789 012 01234569 024568
0 6 6 2 0 1 1 126789 0123456789 012 02689 02468
0 6 6 2 0 123 012 012346789 0123456789 0 0 0
0 6 6 2 0 345 012 0124569 0123456789 01 01236789 0124678
0 6 6 2 0 5 012 1234679 012345689 012 0123469 012468
0 6 6 2 0 567 012 0123456789 0123456789 0 0 0
0 6 6 2 0 7 0 3 26789 012 01234569 0123456789
0 6 6 2 0 7 0 3 9 012 0123456789 0123456789
0 6 6 2 0 7 01 013456789 012345689 012 023459 0123468
0 6 6 2 0 78 012 0123456789 0123456789 0 0 0
0 6 6 2 0 89 01 03456789 0123456789 0 0 0
0 6 6 2 01 09 012 012346789 012345678 0 0 0
0 6 6 2 1 012 012 0123456789 012345689 0 0 0
0 6 6 2 1 2 012 123456789 012345678 01 02346789 023468
0 6 6 2 1 2 2 23 2345678 012 012345689 023456789
0 6 6 2 1 2 2 345 0123456789 012 012346789 0234568
0 6 6 2 1 2346 012 012345679 01245689 012 012349 02468
0 6 6 2 1 6 0 78 012456789 012 0123456789 02468
0 6 6 2 1 6 01 089 012345689 012 0123456789 02468
0 6 6 2 1 6 1 012 012345678 012 012345689 024689
0 6 6 2 1 678 012 0123689 012345678 012 029 0248
0 6 6 2 1 89 012 012345679 02346789 0 0 0
0 6 6 2 12 09 02 0134 0123456789 012 01234679 023456789
0 6 6 2 2 0 0 123 0123456789 01 02456789 01245678
0 6 6 2 2 0123 012 0123456789 02456789 01 024569 0248
0 6 6 2 2 345 01 0123456789 0123456789 0 0 0
0 6 6 2 2 5 12 0123469 0123456789 0 0 0
0 6 6 2 2 56 012 012356789 0123456789 0 0 0
0 6 6 2 2 67 02 01234 0123456789 01 0123456789 0245689
0 6 6 2 2 7 0 34567 01246789 012 0123456789 024689
0 6 6 2 23 0789 012 0123456789 012456789 0 0 0
0 6 6 2 3 01 012 0123456789 0123456789 0 0 0
0 6 6 2 3 12 012 01234569 0123456789 01 02 08
0 6 6 2 3 234 012 01234569 0123456789 0 0 0
0 6 6 2 3 45 012 02345679 0123456789 0 0 0
0 6 6 2 3 5 01 0123456789 0123456789 0 0 0
0 6 6 2 34 015689 012 0123456789 012456789 0 0 0
0 6 6 2 4 123 012 0123456789 0123456789 0 0 0
0 6 6 2 4 34 012 012346789 023456789 0 0 0
0 6 6 2 4 45678 012 01246789 023456789 0 0 0
0 6 6 2 4 89 02 02345678 0123456789 0 0 0
0 6 6 2 4 9 0 89 2348 0 01234567 0123456789
0 6 6 2 4 9 0 9 4 01 012345789 0123456789
0 6 6 2 4 9 0 9 4 12 0123456789 0123456789
0 6 6 2 4 9 0 9 45 02 0123456 0123456789
0 6 6 2 4 9 0 9 5 01 0123456789 0123456789
0 6 6 2 4 9 0 9 5 12 012356789 0123456789
0 6 6 2 4 9 01 0123459 012456789 012 0234569 023468
0 6 6 2 45 09 012 012345679 023456789 01 01236 02468
0 6 6 2 5 0 012 012456789 024678 012 012346789 023456789
0 6 6 2 5 01 012 023456789 0123456789 02 02 048
0 6 6 2 5 12 012 0123456789 012456789 0 0 0
0 6 6 2 5 23 02 0123456 0123456789 0 0 0
0 6 6 2 5 3 01 123456789 0123456789 0 0 0
0 6 6 2 5 34 012 01234589 0123456789 0 0 0
0 6 67 02 05 04567 012 01234569 012345678 0 0 0
0 6 7 0 01 0234789 012 023456789 023456789 0 0 0
0 6 7 0 1 4 0 123456 0234678 01 01234569 012456789
0 6 7 0 1 4 012 012679 01234568 012 01234679 01246789
0 6 7 0 1 456 012 012469 012346789 01 02345679 024568
0 6 7 0 1 6 1 01 01456789 012 023456789 01245678
0 6 7 0 1 6 1 1 12345678 012 012346789 023468
0 6 7 0 1 6 1 12 0123489 012 0123456789 0123468
0 6 7 0 1 6 1 23 023459 012 0123456789 01234678
0 6 7 0 1 6 1 34 012456789 012 012345679 02345678
0 6 7 0 1 6 1 56 026789 01 023456789 0123456789
0 6 7 0 1 6 1 6 01234678 012 01234569 012345689
0 6 7 0 1 6 1 678 01245689 012 01234679 02345678
0 6 7 0 1 67 012 0123489 012456789 012 02345689 0245689
0 6 7 0 1 7 0 45 026789 012 012369 02345678
0 6 7 0 1 7 0 56 012456789 012 023469 023456789
0 6 7 0 1 7 0 678 012689 012 012345689 012345678
0 6 7 0 1 7 0 8 12346 012 012346789 0123456789
0 6 7 0 1 7 0 8 6 01 0123456789 0123456789
0 6 7 0 1 7 0 8 67 012 012346789 0123456789
0 6 7 0 1 7 0 8 78 012 01234689 0123456789
0 6 7 0 1 7 0 8 89 012 01234569 0123456789
0 6 7 0 1 7 0 8 9 012 012456789 0123456789
0 6 7 0 1 7 01 089 0234569 012 012345689 012456789
0 6 7 0 1 7 1 012345 02456789 012 012346789 0123456789
0 6 7 0 1 7 1 5 789 01 0123456789 0123456789
0 6 7 0 1 7 1 56 01239 012 0123456789 0123456789
0 6 7 0 1 7 1 6 348 012 012345689 023456789
0 6 7 0 1 7 1 679 023456789 012 012345689 0123456789
0 6 7 0 1 7 1 9 789 01 0123456789 0123456789
0 6 7 0 1 7 12 019 01246789 012 012346789 012345678
0 6 7 0 1 7 2 1 23 012 0123456789 0123456789
0 6 7 0 12 0789 012 0123456789 0123456789 01 0569 02789
0 6 7 0 2 01 012 01234569 0123456789 01 02689 023468
0 6 7 0 2 12 012 0123456789 0123456789 012 029 0248
0 6 7 0 2 23 012 012346789 0123468 0 0 0
0 6 7 0 23 0123489 012 0123469 0245689 012 029 0248
0 6 7 0 34 01234678 012 012345689 0123456789 0 0 0
0 6 7 0 4 3456 012 012346789 012345678 0 0 0
0 6 7 0 45 06789 012 012346789 01234689 0 0 0
0 6 7 0 5 12 012 0123456789 012345678 0 0 0
0 6 7 0 5 234 012 0123456789 02345678 012 01234679 02468
0 6 7 0 5 45 012 0123689 01245678 01 01234679 02468
0 6 7 0 5 5 12 0123456789 0123456789 0 0 0
0 6 7 0 5 5689 012 0123456789 0123456789 0 0 0
0 6 7 0 56 09 012 0123456789 0123456789 0 0 0
0 6 7 0 6 01 012 0123456789 0123456789 0 0 0
0 6 7 0 6 123 012 0123456789 0123456789 0 0 0
0 6 7 0 6 3 012 012345679 0123456789 0 0 0
0 6 7 0 6 34567 012 0123456789 01234568 0 0 0
0 6 7 0 67 012789 012 023456789 012346789 0 0 0
0 6 7 0 7 23 01 01236789 02345689 012 01234679 01234568
0 6 7 0 7 34 012 0123456789 012345678 012 02345679 02345678
0 6 7 0 7 4 0 1 789 012 023456789 012346789
0 6 7 0 7 45 01 01236 0246789 012 0123456789 02345689
0 6 7 0 7 56 01 01234567 01245678 012 0234679 024689
0 6 7 0 7 6 01 0123456789 0123456789 0 0 0
0 6 7 0 7 67 02 0123456 012345678 0 0 0
0 6 7 0 7 78 012 0123456789 01234678 0 0 0
0 6 7 0 789 0189 012 01234569 012345689 0 0 0
0 6 7 0 9 123467 012 0123469 01234678 0 0 0
0 6 7 0 9 78 012 012456789 0123456789 0 0 0
0 6 7 01 09 01289 012 01234679 0124678 0 0 0
0 6 7 1 0 2345 012 0123456789 012346789 0 0 0
0 6 7 1 0 5678 012 0123456789 012345689 0 0 0
0 6 7 1 01 01289 012 02345679 02345678 0 0 0
0 6 7 1 12 02345689 012 01234569 012346789 0 0 0
0 6 7 1 2 89 012 012346789 023456789 0 0 0
0 6 7 1 23 09 012 012345679 0123456789 0 0 0
0 6 7 1 3 01 012 012346789 012456789 0 0 0
0 6 7 1 3 12 01 012346789 012345689 0 0 0
0 6 7 1 3 23 012 0123456789 0123456789 0 0 0
0 6 7 1 3 34 012 0123456789 0123456789 0 0 0
0 6 7 1 3 45 012 0123456789 0123456789 0 0 0
0 6 7 1 34 056789 012 012345689 02345678 0 0 0
0 6 7 1 4 012 01 0123456789 0246789 0 01234678 01245689
0 6 7 1 4 23 012 01245689 012345689 012 023469 012468
0 6 7 1 4 345 012 0123456789 02468 0 0 0
0 6 7 1 4 678 012 012346789 023468 0 0 0
0 6 7 1 45 01289 012 0123456789 012346789 0 0 0
0 6 7 1 5 234568 012 0123456789 0123456789 0 0 0
0 6 7 1 5 89 012 0123456789 012346789 0 0 0
0 6 7 1 569 029 012 01234569 0123456789 01 01236 02468
0 6 7 1 9 2 0 34567 012346789 012 01246789 02468
0 6 7 1 9 2 012 012346789 012456789 012 01234679 02468
0 6 7 1 9 2345678 012 0123456789 02346789 01 026789 02468
0 6 7 1 9 89 012 0123459 012345689 012 02349 024568
0 6 7 1 9 9 1 23 012459 012 0123456789 0245678
0 6 7 1 9 9 1 3 5678 012 0123456789 023456789
0 6 7 1 9 9 1 3 89 012 0123456789 012345689
0 6 7 1 9 9 1 34 019 012 012345679 012345689
0 6 7 1 9 9 1 4 12345678 01 0123456789 0234689
0 6 7 1 9 9 1 45 0189 012 0123456789 024678
0 6 7 1 9 9 1 5 23 012 0123456789 024678
0 6 7 1 9 9 1 5 345 012 0123456789 02468
0 6 7 1 9 9 1 5 56 012 0123456789 012468
0 6 7 1 9 9 1 5 678 012 0123456789 01245678
0 6 7 1 9 9 12 234569 02456789 012 012346789 02468
0 6 7 12 09 019 012 012345689 0123456789 0 0 0
0 6 7 2 0 1 01 01456789 0123456789 0 0 0
0 6 7 2 0 12 01 0126789 0124678 01 01236 0245689
0 6 7 2 0 2 12 012346789 012345678 01 0234689 0245678
0 6 7 2 0 23 012 0123456789 0123456789 01 02346 024678
0 6 7 2 0 345 012 01234569 0123456789 0 0 0
0 6 7 2 0 5 0 678 0245689 012 0123456789 02468
0 6 7 2 0 5 0 89 2345689 012 012346789 02468
0 6 7 2 0 5 01 09 0124679 012 0123456789 0124689
0 6 7 2 0 5 1 01 024589 012 0123456789 02468
0 6 7 2 0 56 012 0123456789 023456789 02 04 0
0 6 7 2 0 67 02 0123456 02456789 0 012345 0123456789
0 6 7 2 0 7 0 678 0245678 012 012456789 0123456789
0 6 7 2 0 78 012 0123456789 0123456789 0 0 0
0 6 7 2 0 89 012 012345679 0123456789 012 02459 012489
0 6 7 2 01 09 012 0123456789 0123456789 0 0 0
0 6 7 2 1 01 012 0123456789 012346789 0 0 0
0 6 7 2 1 1 01 019 012346789 012 01245679 012456789
0 6 7 2 1 12 012 012345679 012345689 01 0569 012
0 6 7 2 1 23 012 0123456789 0123456789 0 0 0
0 6 7 2 1 3 1 234567 0123456789 01 01236789 012468
0 6 7 2 1 3 12 01789 023456789 012 026789 02456789
0 6 7 2 1 34 012 0123456789 012345689 0 0 0
0 6 7 2 1 45 02 0123467 02346789 012 02346789 0124678
0 6 7 2 1 56 012 0123456789 0123456789 01 0123456 024678
0 6 7 2 1 67 012 0123456789 0123456789 0 0 0
0 6 7 2 1 7 012 012346789 0123456789 0 0 0
0 6 7 2 1 78 012 0123456789 0123456789 0 0 0
0 6 7 2 1 89 012 012345689 012345678 01 0123689 0245678
0 6 7 2 12 09 012 0123456789 0123456789 0 0 0
0 6 7 2 2 0 01 289 0123456789 012 0123456789 01246789
0 6 7 2 2 0 1 23 089 012 0123456789 024678
0 6 7 2 2 0 1 3 01 012 0123456789 01234568
0 6 7 2 2 0 1 3 12 012 0123456789 0123456789
0 6 7 2 2 0 1 3 2345 012 0123456789 0245678
0 6 7 2 2 0 1 3 567 012 0123456789 0234568
0 6 7 2 2 0 1 3 78 012 0123456789 0245689
0 6 7 2 2 0 1 3 89 012 0123456789 02468
0 6 7 2 2 0 1 34 019 012 0123456789 0123468
0 6 7 2 2 0 1 4 12456 012 0123456789 0245689
0 6 7 2 2 0 1 4 67 012 0123456789 0245678
0 6 7 2 2 0 1 4 78 012 0123456789 01245678
0 6 7 2 2 0 1 4 89 012 0123456789 0123456789
0 6 7 2 2 0 1 5 01 012 0123456789 0245678
0 6 7 2 2 0 1 5 12 012 0123456789 012345689
0 6 7 2 2 0 1 5 23 012 0123456789 012468
0 6 7 2 2 0 1 5 345 012 0123456789 024568
0 6 7 2 2 0 1 5 567 012 0123456789 01234568
0 6 7 2 2 0 1 5 7 012 0123456789 01234689
0 6 7 2 2 0 12 2456789 0246789 012 0123456789 02345678
0 6 7 2 2 1 012 012345679 012346789 0 0 0
0 6 7 2 2 12 012 0123456789 0123456789 012 0249 0248
0 6 7 2 2 23 012 0123456789 0123456789 0 0 0
0 6 7 2 2 3456 012 0123689 0123456789 01 01236 02468
0 6 7 2 2 67 012 01234789 0123456789 0 0 0
0 6 7 2 2 789 01 012346789 0123456789 0 0 0
0 6 7 2 2 9 01 123456789 0123456789 0 0 0
0 6 7 2 23 09 012 02345689 0123456789 012 02469 0248
0 6 7 2 3 0 01 089 0123456789 012 012345679 0245689
0 6 7 2 3 0 12 012469 01245678 01 012345679 0123456789
0 6 7 2 3 12 012 0123456789 012346789 0 0 0
0 6 7 2 3 2345 012 0123456789 012345678 0 0 0
0 6 7 2 3 678 012 0123456789 0123456789 0 0 0
0 6 7 2 3 89 01 0123456789 0123456789 0 0 0
0 6 78 02 01345 0123456789 012 012345689 0123456789 0 0 0
0 6 8 0 12 012678 012 0123456789 01245678 0 0 0
0 6 8 0 236 234568 012 0123689 012456789 0 0 0
0 6 8 0 6 4 01 0123456789 0123456789 0 0 0
0 6 8 0 6 45 012 0123456789 012345678 012 012459 024589
0 6 8 0 6 5 12 012345679 023456789 01 01236789 0245678
0 6 8 0 6 56 012 0123456789 0123456789 01 02689 0468
0 6 8 0 6 67 012 012346789 0123456789 01 02469 0248
0 6 8 0 6 78 012 01234689 0123456789 0 0 0
0 6 8 0 6 89 012 0123456789 0123456789 0 0 0
0 6 8 0 67 09 012 0123456789 012346789 0 0 0
0 6 8 0 7 01 012 012345679 012345678 01 01236 02468
0 6 8 0 7 1 01 12345689 0123456789 01 01236789 0124678
0 6 8 0 7 123 012 012346789 02345689 01 0269 0468
0 6 8 0 78 03456789 012 012345689 012345689 0 0 0
0 6 8 0 89 012459 012 012346789 01234678 0 0 0
0 6 8 01 019 012346789 012 012346789 0123456789 0 0 0
0 6 8 1 1 345 012 023456789 012345678 0 0 0
0 6 8 1 12 056789 012 012346789 02456789 0 0 0
0 6 8 1 234 01245689 012 012345679 012345689 0 0 0
0 6 8 1 45 23456 012 01234569 012346789 0 0 0
0 6 8 1 56 0234678 012 0123456789 02345689 0 0 0
0 6 8 1 6 5 0 0 01248 012 0123456789 01234568
0 6 8 1 6 5 0 0 8 012 0123456789 0123456789
0 6 8 1 6 5 0 0123 02456789 012 0123456789 0246789
0 6 8 1 6 5 0 34 012456789 012 012345679 02346789
0 6 8 1 6 5 0 45 0124678 012 01234569 02345689
0 6 8 1 6 5 01 01234569 02345678 012 012346789 02345678
0 6 8 1 6 56 012 0123456789 012345689 012 0123469 0234678
0 6 8 1 6 6 0 13 2346 012 01234569 012456789
0 6 8 1 6 6 0 34 01234689 012 01236789 012345678
0 6 8 1 6 6 0 4 23456 012 023456789 012346789
0 6 8 1 6 6 0 45 01236789 012 023456789 0123456789
0 6 8 1 6 6 0 56 0234678 012 01234569 0123456789
0 6 8 1 6 6 0 6 34 012 0123456789 0123456789
0 6 8 1 6 6 0 678 0123456789 01 012346789 02345678
0 6 8 1 6 6 0 89 01234568 01 01234689 012345689
0 6 8 1 6 6 01 09 01234678 01 012346789 012345689
0 6 8 1 6 6 1 01 0123489 012 01234569 012346789
0 6 8 1 6 6 1 12 0123456 012 012345679 0124568
0 6 8 1 6 6 1 2 2 012 0123456789 02346789
0 6 8 1 6 6 1 2678 02345678 012 0123469 0123468
0 6 8 1 6 6 1 9 012678 012 0123456789 0123456789
0 6 8 1 6 6 12 09 0123489 012 012346789 02346789
0 6 8 1 6 6 2 0 567 012 012345689 012345678
0 6 8 1 6 6 2 01 023456789 012 012345679 0234568
0 6 8 1 6 6 2 12 089 01 0123456789 012346789
0 6 8 1 6 6 2 2 01234568 012 01234689 012346789
0 6 8 1 6 6 2 23 01289 01 0123456789 023456789
0 6 8 1 6 6 2 3 2 012 0123456789 02456789
0 6 8 1 6 6 2 3 234 012 0123456789 0234568
0 6 8 1 6 6 2 3 5689 012 0123456789 012345689
0 6 8 1 6 6 2 3 9 012 0123456789 023456789
0 6 8 1 6 6 2 34 012346789 012 0123456789 012468
0 6 8 1 6 6 2 45 01234589 012 02346789 012345678
0 6 8 1 6 67 02 012345 0123456789 01 0123469 012345678
0 6 8 1 6 7 01 23456789 01234678 012 0129 0234568
0 6 8 1 6 78 012 0123456789 0123456789 0 0 0
0 6 8 1 67 089 012 01234569 02346789 0 0 0
0 6 8 1 7 01 012 012346789 0123456789 0 0 0
0 6 8 1 7 1234567 012 01236789 02456789 0 0 0
0 6 8 1 78 0789 012 0123456789 012345678 0 0 0
0 6 8 1 8 0 01 0123456789 0123456789 0 0 0
0 6 8 1 8 0123 012 012346789 01246789 01 026 048
0 6 8 1 8 3456789 012 01234569 023456789 0 0 0
0 6 8 12 089 012346789 012 012345689 01245678 0 0 0
0 6 8 2 01 012345689 012 0123456789 0124678 01 02346 0248
0 6 8 2 12 0123456789 01 01234679 01234568 01 02 08
0 6 8 2 23 02789 01 012369 0123468 012 024569 023456789
0 6 8 2 3 23 012 0123456789 012346789 01 01269 024689
0 6 8 2 3 34 012 0123456789 0123456789 0 0 0
0 6 8 2 3 4 012 012346789 0123456789 0 0 0
0 6 8 2 3 45 012 012345679 0123456789 0 0 0
0 6 8 2 3 56789 012 0123456789 01234568 0 0 0
0 6 8 2 45 0123458 012 012345679 0123456789 0 0 0
0 6 89 02 05 05 012 0123456789 0123456789 0 0 0
0 6 9 0 0 01 012 01246789 0123456789 0 0 0
0 6 9 0 0 12 012 012345679 0123456789 0 0 0
0 6 9 0 0 23 012 02569 02345689 012 01234569 0123456789
0 6 9 0 0 3 0 01 02356789 012 012346789 0123456789
0 6 9 0 0 3 0 12 012345689 012 012346789 01245689
0 6 9 0 0 3 0 23 046789 012 012346789 01245678
0 6 9 0 0 3 0 3 01234 012 01234689 012345678
0 6 9 0 0 3 0 34 01245678 012 012345679 02345689
0 6 9 0 0 3 0 45 012348 01 012346789 0123456789
0 6 9 0 0 3 0 5 346789 01 0123456789 023456789
0 6 9 0 0 3 0 56 0123469 012 01234679 012345678
0 6 9 0 0 3 0 6 6789 012 0123456789 0123456789
0 6 9 0 0 3 0 6 9 012 0123456789 0123456789
0 6 9 0 0 3 0 67 01239 012 01234569 0123456789
0 6 9 0 0 3 0 78 0346789 012 023456789 02345678
0 6 9 0 0 3 0 89 012345689 012 01234689 023456789
0 6 9 0 0 3 01 09 045689 01 0123456789 023456789
0 6 9 0 0 3 1 01 01789 012 0123456789 0123456789
0 6 9 0 0 3 1 12 01234689 012 023456789 023456789
0 6 9 0 0 34 012 01234569 0123456789 01 024569 0248
0 6 9 0 0 45 012 0123456789 0123456789 0 0 0
0 6 9 0 0 56 012 0123456789 0123456789 0 0 0
0 6 9 0 0 678 012 0123456789 02346789 0 0 0
0 6 9 0 0 89 012 012346789 012456789 0 0 0
0 6 9 0 01 0129 012 0123456789 012456789 0 0 0
0 6 9 0 1 2 012 0123456789 0123456789 0 0 0
0 6 9 0 1 2345 02 014 0123456789 012 02369 02468
0 6 9 0 1 5 0 123 0123456789 01 02369 02468
0 6 9 0 1 5 0 345 0123456789 012 02369 02468
0 6 9 0 1 5 0 56 0123456789 012 02369 02468
0 6 9 0 1 567 01 0123456789 0123456789 01 0269 028
0 6 9 0 1 7 0 123456789 0123456789 01 026789 023468
0 6 9 0 1 78 012 012689 0123456789 01 026789 02468
0 6 9 0 1 89 012 0123456789 01246789 0 0 0
0 6 9 0 12 019 012 012345689 0123456789 0 0 0
0 6 9 0 2 1234 012 0123456789 0123456789 01 02 08
0 6 9 0 2 4 012 012345689 0123456789 0 0 0
0 6 9 0 2 4 2 024 01234568 012 01234689 02468
0 6 9 0 2 45 02 01245 012456789 012 0123469 02468
0 6 9 0 2 5 01 013456789 0123456789 012 0245689 024568
0 6 9 0 2 56 012 0123456789 023456789 0 0 0
0 6 9 0 2 6 01 2345679 0123456789 01 01236 012468
0 6 9 0 2 67 012 0123456789 0123456789 0 0 0
0 6 9 0 2 78 012 0123456789 012456789 0 0 0
0 6 9 0 2 89 012 0123456789 0123456789 0 0 0
0 6 9 0 23 019 012 023456789 01245689 01 023469 012346789
0 6 9 0 3 1 0 0 0123467 012 012346789 02468
0 6 9 0 3 1 0 01 01789 012 012346789 024568
0 6 9 0 3 1 0 12 1245678 012 0123456789 023468
0 6 9 0 3 1 0 23 02456789 012 0123456789 024678
0 6 9 0 3 1 0 34 01789 012 0123456789 02468
0 6 9 0 3 1 0 4 1234 012 0123456789 024568
0 6 9 0 3 1 0 4 4567 012 0123456789 02468
0 6 9 0 3 1 0 45 01789 012 012346789 024689
0 6 9 0 3 1 0 5 123456 012 012345679 02468
0 6 9 0 3 1 0 56 016789 01 0123456789 02468
0 6 9 0 3 1 0 6 123489 012 0123456789 0246789
0 6 9 0 3 1 0 67 019 012 0123456789 012468
0 6 9 0 3 1 0 7 12346789 012 0123456789 012468
0 6 9 0 3 1 0 78 019 012 0123456789 012468
0 6 9 0 3 1 0 8 23 012 0123456789 012345689
0 6 9 0 3 1 0 89 03456789 012 012346789 02468
0 6 9 0 3 1 0 9 012 01 0123456789 024689
0 6 9 0 3 1 0 9 234 012 0123456789 023456789
0 6 9 0 3 1 0 9 45678 012 0123456789 02345689
0 6 9 0 3 1 01 09 0189 012 0123456789 024678
0 6 9 0 3 1 1 0 123456 012 0123456789 02468
0 6 9 0 3 1 1 01 016789 012 0123456789 024689
0 6 9 0 3 1 1 12 012345689 012 0123456789 01234568
0 6 9 0 3 1 1 2 45678 012 0123456789 024568
0 6 9 0 3 1 1 2 89 012 0123456789 02345678
0 6 9 0 3 1 1 23 019 012 0123456789 024568
0 6 9 0 3 1 1 34 0123456789 012 0123456789 02456789
0 6 9 0 3 1 1 46 0123489 012 012345679 012468
0 6 9 0 3 12 012 0123456789 0123456789 02 05 034
0 6 9 0 3 23 012 0123456789 0123456789 01 02 08
0 6 9 0 3 3 01 123456789 0123456789 01 02 08
0 6 9 0 3 34 012 012345789 012345678 01 02 08
0 6 9 0 3 4 01 0123456789 0123456789 0 0 0
0 6 9 0 3 45 012 0123456789 0123456789 0 0 0
0 6 9 0 3 56 012 01234569 0123456789 01 026789 02468
0 6 9 0 3 6789 012 0123456789 01234689 0 0 0
0 6 9 0 34 019 012 01234569 0123456789 0 0 0
0 6 9 0 4 12 012 0123456789 012345689 0 0 0
0 6 9 0 4 23 012 012356789 0123456789 0 0 0
0 6 9 0 4 34 012 012346789 0123456789 012 029 0248
0 6 9 0 4 45 012 012346789 02456789 01 023456789 02468
0 6 9 0 4 56 012 0123456789 0123456789 0 0 0
0 6 9 0 4 678 012 02345679 0123456789 0 0 0
0 6 9 0 4 8 12 0123789 0123456789 01 0123469 0246789
0 6 9 0 4 8 2 3 567 01 012345689 012456789
0 6 9 0 4 8 2 3 789 012 023456789 023456789
0 6 9 0 4 89 012 0123469 0234569 012 01234689 02346789
0 6 9 0 45 09 012 02345679 023456789 01 0236 0248
0 6 9 0 5 0 012 01246789 012456789 012 012369 024568
0 6 9 0 5 01 02 012346 012345678 01 023456 024689
0 6 9 0 5 12 01 012346789 0123456789 0 0 0
0 6 9 0 5 234 012 01234569 012456789 0 0 0
0 6 9 0 5 45 012 0123456789 012345678 0 0 0
0 6 9 0 5 56 02 012345 01246789 01 0123456789 02468
0 6 9 0 5 67 01 0123456789 0123456789 012 012346789 02468
0 6 9 0 5 7 012 012346789 0123456789 0 0 0
0 6 9 0 5 78 02 0123456789 0123456789 0 0 0
0 6 9 0 5 89 01 012346789 0123456789 0 0 0
0 6 9 0 5 9 012 0123489 0123456789 0 0 0
0 6 9 0 56 019 012 0123456789 02346789 0 0 0
0 6 9 0 6 123 012 0123456789 0123456789 0 012 0126
0 6 9 0 6 3 0 67 023456789 01 0123456789 012345678
0 6 9 0 6 3 0 7 4567 012 02345679 0123456789
0 6 9 0 6 3 01 01234789 012346789 012 01234679 0123468
0 6 9 0 6 3 1 4 2345 012 0123456789 01245689
0 6 9 0 6 3 1 4 567 012 0123456789 0123456789
0 6 9 0 6 3 1 4 78 01 012346789 0123456789
0 6 9 0 6 3 1 45 0189 012 02345679 02456789
0 6 9 0 6 3 1 5 2345689 01 01234569 01246789
0 6 9 0 6 3 1 56 089 012 0123456789 012345689
0 6 9 0 6 34 012 012345679 0123456789 0 0 0
0 6 9 0 6 45 012 012345689 012346789 0 0 0
0 6 9 0 6 567 01 013569 023456789 012 0126789 023456789
0 6 9 0 6 7 0 34567 012346789 01 0123689 012346789
0 6 9 0 6 78 012 0123456789 0123456789 0 0 0
0 6 9 0 6 8 01 012345679 0123456789 0 0 0
0 6 9 0 6 89 012 012345789 012345678 0 0 0
0 6 9 0 6 9 012 0123456789 023456789 0 0 0
0 6 9 0 67 019 012 01234569 012345689 0 0 0
0 6 9 0 7 12 012 0123456789 012456789 0 0 0
0 6 9 0 7 234 012 01234569 0123456789 0 0 0
0 6 9 0 7 4 012 0123456789 0123456789 0 0 0
0 6 9 0 7 456 012 012345689 0123456789 0 0 0
0 6 9 0 7 6789 01 01236789 023456789 0 0123 02468
0 6 9 0 7 9 1 0 0 01 0123456789 012456789
0 6 9 0 7 9 1 0 0 12 0123456789 0123456789
0 6 9 0 7 9 1 0 012456 012 012346789 023456789
0 6 9 0 78 09 012 012346789 012456789 012 023469 02468
0 6 9 0 8 0 01 012345689 0123456789 01 012346 0246789
0 6 9 0 8 0124 012 0123456789 0123456789 0 0 0
0 6 9 0 8 4 012 012346789 012456789 01 02689 02468
0 6 9 0 8 45 012 02345689 0123456789 01 0269 0248
0 6 9 0 8 567 012 01234569 0123456789 0 0 0
0 6 9 0 8 78 012 0123456789 0123456789 012 012369 02468
0 6 9 0 8 8 012 234569 023456789 01 023456789 02468
0 6 9 0 8 89 02 013456789 0123456789 01 01236 02468
0 6 9 0 89 09 012 012345679 0123456789 0 0 0
0 6 9 0 9 0 12 0123456789 0123456789 012 0124569 0124689
0 6 9 0 9 01 012 0234567 0123456789 0 0 0
0 6 9 0 9 123 012 012456789 0123456789 0 0 0
0 6 9 0 9 4 01 0123456789 0123456789 01 02346 0248
0 6 9 01 09 02345678 012 0123456789 02345689 012 023459 0245678
0 6 9 1 0 7 0 0 12 012 0123456789 0123456789
0 6 9 1 0 7 0 0 23 012 01234569 012456789
0 6 9 1 0 7 0 0 34 012 0123456789 02456789
0 6 9 1 0 7 0 0 456 012 0123456789 012456789
0 6 9 1 0 7 0 0 67 012 0123456789 012346789
0 6 9 1 0 7 0 0 789 012 0123456789 02346789
0 6 9 1 0 7 0 0136 0123469 012 0123456789 02468
0 6 9 1 01234 0123456789 012 0123456789 02345678 0 0 0
0 6 9 1 4 7 01 0123456789 0123456789 0 0 0
0 6 9 1 45 078 012 0123456789 0123456789 0 0 0
0 6 9 1 5 01234678 012 012345679 02346789 0 0 0
0 6 9 1 56 089 012 01234569 0123456789 01 023456 024568
0 6 9 1 6 01 012 012345679 0123456789 0 0 0
0 6 9 1 6 12 012 012345689 0123456789 0 0 0
0 6 9 1 6 234 012 0123456789 0123456789 01 0169 0246
0 6 9 1 6 4 01 016789 01246789 01 0123456 02346789
0 6 9 1 6 4 1 1245678 02456789 012 01246789 02345689
0 6 9 1 6 45 012 012346789 012346789 01 016789 0123456789
0 6 9 1 6 56 012 01234569 0123456789 01 023469 02468
0 6 9 1 6 67 02 012345 0123456789 0 0 0
0 6 9 1 6 7 0 346 01234568 012 0123456789 02468
0 6 9 1 6 7 0 67 016789 012 01234689 023468
0 6 9 1 6 7 0 7 123456 012 012346789 01234689
0 6 9 1 6 7 0 78 06789 012 0123456789 0245689
0 6 9 1 6 7 0 8 0123 012 0123456789 024678
0 6 9 1 6 7 0 8 3456 012 0123456789 0245689
0 6 9 1 6 7 0 89 06789 012 0123456789 02468
0 6 9 1 6 7 0 9 012 012 0123456789 0245678
0 6 9 1 6 7 0 9 23456 012 0123456789 024678
0 6 9 1 6 7 0 9 678 012 0123456789 012468
0 6 9 1 6 7 01 09 012389 012 0123456789 024678
0 6 9 1 6 7 1 01 0123456789 012 01234569 024689
0 6 9 1 6 7 1 12 0129 012 012346789 012345689
0 6 9 1 6 78 01 01234569 023456789 012 0123456789 023468
0 6 9 1 6 8 12 236789 023456789 01 0234569 023456789
0 6 9 1 67 089 012 01234569 0246789 012 02459 024568
0 6 9 1 7 01 012 0123456789 012456789 0 0 0
0 6 9 1 7 123 012 01234569 0123456789 01 01236 02468
0 6 9 1 7 34 012 01234679 01234568 012 01234569 0246789
0 6 9 1 7 4 0 0 45678 01 0123456789 024689
0 6 9 1 7 4 0 01 0189 012 01234569 01246789
0 6 9 1 7 4 0 1 123456 012 0123456789 0234689
0 6 9 1 7 4 0 1 67 012 0123456789 01234568
0 6 9 1 7 4 0 12 012789 012 012346789 01234678
0 6 9 1 7 4 0 23456 0123456789 01 012346789 0245678
0 6 9 1 7 4 0 6789 012456789 012 012456789 02468
0 6 9 1 7 4 01 0129 0123456789 012 012346789 02468
0 6 9 1 7 4 1 2 2345 012 0123456789 0124689
0 6 9 1 7 4 1 2 56 012 0123456789 012456789
0 6 9 1 7 4 1 2679 02678 012 012346789 01234568
0 6 9 1 7 456 012 01234569 0123456789 0 0 0
0 6 9 1 78 026789 012 01245689 0123456789 0 0 0
0 6 9 1 89 01234678 012 0126789 023456789 0 0 0
0 6 9 1 9 12 012 01234689 01245678 012 0126789 0234678
0 6 9 1 9 2 01 0123469 024689 01 01245689 0123456789
0 6 9 1 9 2 1 6 89 01 0123456789 0123456789
0 6 9 1 9 2 1 67 09 012 012345689 0123456789
0 6 9 1 9 2 1 7 01 012 0123456789 0123456789
0 6 9 1 9 2 1 7 12 012 01234569 0123456789
0 6 9 1 9 2 1 7 23 012 012345689 023456789
0 6 9 1 9 2 1 7 34 012 0123456789 0123456789
0 6 9 1 9 2 1 7 4 01 012345679 0123456789
0 6 9 1 9 2 1 7 45 012 012346789 01245689
0 6 9 1 9 234 012 012379 023456789 012 0123456789 0123468
0 6 9 1 9 45 012 02345679 0123456789 0 0 0
0 6 9 1 9 56 01 0123456789 012345678 0 0 0
0 6 9 1 9 678 012 012345689 01234568 01 02346 0246789
0 6 9 2 01 0123456789 012 0123469 0246789 0 0 0
0 6 9 2 12 01234689 01 012346789 01245689 0 0 0
0 67 09 02 0234 012345689 012 023456789 0123468 0 0 0
0 7 0 0 012 02456789 012 0123456789 02456789 0 0 0
0 7 0 0 23 012456789 012 01234569 02456789 0 0 0
0 7 0 0 3 12 01 012346789 0123456789 01 026789 0246789
0 7 0 0 3 23 012 012345679 0123456789 0 0 0
0 7 0 0 3 34 012 0123456789 0123456789 0 0 0
0 7 0 0 3 45 012 0123456789 0123456789 0 0 0
0 7 0 0 3 5 012 0123456789 0123456789 01 01269 02468
0 7 0 0 3 567 012 0123456789 0123456789 0 0 0
0 7 0 0 3 78 02 02345 0234689 012 0123456789 02468
0 7 0 0 3 8 0 56 012678 012 0123456789 02468
0 7 0 0 3 8 0 6 2346789 012 012346789 02468
0 7 0 0 3 8 0 7 012456 012 0123456789 02468
0 7 0 0 3 8 01 0789 02456789 012 01234569 02468
0 7 0 0 3 89 01 012 0123456789 012 0123456789 02468
0 7 0 0 3 9 0 012345689 02345678 012 01234569 0124568
0 7 0 0 3 9 012 023456789 0123456789 0 0 0
0 7 0 0 34 09 012 0123456789 012346789 0 0 0
0 7 0 0 4 01 012 0123456789 012345689 012 0123469 012468
0 7 0 0 4 1 012 01249 023456789 012 0123689 02468
0 7 0 0 4 12 02 012345678 023456789 012 02689 02468
0 7 0 0 4 23 012 0123456789 023456789 0 0 0
0 7 0 0 4 45 012 01234569 0234678 012 01234689 0124568
0 7 0 0 4 5 1 123 023489 012 012346789 0124568
0 7 0 0 4 5 1 345678 0234568 012 012346789 024678
0 7 0 0 456 056789 012 0123456789 0124689 012 02469 02468
0 7 0 0 6 012 012 0123456789 0123456789 0 0 0
0 7 0 0 689 0234568 012 012345689 0234568 0 0 0
0 7 0 0 9 678 012 0123456789 02345689 0 0 0
0 7 0 0 9 89 012 012456789 0123456789 0 0 0
0 7 0 01 09 019 012 0123456789 02456789 0 0 0
0 7 0 1 0 123 012 012346789 0123456789 0 0 0
0 7 0 1 0 34567 012 01234679 01246789 0 0 0
0 7 0 1 0123 01245689 012 012346789 02346789 0 0 0
0 7 0 1 34 0123456 012 012345689 0234689 0 0 0
0 7 0 1 45 0123456789 012 01234689 012456789 0 0 0
0 7 0 1 5 12 01 0123456789 0123456789 0 0 0
0 7 0 1 5 2 012 0123456789 0123456789 0 0 0
0 7 0 1 5 234678 012 0123459 0123456789 0 0 0
0 7 0 1 5 89 012 0123456789 012345689 0 0 0
0 7 0 1 56 0459 012 01234569 0123456789 0 0 0
0 7 0 1 6 5678 012 012345679 01234568 0 0 0
0 7 0 1 67 0189 012 0123456789 012456789 0 0 0
0 7 0 1 78 023456 012 01234569 023456789 0 0 0
0 7 0 12 289 012345678 012 0123456789 0123468 0 0 0
0 7 0 2 23 023456789 012 012346789 02345689 0 0 0
0 7 0 2 34 012345678 01 02346789 012345689 0 0 0
0 7 01 02 045 012458 01 0123456789 02345689 0 0 0
0 7 1 0 0 01 012 0123456789 01234568 0 0 0
0 7 1 0 0 12 012 0123456789 012345678 0 0 0
0 7 1 0 0 234 012 0123456789 01234678 0 0 0
0 7 1 0 01 045678 012 0123469 0123456789 0 0 0
0 7 1 0 1 012345678 012 012456789 0123456789 0 0 0
0 7 1 0 1 8 0 1234 0123456789 012 0123469 02345678
0 7 1 0 1 8 0 456789 0123456789 01 02346789 02468
0 7 1 0 1 8 01 019 012345689 012 01234569 01245689
0 7 1 0 1 8 1 123456 0123456789 01 01234689 023468
0 7 1 0 1 8 1 6789 0123456789 012 012346789 02468
0 7 1 0 1 89 012 012345689 0123456789 0 0 0
0 7 1 0 1 9 01 1234679 01246789 01 01234569 0234568
0 7 1 0 1 9 1 78 01245678 012 0123456789 0124568
0 7 1 0 1 9 1 89 0456789 012 0123456789 02468
0 7 1 0 123 012489 012 01234689 01234689 012 01234569 02468
0 7 1 0 3 234567 012 0123456789 01246789 0 0 0
0 7 1 0 34 0178 012 01234679 012345678 0 0 0
0 7 1 0 4 234 01 0123456789 012346789 0 0 0
0 7 1 0 4 456789 012 0123456789 0123468 0 0 0
0 7 1 0 45 012349 012 012345689 02468 0 0 0
0 7 1 0 56 4567 012 01234569 0124689 0 0 0
0 7 1 0 678 02456789 012 0123456789 0123468 0 0 0
0 7 1 0 89 0126789 012 012345679 01234568 0 0 0
0 7 1 01 0129 02345678 012 0123469 01245689 0 0 0
0 7 1 1 2345 0123456789 012 023469 024689 0 0 0
0 7 1 1 5 234568 012 01234569 02346789 0 0 0
0 7 1 1 56 01245689 012 01236789 023456789 0 0 0
0 7 1 1 678 012346789 01 0123469 012345678 0 0 0
0 7 1 12 089 012346789 012 012456789 02346789 0 0 0
0 7 1 2 124 0123456789 012 0123469 012468 0 0 0
0 7 12 02 045 0123456789 012 01234679 023468 0 0 0
0 7 2 0 0 01 012 012346789 012346789 0 0 0
0 7 2 0 0 1 012 01236789 0123456789 01 012369 024568
0 7 2 0 0 1234 012 012346789 012346789 0 0 0
0 7 2 0 0 45 01 0123456789 01234689 0 0 0
0 7 2 0 0 5689 012 0123456789 012345689 0 0 0
0 7 2 0 01 09 02 03456789 012345678 01 0234569 02468
0 7 2 0 1 01 012 023456789 012346789 0 0 0
0 7 2 0 1 123 012 012345689 0123456789 0 0 0
0 7 2 0 1 3 012 012345689 012345678 0 0 0
0 7 2 0 1 34 012 013456789 0123456789 01 02679 012468
0 7 2 0 1 4 1 12345679 0123456789 0 01 012345689
0 7 2 0 1 4 1 9 3 01 0123456789 0123456789
0 7 2 0 1 4 1 9 3 1 01234567 0123456789
0 7 2 0 1 4 1 9 3 12 0123789 0123456789
0 7 2 0 1 4 1 9 34 02 0123456789 012345678
0 7 2 0 1 4 1 9 4 012 0123456789 01245678
0 7 2 0 1 4 1 9 45 02 012345 023456789
0 7 2 0 1 4 1 9 5 01 0123456789 01234568
0 7 2 0 1 4 1 9 5 12 0123456789 01246789
0 7 2 0 1 4 1 9 56 02 0123456789 012345678
0 7 2 0 1 4 1 9 6 012 0123456789 012456789
0 7 2 0 1 4 1 9 67 02 012345 0123456789
0 7 2 0 1 4 1 9 7 01 0123456789 012346789
0 7 2 0 1 4 1 9 7 12 0123456789 023456789
0 7 2 0 1 4 1 9 78 012 0123456789 012345678
0 7 2 0 1 4 1 9 8 12 0123456789 01246789
0 7 2 0 1 4 12 09 089 02 012345 012345689
0 7 2 0 1 4 2 0 0 01 0123456789 0123456789
0 7 2 0 1 4 2 0 0 12 012456789 0123456789
0 7 2 0 1 4 2 0 01 02 01234567 0123456789
0 7 2 0 1 4 2 0 1 01 0123789 0123456789
0 7 2 0 1 4 2 0 1 12 013456789 0123456789
0 7 2 0 1 4 2 0 12 02 012345 0123456789
0 7 2 0 1 4 2 0 2 01 0123456789 012456789
0 7 2 0 1 4 2 0 23 012 0123456789 012345678
0 7 2 0 1 4 2 0 3 01 0123456789 0123456789
0 7 2 0 1 4 2 0 3 1 0123456789 012456789
0 7 2 0 1 4 2 0 34 012 0123459 0123456789
0 7 2 0 1 4 2 0 4 01 0123456789 012345678
0 7 2 0 1 4 2 0 4 12 0123456789 0123456789
0 7 2 0 1 4 2 0 45 02 012345 012346789
0 7 2 0 1 4 2 0 5 01 0123456789 012345689
0 7 2 0 1 4 2 0 568 012 012345789 012345689
0 7 2 0 1 4 2 0 8 01 0123456789 01245678
0 7 2 0 1 4 2 0 8 12 0123456789 01245678
0 7 2 0 1 4 2 0 89 02 01234567 012345689
0 7 2 0 1 4 2 0 9 01 0123456789 023456789
0 7 2 0 1 4 2 01 09 012 012345789 01246789
0 7 2 0 1 4 2 1 0 01 0123456789 0123456789
0 7 2 0 1 4 2 1 0 12 0123456789 012345678
0 7 2 0 1 4 2 1 01 02 01234567 0123456789
0 7 2 0 1 4 2 1 1 01 012345789 0123456789
0 7 2 0 1 4 2 1 12 012 0123456789 01246789
0 7 2 0 1 4 2 1 2 0 0123456789 023456789
0 7 2 0 1 4 2 1 2 012 0123456789 012345678
0 7 2 0 1 4 2 1 23 02 01234567 01245678
0 7 2 0 1 4 2 1 3 01 0123456789 02345689
0 7 2 0 1 4 2 1 34 012 012345789 0123456789
0 7 2 0 1 4 2 1 4 01 0123456789 012345689
0 7 2 0 1 4 2 1 4 12 0123456789 01234689
0 7 2 0 1 4 2 1 45 02 0123456789 023456789
0 7 2 0 1 4 2 1 5 012 0123456789 01234689
0 7 2 0 1 4 2 1 56 02 012345 0123456789
0 7 2 0 1 4 2 1 6 01 0123456789 0123456789
0 7 2 0 1 4 2 1 6 12 0123456789 0123456789
0 7 2 0 1 4 2 1 67 02 0123456789 02456789
0 7 2 0 1 4 2 1 7 01 0123456789 012345689
0 7 2 0 1 4 2 1 78 012 0123459 02345678
0 7 2 0 1 4 2 1 8 01 0123456789 012345678
0 7 2 0 1 4 2 1 89 012 012345789 0123456789
0 7 2 0 1 4 2 1 9 01 0123456789 0123456789
0 7 2 0 1 4 2 1 9 12 0123456789 012456789
0 7 2 0 1 4 2 12 09 02 012345 0123456789
0 7 2 0 1 4 2 2 0 01 0123456789 0123456789
0 7 2 0 1 4 2 2 0 12 0123456789 0123456789
0 7 2 0 1 4 2 2 01 02 0123456789 012345689
0 7 2 0 1 4 2 2 1 012 0123456789 02346789
0 7 2 0 1 4 2 2 12 02 0123456 01245689
0 7 2 0 1 4 2 2 2 01 0123456789 012346789
0 7 2 0 1 4 2 2 23 012 012345789 0123456789
0 7 2 0 1 4 2 2 3 01 0123456789 012345689
0 7 2 0 1 4 2 2 3 12 0123456789 023456789
0 7 2 0 1 4 2 23 023489 02 012345 0123456789
0 7 2 0 1 4 2 3 2 01 012356789 0123456789
0 7 2 0 1 4 2 3 2 12 012456789 012345689
0 7 2 0 1 4 2 3 23 02 012345 0123456789
0 7 2 0 1 4 2 3 3 01 0123456789 0123456789
0 7 2 0 1 4 2 3 3 12 012346789 0123456789
0 7 2 0 1 4 2 3 34 02 0123456 0123456789
0 7 2 0 1 4 2 3 4 01 0123456789 02345689
0 7 2 0 1 4 2 3 4 12 012346789 0123456789
0 7 2 0 1 4 2 3 45 02 0123456789 0123456789
0 7 2 0 1 4 2 3 5 012 0123456789 012346789
0 7 2 0 1 4 2 3 56 02 012345 0123456789
0 7 2 0 1 4 2 3 6 01 012456789 0123456789
0 7 2 0 1 4 2 3 6 12 0123456789 01245689
0 7 2 0 1 4 2 3 67 02 0123456 0123456789
0 7 2 0 1 4 2 3 7 01 0123456789 0123456789
0 7 2 0 1 4 2 3 78 012 0123456789 023456789
0 7 2 0 1 4 2 3 8 01 0123456789 012345689
0 7 2 0 1 4 2 3 8 12 0123456789 012345678
0 7 2 0 1 4 2 3 89 02 012345 0123456789
0 7 2 0 1 4 2 3 9 01 0123456789 01245678
0 7 2 0 1 4 2 3 9 12 0123456789 012345678
0 7 2 0 1 4 2 34 029 012 0123456789 023456789
0 7 2 0 1 4 2 4 2 12 0123456789 0123456789
0 7 2 0 1 4 2 4 23 02 012345 02345689
0 7 2 0 1 4 2 4 3 01 0123456789 0246789
0 7 2 0 1 4 2 45 2348 012 01234589 0123456789
0 7 2 0 1 4 2 5 2 0 1234567 0123456789
0 7 2 0 1 4 2 5 2 01 01234789 0123456789
0 7 2 0 1 4 2 5 2 12 01456789 0123456789
0 7 2 0 1 4 2 5 23 02 012345 0123456789
0 7 2 0 1 4 2 5 3 01 0123456789 0123456789
0 7 2 0 1 4 2 5 34 012 012456789 0123456789
0 7 2 0 1 4 2 5 4 0 01234567 0123456789
0 7 2 0 1 4 2 5 4 01 012789 0123456789
0 7 2 0 1 4 2 5 4 1 2345678 0123456789
0 7 2 0 1 4 2 5 4 12 0123459 0123456789
0 7 2 0 1 4 2 5 45 02 0123456 0123456789
0 7 2 0 1 4 2 5 5 01 0126789 0123456789
0 7 2 0 1 4 2 5 5 12 03456789 0123456789
0 7 2 0 1 45 02 01234567 01234568 02 012345 0123456789
0 7 2 0 1 5678 01 012346789 0123456789 0 0 0
0 7 2 0 1 89 012 01269 0123456789 0 0 0
0 7 2 0 12 09 01 0234569 012456789 01 02346 0246789
0 7 2 0 2 01 012 0123456789 0123456789 0 0 0
0 7 2 0 2 12 012 0236789 0123456789 01 01269 023468
0 7 2 0 2 234 012 0123456789 023456789 0 0 0
0 7 2 0 2 4 01 0123456789 0123456789 0 0 0
0 7 2 0 2 456 012 0123456789 0123456789 0 0 0
0 7 2 0 2 678 012 0123456789 02346789 01 023469 024678
0 7 2 0 2 89 01 0123456789 0123456789 01 012469 024568
0 7 2 0 2 9 1 9 23 01 0123456789 023456789
0 7 2 0 2 9 1 9 345 012 012346789 0123456789
0 7 2 0 2 9 1 9 56 012 0123456789 012346789
0 7 2 0 2 9 1 9 678 012 01234569 012346789
0 7 2 0 2 9 12 09 089 012 0123456789 0245678
0 7 2 0 2 9 2 0 0123 012 0123456789 0124568
0 7 2 0 2 9 2 0 3456 012 012346789 023456789
0 7 2 0 2 9 2 0 6789 012 01234569 0123456789
0 7 2 0 2 9 2 01 019 012 012346789 012345678
0 7 2 0 2 9 2 1 12 012 0123456789 0123456789
0 7 2 0 2 9 2 1 23 012 0123456789 0123456789
0 7 2 0 2 9 2 1 45 01 0123456789 0123456789
0 7 2 0 2 9 2 12 0156 012 023456789 023468
0 7 2 0 23 019 012 0123456789 0124568 02 0234 029
0 7 2 0 3 1234 012 012346789 023456789 012 0126789 02468
0 7 2 0 3 456 012 012345689 012456789 01 02345679 024568
0 7 2 0 3 67 012 01234569 0123456789 01 0126789 02468
0 7 2 0 3 7 12 0123456789 0123456789 0 0 0
0 7 2 0 34 02378 012 0123456789 0123456789 01 0236 0248
0 7 2 0 4 345 012 012346789 012456789 0 0 0
0 7 2 0 4 56 012 0123456789 02456789 0 0 0
0 7 2 0 4 678 012 0123456789 02346789 01 02689 0123468
0 7 2 0 45 0189 012 0123456789 01246789 0 0 0
0 7 2 0 5 1 012 0123456789 012345678 0 0 0
0 7 2 0 5 12 02 0145 023468 01 0123456 012345678
0 7 2 0 5 2 0 1 67 012 0123456789 0123456789
0 7 2 0 5 2 0 1 7 012 0123456789 0123456789
0 7 2 0 5 2 0 1 78 012 0123456789 0123456789
0 7 2 0 5 2 0 1 89 012 0123456789 012346789
0 7 2 0 5 2 0 12 09 01 012346789 0123456789
0 7 2 0 5 2 0 2 01 012 0123456789 0123456789
0 7 2 0 5 2 0 2 12 012 0123456789 0123456789
0 7 2 0 5 2 0 2 2 012 0123456789 0123456789
0 7 2 0 5 2 0 23 01234568 012 0123456789 0123456789
0 7 2 0 5 2 0 3 234 012 012456789 01246789
0 7 2 0 5 2 0 3 4568 012 012346789 0123456789
0 7 2 0 5 2 0 345 089 01 01234567 0123456789
0 7 2 0 5 2 0 5 0 01 0123456789 0123456789
0 7 2 0 5 2 0 5 0 12 01236789 0123456789
0 7 2 0 5 2 0 5 01 02 012345 0123456789
0 7 2 0 5 2 0 5 1 01 0126789 0123456789
0 7 2 0 5 2 0 5 1 12 023456789 0123456789
0 7 2 0 5 2 0 5 12 02 012345 0123456789
0 7 2 0 5 2 0 5 2 0 23456789 0123456789
0 7 2 0 5 2 0 5 2 01 0123456789 0123456789
0 7 2 0 5 2 0 5 23 012 01234589 0123456789
0 7 2 0 5 2 0 5 3 01 023456789 0123456789
0 7 2 0 5 2 0 5 3 1 01234567 0123456789
0 7 2 0 5 2 0 5 34 012 012345789 0123456789
0 7 2 0 5 2 0 5 4 0 123456789 0123456789
0 7 2 0 5 2 0 5 4 012 0123456789 0123456789
0 7 2 0 5 2 0 5 45 02 012345 0123456789
0 7 2 0 5 2 0 5 5 01 0123456789 0123456789
0 7 2 0 5 2 0 5 568 012 0123456789 012346789
0 7 2 0 5 2 0 5 89 012 012456789 0123456789
0 7 2 0 5 2 0 5 9 01 0123456789 0123456789
0 7 2 0 5 2 0 56 023456789 012 012345679 0123456789
0 7 2 0 5 2 0 78 01234678 012 0123456789 0123456789
0 7 2 0 5 2 0 89 01248 01 0123456789 0123456789
0 7 2 0 5 2 0 9 2 12 0123456789 0123456789
0 7 2 0 5 2 01 09 012345689 012 012346789 012346789
0 7 2 0 5 23 01 0126789 0123456789 012 01234569 0245678
0 7 2 0 5 3456 012 01234569 0234678 012 0123469 02468
0 7 2 0 5 6 01 014569 0123456789 012 01236789 01246789
0 7 2 0 5 6 1 12345 023456789 01 012369 01234568
0 7 2 0 5 6 12 0123456789 02345678 012 012346789 01245678
0 7 2 0 5 67 012 0123456789 012345678 0 0 0
0 7 2 0 56 0789 012 0123456789 024689 0 0 0
0 7 2 0 6 012 012 0123456789 02468 0 0 0
0 7 2 0 6 23 012 0123456789 02468 0 0 0
0 7 2 0 6 3456 012 0123456789 0123468 0 0 0
0 7 2 0 67 012345678 012 01234569 0123456789 0 0 0
0 7 2 0 789 012345678 012 01234689 024678 0 0 0
0 7 2 01 09 0234678 012 0123456789 0245689 0 0 0
0 7 2 1 01 0189 012 0123456789 02345689 0 0 0
0 7 2 1 123 012345689 012 01234689 023468 0 0 0
0 7 2 1 345 0123456789 012 01234569 012468 0 01 0124689
0 7 2 1 5 67 01 01236 024689 012 02345689 0246789
0 7 2 1 56 0789 012 0123456789 02456789 0 0 0
0 7 2 1 6 012 012 0123456789 012346789 0 0 0
0 7 2 1 6 23 012 012346789 0123468 0 0 0
0 7 2 1 6 345 012 0123456789 0245689 0 0 0
0 7 2 1 6 56 012 0123456789 02345689 0 0 0
0 7 2 1 6 67 012 012346789 012345678 0 0 0
0 7 2 1 67 0789 012 012346789 012345678 0 0 0
0 7 2 1 7 012 012 0123456789 0123456789 01 02469 0248
0 7 2 1 789 023468 012 0123456789 01246789 0 0 0
0 7 2 12 09 012345678 012 01234569 012345689 0 0 0
0 7 2 2 01 012456789 012 01234689 01245678 0 0 0
0 7 2 2 12 02345689 012 012346789 01234678 0 0 0
0 7 2 2 23 0126789 01 0123456789 01234568 01 0234569 023468
0 7 2 2 3 23456 01 01234679 012346789 01 01236 024689
0 7 2 2 3 67 012 012345689 0123456789 0 0 0
0 7 2 2 34 02478 012 012456789 0123456789 0 0 0
0 7 2 2 4 4 01 012345689 0123456789 0 0 0
0 7 2 2 4 45 012 0123456789 0123456789 0 0 0
0 7 2 2 4 56 012 0123456789 012345678 0 0 0
0 7 2 2 4 67 012 01245679 012456789 01 012369 024678
0 7 2 2 4 7 01 0123456789 012345678 0 0 0
0 7 2 2 4 789 012 012346789 0123456789 0 0 0
0 7 2 2 4 9 012 012456789 02345678 01 0123679 02468
0 7 2 2 45 019 012 0123456789 012345678 01 01236 012468
0 7 2 2 5 1 012 0123456789 0123456789 01 02 08
0 7 2 2 5 12 02 012345 0123456789 012 0124569 02468
0 7 234 02 05 02345 012 01234569 0123456789 0 0 0
0 7 4 0 0 0 0 3456789 0123456789 012 012456789 0124689
0 7 4 0 0 01 012 012345679 0123456789 01 02678 0268
0 7 4 0 0 1 0 0123456789 0123456789 01 089 0234
0 7 4 0 0 1 12 012346789 0123456789 0 0 0
0 7 4 0 0 12 012 01234569 023456789 0 0 0
0 7 4 0 0 234 012 0123456789 0123456789 0 0 0
0 7 4 0 0 45 012 012346789 012456789 0 0 0
0 7 4 0 0 5678 012 012345689 023456789 0 0 0
0 7 4 0 01 089 012 012345679 012346789 0 0 0
0 7 4 0 13 0126 012 023456789 01234568 0 0 0
0 7 4 0 3 23456 012 0123456789 0123468 0 0 0
0 7 4 0 3 678 012 0123456789 024689 0 0 0
0 7 4 0 3 89 012 0123456789 012345678 0 0 0
0 7 4 0 34 019 012 012345679 0123456789 0 0 0
0 7 4 0 4 12 012 01234569 01234689 0 0 0
0 7 4 0 4 23 012 012346789 012346789 0 0 0
0 7 4 0 4 34 012 0123456789 01234678 0 0 0
0 7 4 0 4 45 012 0123456789 0123456789 0 0 0
0 7 4 0 4 56 012 0123456789 0123468 0 0 0
0 7 4 0 4 6789 012 0123456789 012346789 0 0 0
0 7 4 0 45 09 012 0123469 0123456789 0 0 0
0 7 4 0 5 01 012 01234679 0123456789 0 0 0
0 7 4 0 56 01236 012 0123456789 012345678 0 0 0
0 7 4 0 678 0123456789 012 0234679 0123456789 0 013 02468
0 7 4 0 8 0 01 0124789 0123456789 01 026 048
0 7 4 0 8 0 12 01456789 0123456789 0 0 0
0 7 4 0 8 01 02 012345 0123456789 0 0 0
0 7 4 0 8 12 012 02456789 0123456789 0 0 0
0 7 4 0 8 2 0 01234 0123456789 0 01234 0123456789
0 7 4 0 8 2 0 4 6 012 01256789 0123456789
0 7 4 0 8 2 0 4 6789 012 012345679 023456789
0 7 4 0 8 2 0 45 019 012 0123456789 023456789
0 7 4 0 8 2 01 056789 012346789 01 0123456789 0123456789
0 7 4 0 8 234 012 012345679 0123456789 01 02 08
0 7 4 0 8 5 01 012369 01246789 01 012345679 01246789
0 7 4 0 8 567 012 012345679 0123456789 01 01289 01234568
0 7 4 0 8 78 012 0123456789 012345678 0 0 0
0 7 4 0 9 01 01 012345689 0123456789 01 01236 02468
0 7 4 01 09 01246789 012 01234569 02456789 0 0 0
0 7 4 1 01 0126789 012 01236789 023456789 0 01 028
0 7 4 1 1 2 01 0123456789 012346789 01 01236 02468
0 7 4 1 1 23 012 0123456789 01245689 012 023469 0248
0 7 4 1 1 3 01 0123456789 012346789 0 0 0
0 7 4 1 1 34 012 0123459 0123456789 01 0269 0248
0 7 4 1 1 4 0 345 012346789 012 012346789 023456789
0 7 4 1 1 4 01 0123456789 0123456789 0 0 0
0 7 4 1 1 4 12 01289 0123456789 01 01236 01234678
0 7 4 1 1 45 02 012345 0123456789 01 012369 023468
0 7 4 1 1 5 01 0123456789 0123456789 0 0 0
0 7 4 1 1 56 012 0123459 02346789 01 0126789 02468
0 7 4 1 1 6 01 0123456789 0123456789 01 02 08
0 7 4 1 1 67 012 0123456789 0123456789 0 0678 024689
0 7 4 1 1 7 01 0123456789 012456789 01 029 068
0 7 4 1 1 78 012 0123459 0124568 01 02345689 01234568
0 7 4 1 1 8 0 345678 0246789 012 012346789 024568
0 7 4 1 1 8 01 0129 0124568 01 0123456789 02468
0 7 4 1 1 8 12 023456789 0123456789 012 0234589 02468
0 7 4 1 1 89 02 0123456 0123456789 0 0 0
0 7 4 1 1 9 0 67 246789 012 02345689 012345678
0 7 4 1 1 9 01 012345689 0123456789 01 02346789 0245689
0 7 4 1 1 9 12 016789 0123456789 012 02459 0123458
0 7 4 1 12 09 02 01234 0123456789 012 01234569 02456789
0 7 4 1 2 0 01 0123456789 012346789 0 0 0
0 7 4 1 2 01 012 0123456789 0123456789 01 01236 02468
0 7 4 1 2 1 012 0123456789 0123456789 0 0 0
0 7 4 1 2 12 012 0123456789 0123456789 0 0 0
0 7 4 1 2 2 12 0123456789 0123456789 01 012346789 0124689
0 7 4 1 2 23 02 0123456789 0123456789 01 029 068
0 7 4 1 2 3 012 0123456789 023456789 0 0 0
0 7 4 1 2 34 012 01234569 0123456789 0 0 0
0 7 4 1 2 45 02 012 012345689 012 01234569 024568
0 7 4 1 2 5 0 123 0123456789 01 01234569 012468
0 7 4 1 2 5 0 3 2 01 012356789 012345689
0 7 4 1 2 5 0 3 2 12 0123456789 012345678
0 7 4 1 2 5 0 3 23467 02 012345678 02345689
0 7 4 1 2 5 0 3 7 01 0123456789 012345689
0 7 4 1 2 5 0 3 789 012 012345689 012345678
0 7 4 1 2 5 0 3 9 0 0123467 0123456789
0 7 4 1 2 5 0 3 9 01 01234589 0123456789
0 7 4 1 2 5 0 34 012346789 012 012345679 01234678
0 7 4 1 2 5 0 4 8 01 0123456789 02345678
0 7 4 1 2 5 0 4 89 012 012345789 012345678
0 7 4 1 2 5 0 4 9 01 0123456789 012345678
0 7 4 1 2 5 0 45 09 012 0123456789 012345689
0 7 4 1 2 5 0 5 0 01 0123456789 0123456789
0 7 4 1 2 5 0 5 0 12 0123456789 0123456789
0 7 4 1 2 5 0 5 01 02 0123456 0123456789
0 7 4 1 2 5 0 5 1 01 0123456789 01234689
0 7 4 1 2 5 0 5 12 012 012345789 01246789
0 7 4 1 2 5 0 5 2 01 0123456789 01245678
0 7 4 1 2 5 0 5 2 12 0123456789 012345689
0 7 4 1 2 5 0 5678 0123456789 02 013456789 01246789
0 7 4 1 2 5 0 89 089 01 0123456789 0123456789
0 7 4 1 2 5 0 9 0 01 23456789 0123456789
0 7 4 1 2 5 0 9 0126 012 0123456789 023456789
0 7 4 1 2 5 01 09 0123456789 012 012345679 012468
0 7 4 1 2 5 1 01 0123456789 012 01234569 0245678
0 7 4 1 2 5 1 1 8 01 0123456789 01245678
0 7 4 1 2 5 1 1 89 012 0123456789 0123456789
0 7 4 1 2 5 1 1 9 01 0123456789 012456789
0 7 4 1 2 5 1 1 9 12 0123456789 01234568
0 7 4 1 2 5 1 1234 012345689 02 012345 01234689
0 7 4 1 2 5 1 4 6 01 0123456789 02456789
0 7 4 1 2 5 1 4 67 012 01234789 01234568
0 7 4 1 2 5 1 4 7 01 0123456789 012456789
0 7 4 1 2 5 1 4 7 12 0123456789 012345689
0 7 4 1 2 5 1 456 0123456789 012 0234569 02468
0 7 4 1 2 5 1 678 0123456789 012 023469 02468
0 7 4 1 2 5 12 012489 0123456789 012 026789 0246789
0 7 4 1 2 5 2 4 2 01 0123456789 0123456789
0 7 4 1 2 5 2 4 23 012 0123456789 0234678
0 7 4 1 2 5 2 4 3 01 0123456789 012346789
0 7 4 1 2 5 2 4 345 012 0123456789 01234678
0 7 4 1 2 5 2 4 5 012 0123456789 01234689
0 7 4 1 2 5 2 4 5678 012 012345689 02456789
0 7 4 1 2 5 2 45 019 01 012345689 023456789
0 7 4 1 2 5 2 5 1 01 0123456789 023456789
0 7 4 1 2 5 2 5 12 012 012346789 012346789
0 7 4 1 2 5 2 5 2 01 0123456789 0123456789
0 7 4 1 2 5 2 5 23 012 0123456789 0246789
0 7 4 1 2 5 2 5 3 01 0123456789 0123456789
0 7 4 1 2 5 2 5 3 12 0123456789 0123456789
0 7 4 1 2 56 02 012345 02345678 012 012345689 01245689
0 7 4 1 2 67 012 0123456789 0123456789 0 0 0
0 7 4 1 23467 01234678 012 0123456789 01246789 0 0 0
0 7 4 1 78 0123456789 012 0234569 01234689 0 0 0
0 7 4 1 89 01246789 012 0123456789 012345689 0 0 0
0 7 4 1 9 89 012 0123456789 0124689 01 026789 0245678
0 7 4 1 9 9 1 3 012 012 0123456789 0123468
0 7 4 1 9 9 1 3 23456 012 012346789 0123456789
0 7 4 1 9 9 1 34 06789 01 0123456789 0123468
0 7 4 1 9 9 1 4 0123 012 0123456789 0124689
0 7 4 1 9 9 1 4 345678 012 0123456789 024678
0 7 4 1 9 9 1 45 0123489 012 01234679 023468
0 7 4 1 9 9 1 56 0456789 01 0123456789 02468
0 7 4 1 9 9 1 67 06789 012 0123456789 02468
0 7 4 1 9 9 1 7 0123 012 0123456789 024678
0 7 4 1 9 9 1 7 4567 012 0123456789 024678
0 7 4 1 9 9 1 78 012789 012 0123456789 024678
0 7 4 1 9 9 1 8 23 012 0123456789 012346789
0 7 4 1 9 9 1 8 34567 012 0123456789 01234678
0 7 4 1 9 9 1 89 01234578 012 0123456789 02468
0 7 4 1 9 9 12 09 015678 012 0123456789 02468
0 7 4 1 9 9 2 0 123456 012 0123456789 012468
0 7 4 1 9 9 2 01 016789 012 0123456789 02468
0 7 4 1 9 9 2 1 123456 012 012346789 02468
0 7 4 1 9 9 2 12 012389 012 01234679 02468
0 7 4 1 9 9 2 2 34567 012 012345689 0123468
0 7 4 1 9 9 2 2 789 012 0123456789 012468
0 7 4 1 9 9 2 3 0123 012 0123456789 02468
0 7 4 1 9 9 2 3 34 012 0123456789 01234689
0 7 4 1 9 9 2 3 5678 012 0123456789 02468
0 7 4 1 9 9 2 34 012389 012 0123456789 02468
0 7 4 1 9 9 2 4 3456 012 01234569 02468
0 7 4 1 9 9 2 45 016789 012 0123456789 024689
0 7 4 1 9 9 2 5 123 012 0123456789 02468
0 7 4 12 09 09 02 0345 02345678 012 0123456789 02468
0 7 4 2 0 0 01 012345689 0123456789 0 0 0
0 7 4 2 0 01 01 0123456789 0123456789 012 029 0248
0 7 4 2 0 1 01 0123456789 01246789 0 0 0
0 7 4 2 0 12 012 012345689 0123456789 0 0 0
0 7 4 2 0 2 12 0123456789 0123456789 01 02679 0268
0 7 4 2 0 23 012 0123456789 012345678 0 0 0
0 7 4 2 0 34 012 0123456789 012345689 0 0 0
0 7 4 2 0 45 012 0123456789 01234689 0 0 0
0 7 4 2 0 56 012 0123456789 0123456789 01 02 08
0 7 4 2 0 67 012 01234569 023456789 0 0 0
0 7 4 2 0 789 012 01234569 0123456789 01 01269 024689
0 7 4 2 01 0129 012 012346789 0123456789 0 0 0
0 7 4 2 1 234 012 0123456789 012345678 0 0 0
0 7 4 2 1 456 012 0123679 012346789 01 02456789 02468
0 7 4 2 1 6 1 678 012345689 012 0123456789 024689
0 7 4 2 1 6 12 0189 01245689 012 01234569 0124678
0 7 4 2 1 6 2 123 023456789 012 012345689 02468
0 7 4 2 1 6 2 34 0459 012 012345689 0234568
0 7 4 2 1 6 2 4 567 012 0123456789 0234689
0 7 4 2 1 67 02 0145 01234789 012 012345679 02468
0 7 4 2 1 7 01 012346789 0123456789 012 0249 0248
0 7 4 2 1 78 012 0123456789 0123456789 0 0 0
0 7 4 2 12 089 012 0123456789 0123456789 0 0 0
0 7 4 2 2 0 01 0125689 0123456789 0 0 0
0 7 4 2 2 01 012 012345689 0123456789 01 02 08
0 7 4 2 2 12 012 01234679 0123456789 01 0269 0248
0 7 4 2 23 012346789 012 01245679 012346789 0 0 0
0 7 4 2 34 012345678 012 012346789 0246789 0 0 0
0 7 4 2 4 4 01 0123456789 023468 0 0 0
0 7 4 2 4 45 012 0123469 012345689 012 0234569 02348
0 7 4 2 4 5 1 45 02346 0 0123456789 0123456789
0 7 4 2 45 015689 012 0234569 012456789 012 01234569 02468
0 7 4 2 5 2345 012 0123456789 01234568 0 0 0
0 7 45 02 015 012345678 012 012346789 0123468 0 0 0
0 7 5 0 12 01234567 012 02346789 0234689 0 0 0
0 7 5 0 234 01245678 012 01234569 024689 0 0 0
0 7 5 0 4567 245678 012 023456789 0123456789 01 0269 0468
0 7 5 0 7 678 01 012346789 0123456789 0 0 0
0 7 5 0 789 01246789 012 012456789 0123456789 0 0 0
0 7 5 0 9 8 012 0123456789 0123456789 0 0 0
0 7 5 01 09 01289 012 01234569 012345689 01 02346 0248
0 7 5 1 0 234 012 012346789 012345689 0 0 0
0 7 5 1 0 45 012 012346789 012345678 012 012369 02468
0 7 5 1 01 023456789 012 0123456789 0124689 0 0 0
0 7 5 1 12 02456789 012 0123456789 02456789 0 0 0
0 7 5 1 2 7 01 012346789 0123456789 0 0 0
0 7 5 1 234 0126789 012 012346789 0123456789 0 0 0
0 7 5 1 4 01 01 01345679 0123456789 0 0 0
0 7 5 1 45 1234 012 01236789 0123456789 0 0 0
0 7 5 1 56 0456789 012 012456789 01234568 0 0 0
0 7 5 1 67 01234568 012 0123456 012345678 0 0 0
0 7 5 1 7 1 01 012456789 0123456789 0 0 0
0 7 5 12 0789 012345689 012 025679 02468 0 0 0
0 7 5 2 012 0123456789 012 0123456789 024568 0 0 0
0 7 5 2 234 0123456789 012 0123689 02468 0 0 0
0 7 5 2 45 0123489 012 01234679 02468 0 0 0
0 7 5 2 5 45 012 012345689 02468 0 0 0
0 7 56 02 05 0125 012 012345679 02468 0 0 0
0 7 6 0 0 2345 012 0123456789 012346789 0 0 0
0 7 6 0 0 567 012 01234569 012345678 0 0 0
0 7 6 0 0 78 012 0123456789 0123456789 0 0 0
0 7 6 0 0 89 012 0123456789 0123456789 01 02 08
0 7 6 0 01 09 012 0123456789 0123456789 0 0 0
0 7 6 0 1 01 012 0123456789 023456789 0 0 0
0 7 6 0 1345 0123456789 012 0123456789 012468 0 0 0
0 7 6 0 5 345678 012 012345679 024568 0 0 0
0 7 6 0 56 012389 012 02345679 01234568 0 0 0
0 7 6 0 67 012348 012 0234679 012456789 0 0 0
0 7 6 0 7 34 02 01234 012345689 01 01234679 0123468
0 7 6 0 7 4 0 0 345678 012 012345679 012468
0 7 6 0 7 4 0 01 09 012 0123456789 0123456789
0 7 6 0 7 4 0 1 0123 012 0123456789 024568
0 7 6 0 7 4 0 12 0345689 012 0123456789 02468
0 7 6 0 7 4 0 2 0123 012 0123456789 02468
0 7 6 0 7 4 0 2 456789 012 0123456789 023468
0 7 6 0 7 4 0 23 01239 012 0123456789 0246789
0 7 6 0 7 4 0 3 3456789 012 012346789 02468
0 7 6 0 7 4 0 34 019 012 0123456789 0123456789
0 7 6 0 7 4 0 4 1234567 012 0123456789 02456789
0 7 6 0 7 4 0 45 0189 012 0123456789 0123456789
0 7 6 0 7 4 0 5 1234 012 0123456789 012345689
0 7 6 0 7 4 0 5 456 012 0123456789 02345678
0 7 6 0 7 4 0 5 67 012 0123456789 0246789
0 7 6 0 7 4 0 56 0123789 012 012346789 02468
0 7 6 0 7 4 0 67 046789 012 0123456789 024689
0 7 6 0 7 4 0 7 0123456 012 0123456789 0245689
0 7 6 0 7 4 0 78 0126789 012 012345679 02468
0 7 6 0 7 4 0 8 234567 012 0123456789 02468
0 7 6 0 7 4 0 89 01789 012 012346789 012468
0 7 6 0 7 4 0 9 1245 012 0123456789 01234568
0 7 6 0 7 4 0 9 56789 012 0123456789 0124568
0 7 6 0 7 4 01 09 09 012 0123456789 012456789
0 7 6 0 7 4 1 0 1234567 01 0123456789 024568
0 7 6 0 7 4 1 0 78 012 0123456789 0123456789
0 7 6 0 7 4 1 0 89 012 0123456789 0123456789
0 7 6 0 7 4 1 01 0129 012 0123456789 0234678
0 7 6 0 7 4 1 1 234 012 0123456789 0124678
0 7 6 0 7 4 1 12 01456789 012 0123456789 023468
0 7 6 0 7 4 1 23467 01234678 012 0123456789 02468
0 7 6 0 7 45 012 012345689 0123456789 0 0 0
0 7 6 0 7 56 012 012456789 0123456789 0 0 0
0 7 6 0 7 67 012 0123456789 0123456789 0 0 0
0 7 6 0 7 78 012 0123456789 012345678 0 0 0
0 7 6 0 7 8 01 0123456789 0123456789 0 0 0
0 7 6 0 7 89 012 023456789 0123456789 0 0 0
0 7 6 0 789 01245689 012 023456789 012346789 0 0 0
0 7 6 01 269 023468 01 0123456789 0123456789 0 0 0
0 7 6 1 6 45 012 012345689 012345689 0 0 0
0 7 6 1 6789 0123456789 012 01236789 01234568 0 0 0
0 7 6 1 9 124 012 012346789 0123456789 0 0 0
0 7 6 12 0129 012345678 01 0126789 02456789 0 0 0
0 7 6 2 23 0346789 012 02346789 012345678 01 01234689 02468
0 7 67 02 012345 0123456789 012 01234569 023468 0 0 0
0 7 7 0 23 0123478 012 01234569 012456789 0 0 0
0 7 7 0 3 45 012 0123456789 012456789 0 0 0
0 7 7 0 3 56 01 0123456789 0123456789 0 0 0
0 7 7 0 3 67 01 0123456789 023456789 0 0 0
0 7 7 0 3 789 01 012346789 02345678 0 0 0
0 7 7 0 34 019 012 012346789 012345678 01 0123456 024678
0 7 7 0 4 123456 012 0123456789 0124689 012 01234569 02468
0 7 7 0 4 678 012 0123456789 0234689 0 0 0
0 7 7 0 45 01234589 012 01236789 0123456789 0 0 0
0 7 7 0 5 5 012 01245679 02345678 012 01234569 024689
0 7 7 0 56 045678 012 0123456789 012345689 02 05 05
0 7 7 0 6 56 012 0123456789 0123456789 0 0 0
0 7 7 0 6 67 01 0126789 012345689 01 0126789 02468
0 7 7 0 6 7 0 234 01234568 012 01234679 024689
0 7 7 0 6 7 0 45 0123456789 012 01234679 02468
0 7 7 0 6 7 0 56 0125678 012 0123456789 024678
0 7 7 0 6 7 0 6 2345 012 012346789 024678
0 7 7 0 6 7 0 6 56 012 0123456789 012345689
0 7 7 0 6 7 0 6 67 012 0123456789 012456789
0 7 7 0 6 7 0 67 089 012 0123456789 012456789
0 7 7 0 6 7 0 7 012 012 0123456789 023468
0 7 7 0 6 7 0 7 23 012 0123456789 01234678
0 7 7 0 6 7 0 7 345 012 01234569 0245689
0 7 7 0 6 7 0 7 567 012 01234569 012346789
0 7 7 0 6 7 0 78 0789 012 012346789 023468
0 7 7 0 6 7 0 8 01 012 0123456789 02456789
0 7 7 0 6 7 0 8 123 012 0123456789 012468
0 7 7 0 6 7 0 8 3456 012 0123456789 024678
0 7 7 0 6 7 0 89 0678 012 0123456789 024568
0 7 7 0 6 7 0 9 0123 012 0123456789 012346789
0 7 7 0 6 7 0 9 345 012 0123456789 0234568
0 7 7 0 6 7 0 9 568 012 012345689 012346789
0 7 7 0 6 7 0 9 89 012 0123456789 0124568
0 7 7 0 6 7 01 09 01245679 012 0123456789 02468
0 7 7 0 6 7 1 01 0123456789 012 01234569 02468
0 7 7 0 6 7 1 12 019 012 0123456789 012345678
0 7 7 0 6 7 1 2 12 012 0123456789 0123456789
0 7 7 0 6 7 1 2 234 012 0123456789 02345678
0 7 7 0 6 789 012 0249 0245678 012 012345679 02346789
0 7 7 0 67 09 012 0123456789 0123456789 01 012 0128
0 7 7 0 7 0 1 345678 0123456789 012 01234679 02468
0 7 7 0 7 01 012 012345689 012345678 012 01234689 024678
0 7 7 0 7 12 01 0123456789 0123456789 01 02 08
0 7 7 0 7 23 012 0123456789 012345689 0 0 0
0 7 7 0 7 3 012 0123456789 0123456789 0 0 0
0 7 7 0 7 34 012 0123456789 023456789 01 0123678 023468
0 7 7 0 7 4 1 1 23456 012 0123456789 0123456789
0 7 7 0 7 4 1 12 0236789 01 01234569 0123456789
0 7 7 0 7 4 12 023456789 012345689 01 012368 0124689
0 7 7 0 7 45 02 012345678 012345689 01 0234689 024689
0 7 7 0 7 5 01 012345679 01234678 01 01234679 01234689
0 7 7 0 7 56 012 01234789 0123456789 01 0123689 012468
0 7 7 0 7 67 01 0123456789 023456789 01 0123456789 02468
0 7 7 0 7 7 1 34 089 012 0123456789 01234568
0 7 7 0 7 7 1 4 01 012 0123456789 024678
0 7 7 0 7 7 1 4 123 012 0123456789 02468
0 7 7 0 7 7 1 456 012345678 012 0123456789 024678
0 7 7 0 7 7 1 6 234567 012 0123456789 02468
0 7 7 0 7 7 1 6 789 012 0123456789 024568
0 7 7 0 7 7 1 67 09 012 0123456789 02468
0 7 7 0 7 7 1 7 0123 012 012345689 024568
0 7 7 0 7 7 1 7 345 012 0123456789 024689
0 7 7 0 7 7 1 7 567 012 0123456789 024689
0 7 7 0 7 7 1 78 0789 012 0123456789 02468
0 7 7 0 7 7 1 8 0123 012 0123456789 024678
0 7 7 0 7 7 1 8 345 012 012346789 02468
0 7 7 0 7 7 1 8 567 012 0123456789 012468
0 7 7 0 7 7 1 8 78 012 0123456789 012468
0 7 7 0 7 7 1 89 089 012 0123456789 0246789
0 7 7 0 7 78 01 019 012468 012 0123456789 02468
0 7 7 0 7 8 01 123456789 0123456789 0 0 0
0 7 7 0 7 89 012 0234569 0123456789 0 0 0
0 7 7 0 78 019 012 01234569 012345689 012 0124569 0124568
0 7 7 0 8 1 01 01789 0123456789 01 0123456789 02468
0 7 7 0 8 1 1 12346 012346789 012 0123456789 0234568
0 7 7 0 8 12 012 0123456789 01234678 0 0 0
0 7 7 0 8 23 01 0123469 0123456789 01 0123456789 012468
0 7 7 0 8 3 01 012456789 0123456789 0 0 0
0 7 7 0 8 3 12 0123456789 0123456789 01 023456 02468
0 7 7 0 8 3456 012 012345679 0123456789 01 026 048
0 7 7 0 8 7 012 0123456789 0123456789 0 0 0
0 7 7 0 8 78 012 0123469 012456789 01 0123467 01234678
0 7 7 0 8 8 12 019 012346789 01 0123456789 0123456789
0 7 7 0 89 089 012 01234569 0123456789 01 026789 02468
0 7 7 0 9 0 0 2 123456789 012 0123456789 01245689
0 7 7 0 9 0 0 345689 0123456789 01 01236 0245678
0 7 7 0 9 0 01 012345679 0123456789 0 0 0
0 7 7 0 9 01 01 06789 0123456789 012 01236789 0234689
0 7 7 0 9 12 012 0123456789 0123456789 01 01269 012468
0 7 7 0 9 23 012 023456789 0123456789 0 0 0
0 7 7 0 9 34 012 012345679 012346789 0 0 0
0 7 7 0 9 45 012 0123456789 012456789 01 0123689 023468
0 7 7 0 9 5 012 0123456789 0123456789 0 0 0
0 7 7 01 09 456 012 01234689 0123456789 0 0 0
0 7 7 1 0 45 012 0123456 0123456789 0 0 0
0 7 7 1 0 567 012 0126789 012345678 0 06 04
0 7 7 1 0 78 01 0126789 0123456789 01 0126789 02468
0 7 7 1 0 89 01 01236789 0123456789 012 029 01248
0 7 7 1 0 9 01 01239 02345689 012 01234569 0246789
0 7 7 1 0 9 1 3 45 01 0123456789 0245678
0 7 7 1 0 9 1 34567 02456789 012 023456789 024689
0 7 7 1 01 09 01 06789 0123456789 01 012346789 02468
0 7 7 1 1 01 01 01236789 012456789 01 0245679 023468
0 7 7 1 1 1 12 0129 0123456789 0 0136789 02345678
0 7 7 1 1 1 2 012345 0123456789 012 01234569 023468
0 7 7 1 12 012689 012 0123456789 024568 01 012345689 0124689
0 7 7 1 2 1 0 12345 0123456789 012 01234569 023468
0 7 7 1 2 123 012 01256789 0123456789 01 029 028
0 7 7 12 0234679 0234678 012 012459 0123456789 01 0123456 02468
0 7 7 2 12 012689 012 012345679 0123456789 0 0 0
0 7 7 2 2 1 012 234569 0123456789 012 0124569 024568
0 7 7 2 2 23 012 01234569 0123456789 01 02 08
0 7 7 2 2 345678 012 01236789 01234689 0 0 0
0 7 7 2 23 01289 012 0123456789 01245678 0 0 0
0 7 7 2 3 234 012 01234569 012345689 012 02459 0248
0 7 7 2 3 4 0 4 123 012 0123456789 0123456789
0 7 7 2 3 4 0 4 3 012 0123456789 0123456789
0 7 7 2 3 4 0 4 345 012 0123456789 012346789
0 7 7 2 3 4 0 4 56 01 0123456789 0123456789
0 7 7 2 3 45 012 02345689 023456789 01 012789 02345678
0 7 7 2 3 56 012 0123456789 0123456789 0 0 0
0 7 7 2 3 67 012 023456789 012345689 012 02459 0248
0 7 7 2 3 78 012 01234569 02456789 012 0234569 02345689
0 7 7 2 3 89 012 01236789 023456789 01 02679 023468
0 7 7 2 34 019 012 012346789 01234568 0 0 0
0 7 7 2 4 1 01 123456789 0123456789 0 012367 024678
0 7 7 2 4 1 12 04679 023468 012 012345689 023456789
0 7 7 2 4 12 012 0123456789 012456789 01 024569 024678
0 7 7 2 4 23 012 012345679 023456789 01 012346 01248
0 7 7 2 4 3 0 3468 02345689 01 01234569 012345689
0 7 7 2 4 3 01 12456789 0123456789 012 012346789 012468
0 7 7 2 4 3 1 78 0123456789 012 012345689 0234568
0 7 7 2 4 3 1 8 56 012 01234679 012345678
0 7 7 2 4 34 012 0123456789 012346789 012 0234679 024568
0 7 7 2 4 456 012 0123456789 02346789 012 029 0238
0 7 7 2 4 6 0 345 06789 012 012346789 012346789
0 7 7 2 4 6 012 0123456789 0123456789 012 02345679 024678
0 7 7 2 4 67 02 0123468 0123456789 01 01269 024689
0 7 78 02 045 023478 012 012346789 0123456789 0 0 0
0 7 8 0 012 0246789 012 012345679 01234678 0 01 068
0 7 8 0 2 4 012 0123456789 0123456789 01 01236 02489
0 7 8 0 2 4567 012 012345689 012346789 0 0 0
0 7 8 0 23 01789 012 0123456789 01245678 0 0 0
0 7 8 0 3 124 012 0123456789 012456789 01 01236 012468
0 7 8 0 3 689 012 01234569 0123456789 0 0 0
0 7 8 0 34 09 01 0123456789 0123456789 0 0 0
0 7 8 0 4 0 012 0123456789 012346789 012 02349 024678
0 7 8 0 4 01 02 0234 012348 012 01234689 012456789
0 7 8 0 4 1 0 0123456 0123456789 012 012349 02489
0 7 8 0 4 1 01 0123456789 012346789 012 0129 02468
0 7 8 0 4 12467 012 0123469 01246789 01 02456789 02468
0 7 8 0 4567 24678 012 0234567 023456789 01 0123456789 0124678
0 7 8 0 78 0178 012 0123456789 012346789 01 0124569 0234568
0 7 8 0 8 123 012 0123456789 01245689 0 0 0
0 7 8 0 89 03456789 012 01234569 0123456789 0 0 0
0 7 8 0 9 0 01 0123456789 012345678 0 0 0
0 7 8 0 9 0123 012 012349 0123456789 0 0 0
0 7 8 01 09 01234568 01 0123456789 0123456789 0 0 0
0 7 8 1 0 45678 01 0123456789 02345678 01 01269 0245678
0 7 8 1 0 8 0 3456 012346789 012 012345689 02345678
0 7 8 1 0 8 012 0123456789 012346789 012 024679 02468
0 7 8 1 0 9 012 0123456789 0123456789 0 0 0
0 7 8 1 01 09 02 01234 01234689 01 01234569 0124678
0 7 8 1 1 0 0 34689 0124568 012 012345679 0123456789
0 7 8 1 1 01 012 012346789 0123456789 0 0 0
0 7 8 1 12 128 012 012345679 012345689 0 0 0
0 7 8 1 23 089 01 0126789 0123456789 0 0 0
0 7 8 1 3 0123 012 012345679 02346789 0 0 0
0 7 8 1 3 345 012 02346789 0123456789 0 0 0
0 7 8 1 3 56 01 0126789 0123456789 0 0 0
0 7 8 1 3 67 012 012456789 0245689 012 012345689 0124689
0 7 8 1 3 78 01 089 012678 012 0123456789 012456789
0 7 8 1 3 8 01 01234569 0123456789 01 079 026
0 7 8 1 34 089 012 012346789 012346789 01 01236 02468
0 7 8 1 4 012 012 01234569 0123456789 0 0 0
0 7 8 1 4 2 012 0123456789 0123456789 012 0129 024678
0 7 8 1 4 23 02 012345 012346789 01 01234689 024568
0 7 8 1 4 3 0 0 01234568 012 0123456789 02468
0 7 8 1 4 3 0 01 01289 012 0123456789 02468
0 7 8 1 4 3 012 123469 01234678 01 012345689 02468
0 7 8 1 45 234568 012 0123456 01245689 01 012369 01245678
0 7 8 1 5 2 0 3 23456789 012 012345689 01234678
0 7 8 1 5 2 0 34 02349 012 0123456789 0234568
0 7 8 1 5 2 0 45 01456789 012 0123456789 0234568
0 7 8 1 5 2 0 5 123456 01 012356789 0123456789
0 7 8 1 5 2 0 56 06789 012 0123456789 012345678
0 7 8 1 5 23 01 012369 0123468 012 01234569 0246789
0 7 8 1 5 3 12 0345679 0123456789 01 01236789 02468
0 7 8 1 5 34 012 0234569 01245678 01 01234569 02345678
0 7 8 1 5 45 01 0236789 01246789 01 0123469 01246789
0 7 8 1 5 56 012 01234689 012456789 012 012345679 02468
0 7 8 1 5 6 1 6 123 012 0123456789 0245689
0 7 8 1 5 6 1 6 345 012 0123456789 01234678
0 7 8 1 5 6 1 6 567 012 0123456789 012468
0 7 8 1 5 6 1 67 0789 012 0123456789 01246789
0 7 8 1 5 6 1 7 012 012 012346789 024678
0 7 8 1 5 6 1 7 23 012 0123456789 0234689
0 7 8 1 5 6 1 7 3456 012 0123456789 024689
0 7 8 1 5 6 1 78 06789 012 0123456789 012468
0 7 8 1 5 6 1 8 0123 012 0123456789 024568
0 7 8 1 5 67 012 0289 0123456789 012 012456789 0234568
0 7 8 1 5 78 012 012346789 012345689 0 0 0
0 7 8 1 5 8 1 45 0123456789 012 0123456789 02468
0 7 8 1 5 89 012 023456789 012345678 01 012689 024689
0 7 8 1 5 9 01 236789 0123456789 012 012346789 0124689
0 7 8 1 56 09 012 01234569 0123456789 0 0 0
0 7 8 1 6 012345 012 01234689 012456789 0 0 0
0 7 8 1 67 056789 01 0123456789 012456789 0 0 0
0 7 8 1 7 0123 012 0123456789 01234689 0 0 0
0 7 8 1 7 345678 012 01236789 012346789 0 0 0
0 7 8 1 78 012389 012 0123456789 012345678 0 0 0
0 7 8 12 012389 0124568 01 0123456 012468 012 01234569 0124568
0 7 89 02 03467 024568 01 012346789 0124689 012 01234569 024568
0 7 9 0 789 02345678 01 0123456789 01234568 01 02 08
0 7 9 0 9 8 012 0123456789 012345689 01 01236 0234568
0 7 9 0 9 89 012 0123456789 023456789 01 012369 024568
0 7 9 01 09 019 012 0123456789 023456789 01 01234569 0124568
0 7 9 1 0 1234 01 0123 0234689 012 01234569 01234678
0 7 9 1 0 45 012 01234569 012345678 012 0123469 024689
0 7 9 1 0 5678 012 0123456789 023456789 0 0 0
0 7 9 1 0 89 012 012345679 012456789 01 01269 02468
0 7 9 1 01 09 02 0123456 012345689 012 01234569 01234689
0 7 9 1 1 01 012 012346789 0123456789 0 0 0
0 7 9 1 12 012468 012 012456789 012345678 0 0 0
0 7 9 1 2 1 01 0123456789 0123456789 0 0 0
0 7 9 1 2 12 012 0123459 0123456789 01 02346 0248
0 7 9 1 2 234 012 0123456789 0123456789 0 0 0
0 7 9 1 2 456 01 02456789 0123456789 0 0 0
0 7 9 1 2 7 01 023456789 0123456789 0 0 0
0 7 9 1 2 7 12 0156789 0123456789 0 0 0
0 7 9 1 23 278 02 012345678 0123456789 0 0 0
0 7 9 1 3 2 012 012346789 0123456789 01 01236 02468
0 7 9 1 3 23 02 0123456 012345678 012 02346789 0246789
0 7 9 1 3 34 012 0126789 0123456789 01 026789 024689
0 7 9 1 3 4 012 0123456789 01234678 0 013 02345678
0 7 9 1 3 4 2 2 456 01 0123456789 0123456789
0 7 9 1 3 4 2 23 02678 012 0123456789 012345678
0 7 9 1 3 45 02 034568 02346789 012 023456789 01245678
0 7 9 1 3 56 012 0123456789 012345678 01 02 08
0 7 9 1 3 67 02 012345 0234678 012 0234569 02456789
0 7 9 1 3 7 01 23456789 0123456789 01 0234689 0234568
0 7 9 1 3 789 012 02456789 0123456789 0 0 0
0 7 9 1 34 09 01 0123456789 0123456789 01 01269 02678
0 7 9 1 4 0 0 89 09 012 01234569 012456789
0 7 9 1 4 0 0 9 01 012 0123456789 0123456789
0 7 9 1 4 01 012 012345679 01234568 012 0234569 024568
0 7 9 1 4 1 0 3 346789 012 012346789 024678
0 7 9 1 4 1 0 34 01239 012 0123456789 0234678
0 7 9 1 4 1 012 012456789 02345678 01 012346789 02468
0 7 9 1 4 12 012 012346789 0123456789 0 0 0
0 7 9 1 4 23 012 0123456789 012456789 0 0 0
0 7 9 1 467 023468 012 012345679 012456789 01 01236 0124568
0 7 9 1 7 0 012 0123456789 0123456789 0 0 0
0 7 9 1 7 01 012 0123456789 0123468 012 01236789 024568
0 7 9 1 7 12 012 0123456789 023456789 02 02 04
0 7 9 1 7 23 012 0123459 0123456789 0 0 0
0 7 9 1 7 3 01 0123456789 0123456789 012 0126789 02468
0 7 9 1 7 34 01 0156789 012346789 012 024679 02468
0 7 9 1 7 45 01 023456789 01234678 012 02459 0248
0 78 09 01 0789 01245678 01 0126789 0123456789 0 0 0
0 8 0 0 1 012 012 023456789 0123456789 0 0 0
0 8 0 0 1 2345 012 0123459 0123456789 0 0 0
0 8 0 0 1 5 2 345 0123456789 012 01234569 012468
0 8 0 0 12345 012345678 012 012456789 02345678 012 02459 02489
0 8 0 0 56 02389 012 02456789 0234568 01 013456789 0123456789
0 8 0 0 6 34 01 01234689 0123456789 01 0123456789 02456789
0 8 0 0 6 4 0 9 67 012 01234569 023456789
0 8 0 0 6 4 01 09 012378 012 0123456789 02345678
0 8 0 0 6 4 1 0 345678 012 0123468 012345678
0 8 0 0 6 45 012 012345679 01234689 01 023469 02468
0 8 0 0 6 56 012 012346789 0123456789 0 0 0
0 8 0 0 6 6 1 0123 012456789 01 012346789 024678
0 8 0 0 6 6 12 0234679 012346789 01 01234569 02468
0 8 0 0 6 7 0 0 0 01 0123456789 0123456789
0 8 0 0 6 7 0 0 01 012 0123456789 012456789
0 8 0 0 6 7 0 0 123 012 01234679 02456789
0 8 0 0 6 7 0 0 34 012 012346789 0123456789
0 8 0 0 6 7 0 0 4 012 0123456789 0123456789
0 8 0 0 6 7 0 01 0456789 012 023456789 023456789
0 8 0 0 6 7 0 123467 0123456789 01 012345689 024689
0 8 0 0 6 78 012 0123456789 0123456789 0 0 0
0 8 0 0 6 89 012 0123456789 0123456789 01 0234569 02468
0 8 0 0 67 09 012 0123456789 012456789 0 01 06
0 8 0 0 7 01 012 012345679 0123456789 01 0236 0248
0 8 0 0 7 1 12 029 2456789 012 0123456789 01245689
0 8 0 0 7 12 02 0123467 0123456789 012 0123456 0234689
0 8 0 0 7 23 012 012346789 0123456789 0 0 0
0 8 0 0 7 3 12 012345679 0123456789 01 026789 024568
0 8 0 0 7 345 012 0123456789 0123456789 01 02346 0248
0 8 0 0 7 56 012 012345689 0123456789 01 02 08
0 8 0 0 7 67 012 012346789 012345689 01 012346789 01246789
0 8 0 0 7 7 0 0 012 012 012346789 01234678
0 8 0 0 7 7 0 01 234568 012 0123456789 012345678
0 8 0 0 7 7 0 1234678 023456789 01 0123456789 01246789
0 8 0 0 7 7 01 019 012456789 01 0123456789 024568
0 8 0 0 7 7 1 246 01245678 0 012345 0123456789
0 8 0 0 7 7 1 6 7 01 0123456789 0123456789
0 8 0 0 7 7 1 6 7 12 012346789 0123456789
0 8 0 0 7 7 1 67 0234589 01 012346789 0123456789
0 8 0 0 7 78 012 0124789 012456789 012 026789 02456789
0 8 0 0 7 8 01 12345689 01234678 012 01234569 012345689
0 8 0 0 7 89 012 0123456789 023456789 0 0 0
0 8 0 0 78 09 02 015 0123456789 012 012346789 02468
0 8 0 0 8 0 0 123 012345689 012 012346789 02468
0 8 0 0 8 01 012 02346789 01245689 012 0234569 012468
0 8 0 0 8 1 0 456 0123456789 012 012345689 01234568
0 8 0 0 8 1 0 6 4568 012 0123456789 012345678
0 8 0 0 8 1 0 67 0123489 012 01234689 012456789
0 8 0 0 8 1 01 23789 012456789 012 012345679 0124689
0 8 0 0 8 1 1 34569 02346789 012 01234569 0245689
0 8 0 0 8 12 012 0249 0345678 012 024569 012456789
0 8 0 0 8 23 012 012346789 01234568 0 0 0
0 8 0 0 8 34 012 0123489 02345678 012 0123456789 0124678
0 8 0 0 8 4 0 1 89 012 0123456789 012456789
0 8 0 0 8 4 0 12 09 012 012345689 012345689
0 8 0 0 8 4 0 2 0123 012 012345689 012346789
0 8 0 0 8 4 0 2 3 012 0123456789 0123456789
0 8 0 0 8 4 0 2 4568 012 012346789 01245678
0 8 0 0 8 4 0 2345 0126789 012 023456789 0234568
0 8 0 0 8 4 01 12345679 0123456789 012 01236 0124568
0 8 0 0 8 45 012 0123456789 012456789 012 012369 023468
0 8 0 0 8 56 012 0123456789 01234568 0 0346 024568
0 8 0 0 8 6 01 01246789 0123456789 01 012346 02346789
0 8 0 0 8 678 012 0123456789 012346789 0 0 0
0 8 0 0 8 8 012 123456789 01234678 012 0123456789 012468
0 8 0 0 8 89 012 012346789 0123456789 01 079 026
0 8 0 0 9 0 0 01 012346789 01 01234567 0123456789
0 8 0 0 9 0 0 1 67 012 0123456789 0123456789
0 8 0 0 9 0 0 1 78 012 012346789 0123456789
0 8 0 0 9 0 0 1 89 012 01234689 012345689
0 8 0 0 9 0 012 012346789 01234689 01 06789 024568
0 8 0 0 9 01 02 012345678 0123456789 012 0123469 02468
0 8 0 0 9 1 012 01246789 0123456789 01 01234569 012468
0 8 0 0 9 1 2 1234 0123456789 012 012689 012345678
0 8 0 0 9 1 2 45 012345689 012 01234689 012345689
0 8 0 0 9 12 012 012345679 0123456789 01 026789 0234568
0 8 0 0 9 23 012 01345689 0123456789 012 01234569 0124689
0 8 0 0 9 3 1 12 0234567 012 012346789 0123456789
0 8 0 0 9 3 1 2467 01234789 012 012346789 0123456789
0 8 0 0 9 34 012 012789 0123456789 0 0 0
0 8 0 0 9 4 0 2346 024678 01 0123456789 0123456789
0 8 0 0 9 4 0 67 01456789 012 012345679 01234689
0 8 0 0 9 45 012 01246789 01245689 01 023456789 02468
0 8 0 0 9 5 01 23469 01234689 01 01236789 012345689
0 8 0 0 9 5 1 45 24568 012 0123456789 0123456789
0 8 0 0 9 5 1 5 23 012 0123456789 02345689
0 8 0 0 9 5 1 5 34 012 0123456789 0123456789
0 8 0 0 9 56 012 012345679 0123456789 012 012469 02468
0 8 0 0 9 6 01 0456789 0123456789 01 0236 0248
0 8 0 0 9 6 1 012345678 0123456789 0 0 0
0 8 0 0 9 6 12 01234589 0123456789 01 01236 024568
0 8 0 0 9 7 01 01234569 0123456789 0 0 0
0 8 0 01 0129 01245678 012 012345679 02345689 0 0 0
0 8 0 1 2 012346 012 012345679 012345678 012 0234569 0234689
0 8 0 1 245 0478 01 026 08 012 012346789 0123456789
0 8 0 1 5 0 1 67 089 012 0123456789 02345689
0 8 0 1 5 0 1 7 01 012 0123456789 02345678
0 8 0 1 5 012456 01 0234679 024568 01 023456789 02456789
0 8 0 1 5 6 1 6 01 012 01234569 012345689
0 8 0 1 5 6 1 6 12 012 0123456789 02346789
0 8 0 1 5 67 01 01679 023468 012 01234569 012345678
0 8 0 1 5 7 01 1236 012346789 01 012345689 012345689
0 8 0 1 5 7 1 23 09 012 01234569 0123456789
0 8 0 1 5 7 12 03469 01246 012 02345679 0123456789
0 8 0 1 5 7 2 0 01234 012 012346789 012346789
0 8 0 1 5 7 2 0 456 012 01234569 0123456789
0 8 0 1 5 78 02 012367 02345678 012 012345689 0124568
0 8 0 1 56 0489 012 0126789 02346789 01 02346789 0234689
0 8 0 1 6 45689 01 01269 01246789 01 0123456789 02468
0 8 0 1 6 9 0 2 01 012 0123456789 02468
0 8 0 1 6 9 0 23 1234 012 0123456789 02468
0 8 0 1 6 9 0 3456 01245678 012 012346789 02468
0 8 0 1 6 9 0 6 2345 012 0123456789 02468
0 8 0 1 6 9 0 67 0125689 012 0123456789 02468
0 8 0 1 6 9 0 7 2346 012 0123456789 02468
0 8 0 1 6 9 0 78 02678 012 0123456789 02468
0 8 0 1 6 9 0 8 234 012 0123456789 02468
0 8 0 1 6 9 01 089 0123456789 012 02345689 02468
0 8 0 1 6 9 1 01 034568 01 0123456789 02468
0 8 0 1 6 9 1 1 01245 012 0123456789 02468
0 8 0 1 6 9 1 1 5678 012 0123456789 02468
0 8 0 1 6 9 1 123 02345689 012 012346789 02468
0 8 0 1 6 9 1 3 6789 012 0123456789 02468
0 8 0 1 6 9 1 345678 012346789 012 012346789 02468
0 8 0 1 6 9 1 89 234678 012 0123456789 02468
0 8 0 1 6 9 12 019 0145689 012 0123456789 02468
0 8 0 1 6 9 2 1 1267 012 0123456789 02468
0 8 0 1 6 9 2 1 789 012 012346789 02468
0 8 0 1 6 9 2 12 04569 012 0123456789 02468
0 8 0 1 6 9 2 2 678 012 0123456789 02468
0 8 0 1 6 9 2 23 0246789 012 0123456789 02468
0 8 0 1 6 9 2 34 0245678 012 0123456789 02468
0 8 0 1 6 9 2 4 7 012 0123456789 02468
0 8 0 1 67 012349 012 0123469 0123456789 02 05 04
0 8 0 1 78 04568 012 0123456789 012456789 0 0 0
0 8 0 1 89 0456789 012 012345679 012456789 0 0 0
0 8 0 1 9 0126 012 0123456789 012345678 0 0 0
0 8 0 12 09 02346789 012 01234569 01234568 01 0123689 0124689
0 8 0 2 012 01245689 012 0123456789 0245678 0 0 0
0 8 0 2 23 0456789 012 0123456789 023456789 01 02 08
0 8 0 2 3 1 0 0 0245678 012 012346789 012345689
0 8 0 2 3 1 0 01 01289 012 0123456789 023456789
0 8 0 2 3 1 0 1 2345 012 0123456789 0234689
0 8 0 2 3 1 0 123 01245689 012 0123456789 0124689
0 8 0 2 3 1 0 345 012346789 01 012346789 023456789
0 8 0 2 3 1 0 567 012346789 012 01234679 024689
0 8 0 2 3 1 01 0789 0123456789 01 012346789 012468
0 8 0 2 3 1 1 01234 0123456789 01 012346 02468
0 8 0 2 3 1 1 56789 0123456789 012 01234569 012468
0 8 0 2 3 1 12 019 0123456789 01 01234689 0124678
0 8 0 2 3 1 2 12345 02346789 012 012369 02456789
0 8 0 2 3 123 012 0123456789 0123456789 0 0 0
0 8 0 2 3 34567 012 0123456789 0123456789 0 0 0
0 8 0 2 3 789 012 0123456789 0123456789 01 02679 0268
0 8 0 2 3 9 01 01236 2468 01 012345689 01245678
0 8 0 2 3 9 1 23 089 012 0123456789 012345689
0 8 0 2 3 9 1 3 012 012 0123456789 0246789
0 8 0 2 3 9 1 3 2 01 0123456789 012346789
0 8 0 2 3 9 1 3 23 012 012346789 01245678
0 8 0 2 3 9 1 3 34 012 0123456789 0246789
0 8 0 2 3 9 1 3 45 012 0123456789 0123468
0 8 0 2 3 9 1 34 056789 012 012346789 0124678
0 8 0 2 3 9 1 4 01234567 012 0123456789 023468
0 8 0 2 3 9 1 45 0789 012 0123456789 024568
0 8 0 2 3 9 1 5 012 012 0123456789 02468
0 8 0 2 3 9 1 56 023456789 012 01234679 024568
0 8 0 2 3 9 1 6 0 01 0123456789 012345689
0 8 0 2 3 9 1 6 01 012 0123456789 012345689
0 8 0 2 3 9 1 6 1 01 0123456789 02346789
0 8 0 2 3 9 1 6 12345 012 0123456789 0234689
0 8 0 2 3 9 1 6 567 012 0123456789 012345689
0 8 0 2 3 9 1 6 7 01 0123456789 0123456789
0 8 0 2 3 9 1 67 012789 012 012345689 02456789
0 8 0 2 3 9 1 78 023456789 01 01234689 0246789
0 8 0 2 3 9 1 89 0126789 012 012346789 012468
0 8 0 2 3 9 1 9 2 012 012456789 012345689
0 8 0 2 3 9 1 9 23 012 0123456789 0124689
0 8 0 2 3 9 1 9 3 12 0123456789 0123456789
0 8 0 2 3 9 1 9 34 012 0123456789 012345689
0 8 0 2 3 9 1 9 45 012 0123456789 02346789
0 8 0 2 3 9 1 9 5 01 0123456789 0123456789
0 8 0 2 3 9 1 9 56 012 0123456789 02345689
0 8 0 2 3 9 1 9 6 01 0123456789 0123456789
0 8 0 2 3 9 1 9 6789 012 0123456789 02468
0 8 0 2 3 9 12 09 0129 012 0123456789 02468
0 8 0 2 3 9 2 0 2346789 012 0123456789 02468
0 8 0 2 3 9 2 1 012 012 0123456789 02468
0 8 0 2 3 9 2 1 2345 012 0123456789 02468
0 8 0 2 3 9 2 1 56789 012 0123456789 02468
0 8 0 2 3 9 2 12 0129 012 0123456789 02468
0 8 0 2 3 9 2 23 02345689 012 0123456789 02468
0 8 0 2 3 9 2 34 012345678 01 0123456789 024568
0 8 0 2 3 9 2 4 3456 012 0123456789 024689
0 8 0 2 3 9 2 45 016789 012 012346789 0234689
0 8 0 2 34 09 012 013456789 0123456789 01 01289 02468
0 8 0 2 4 01 012 012345679 012345678 01 012369 0123468
0 8 0 2 4 1 0 6 567 012 01234569 0245678
0 8 0 2 4 1 0 67 0123456789 012 0123456789 02468
0 8 0 2 4 1 012 0123456789 02345689 012 0123456789 0234568
0 8 0 2 4 12 012 01234569 0123456789 01 01236 02468
0 8 0 2 4 23 012 012346789 012346789 012 0124569 0123468
0 8 0 2 4 34 012 01234679 0123456789 01 0123 02456789
0 8 0 2 4 4 2 0 8 012 0123456789 0123456789
0 8 0 2 4 4 2 0 9 012 0123456789 0123456789
0 8 0 2 4 45 02 0124 01234689 012 0123469 0234689
0 8 0 2 4 5 01 01345689 02345678 01 012346789 02468
0 8 0 2 4 5 1 1 23456 012 012346789 012456789
0 8 0 2 4 5 1 1 67 01 0123456789 0123456789
0 8 0 2 4 5 1 12 01789 012 012345679 012345678
0 8 0 2 4 56 012 01234679 01234689 012 012689 012346789
0 8 0 2 4 6 01 12346789 0123456789 01 02346 023468
0 8 0 2 4 67 02 012345689 0123456789 01 0234679 012468
0 8 0 2 4 7 1 1234 0123689 01 01234689 0245678
0 8 0 2 4 7 1 45 0123456789 012 012345689 02468
0 8 0 2 4 78 012 0123456789 012346789 01 012346789 02468
0 8 0 2 4 89 012 0123456789 0123456789 0 0 0
0 8 0 2 4 9 12 01456789 0124689 012 01234569 0124689
0 8 0 2 45 09 02 0123468 0123456789 012 01234569 0124678
0 8 0 2 5 0 01 01246789 0123456789 01 01236 0124689
0 8 0 2 5 01 012 012345689 012456789 012 02349 0248
0 8 0 2 5 1 1 678 023456789 01 0123456789 02468
0 8 0 2 5 1 1 8 23456 012 0123456789 02468
0 8 0 2 5 1 1 8 678 012 0123456789 02468
0 8 0 2 5 1 1 8 89 012 0123456789 02468
0 8 0 2 5 12 012 012346789 02456789 012 0123469 023468
0 8 0 2 5 23 012 0123456789 01245689 0 0123456789 02468
0 8 0 2 5 3 0 9 67 012 0123456789 023456789
0 8 0 2 5 3 01 09 012789 012 012346789 0234568
0 8 0 2 5 3 1 01 01234568 01 0123456789 024689
0 8 0 2 5 3 1 1 67 012 0123456789 02468
0 8 0 2 5 3 1 1 789 012 0123456789 012468
0 8 0 2 5 3 1 12 09 012 0123456789 0246789
0 8 0 2 5 3 1 2 0123456 012 0123456789 02468
0 8 0 2 5 34 012 0123456789 0123456789 0 0 0
0 8 0 2 5 45 02 01234 0124689 012 01234569 012345678
0 8 0 2 5 5 0 1 4 012 0123456789 0123456789
0 8 0 2 5 5 0 1 45 012 0123456789 0123456789
0 8 0 2 5 5 0 134 0123456789 012 0123456789 024678
0 8 01 02 05 05 012 012456789 01246789 01 026 048
0 8 1 0 0 012 012 01234569 0123456789 0 0 0
0 8 1 0 0 2 01 0123456 0123456789 01 0126789 02468
0 8 1 0 0 234 012 012456789 012456789 01 01236 02468
0 8 1 0 0 456 01 0123456789 012456789 0 0 0
0 8 1 0 0 67 012 0123456789 012456789 01 026789 02468
0 8 1 0 0 89 012 01234569 02345678 0 0 0
0 8 1 0 01 0129 01 0123456789 023456789 0 0 0
0 8 1 0 1 23 01 0123456789 0123456789 0 0 0
0 8 1 0 1 345 012 0123456789 012456789 0 0 0
0 8 1 0 1 56 02 0123456 012346789 01 0236 0248
0 8 1 0 1 6 01 0123489 012468 0 0123456789 0123456789
0 8 1 0 1 6 1 4 4 01 0123456789 0123456789
0 8 1 0 1 6 1 45 02345689 012 01234689 0123456789
0 8 1 0 1 67 012 0123456789 0123456789 01 01236 024689
0 8 1 0 1 7 012 0123456789 0123456789 01 02456 024568
0 8 1 0 1 7 2 2 45689 01 01234679 0123456789
0 8 1 0 1 7 2 234 01245689 012 023456789 0123456789
0 8 1 0 1 78 02 01345 012456789 01 01236789 012345689
0 8 1 0 1 89 012 012345679 012345689 01 0123469 02468
0 8 1 0 1 9 01 09 0123456789 012 012346789 0124678
0 8 1 0 1 9 12 01234679 0123456789 01 0234569 0124568
0 8 1 0 12 09 02 01234567 012345678 01 026789 024568
0 8 1 0 2 01 012 012346789 0123456789 01 01236 02468
0 8 1 0 2 12 012 012346789 0123456789 01 01236 0245678
0 8 1 0 2 23 012 012345679 0123456789 0 0 0
0 8 1 0 2 34 012 0123456789 0123456789 0 0 0
0 8 1 0 2 45 012 012346789 012345689 01 02 08
0 8 1 0 2 56 012 0123456789 02346789 012 012456789 024568
0 8 1 0 2 67 02 01234678 012456789 012 012346789 02468
0 8 1 0 2 7 012 012346789 01234689 012 0123469 024689
0 8 1 0 2 78 02 0145 0123456789 012 023456789 02468
0 8 1 0 2 8 0 1 6789 01 0123456789 0123456789
0 8 1 0 2 89 012 012345689 023456789 0 0 0
0 8 1 0 23 09 012 0123456789 0123456789 01 02346 0248
0 8 1 0 3 01 012 0123456789 0123456789 01 02689 0468
0 8 1 0 3 1 012 01234689 023456789 01 02345689 024678
0 8 1 0 34 012 02 012345 012345678 012 0234569 0245678
0 8 1 0 45 245678 012 01234569 023468 01 023456789 024568
0 8 1 0 5 2 1 67 0678 01 012345679 012345678
0 8 1 0 5 2 1 7 0126789 01 0123456789 0124689
0 8 1 0 5 2 1 7 9 12 0123456789 0123456789
0 8 1 0 5 2 1 78 0234569 012 0123456789 012456789
0 8 1 0 5 2 1 8 6 012 0123456789 0123456789
0 8 1 0 5 2 1 8 67 012 0123456789 0124689
0 8 1 0 5 2 1 8 78 012 0123456789 02345678
0 8 1 0 5 2 1 8 8 01 0123456789 023456789
0 8 1 0 5 2 1 89 012689 012 012345689 0123456789
0 8 1 0 5678 01234689 012 0123469 012346789 01 01236 02468
0 8 1 0 8 1245678 01 0123456789 0123456789 0 0 0
0 8 1 0 8 89 012 012346789 01246789 01 01234569 02468
0 8 1 0 89 09 012 012346789 012456789 012 02459 02458
0 8 1 0 9 0 012 012346789 0123456789 0 0 0
0 8 1 0 9 01 012 012346789 0124678 012 0123689 023456789
0 8 1 0 9 1 1 7 0123 01 0123456789 012346789
0 8 1 0 9 12 012 012345789 023456789 012 012346789 02468
0 8 1 0 9 2 01 12346789 012345678 012 0234679 0234568
0 8 1 0 9 23 012 012346789 023456789 01 01236789 01245689
0 8 1 0 9 34 012 0123489 0123456789 01 02345689 02468
0 8 1 0 9 4 0 3456 0123456789 012 01234569 01234678
0 8 1 0 9 4 012 01245679 012346789 01 023456789 024568
0 8 1 0 9 45 02 01234 02345689 01 0123456789 02456789
0 8 1 0 9 5 0 0 23489 012 0123456789 012346789
0 8 1 0 9 5 0 0 9 01 0123456789 02456789
0 8 1 0 9 5 0 01 012459 012 012345679 012345689
0 8 1 0 9 5 0 134 01256 012 012345789 0123456789
0 8 1 0 9 5 012 0123456789 023456789 01 0256 012468
0 8 1 01 1269 01245678 012 0123456789 012345689 0 0 0
0 8 1 1 6 12 012 012345689 0123456789 01 029 028
0 8 1 1 6 2 12 01249 0123456789 012 026789 02468
0 8 1 1 6 23467 012 012346789 012345689 0 01236 012468
0 8 1 1 6 78 01 012345678 0123456789 01 0236 0248
0 8 1 1 67 0189 012 0123456789 0123456789 01 0269 028
0 8 1 1 7 1 0 567 012346789 012 01234679 0234678
0 8 1 1 7 1 01 0789 0123456789 012 0123459 0245678
0 8 1 1 7 12 01 0123456 012456789 012 012346789 023468
0 8 1 1 7 23 01 012346789 0123456789 01 01236 024678
0 8 1 1 7 3 0 468 01234678 012 012346789 02345689
0 8 1 1 7 3 01 089 0245689 012 0123456789 0234568
0 8 1 1 7 3 1 0 6 012 0123456789 02345678
0 8 1 1 7 3 1 0 678 012 0234567 0123456789
0 8 1 1 7 3 1 0 89 012 012346789 0123456789
0 8 1 1 7 34 01 0126 01245689 012 012345679 023468
0 8 1 1 7 45678 012 0123456789 012345678 0 0 0
0 8 1 1 8 0 01 012346789 023456789 01 023469 0234568
0 8 1 1 8 0 12 012345679 0123456789 0 0 0
0 8 1 1 8 01 02 012345678 0123456789 0 0 0
0 8 1 1 8 1 01 012345689 0123456789 01 0234679 0246789
0 8 1 1 8 1 12 02346789 012345678 0 0136 0245678
0 8 1 1 8 12456789 012 012345679 0123456789 01 023456 02468
0 8 1 1 9 0123456 012 01234569 0124568 012 01234569 01234568
0 8 1 1 9 6789 012 0126789 0123456789 02 012 02468
0 8 1 1 9 9 01 012345689 0123456789 0 0 0
0 8 1 1 9 9 12 0123456789 0123456789 0 0 0
0 8 1 12 09 09 012 0123456789 012346789 0 0 0
0 8 1 2 0 01 02 0123468 0123456789 01 0123456789 012346789
0 8 1 2 0 1 0 89 01234678 012 0123456789 01245678
0 8 1 2 0 1 01 012469 0234568 01 012345689 0123456789
0 8 1 2 0 123489 012 023456789 0123456789 01 01236 0234568
0 8 1 2 0 9 1 6 1 0 0123456789 0123456789
0 8 1 2 0 9 1 6 1 012 012346789 0123456789
0 8 1 2 01 019 012 0246789 012345689 012 0123459 0123456789
0 8 1 2 1 1 01 123456789 012345689 012 02689 02468
0 8 1 2 1 12 012 012459 012345689 01 01236789 0123468
0 8 1 2 12 0123456789 012 012345679 0124689 012 029 024678
0 8 1 2 2 2346 012 0123456789 01234689 0 0 0
0 8 1 2 2 678 02 046789 012346789 01 0123456789 01245678
0 8 1 2 234 0289 01 01236789 01245689 01 01234569 024678
0 8 1 2 45 0289 012 012346789 0123456789 01 023456 02468
0 8 1 2 5 23 012 0123456789 0234689 01 012345679 02468
0 8 12 02 015 03456 012 012456789 012346789 01 0123689 02468
0 8 2 0 2 01 0 01234567 0123456789 0 0 0
0 8 2 0 2 1 01 0123789 0123456789 0 0 0
0 8 2 0 2 1 1 4567 0123456789 01 01236789 012468
0 8 2 0 2 1 12 0123789 0123456789 0 0 0
0 8 2 0 2 12 02 012345 0123456789 0 0 0
0 8 2 0 2 2 0 34567 0123456789 01 01236 02468
0 8 2 0 2 2 01 012345789 0123456789 0 0 0
0 8 2 0 2 2 12 0156789 0123456789 0 0 0
0 8 2 0 2 23 02 012345 0123456789 0 0 0
0 8 2 0 2 3 0 1234567 0123456789 0 0 0
0 8 2 0 2 3 01 123456789 0123456789 0 0 0
0 8 2 0 2 3 12 012789 0123456789 0 0 0
0 8 2 0 2 34 02 012345 0123456789 0 0 0
0 8 2 0 2 4 0 2345678 0123456789 0 0 0
0 8 2 0 2 4 01 012345689 0123456789 0 0 0
0 8 2 0 2 4 12 0123789 0123456789 0 0 0
0 8 2 0 2 45 02 012345 0123456789 0 0 0
0 8 2 0 2 5 01 012345689 0123456789 01 01236 024678
0 8 2 0 2 5 12 01456789 0123456789 0 0 0
0 8 2 0 2 56 02 01234567 0123456789 0 0 0
0 8 2 0 2 6 01 012789 0123456789 0 0 0
0 8 2 0 2 6 1 234 0123456789 01 012345689 012345678
0 8 2 0 2 6 12 0145679 0123456789 01 02 08
0 8 2 0 2 67 02 012345 0123456789 0 0 0
0 8 2 0 2 7 01 01234689 0123456789 0 0 0
0 8 2 0 2 7 12 01346789 0123456789 012 02459 01248
0 8 2 0 2 789 02 012345 0123456789 0 0 0
0 8 2 0 2 9 0 01234567 0123456789 0 0 0
0 8 2 0 2 9 01 0123489 0123456789 0 0 0
0 8 2 0 2 9 12 0123456789 0123456789 01 01236 012468
0 8 2 0 23 02689 02 01345 0123456789 01 012346789 02468
0 8 2 0 3 8 0 123456 0123456789 012 012346789 02468
0 8 2 0 3 8 0 6789 012345678 012 01234689 02345689
0 8 2 0 3 8 01 01239 0123456789 01 02345689 0246789
0 8 2 0 3 8 12 0123456789 0123456789 0 06 04
0 8 2 0 3 89 012 056789 0123456789 012 0123456789 024568
0 8 2 0 3 9 1 012345 0123456789 012 0123469 02468
0 8 2 0 3 9 1 5678 012345678 012 0123689 01245689
0 8 2 0 34 09 012 01234589 0123456789 02 034 02689
0 8 2 0 4 01 01 023456 0123456789 01 01236 012468
0 8 2 0 4 1 0 0123456 0123456789 01 0123469 02468
0 8 2 0 4 1 01 0123456789 0123456789 0 0 0
0 8 2 0 4 1 12 0123789 0123456789 012 0123469 0234678
0 8 2 0 467 0124678 012 0234569 0123456789 01 024569 024568
0 8 2 0 789 0245678 012 012346789 012346789 0 0 0
0 8 2 0 9 67 012 0234569 012456789 012 0123469 02345678
0 8 2 0 9 78 012 0246789 012345678 01 0123469 012468
0 8 2 0 9 8 1 9 3456 012 012346789 0245689
0 8 2 0 9 8 12 029 046789 012 01234679 01234678
0 8 2 0 9 89 02 0234 0123456789 01 0123679 01234678
0 8 2 0 9 9 0 0 23467 012 01236789 0123456789
0 8 2 0 9 9 0 01 01789 012 012345679 0123456789
0 8 2 0 9 9 0 1 1234 012 012346789 012345689
0 8 2 0 9 9 0 12 016789 012 0123456789 012345678
0 8 2 0 9 9 0 2 123 012 01234569 02456789
0 8 2 0 9 9 0 23 0123489 012 0123456789 012346789
0 8 2 0 9 9 0 34 01245689 012 01234689 0123456789
0 8 2 0 9 9 0 45 012348 01 0123456789 012456789
0 8 2 0 9 9 0 5 4678 012 0123456789 0245678
0 8 2 01 09 09 012 01234569 01245689 012 012345689 01234689
0 8 2 1 0 012 01 01236789 0123456789 01 01236 01234689
0 8 2 1 0 2 0 2 9 01 0123456789 0123456789
0 8 2 1 0 2 0 2 9 12 0123456789 0123456789
0 8 2 1 0 2 01 01236789 0123456789 02 0345 02456789
0 8 2 1 0 2348 012 0126789 0123456789 0 0 0
0 8 2 1 01 01289 01 01236789 012346789 01 01234569 024678
0 8 2 1 1 2 12 0126789 012345689 012 0234569 024568
0 8 2 1 1 234 012 01234569 01234568 01 02346789 0124678
0 8 2 1 1 45 012 012346789 0123456789 01 02689 0468
0 8 2 1 1 5 012 01234569 0123456789 012 02469 0234568
0 8 2 1 1 56 012 0234569 0123468 01 0123456789 012456789
0 8 2 1 1 67 012 0234569 0123456789 01 01234569 0123468
0 8 2 1 1 78 012 0123456789 0123456789 01 026789 02468
0 8 2 1 1 8 0 1236789 0123456789 012 01234679 023468
0 8 2 1 1 8 012 234569 0123456789 01 02456789 0245678
0 8 2 1 1 89 012 012346789 0123456789 0 0 0
0 8 2 1 1 9 2 12345 0245678 012 01234679 01234689
0 8 2 1 12 0239 012 0235 02345678 012 012345679 02468
0 8 2 1 2 3 1 34 01245678 012 0123469 012468
0 8 2 1 2 3 1 45 01234589 012 0123469 02468
0 8 2 1 2 3 1 56 0156789 012 0123469 02468
0 8 2 1 2 3 1 67 0123456789 012 0123469 02468
0 8 2 1 2 3 1 7 1234567 012 01234569 02468
0 8 2 1 2 3 1 789 01234789 012 01234569 02468
0 8 2 1 2 3 12 02459 012345689 012 0123469 02468
0 8 2 1 2 3489 012 01234567 0123456789 012 0234679 02468
0 8 2 1 2 9 0 8 0 012 0123456789 0124689
0 8 2 1 2 9 0 8 01 02 012345678 01245689
0 8 2 1 2 9 0 8 1 012 0123456789 0234689
0 8 2 1 2 9 0 8 12 012 0123456789 02345678
0 8 2 1 2 9 0 8 23 012 0123456789 0123456789
0 8 2 1 2 9 0 8 3 012 0123456789 012345689
0 8 2 1 2 9 0 8 34 012 0123456789 02345689
0 8 2 1 2 9 0 8 4 12 0123456789 012456789
0 8 2 1 2 9 0 8 45 012 0123456789 0123456789
0 8 2 1 2 9 0 8 56 012 0123456789 023456789
0 8 2 1 2 9 0 8 6 01 0123456789 012345678
0 8 2 1 2 9 0 8 67 012 0123456789 01234689
0 8 2 1 2 9 01 2389 23678 012 0123456789 0124689
0 8 2 1 23 0129 012 0123456789 0234689 0 0 0
0 8 2 1 3 23456 012 012345679 02346789 0 0 0
0 8 2 1 3 678 012 023456789 012346789 0 0 0
0 8 2 1 3 8 01 0123789 012456789 012 01234689 02468
0 8 2 1 3 89 012 023456789 012345678 012 0249 0248
0 8 2 1 34 09 012 0123456789 0123456789 0 0 0
0 8 2 1 4 01 01 023456789 0123456789 0 0 0
0 8 2 1 4 12 01 02345679 012345689 012 0123469 024689
0 8 2 1 4 2345 012 0123456789 02345678 0 0 0
0 8 2 1 4 56 012 012346789 012345678 0 0 0
0 8 2 1 4 67 012 01236789 0123456789 0 0 0
0 8 2 1 4 78 012 01234569 012345689 01 0123456789 0124678
0 8 2 1 4 89 012 0123679 0246789 012 01234569 01234568
0 8 2 1 45 09 012 02456789 01234689 012 01234569 01245689
0 8 2 1 5 0 0 01 0126789 012 0123456789 024678
0 8 2 1 5 0 0 1234569 012346789 01 0123456789 02468
0 8 2 1 5 0 12 01234569 0123456789 0 0134678 024678
0 8 2 1 5 0 2 2345 012678 01 012346789 0124689
0 8 2 1 5 012 012 01234569 0123456789 0 0 0
0 8 2 1 5 2 01 056789 0123456789 012 02456789 024568
0 8 2 1 5 2 12 012346789 0123456789 0 0 0
0 8 2 1 5 23 02 012345 0123456789 012 0234569 02458
0 8 2 1 5 3 01 013456789 0123456789 0 0 0
0 8 2 1 5 3 1 12345 0123456789 012 0126789 024678
0 8 2 1 5 3 12 012356789 0123456789 012 02689 02468
0 8 2 1 5 3468 012 012345689 0123456789 012 0129 02468
0 8 2 1 56 089 012 012345689 0123456789 0 0 0
0 8 2 1 6 012 012 0123456789 0123456789 0 0 0
0 8 2 1 6 23 012 0123456789 0123456789 0 0 0
0 8 2 1 6 3 012 012346789 0123456789 012 012459 0234568
0 8 2 1 6 345 02 02345 01246789 012 0123456789 02345678
0 8 2 1 6 5 01 0123456789 012345689 01 024569 0246789
0 8 2 1 6 567 012 012346789 01245678 01 01269 023468
0 8 2 1 67 012345678 01 0123459 012456789 01 02689 0124689
0 8 2 1 7 7 01 0123456789 0123456789 0 0 0
0 8 2 1 7 78 012 0123459 0123456789 01 01234569 0234568
0 8 2 1 7 8 0 3 23 012 012346789 0123456789
0 8 2 1 7 8 01 23456 02346789 012 012345679 012345689
0 8 2 1 78 089 012 012345679 02346789 01 0123469 02346789
0 8 2 1 89 0124 01 0123456789 0123456789 0 0 0
0 8 2 1 9 234 012 023456789 0123456789 01 02679 02689
0 8 2 1 9 45 012 01234569 0123456789 0 01 0248
0 8 2 1 9 5 01 26789 0245678 01 012346789 012456789
0 8 2 1 9 56 012 01236789 0123456789 012 02346789 024678
0 8 2 1 9 67 012 023456789 02346789 012 0123469 02468
0 8 2 1 9 7 01 2789 023456789 012 01234569 01245678
0 8 2 1 9 7 1 23 024689 012 0123456789 023456789
0 8 2 1 9 7 1 3456 023456789 012 0123469 01234568
0 8 2 1 9 7 1 6 345678 012 0123456789 0245689
0 8 2 1 9 78 012 012346789 02345689 01 01234569 024678
0 8 2 1 9 89 012 01234569 012345689 012 029 024568
0 8 2 1 9 9 12 03456789 0123456789 012 0123469 02468
0 8 2 12 09 09 012 0123456789 012346789 01 02346 0245678
0 8 2 2 0 012 012 0123456789 0123456789 012 029 024689
0 8 2 2 0 2345 012 0123456 0123456789 0 0 0
0 8 2 2 0 56 012 01236789 0123456789 0 0 0
0 8 2 2 0 678 012 012345679 0123456789 01 01236 02468
0 8 2 2 0 89 012 01234569 0123456789 0 0678 01248
0 8 2 2 01 012349 012 012346789 0245678 01 029 068
0 8 2 2 1 4 01 0789 012346789 012 0123456789 02346789
0 8 2 2 1 45 012 012346789 012345678 012 02456789 0124678
0 8 2 2 12 0156789 01 0123456789 012345678 012 01249 012468
0 8 2 2 2 1 01 25679 012345689 01 012345689 012345678
0 8 2 2 2 12 01 0123456789 012345678 012 0129 0124678
0 8 23 02 02 0234 012 0123456789 0123456789 0 0 0
0 8 3 0 0136 234678 01 023456789 0123456789 0 0 0
0 8 3 0 67 089 012 0123456789 0123456789 0 0 0
0 8 3 0 78 01268 01 01269 0234568 01 0123469 012345689
0 8 3 0 8 8 0 01 0123489 012 012345689 012346789
0 8 3 0 8 8 0 12 0234689 012 01234569 012345678
0 8 3 0 89 026789 012 01234569 01234689 02 012 012345678
0 8 3 0 9 7 0 2 1 01 0123456789 0123456789
0 8 3 0 9 7 0 2 1 12 0123456789 023456789
0 8 3 0 9 7 0 2345678 0123456789 02 01345 012345678
0 8 3 0 9 7 0 8 8 01 0123456789 0123456789
0 8 3 0 9 7 0 8 8 12 0123456789 0123456789
0 8 3 0 9 7 0 89 089 012 0123456789 0123456789
0 8 3 0 9 7 0 9 012345 01 01234569 012345678
0 8 3 0 9 78 01 01234689 023456789 012 012345689 0124568
0 8 3 01 09 0189 012 0123456789 02346789 01 02369 02468
0 8 3 1 01 012348 01 01234679 012345678 01 026789 0245689
0 8 3 1 1 126 012 0123456789 01234689 01 02 08
0 8 3 1 1 678 012 012345679 0123456789 01 02 08
0 8 3 1 12 04589 012 012346789 0123456789 0 0 0
0 8 3 1 2 56 01 0123469 0246789 01 01236789 0245678
0 8 3 1 2 6 0 234 01234 012 0123456789 012346789
0 8 3 1 2 6 0 45 012345678 012 02456789 0245678
0 8 3 1 2 6 012 2456789 012346789 012 0123469 0124568
0 8 3 1 23 012345678 012 0123456789 012346789 0 0 0
0 8 3 1 3 6 01 0123459 02345678 01 012346789 02468
0 8 3 1 3 6 12 0123456789 0123456789 012 023456789 02468
0 8 3 1 3 67 02 012345678 012345678 012 0123456789 02468
0 8 3 1 3 7 01 0123456789 0123456789 01 012346 02468
0 8 3 1 3 7 12 0129 01234689 01 0123456789 02468
0 8 3 1 3 789 012 01234569 0123456789 0 0 0
0 8 3 1 34 09 012 012346789 012456789 0 01 0189
0 8 3 1 4 0 0 01 01234678 012 0123469 01234689
0 8 3 1 4 0 0 1234689 01234689 012 0123469 02346789
0 8 3 1 4 01 01 0123679 0124568 012 012345679 01234678
0 8 3 1 4 12 012 0123456789 01234689 01 029 028
0 8 3 1 4 23 012 0123456789 0123456789 0 0 0
0 8 3 1 4 345 012 0123456789 01234568 01 01234568 0124689
0 8 3 1 4 5 0 0 012345 012 023456789 02345689
0 8 3 1 4 5 0 0 5678 012 012456789 0123456789
0 8 3 1 4 5 0 01 0189 012 0123456789 02345678
0 8 3 1 4 5 0 1 23456 01 012456789 012345678
0 8 3 1 4 5 0 12 06789 012 0123456789 0123456789
0 8 3 1 4 5 0 2 01234 01 0123456789 0123456789
0 8 3 1 4 5 0 23 04568 012 0123456789 012456789
0 8 3 1 4 5 0 3 01234568 012 01236789 02456789
0 8 3 1 4 5 0 34 0189 012 012346789 012345678
0 8 3 1 4 5 0 4 12346 012 0123456789 01245689
0 8 3 1 4 5 0 4 678 01 012345689 0123456789
0 8 3 1 4 5 0 45 0189 012 0124569 012346789
0 8 3 1 4 5 0 5 23456 012 012345689 01246789
0 8 3 1 4 5 0 5 678 012 012346789 01234568
0 8 3 1 4 5 0 56 0189 01 0123456789 01246789
0 8 3 1 4 56 01 0269 012345678 012 02345689 012456789
0 8 3 1 4 67 01 012346789 0123456789 0 0 0
0 8 3 1 4 7 012 01245679 012345689 012 02346789 0234568
0 8 3 1 45 0789 012 01234569 012345678 0 0 0
0 8 3 1 5 01 012 0123456789 012456789 0 0 0
0 8 3 1 56 01245689 012 0129 0246789 012 0123469 024689
0 8 3 1 6 567 012 012346789 02456789 012 012469 024568
0 8 3 1 6 7 0 34 0789 01 023456789 0123456789
0 8 3 1 6 7 0 45 0123458 01 012345689 0234689
0 8 3 1 6 7 0 5 56 012 012345679 0123456789
0 8 3 1 6 7 0 56 0236789 012 0123456789 023456789
0 8 3 1 6 7 01 26789 02345678 012 0123456789 0123456789
0 8 3 1 6 789 012 0123456789 012345678 0 01 068
0 8 3 1 6 9 01 016789 023456789 01 0123469 02345689
0 8 3 1 6 9 12 0129 02468 01 01236789 0123456789
0 8 3 1 67 09 012 012346 012456789 012 02456789 0124689
0 8 3 1 7 01 012 0123456789 0123456789 01 012346 02468
0 8 3 1 7 12 02 012345 01234678 012 0123456789 02468
0 8 3 1 7 2 012 23456789 0123456789 01 0245 0248
0 8 3 1 7 2345 012 01234569 0123456789 01 0569 02456
0 8 3 1 7 5678 012 0234679 012345678 01 012689 0234689
0 8 3 1 78 0189 012 023456789 012345689 012 0123469 024678
0 8 3 1 89 01246789 012 0123456789 024568 0 0 0
0 8 3 12 09 02389 012 0123456789 02346789 01 02 08
0 8 3 2 01 012346789 01 0123456789 0246789 012 02689 02468
0 8 3 2 1 234567 012 0123456789 0124689 0 0 0
0 8 3 2 1 7 012 01236789 012346789 01 0123469 0124678
0 8 3 2 1 78 02 0345 0123468 01 0123456789 0123456789
0 8 3 2 1 89 012 0123469 0123456789 01 01234689 024689
0 8 3 2 12 019 012 012345679 0123456789 0 0 0
0 8 3 2 2 12 012 0123456789 01234568 01 012346 02468
0 8 3 2 2 23 012 01236789 0123456789 0 0 0
0 8 3 2 2 3 01 234569 0123456789 0 0 0
0 8 3 2 2 34568 012 02345689 0123456789 0 0136789 02468
0 8 3 2 2 89 01 01234569 0123456789 01 02 08
0 8 3 2 23 09 012 01234789 0123456789 0 0 0
0 8 3 2 3 01 01 02345689 012456789 01 012456789 024689
0 8 3 2 3 1 12 01456789 0123456789 012 026789 0123468
0 8 3 2 3 1 2 123 0123456789 012 012345679 0245689
0 8 3 2 3 123456789 012 012345679 02456789 01 0245679 02468
0 8 3 2 34 019 012 023456789 012456789 01 01269 0234568
0 8 3 2 4 1 1 3 0123468 012 012346789 02345678
0 8 3 2 4 1 1 34 0234589 012 01234569 0123456789
0 8 3 2 4 1 1 45 023456789 01 01234569 012345689
0 8 3 2 4 1 1 56 0456789 012 01234569 012345689
0 8 3 2 4 1 1 67 012389 012 023456789 023456789
0 8 3 2 4 1 1 7 3456 012 012345679 012346789
0 8 3 2 4 1 1 78 0456789 012 02456789 023456789
0 8 3 2 4 1 1 89 01236789 012 01234569 012345678
0 8 3 2 4 1 12 09 0346789 012 012346789 0124568
0 8 3 2 4 1 2 01 245678 012 01234569 012346789
0 8 3 2 4 1 2 1 23467 012 01234569 012456789
0 8 3 2 4 1 2 12 012789 012 0126789 0234568
0 8 3 2 4 1 2 2 3456 012 01236789 024689
0 8 3 2 4 1 2 23 06789 012 0123456789 02468
0 8 3 2 4 1 2 3 01234 012 0123456789 0245689
0 8 3 2 4 1 2 3 4567 012 0123456789 024678
0 8 3 2 4 123 012 0123469 012346789 01 023456 0124689
0 8 3 2 4 345 01 0123456789 0124689 01 01236 02468
0 8 34 02 04 015678 01 02346789 01245678 01 01236789 0124689
0 8 4 0 0 1 012 01245689 02346789 012 012346789 024568
0 8 4 0 0 12 02 01234 02456789 012 012345689 0123468
0 8 4 0 0 2 0 45678 012345689 012 0123469 01246789
0 8 4 0 0 2348 012 0123456789 0246789 01 02 08
0 8 4 0 01 0123489 012 01234569 012345678 012 01236789 02468
0 8 4 0 1 4 0 12 0178 012 012346789 02468
0 8 4 0 1 4 0 2 123 012 0123456789 02468
0 8 4 0 1 4 0 2 345 012 0123456789 02468
0 8 4 0 1 4 0 2 567 012 0123456789 02468
0 8 4 0 1 4 0 23 234678 012 0123456789 02468
0 8 4 0 1 4 0 34 089 012 0123456789 02468
0 8 4 0 1 4 0 456 01245678 01 012345689 0124568
0 8 4 0 1 4 0 6 123 012 0123456789 02468
0 8 4 0 1 4 0 67 01234678 012 0123456789 02468
0 8 4 0 1 4 0 7 34 012 0123456789 02468
0 8 4 0 1 4 0 789 045678 012 0123456789 02468
0 8 4 0 1 4 1 0124567 012346789 012 012346789 023468
0 8 4 0 1 4 1 78 124567 012 0123456789 02468
0 8 4 0 1 4 12 0123489 0123456789 012 01234569 02468
0 8 4 0 1 4 2 45 09 012 0123456789 02468
0 8 4 0 1 45 02 034567 012345678 012 01234679 02468
0 8 4 0 1 56 012 02346789 012468 01 023456789 023456789
0 8 4 0 1 6 0 0 12456 01 0123456789 0123468
0 8 4 0 1 6 0 0 67 012 0123456789 0123456789
0 8 4 0 1 6 0 0 7 01 0123456789 01234568
0 8 4 0 1 6 0 0 78 012 0123456789 012468
0 8 4 0 1 6 0 0 89 012 0123456789 02456789
0 8 4 0 1 6 0 0 9 01 012345689 02345689
0 8 4 0 1 6 0 01 09 012 0123456789 02456789
0 8 4 0 1 6 0 1 01 012 01234569 0245678
0 8 4 0 1 6 0 1 1 012 0123456789 01234568
0 8 4 0 1 6 0 1 123 012 0123456789 012456789
0 8 4 0 1 6 0 1 3 012 0123456789 02456789
0 8 4 0 1 6 0 123 012345678 012 0123456789 0234568
0 8 4 0 1 6 01 269 0123468 012 0123456789 02468
0 8 4 0 1 6 1 67 0456789 012 0123456789 02468
0 8 4 0 1 6 1 7 01234678 012 0123456789 02468
0 8 4 0 1 6 1 7 89 012 0123456789 02468
0 8 4 0 1 6 1 78 09 012 0123456789 02468
0 8 4 0 1 6 1 8 01 012 0123456789 02468
0 8 4 0 1 6 1 8 12 012 0123456789 02468
0 8 4 0 1 6 1 8 23 012 0123456789 02468
0 8 4 0 1 6 1 8 345 012 012345689 02468
0 8 4 0 1 6 1 8 56 012 0123456789 02468
0 8 4 0 1 6 1 8 67 012 0123456789 02468
0 8 4 0 1 6 1 89 02789 012 0123456789 024689
0 8 4 0 1 67 012 023456789 0123456789 01 0256 012468
0 8 4 0 1 789 012 012345689 023456789 0 0 0
0 8 4 0 12 09 012 01234569 01234568 012 0123469 02346789
0 8 4 0 2 01 012 0123456789 0123456789 0 0 0
0 8 4 0 2 1 012 0123456789 0123456789 0 0 0
0 8 4 0 2 23 012 0123456789 012456789 0 0 0
0 8 4 0 23 234 012 0124569 0123456789 01 026789 02468
0 8 4 0 3 2 0 234567 0123456789 012 0234679 02468
0 8 4 0 3 2 01 01789 0123456789 012 02346789 024689
0 8 4 0 3 2 1 1234567 0123456789 01 02679 0124568
0 8 4 0 3 23 012 012345789 0123456789 0 0136 012468
0 8 4 0 3 3 0 012345 0123456789 01 01236 0234568
0 8 4 0 3 3 012 02569 0123456789 01 01234679 0124568
0 8 4 0 3 3 2 1 01234 012 0123456789 01234568
0 8 4 0 3 3 2 1234 012345678 01 01234569 01245678
0 8 4 0 3 3456 012 012346789 0123456789 01 026789 0234689
0 8 4 0 3 67 012 0123456789 0123456789 0 0 0
0 8 4 0 3 7 0 012345678 0123456789 0 01 06
0 8 4 0 3 7 01 012345689 0123456789 01 0236 0248
0 8 4 0 3 78 012 0123456789 0123456789 0 0 0
0 8 4 0 3 89 012 012345679 0123456789 012 012369 02468
0 8 4 0 3 9 1 12345 0123456789 012 012346789 0245689
0 8 4 0 34 09 012 0123456789 012456789 0 0 0
0 8 4 0 4 01 02 0123468 0245678 012 01234569 012468
0 8 4 0 4 1 01 089 023456789 012 01234569 0124689
0 8 4 0 4 12 01 01236789 0123456789 012 0234569 012468
0 8 4 0 4 23456 01 0123456789 012345678 0 0 0
0 8 4 0 4 6 1 23456789 0123456789 0 0 0
0 8 4 0 4 67 012 012349 0123456789 0 0 0
0 8 4 0 45 01789 012 0123456789 0123456789 0 0 0
0 8 4 0 5 123 012 023456789 0123456789 0 0 0
0 8 4 0 5 34 012 0123489 012345678 0 0 0
0 8 4 0 5 4 01 0134569 0123456789 012 012349 0234689
0 8 4 0 5 45 012 012456789 012345689 0 0 0
0 8 4 0 567 2456 01 0123469 0123456789 0 0 0
0 8 4 0 7 5 012 012456789 0123456789 0 0 0
0 8 4 01 01789 01245689 012 01234569 012456789 0 0 0
0 8 4 1 1 6 0 12345 023456789 012 012346789 02346789
0 8 4 1 1 6 01 2356789 0234568 02 01234567 0123456789
0 8 4 1 1 6 1 3 0 012 012456789 0123456789
0 8 4 1 1 6 1 3 0123 012 0123456789 0123456789
0 8 4 1 1 6 1 3 34 012 0123456789 012345678
0 8 4 1 1 6 1 3 45 012 01234569 0123456789
0 8 4 1 1 6 1 3 56 012 0123456789 0123456789
0 8 4 1 1 6 1 3 678 012 012346789 0123456789
0 8 4 1 1 6 1 34 089 012 012346789 0123456789
0 8 4 1 1 6 1 45678 01245678 012 01234569 012345689
0 8 4 1 1 6 1 9 0126 01 012346789 012345678
0 8 4 1 1 6 1 9 67 012 0123456789 0123456789
0 8 4 1 1 6 1 9 7 012 0123456789 0123456789
0 8 4 1 1 6 12 09 0123789 012 023456789 0123456789
0 8 4 1 1 6 2 0123 012345689 012 01234569 0123456789
0 8 4 1 126 045678 012 01234569 01234689 012 023469 012489
0 8 4 12 0679 02568 01 01236789 0123456789 01 01236 02468
0 8 4 2 0 01 012 01234569 01245678 012 02469 0248
0 8 4 2 0 1234 012 0123456789 012346789 02 012 046
0 8 4 2 0 5 0 03678 0123456789 01 01236 012468
0 8 4 2 0 5 012 0126789 012346789 01 01236 02468
0 8 4 2 0 67 01 012369 0123456789 012 0123469 0124678
0 8 4 2 0 7 12 0129 012346789 012 0123456789 0124568
0 8 4 2 0 7 2 23 0123456789 012 012345689 0124568
0 8 4 2 0 7 2 345 0123456789 012 012346789 0245689
0 8 4 2 0123 0245678 012 01259 0123456789 01 012369 01245678
0 8 4 2 3 23 01 012346789 0123456789 0 0 0
0 8 4 2 3 3 01 12346789 0123456789 01 02367 02468
0 8 4 2 3 3 1 4567 0123456789 01 0126789 02468
0 8 4 2 3 3 1 789 012456789 012 01234569 023468
0 8 4 2 3 3 12 019 0123456789 012 01234679 012468
0 8 4 2 3 3 2 12345 0123456789 012 023469 0248
0 8 4 2 3 345 012 0123456789 012456789 0 0 0
0 8 4 2 3 5 01 01239 01234678 01 0123456 01234568
0 8 4 2 3 56 012 023456789 0123456789 01 02 08
0 8 4 2 3 67 012 0123456789 01245678 0 0 0
0 8 4 2 3 789 012 012346789 02345678 0 0 0
0 8 4 2 3 9 01 01234569 0123456789 0 0 0
0 8 4 2 34 0129 01 01234569 012345689 01 023456 012468
0 8 4 2 4 2345 01 0123456789 023456789 01 02 08
0 8 4 2 4 56 01 0123456789 0123456789 0 0 0
0 8 4 2 4 6 12 0123456789 023456789 01 012369 012345678
0 8 4 2 4 67 02 01234 0123456789 012 0123456789 02468
0 8 4 2 4 7 01 012456789 0123456789 0 0 0
0 8 4 2 45 278 012 0123456789 0123456789 0 0 0
0 8 4 2 5 234 01 012456789 023456789 012 02459 02348
0 8 4 2 5 4 1 1234567 0123456789 0 0 0
0 8 45 02 05 0458 012 023456789 0123456789 0 0 0
0 8 5 0 0 89 01 0789 012456789 012 012369 02345678
0 8 5 0 01 09 012 0123456789 023456789 01 024569 01248
0 8 5 0 1 01 01 012456789 012346789 0 0 0
0 8 5 0 1 12 01 01289 012456789 012 012346789 02468
0 8 5 0 1 234 01 012345689 01246789 012 0126789 02468
0 8 5 0 1 4 012 0123456789 012456789 01 0267 068
0 8 5 0 1 4 2 024 04568 012 0123456789 0123456789
0 8 5 0 12 01456789 012 01234569 0124568 012 0234569 0124568
0 8 5 0 2 1234 012 01234569 01234568 01 012345689 01234678
0 8 5 0 2 45 02 012346789 0123456789 01 01236 0234689
0 8 5 0 2 5 012 0123456789 012345689 0 0 0
0 8 5 0 2 56 012 02346789 0123456789 012 02346789 01246789
0 8 5 0 2 6789 012 0234569 0123456789 0 0 0
0 8 5 0 23 019 012 01234569 0123456789 012 0129 02468
0 8 5 0 3 1 01 0123456789 0123456789 012 023469 024568
0 8 5 0 34 01245 012 0123459 012345678 012 029 024568
0 8 5 0 4678 0234568 012 01234569 0124678 01 023469 024689
0 8 5 0 8 678 012 0123456789 023468 0 0 0
0 8 5 0 8 8 1 23 0123456789 012 01234679 02468
0 8 5 0 8 8 1 345 023456789 012 012345679 02468
0 8 5 0 89 089 012 01234569 02345678 012 012369 023468
0 8 5 0 9 0 012 0124569 0123456789 012 012369 02468
0 8 5 0 9 01 012 01234569 0123456789 0 0 0
0 8 5 0 9 12 012 01234569 0123456789 01 01234569 02468
0 8 5 0 9 23 012 01234569 0123456789 01 026789 012468
0 8 5 0 9 345 012 012346789 01245689 01 012369 023468
0 8 5 0 9 5 0 2 45 01 012345689 0123456789
0 8 5 0 9 5 0 2 56 012 012346789 0123456789
0 8 5 0 9 5 0 2 6 12 02345679 0123456789
0 8 5 0 9 5 0 2 67 012 0123456789 0123456789
0 8 5 0 9 5 01 236789 012346789 012 0123469 02456789
0 8 5 0 9 56789 012 0123456789 0123456789 01 01269 023468
0 8 5 01 09 0239 012 0123456789 0123456789 0 0 0
0 8 5 1 0 45678 01 0123456789 0123456789 0 0 0
0 8 5 1 01 0189 012 01234569 02345678 0 0 0
0 8 5 1 1 2 0 0123678 0123456789 012 02346789 02468
0 8 5 1 1 23 012 01236789 012345689 0 0 0
0 8 5 1 1 3 12 023459 0123456789 012 0269 02468
0 8 5 1 1 345 012 012345689 0123456789 012 02369 02468
0 8 5 1 1 5 01 012456789 0123456789 01 01236 012468
0 8 5 1 1 56 012 0123456789 0123456789 0 0 0
0 8 5 1 1 67 012 0123456789 012345689 0 0 0
0 8 5 1 1 78 012 023456789 0123456789 0 0 0
0 8 5 1 1 89 012 0123456789 0123456789 0 0 0
0 8 5 1 12 09 012 0123456789 0123456789 0 0 0
0 8 5 1 2 0 0 2345678 0123456789 01 01236 02468
0 8 5 1 2 0 012 023456789 0123456789 0 0 0
0 8 5 1 2 01 02 012345 012456789 0 0 0
0 8 5 1 2 1 01 123456789 012346789 0 0 0
0 8 5 1 2 12 02 01234568 0123456789 0 0 0
0 8 5 1 2 2 012 0123456789 012456789 0 0 0
0 8 5 1 2 2348 012 0123456 0123456789 012 0245679 0246789
0 8 5 1 2 8 1 3 12 012 012346789 0123456789
0 8 5 1 2 8 1 3 23 012 012345689 0123456789
0 8 5 1 23 089 01 023456789 023456789 012 01234569 0246789
0 8 5 1 3 01 012 012349 01234689 012 0124679 01234689
0 8 5 1 3 1 1 34 012456789 012 0123469 0123468
0 8 5 1 3 12 01 01234569 0123456789 01 01236 02468
0 8 5 1 3 2 0 56789 0123456789 012 0126789 0124689
0 8 5 1 3 23 012 0123456789 0123456789 0 0 0
0 8 5 1 3 3 1 345679 0123456789 01 01269 012345678
0 8 5 1 3 3 12 01239 012456789 012 0129 023456789
0 8 5 1 3 3456 012 0123456789 0123456789 0 0 0
0 8 5 1 3 67 012 0123456789 0123456789 0 0 0
0 8 5 1 34 01278 012 0123456789 0123456789 0 0 0
0 8 5 1 4 2 01 0123456789 0123456789 01 01236 012468
0 8 5 1 4 23 012 0123456789 012345678 0 0 0
0 8 5 1 4 3 012 0123456789 01234568 0 0 0
0 8 5 1 45 01346789 012 01234569 012346789 01 02 08
0 8 5 1 5 123 012 01234569 0123456789 01 02 08
0 8 5 1 5 3 01 0123456789 0123456789 0 0 0
0 8 5 1 5 3 1 456789 0123456789 01 01236 024689
0 8 5 1 5 345 012 01236789 0123456789 01 01269 012468
0 8 5 1 5 5 12 23456789 0123456789 01 012369 012468
0 8 5 1 5 68 0 0123456 01246789 01 0123456789 01245689
0 8 5 1 5 8 01 012346789 0123456789 012 01234569 0245689
0 8 5 1 5 89 012 0123456789 0123456789 0 0 0
0 8 5 1 5 9 01 0123456789 0123456789 01 01236 02468
0 8 5 1 567 02489 012 012346789 012456789 012 023469 0248
0 8 5 1 7 23 012 012346789 0123456789 0 0 0
0 8 5 1 7 345 012 0123456789 02345678 0 0 0
0 8 5 1 7 5 012 012456789 01245678 01 0267 0128
0 8 5 1 78 456 012 0123469 012345678 01 02345679 023468
0 8 5 1 8 4 12 012349 0245689 01 0123456 0123456789
0 8 5 1 8 4567 012 0123456789 0123456789 01 02 08
0 8 5 1 8 7 012 0123456789 0123456789 012 02349 024678
0 8 5 1 89 0789 012 012345679 0123456789 0 0 0
0 8 5 1 9 0 012 23456789 0123456789 01 029 028
0 8 5 1 9 0123 012 01234569 0123456789 0 0 0
0 8 5 1 9 34 012 012346789 023456789 01 02 08
0 8 5 1 9 4567 012 023456789 0246789 0 012345678 012468
0 8 5 1 9 7 01 019 02478 012 0123456789 012468
0 8 5 1 9 78 01 0123456789 012346789 0 0 0
0 8 5 1 9 89 012 01234569 0123456789 012 02349 024678
0 8 5 12 09 0129 012 012345689 0123456789 01 02 08
0 8 5 2 0 23 012 01234679 0123456789 0 0 0
0 8 5 2 0 34 01 0123456 0123456789 01 023469 0246789
0 8 5 2 0 4 01 01456789 0123456789 012 01234689 02468
0 8 5 2 0 4 12 0123456789 0123456789 01 02346 0248
0 8 5 2 0 45 02 0123456 0123456789 01 02345679 01234568
0 8 5 2 0 5 012 0123456789 012345678 01 0169 0246
0 8 5 2 0 5678 012 012345679 02345678 01 01236 0234568
0 8 5 2 0 8 0 012345678 012346789 012 02459 01248
0 8 5 2 0 8 01 0189 0123456789 01 0123469 02346789
0 8 5 2 0 8 1 12345678 023456789 01 01236 0124568
0 8 5 2 0 89 012 01234589 0123456789 0 0 0
0 8 5 2 0 9 0 34567 01234678 01 026789 0123456789
0 8 5 2 0 9 01 089 0245678 012 0123456789 0123468
0 8 5 2 0 9 1 01234 0123456789 012 023456789 0124678
0 8 5 2 0 9 1 456 0123456789 01 01236 01245689
0 8 5 2 0 9 12 0123456789 0123456789 01 01236 0124678
0 8 5 2 1 01234567 012 0123456789 0123456789 0 0 0
0 8 5 2 1 7 12 0123456789 01246789 01 0234569 012468
0 8 5 2 12 012789 012 012345679 02346789 0 0 0
0 8 5 2 23 234 012 023456789 012345678 0 0 0
0 8 5 2 3 234 012 0123456789 0123456789 0 0 0
0 8 5 2 3 45 012 012346789 0123456789 0 0 0
0 8 5 2 3 567 012 01234569 02345689 01 02 08
0 8 5 2 3 7 01 06789 01246789 01 012346789 0124568
0 8 5 2 3 7 1 012 0123456789 01 01234679 012468
0 8 5 2 3 7 12 01269 0123456789 012 0123456789 0123468
0 8 5 2 3 78 02 012 0123456789 01 012346789 01246789
0 8 5 2 3 89 012 0123456789 023456789 0 01 023468
0 8 5 2 34 089 012 012345689 0123456789 01 02346 023468
0 8 5 2 4 89 012 0123456789 01245689 0 0 0
0 8 5 2 45 012349 012 012345679 0123456789 0 0 0
0 8 5 2 5 4 01 012356789 0123456789 0 0 0
0 8 5 2 5 4 1 3456789 0123456789 01 026789 024678
0 8 5 2 5 45 012 012349 012345689 012 012346789 02468
0 8 56 02 035 02456 012 0123456789 02345689 012 0249 024568
0 8 6 0 3 678 01 01234569 0123456789 0 0 0
0 8 6 0 3 8 01 0156789 0123456789 0 0 0
0 8 6 0 3 8 1 1234567 0123456789 0 0 0
0 8 6 0 3 8 12 012789 0123456789 0 0 0
0 8 6 0 34 02389 012 02345689 0123456789 01 0169 02456
0 8 6 0 4 348 012 0123456789 012345689 012 029 01234689
0 8 6 0 45 089 012 0123459 0123456789 012 0249 0248
0 8 6 0 5 0123 012 025689 0234568 012 012345689 012456789
0 8 6 0 5 34 01 0124569 01245678 01 012346 01234568
0 8 6 0 5 4 01 01234689 0123456789 01 02456789 0124689
0 8 6 0 5 4 1 2345678 0123456789 0 0 0
0 8 6 0 5 4567 012 012345689 012345689 01 023469 02348
0 8 6 0 56 0789 012 0123456789 01245689 01 02 08
0 8 6 0 6 012 012 01234569 012346789 0 0 0
0 8 6 01 0689 0123468 012 02345689 0123456789 0 0 0
0 8 6 1 0 2 012 0123456789 0123456789 0 0 0
0 8 6 1 0 234 02 012345 0123456789 012 0124569 024568
0 8 6 1 0 4 01 123456789 0123456789 0 0 0
0 8 6 1 0 45 012 01234589 0123456789 01 02346 0248
0 8 6 1 0 5 01 0123456789 0123456789 0 0 0
0 8 6 1 0 5 12 01234789 0123456789 0 0 0
0 8 6 1 0 56 02 0123456789 0123456789 0 0 0
0 8 6 1 0 6 01 0129 0123456789 01 01234689 01245689
0 8 6 1 0 6 1 23 0123489 012 01234569 023456789
0 8 6 1 0 67 012 0123456789 0123456789 0 0 0
0 8 6 1 0 7 01 0123456789 012345678 01 02369 0248
0 8 6 1 0 78 012 02346789 0123456789 0 0 0
0 8 6 1 0 89 012 0123456789 012345689 0 0 0
0 8 6 1 01 09 012 0123456789 012345678 0 0 0
0 8 6 1 1 0 0 1234 012345678 012 012345689 0124689
0 8 6 1 1 0 01 0456789 0123456789 01 02345689 0123468
0 8 6 1 1 01 012 0123456789 0123456789 0 0 0
0 8 6 1 1 12467 012 0123456789 023456789 0 0 0
0 8 6 1 12 0789 01 01234679 0124678 012 0129 0123456789
0 8 6 1 2 0 0 7 1 01 23456789 0123456789
0 8 6 1 245 0124678 012 023456789 0124689 012 01269 02345678
0 8 6 12 012569 01245678 01 01269 0124678 01 0245679 024568
0 8 67 02 02345 012345678 01 0236789 024568 0 0 0
0 8 7 0 567 0124689 012 01269 012456789 01 01236789 02468
0 8 7 0 78 012678 012 012346789 0123456789 01 089 024
0 8 7 0 8 234 012 0123456789 0123456789 0 0 0
0 8 7 0 8 456 01 0123456789 0123456789 0 0 0
0 8 7 0 89 0246789 01 0126789 0246789 012 023456789 0245689
0 8 7 0 9 5678 012 012346789 02345689 012 012345689 02468
0 8 7 0 9 8 012 1246789 024568 01 01234569 01234678
0 8 7 0 9 8 2 2 6789 012 0123456789 02456789
0 8 7 0 9 8 2 23 09 012 0123456789 02456789
0 8 7 0 9 8 2 3 012345 012 012345689 01234568
0 8 7 0 9 8 2 3 5678 012 01234569 012346789
0 8 7 0 9 8 2 34 01289 012 012345679 02345689
0 8 7 0 9 8 2 4 23 012 012345689 023456789
0 8 7 0 9 8 2 4 34 012 0123456789 012346789
0 8 7 0 9 8 2 4 456 012 0123456789 012345689
0 8 7 0 9 8 2 45 012345678 012 0123456789 0123468
0 8 7 01 09 019 01 012346789 012345678 01 02678 04678
0 8 7 1 0 123456 012 02345689 012345678 01 089 028
0 8 7 1 0 6 012 0123456789 0123456789 0 0 0
0 8 7 1 0 67 02 0123456789 012346789 0 0 0
0 8 7 1 01 0789 012 0123456789 0123456789 0 0 0
0 8 7 1 1 01267 012 0123456789 0234689 0 0 0
0 8 7 1 1 789 01 023456789 0123456789 0 0 0
0 8 7 1 1 9 0 0123467 023456789 012 0123456789 024678
0 8 7 1 1 9 0 7 456 012 0123456789 0245678
0 8 7 1 1 9 0 7 678 012 0123456789 012468
0 8 7 1 1 9 0 78 089 012 0123456789 02468
0 8 7 1 1 9 0 8 012 012 0123456789 0124689
0 8 7 1 1 9 0 8 23 012 0123456789 024689
0 8 7 1 1 9 0 8 345 012 0123456789 0245689
0 8 7 1 1 9 0 8 56 012 0123456789 0234678
0 8 7 1 1 9 0 8 789 012 0123456789 012468
0 8 7 1 1 9 0 89 019 012 0123456789 02468
0 8 7 1 1 9 0 9 12 012 0123456789 0124568
0 8 7 1 1 9 0 9 234 012 01234679 012345678
0 8 7 1 1 9 0 9 45 012 0123456789 012345678
0 8 7 1 1 9 0 9 567 012 0123456789 02468
0 8 7 1 1 9 0 9 78 012 012346789 0124689
0 8 7 1 1 9 0 9 89 012 0123456789 012456789
0 8 7 1 1 9 01 0129 02489 012 0123456789 01246789
0 8 7 1 1 9 1 2 012 012 0123456789 012456789
0 8 7 1 1 9 1 2 23 012 0123456789 0245678
0 8 7 1 1 9 1 2 345 012 0123456789 024678
0 8 7 1 1 9 1 2 56 012 0123456789 024689
0 8 7 1 12 09 012 0123469 0123456789 012 024569 012489
0 8 7 1 2 0 01 012456789 0123456789 0 0 0
0 8 7 1 2 0 1 23456789 0123456789 01 01269 024678
0 8 7 1 2 01 012 0123459 023456789 012 0249 024568
0 8 7 1 2 1 0 12345678 0123456789 0 034 012
0 8 7 1 2 1 01 012345689 0123456789 01 0246 048
0 8 7 1 2 1 12 012679 0123456789 012 012345689 01234689
0 8 7 1 2 1234 012 0123456789 01234678 012 02349 0245678
0 8 7 1 23469 02456789 012 01234689 01234568 01 01269 0246789
0 8 7 1 9 23456789 012 01234569 0234678 01 01236 0245689
0 8 7 12 0129 012345689 012 02456789 0123456789 0 0 0
0 8 7 2 2 45 02 01234567 0123456789 0 0 0
0 8 7 2 2 56 012 012346789 0123456789 012 0123469 0245678
0 8 7 2 2 6 2 2 1 012 012346789 0123456789
0 8 7 2 2 6789 012 012346789 012346789 02 034 02
0 8 7 2 2 9 0 1234567 0123456789 0 0 0
0 8 7 2 2 9 01 012789 0123456789 01 01236 012468
0 8 7 2 23 09 012 023456789 01246789 01 02689 023468
0 8 7 2 3 012 01 01236789 023456789 01 0123456 0124678
0 8 7 2 3 23456 012 012345689 0123456789 0 0 0
0 8 7 2 3 6 01 0123456789 0123456789 01 0123469 012468
0 8 7 2 3 6 12 0156789 0123456789 012 012369 023468
0 8 7 2 3 67 012 0123456789 023456789 0 0 0
0 8 7 2 3 78 012 0123456789 012456789 012 02459 012458
0 8 7 2 3 8 12 0123456789 0123456789 01 02 08
0 8 7 2 3 89 02 014 0124568 012 012346789 012346789
0 8 7 2 3 9 0 1234 0245678 012 012346789 0123456789
0 8 7 2 3 9 01 0123456789 012345689 012 02345 0124568
0 8 7 2 34 09 012 0123456789 012345689 012 023469 023468
0 8 7 2 4 01 01 0129 01246789 012 012345689 0245678
0 8 7 2 4 1 0 2345 02345689 012 012346789 02468
0 8 7 2 4 123 012 0123456789 023456789 01 069 02
0 8 7 2 4 345 012 0123456789 0123456789 01 01234569 024678
0 8 7 2 4 5 2 01 012345689 012 01234679 012468
0 8 7 2 4 5 2 2 04 01 0126789 0123456789
0 8 7 2 4 5 2 2 4 1 345678 0123456789
0 8 7 2 4 5 2 2 4 12 01234589 0123456789
0 8 7 2 4 5 2 2 5 01 01236789 0123456789
0 8 7 2 4 5 2 2 5 1 345678 0123456789
0 8 7 2 4 5 2 2 56 012 012345689 0123456789
0 8 7 2 4 5 2 2 6789 012 023456789 0245689
0 8 7 2 4 5 2 23 0129 012 0123469 012345689
0 8 7 2 4 5 2 3 2 0 3456789 0123456789
0 8 7 2 4 5 2 3 2 01 01234569 0123456789
0 8 7 2 4 5 2 3 2 12 012346789 0123456789
0 8 7 2 4 5 2 3 23 02 012345 0123456789
0 8 7 2 4 5 2 3 3 01 01256789 0123456789
0 8 7 2 4 5 2 3 3 1 23456789 0123456789
0 8 7 2 4 5 2 3 34 012 0123459 0123456789
0 8 7 2 4 5 2 3 4 0 123456789 0123456789
0 8 7 2 4 5 2 3 4 01 012345679 0123456789
0 8 7 2 4 5 2 3 45 012 0123456789 012346789
0 8 7 2 4 5 2 3 5678 012 0123456789 012345689
0 8 7 2 4 5 2 34 089 012 0123456789 0123456789
0 8 7 2 4 5 2 4 0123456 012 012346789 024678
0 8 7 2 4 5 2 45 0126789 012 0123456789 024678
0 8 7 2 4 56 012 0123456 0123456789 01 026789 024678
0 8 7 2 4 67 012 0123456789 0123456789 0 0 0
0 8 7 2 4 78 012 023456789 0123456789 0 01345 012468
0 8 7 2 4 8 01 01234569 0123456789 01 0256 0123468
0 8 7 2 4 89 012 012345679 0123456789 01 02 08
0 8 7 2 45 09 012 012346789 0123456789 01 02 08
0 8 7 2 5 01 02 0123467 0123456789 01 026 048
0 8 7 2 5 12 012 012346789 0123456789 0 0 0
0 8 7 2 5 234 012 0123456789 0123456789 0 0 0
0 8 7 2 5 4 012 012346789 012345678 01 023469 024678
0 8 78 02 03568 0245 012 01236789 02346789 0 0 0
0 8 8 0 8 01 012 0123456789 0123456789 0 034 02678
0 8 8 0 8 12 02 03456 01245689 012 023456789 0123456789
0 8 8 0 8 234 012 012346789 012456789 0 0 0
0 8 8 0 8 456 012 0123456789 023456789 0 0 0
0 8 8 0 8 67 012 012356789 012456789 01 01236 0234678
0 8 8 0 89 678 012 0123456789 0123456789 0 034 028
0 8 8 01 019 024689 01 0123679 0124689 012 0126789 012468
0 8 8 1 123 0189 012 012346789 01234678 0 0 0
0 8 8 1 3 12345 012 012345679 0234689 0 013456 0123689
0 8 8 1 3 5 0 67 012349 01 02345679 0123456789
0 8 8 1 34 023456 012 012456789 012345678 012 029 045678
0 8 8 1 4 78 01 01234567 0123456789 0 0 0
0 8 8 1 4 89 01 01234789 0123456789 012 012369 0234678
0 8 8 1 45 019 01 0123456 0123456789 012 01234689 02468
0 8 8 1 5 1 012 0123456789 0123456789 0 0 0
0 8 8 1 5 24678 012 0123469 0123456789 0 0 0
0 8 8 1 5 8 01 012356789 0123456789 0 0 0
0 8 8 1 5 8 12 013456789 0123456789 0 0 0
0 8 8 1 569 026789 012 0123459 0123456789 01 02689 0234568
0 8 8 12 09 0129 01 012345679 012345678 01 02 08
0 8 8 2 0 2 0 012345678 0123456789 0 0 0
0 8 8 2 0 2 012 0126789 0123456789 0 0 0
0 8 8 2 0 23 012 0123456789 012345678 0 0 0
0 8 8 2 0 3456 012 0123456789 023456789 0 0 0
0 8 8 2 0 6789 012 0123456789 02345689 01 01236 024689
0 8 8 2 0 9 12 01234589 0123456789 0 0 0
0 8 8 2 01 09 02 0123456 0123456789 0 0 0
0 8 8 2 1 01 012 012346789 02346789 012 012369 0234678
0 8 8 2 1 1234 012 0123456789 012345689 0 012 046
0 8 8 2 1 4 0 0123456 0123456789 01 01236 0246789
0 8 8 2 1 456 012 012346789 0123456789 0 0 0
0 8 8 2 1 6 0 234567 0123456789 01 01246789 0124678
0 8 8 2 1 6 01 01234789 0123456789 0 0 0
0 8 8 2 1 678 012 0123456789 0123456789 0 0 0
0 8 8 2 1 8 0 01234 0123456789 01 0123469 0124568
0 8 8 2 1 8 01 0456789 012345678 01 01234569 0123468
0 8 8 2 1 8 12 0123456789 012345689 01 01236 02468
0 8 8 2 12 089 02 012345 0123456789 01 01236789 0123468
0 8 8 2 2 0 01 0123456789 0123456789 0 0 0
0 8 8 2 2 01 012 023456789 0123456789 01 024569 0246789
0 8 8 2 2 1 01 0123456789 0123456789 01 02 08
0 8 8 2 2 12 012 0123456789 012345689 0 0 0
0 8 8 2 2 23 012 0123456789 0123456789 0 0 0
0 8 8 2 2 3456 012 012346789 0123456789 0 0 0
0 8 8 2 2 678 012 0123456789 01234568 0 0 0
0 8 8 2 23 02389 012 012346789 0234689 0 0 0
0 8 8 2 3 3456 012 0123456789 0123456789 0 0 0
0 8 8 2 3 678 012 0123456789 0123456789 0 0 0
0 8 8 2 34 012389 012 0123456789 024678 0 0 0
0 8 8 2 4 3456 012 0123456789 0245689 0 0 0
0 8 8 2 45 01678 012 012346789 012346789 0 0 0
0 8 8 2 5 1234 012 023456789 012456789 0 0 0
0 8 89 02 015 012345678 012 01234679 0123456789 0 0 0
0 8 9 0 1 67 012 02345679 0123456789 0 0 0
0 8 9 0 1 8 012 0123456789 012345689 012 0246789 02468
0 8 9 0 1 89 012 01234569 0123456789 01 024569 023468
0 8 9 0 12 09 012 0123456789 0123456789 012 029 0248
0 8 9 0 2 01 012 023456789 01245678 012 012369 024568
0 8 9 0 2 12 012 0123456789 0123456789 02 026 048
0 8 9 0 2 23 02 0345678 012345678 01 0126789 02468
0 8 9 0 2 345 012 01289 0123456789 0 0 0
0 8 9 0 2 5678 01 0123456789 012345689 0 0 0
0 8 9 0 2 89 012 0123456789 0123456789 01 023469 02468
0 8 9 0 23 09 02 02345 0123456789 012 01234679 0234678
0 8 9 0 3 0 0 0 12345 012 012346789 01234568
0 8 9 0 3 0 0 012 0234568 01 012345689 0123456789
0 8 9 0 3 0 0 23 01245678 012 012346789 012345678
0 8 9 0 3 0 0 3456 01236789 012 01234569 024568
0 8 9 0 3 0 0 678 023456789 01 0123456789 012468
0 8 9 0 3 0 01 089 023456789 012 012346789 024568
0 8 9 0 3 0 1 123 023456789 012 0123456789 024568
0 8 9 0 3 0 12 0134569 0234689 012 012345679 0123456789
0 8 9 0 3 01 02 01234 012346789 012 012345679 024678
0 8 9 0 3 1 01 0123456789 0123456789 0 067 02456
0 8 9 0 3 12 012 0123456789 0123456789 01 0289 068
0 8 9 0 3 2 1 1234567 0123456789 01 01236789 0123468
0 8 9 0 3 23 012 01245789 0123456789 01 0124569 024678
0 8 9 0 3 3 01 0123456789 0123456789 01 02 08
0 8 9 0 3 3 12 023456789 0123456789 0 0 0
0 8 9 0 3 34 012 012356789 0123456789 012 029 0248
0 8 9 0 3 45 012 012346789 0123456789 0 0 0
0 8 9 0 3 5 01 0123456789 0123456789 0 0 0
0 8 9 0 3 5 12 0123456789 0123456789 0 0 0
0 8 9 0 3 56 02 01234567 0123456789 0 0 0
0 8 9 0 3 6 01 0123456789 0123456789 01 023469 02468
0 8 9 0 3 67 012 01234579 0123456789 012 01234569 024568
0 8 9 0 3 7 0 34 012 01 0123456789 0123456789
0 8 9 0 3 7 0 4 1 12 0123456789 0123456789
0 8 9 0 3 7 01 01456789 0123456789 02 01234 01234678
0 8 9 0 3 7 12 0123456789 0123456789 0 0 0
0 8 9 0 3 78 012 0123456789 0123456789 0 0 0
0 8 9 0 3 8 12 0123456789 0123456789 0 0 0
0 8 9 0 3 89 012 013456789 0123456789 0 0 0
0 8 9 0 3 9 1 1234 01234568 012 012345689 02345678
0 8 9 0 3 9 12 012456789 0123456789 02 05 04
0 8 9 0 34 09 02 0123456 0123456789 012 012369 02468
0 8 9 0 4 0 01 016789 0123456789 012 01234569 024678
0 8 9 0 4 0 1 123456789 012346789 01 012345689 02468
0 8 9 0 4 01 012 012349 0123456789 01 01269 02468
0 8 9 0 4 12 012 0123456789 012345689 0 0 0
0 8 9 0 4 2 0 23456789 0123456789 0 0 0
0 8 9 0 4 2 1 01234567 012345689 01 01269 02468
0 8 9 0 4 23 012 0123489 0123456789 0 0 0
0 8 9 0 4 3 01 0123456789 0123456789 0 0 0
0 8 9 0 4 34 012 012346789 0123456789 0 0 0
0 8 9 0 4 4 01 06789 012345678 012 01234569 01245689
0 8 9 0 4 4 1 0123456789 0123456789 0 0 0
0 8 9 0 4 4 2 01 012456789 01 0123456789 012345678
0 8 9 0 4 4 2 1234 02345678 012 01236789 012345678
0 8 9 0 4 45 012 012346789 0123456789 0 0 0
0 8 9 0 4 56 012 012345679 0123456789 0 0 0
0 8 9 0 4 6 01 012345689 0123456789 01 01236 012468
0 8 9 0 4 6 12 0123456789 0123456789 0 0 0
0 8 9 0 4 67 02 01345 0123456789 01 01236789 0124568
0 8 9 0 4 7 01 01256789 0123456789 02 02 04
0 8 9 0 45 678 012 012345689 023456789 0 0 0
0 8 9 01 05689 01234689 012 0234679 01245678 01 02346 024678
0 8 9 1 0 4 01 012789 0123456789 012 01245689 02468
0 8 9 1 0 45 012 023456789 012456789 0 0 0
0 8 9 1 0 56 012 01234569 0123456789 0 0 0
0 8 9 1 0 6 01 0236789 0123456789 01 01236 012468
0 8 9 1 0 6 12 0123456789 0246789 01 023456 012345678
0 8 9 1 0 67 02 01234 0123456789 012 026789 0123456789
0 8 9 1 0 7 01 0123456789 01245689 01 012369 0123456789
0 8 9 1 0 7 1 234567 01245689 012 01245689 0234568
0 8 9 1 01 0789 012 023456789 023456789 0 0 0
0 8 9 1 1 01 012 0123456789 0123456789 0 0 0
0 8 9 1 1 12346 012 0123469 0123456789 0 0 0
0 8 9 1 1 6 0 23456789 0123456789 0 0 0
0 8 9 1 1 6 01 0123459 0123456789 0 0 0
0 8 9 1 1 6 12 056789 0123456789 0 0 0
0 8 9 1 1 67 02 012345 0123456789 0 0 0
0 8 9 1 1 7 0 12346789 0123456789 0 0 0
0 8 9 1 1 7 01 0123459 0123456789 0 0 0
0 8 9 1 1 7 12 0156789 0123456789 01 02 08
0 8 9 1 12 0478 02 012345 0123456789 0 0 0
0 8 9 1 2 45 012 01234569 0123456789 0 0 0
0 8 9 1 2 5 01 01236789 0123456789 0 0 0
0 8 9 1 2 5 12 012456789 0123456789 0 0 0
0 8 9 1 23 245678 012 0123459 0123456789 01 02 08
0 8 9 1 34 0124568 01 01234569 0123456789 0 0 0
0 8 9 1 4 45 01 02345679 0123456789 01 01269 012468
0 8 9 1 4 56789 012 01234689 0123456789 0 0 0
0 8 9 1 4 9 01 2456 02346789 01 0123456789 012456789
0 8 9 1 4 9 1 2 89 012 0123456789 023456789
0 8 9 1 4 9 1 23 09 012 0123456789 012456789
0 8 9 1 4 9 1 3 0 012 0123456789 0123456789
0 8 9 1 4 9 1 3 01 012 0123456789 02346789
0 8 9 1 4 9 1 3 12 012 012345689 0123456789
0 8 9 1 4 9 1 3 23 012 0123456789 02456789
0 8 9 1 4 9 1 3 34 012 0123456789 012345689
0 8 9 1 4 9 1 3 456 012 012345679 01245678
0 8 9 1 4 9 1 3 67 012 0123456789 0123456789
0 8 9 1 4 9 1 3 78 012 0123456789 012345689
0 8 9 1 4 9 1 3 89 012 0123456789 023456789
0 8 9 1 4 9 1 34 09 012 0123456789 023456789
0 8 9 1 4 9 1 4 01 012 012346789 0123456789
0 8 9 1 4 9 1 4 12 012 012346789 0123456789
0 8 9 1 4 9 1 4 2 012 0123456789 0123456789
0 8 9 1 4 9 1 4 23 012 0123456789 012345689
0 8 9 1 4 9 1 4 34 012 0123456789 012346789
0 8 9 1 4 9 1 4 4 012 012456789 012456789
0 8 9 1 4 9 1 4 45 012 0123456789 023456789
0 8 9 1 4 9 1 4 56 012 0123456789 0123456789
0 8 9 1 4 9 1 4 6 012 0123456789 012346789
0 8 9 1 4 9 1 4 67 012 0123456789 012345678
0 8 9 1 4 9 1 45 0789 012 0123456789 02345678
0 8 9 1 4 9 1 5 0 01 0123456789 012346789
0 8 9 1 4 9 1 5 01 012 0123456789 012346789
0 8 9 1 4 9 1 5 23 012 0123456789 02468
0 8 9 1 4 9 1 5 3456 012 0123456789 02468
0 8 9 1 4 9 1 56 0456789 012 012346789 0246789
0 8 9 1 4 9 1 67 012789 012 0123456789 02468
0 8 9 1 4 9 1 7 234 012 0123456789 024568
0 8 9 1 4 9 1 7 456 012 0123456789 012345678
0 8 9 1 4 9 1 7 6 01 0123456789 0123456789
0 8 9 1 4 9 1 7 67 012 0123456789 012345689
0 8 9 1 4 9 1 7 78 012 012345679 0123456789
0 8 9 1 4 9 1 7 8 01 0123459 0123456789
0 8 9 1 4 9 1 7 8 12 012356789 0123456789
0 8 9 1 4 9 1 7 89 02 012345678 0123456789
0 8 9 1 4 9 1 78 09 012 0123456789 012456789
0 8 9 1 4 9 1 8 01 012 0123456789 023456789
0 8 9 1 4 9 1 8 12 012 0123456789 012345678
0 8 9 1 4 9 1 8 23 012 0123456789 012345678
0 8 9 1 4 9 1 8 3 012 0123456789 0123456789
0 8 9 1 4 9 1 8 34 012 0123456789 02345689
0 8 9 1 4 9 1 8 45 012 0123456789 02345689
0 8 9 1 4 9 1 8 56 012 0123456789 0123456789
0 8 9 1 4 9 1 8 6 012 0123456789 0123456789
0 8 9 1 4 9 1 8 67 012 0123456789 01234568
0 8 9 1 4 9 1 8 78 012 0123456789 012345689
0 8 9 1 4 9 1 8 8 01 0123456789 0123456789
0 8 9 1 4 9 1 8 89 012 01234589 0123456789
0 8 9 1 4 9 1 8 9 01 0123456789 0123456789
0 8 9 1 4 9 1 89 09 02 012345678 0123456789
0 8 9 1 4 9 1 9 01 012 0123456789 02346789
0 8 9 1 4 9 1 9 1 012 0123456789 01245689
0 8 9 1 45 09 01 013459 0123456789 012 012456789 012468
0 8 9 1 56 012678 012 02345689 012345689 01 02679 0268
0 8 9 1 6 123 01 01234679 01234678 012 012346789 012468
0 8 9 1 6 34 012 026789 02345678 01 01234569 01234678
0 8 9 1 6 4 01 01289 012456789 01 01256789 012345689
0 8 9 1 6 567 012 0123456789 0123456789 0 0 0
0 8 9 1 67 01234789 012 012345689 02456789 0 0 0
0 8 9 1 78 024568 012 012346789 023456789 0 0 0
0 8 9 1 8 4 0 0123456 012346789 01 01236 012468
0 8 9 1 8 4 0 6789 01289 01 0123456789 02456789
0 8 9 1 8 4 012 0123469 023456789 01 01236 012468
0 8 9 1 8 45 012 0123456789 012345689 0 0 0
0 8 9 1 8 5 1 45 012458 012 0123456789 02346789
0 8 9 1 8 56 012 01234569 0123456789 012 012346789 024689
0 8 9 1 8 67 012 012345679 01234568 012 01234569 02468
0 8 9 1 8 7 0 01 0123456789 012 0123456789 023468
0 8 9 1 8 7 0 23456789 0123456789 01 012346789 024689
0 8 9 1 8 78 012 01236789 0123456789 0 0 0
0 8 9 1 89 089 012 0123456789 012345678 0 0 0
0 8 9 1 9 01 012 012345679 0123456789 0 0 0
0 8 9 1 9 1 012 012456789 012456789 012 02346789 02468
0 8 9 1 9 1 2 0123 023456789 012 0123469 02468
0 8 9 1 9 1245678 012 02346 023456789 012 01234569 01234689
0 8 9 2 0 012 012 0123456789 0123456789 01 02369 0248
0 8 9 2 0 2 1 456 023456789 012 012346789 02468
0 8 9 2 0 2 12 06789 0123456789 01 0123456789 02468
0 8 9 2 0 2 2 0123 012346789 012 012345689 02468
0 8 9 2 0 23 012 023459 012345689 012 0123456789 02468
0 8 9 2 0 34567 012 0123456789 01234689 01 023456789 0123468
0 8 9 2 0 7 01 01234569 0123456789 01 012369 0123468
0 8 9 2 0 7 12 0126789 012345678 01 012369 012468
0 8 9 2 0 7 2 2 4 012 0123456789 01234689
0 8 9 2 0 7 2 2 456 012 012345679 012345678
0 8 9 2 0 7 2 2 67 012 012345689 0123456789
0 8 9 2 0 7 2 2 78 02 012345 0123456789
0 8 9 2 0 7 2 2 89 01 0123456789 0123456789
0 8 9 2 0 7 2 23 019 012 0123456789 024568
0 8 9 2 0 78 02 012345678 01245689 012 023456789 02468
0 8 9 2 0 8 012 012346789 0123456789 0 0 0
0 8 9 2 01 0189 02 01234 02468 012 0123456789 0123456789
0 8 9 2 1 1 0 0 01 012 0123456789 0123456789
0 8 9 2 1 1 0 0 12 012 012345689 0123456789
0 8 9 2 1 1 0 0 23 012 0123456789 012345689
0 8 9 2 1 1 0 0 3456 012 0123456789 012456789
0 8 9 2 1 123 01 012369 012346789 012 012456789 01234568
0 8 9 2 1 3 01 0123456789 0123456789 0 0 0
0 8 9 2 1 3 1 23456789 0123456789 01 02 08
0 8 9 2 1 345 012 0123459 0123456789 0 0 0
0 8 9 2 1 567 012 0123456789 012345689 0 0 0
0 8 9 2 1 89 01 012346 01245689 012 02689 0123468
0 8 9 2 12 019 01 0135679 012345689 012 01234569 0123456789
0 8 9 2 2 1 0 34 0456789 012 0123456789 0124568
0 8 9 2 2 1 0 4 012 012 01236789 01246789
0 8 9 2 2 1 01 046789 02345678 012 012345679 0246789
0 8 9 2 2 12 012 01234679 012345678 0 0 0
0 8 9 2 2 2 012 012456789 0123456789 0 0 0
0 8 9 2 2 23 012 012346789 0123456789 0 0 0
0 8 9 2 23 0123489 012 01236789 0245689 0 0 0
0 8 9 2 3 4 01 23689 0234689 012 0123456789 01234689
0 8 9 2 3 45 012 023456789 0123456789 0 0 0
0 8 9 2 3 567 012 0123456789 0123456789 0 0 0
0 8 9 2 3 78 01 01234679 0123456789 01 01236 0123456789
0 8 9 2 3 8 1 34567 0123456789 01 0124689 024678
0 8 9 2 3 8 1 789 0123456789 012 012346789 023468
0 8 9 2 3 8 12 09 0145689 012 0123456789 01246789
0 8 9 2 3 8 2 01 01234689 012 01234569 012345678
0 8 9 2 3 8 2 12 012389 012 012345689 012456789
0 8 9 2 3 8 2 23 034568 012 0123456789 01245689
0 8 9 2 3 8 2 345 012345689 012 0123456789 0123468
0 8 9 2 34 04689 012 01234569 0123468 012 0123456789 024678
0 8 9 2 4 78 012 0123456789 0123456789 01 01269 012468
0 8 9 2 4 89 012 012345679 012456789 012 0249 0123458
0 8 9 2 4 9 012 012346789 012346789 012 0245679 0123456789
0 8 9 2 45 09 012 012346789 0123456789 01 026789 02468
0 8 9 2 5 01 012 01234689 0123456789 01 0269 0468
0 8 9 2 5 12 012 012345679 0123456789 01 02 08
0 8 9 2 5 2 01 2345678 0123456789 0 0 0
0 8 9 2 5 234 012 012345679 012346789 0 0 0
0 8 9 2 5 45 012 012679 0123456789 01 024569 024689
0 89 09 02 015 02458 02 01234567 0123456789 01 02 08
0 9 0 0 123 014568 012 0123456789 012345689 0 0 0
0 9 0 0 3467 012345678 01 012346789 012456789 01 02 08
0 9 0 0 78 01278 01 02345679 0234689 012 026789 024689
0 9 0 0 8 2 0 45 0189 012 0123456789 01234678
0 9 0 0 8 2 0 5 12 01 0123456789 0123456789
0 9 0 0 8 2 0 5 2346 01 0123456789 0123456789
0 9 0 0 8 2 0 5 6789 012 0123456789 0245678
0 9 0 0 8 2 0 56 0124569 012 0123456789 0234678
0 9 0 0 8 2 0 67 012678 012 0123456789 012468
0 9 0 0 8 23 01 02345789 012345689 012 0123469 02468
0 9 0 0 8 34 012 01256789 012346789 012 012456789 02468
0 9 0 0 8 4 01 01234569 012346789 01 02345689 024689
0 9 0 0 8 45 012 01245679 0123456789 01 0123456 023468
0 9 0 0 89 01245678 01 0123456 01245689 01 012369 023468
0 9 0 01 019 012456789 012 0123469 0124678 01 01269 02468
0 9 0 1 12 023456789 012 0246789 01246789 012 012679 02468
0 9 0 1 3 01 01 0123456789 0234568 01 0126789 024678
0 9 0 1 34 0123456789 012 012346789 0124568 01 01269 02468
0 9 0 1 45 0123456789 01 02345689 024678 01 012346789 02345689
0 9 0 1 5 2 0 678 012345689 012 023456789 02456789
0 9 0 1 5 23456 012 012345689 023456789 01 01269 02468
0 9 0 1 5 67 012 012345679 0123456789 0 0 0
0 9 0 1 5 7 01 023456789 0123456789 0 0 0
0 9 0 1 5678 046789 012 01234569 0123456789 0 0 0
0 9 0 12 289 02489 01 0234679 01234568 012 0124569 0234689
0 9 0 2 2 9 0 0123 01245678 01 0123456789 01234689
0 9 0 2 2 9 0 345 0123468 012 023456789 0123456789
0 9 01 02 012345 0124689 012 0234569 02346789 012 02345689 0245678
0 9 1 0 23678 0124678 012 0123456789 01245678 012 029 02468
0 9 1 0 8 23 012 0123456789 0234568 0 0 0
0 9 1 0 89 0345689 012 0123456789 0245689 0 0 0
0 9 1 0 9 0 01 0123456789 0123468 012 012346789 01245678
0 9 1 0 9 0 12 0124679 0123456789 01 0234689 012468
0 9 1 0 9 012 02 012345 0123456789 0 0 0
0 9 1 0 9 2 01 0123456789 012456789 0 0 0
0 9 1 0 9 2 12 016789 02456789 01 012345689 02345678
0 9 1 0 9 23 012 0123456 01246789 012 0234569 01234678
0 9 1 0 9 34568 012 0123456789 0123456789 012 012369 012468
0 9 1 01 09 01289 012 0123456789 01234568 012 012346 012468
0 9 1 1 0 2 12 0123456789 0123456789 012 0246789 024678
0 9 1 1 0 23 02 01234 0123456789 01 01269 012468
0 9 1 1 0 3 01 0123456789 012346789 012 02459 0248
0 9 1 1 0 345 012 0123456789 012345689 012 029 024568
0 9 1 1 0 56 012 01234689 012346789 0 01 024678
0 9 1 1 0 67 02 0234 0124 01 0123456789 0123456789
0 9 1 1 0 78 01 0123456789 0123456789 0 0 0
0 9 1 1 0 8 01 0123456789 0123456789 0 0 0
0 9 1 1 0 89 012 01234589 0123456789 012 0129 0234689
0 9 1 1 01 01269 012 012345679 0123456789 02 02 04
0 9 1 1 12 0678 012 012346789 0234689 0 0 0
0 9 1 1 2 01 012 0234569 012346789 0 01234567 0123456789
0 9 1 1 2 1 1 3 1 01 0123456789 0123456789
0 9 1 1 2 1 12 013469 0124568 012 01246789 023456789
0 9 1 1 2 1 2 124 0456789 012 012345689 0123456789
0 9 1 1 2 123 012 013456789 023456789 012 026789 012468
0 9 1 1 2 34 012 01246789 0123456789 01 0234689 012489
0 9 1 1 2 4 0 123456789 0123456789 0 0 0
0 9 1 1 2 4 01 01234569 0123456789 01 02689 023468
0 9 1 1 2 4 12 012346789 0123456789 0 0 0
0 9 1 1 2 456789 012 0123456789 023456789 0 012345 0123456789
0 9 1 1 2 9 0 0 0123456789 012 012346789 012345678
0 9 1 1 2 9 0 01 012349 012 01234569 012456789
0 9 1 1 2 9 0 1 4 012 012456789 0123456789
0 9 1 1 2 9 0 1 45689 012 01234569 0123456789
0 9 1 1 23 0129 01 012345678 012345689 02 02 04678
0 9 1 1 3 2 01 01234569 0123456789 01 01269 023468
0 9 1 1 3 234 012 0123456789 023456789 012 029 0468
0 9 1 1 3 4 01 0123456 0123468 012 0234689 0123468
0 9 1 1 3 4 1 5678 023456789 012 01234569 02345678
0 9 1 1 3 45 012 012345689 012346789 01 023456789 0234678
0 9 1 1 3 5 0 6 4568 012 012345679 0123456789
0 9 1 1 3 56 012 012456789 012456789 012 02679 02468
0 9 1 1 3 67 01 012345689 012346789 01 01236 024568
0 9 1 1 34 0789 012 012459 023468 012 0234569 012345678
0 9 1 1 4 012 012 0123456789 012345689 012 023469 0124689
0 9 1 1 4 23 012 0123456789 0123456789 0 06789 012468
0 9 1 1 4 34567 012 0123456789 012345689 01 02 08
0 9 1 1 4 7 01 01289 01245689 012 0123679 02346789
0 9 1 1 4 7 1 2 2345 012 0123456789 01234689
0 9 1 1 4 78 012 0123456789 012345678 012 024569 02489
0 9 1 1 4 8 12 023456789 0123456789 01 0234569 02468
0 9 1 1 4 8 2 34 012346789 012 01234679 023468
0 9 1 1 4 8 2 4 345678 012 012345679 02468
0 9 1 1 4 89 012 0234567 0123456789 012 0123456789 02468
0 9 1 1 4 9 12 0123789 0123456789 01 01236 024689
0 9 1 1 45 019 012 0123456789 0123456789 0 0 0
0 9 1 1 5678 012456 012 023456789 0123468 01 026789 02468
0 9 1 1 8 56 012 012346789 0123456789 01 0123456 0246789
0 9 1 1 8 67 012 01236789 0234568 012 0123569 012345689
0 9 1 1 8 78 012 01234569 012345678 0 0 0
0 9 1 1 8 89 012 0123456789 012345689 0 0 0
0 9 1 1 89 09 012 012345689 0123456789 0 0 0
0 9 1 1 9 0 1 012345678 023456789 01 012346789 012456789
0 9 1 1 9 01 012 012346789 012456789 012 023489 012346
0 9 1 1 9 12 012 01246789 0123456789 012 02469 024568
0 9 1 1 9 2 01 0123456789 0123456789 0 0 0
0 9 1 1 9 2 12 0123456789 0123456789 01 023469 02468
0 9 1 1 9 23 012 0123456789 0123456789 0 01 028
0 9 1 1 9 3 1 0 012 012 0123456789 024568
0 9 1 1 9 3 1 0 23 012 0123456789 02346789
0 9 1 1 9 3 1 012345678 0123456789 012 012346789 0246789
0 9 1 1 9 34 012 0123459 012345678 0 0 0
0 9 1 1 9 4 0 345678 0123456789 012 02459 023456789
0 9 1 1 9 4 01 019 012345678 012 012456789 012456789
0 9 1 1 9 4 1 123 02456789 02 012345 0123456789
0 9 1 1 9 4 12 013456789 0123456789 0 0 0
0 9 1 1 9 45 02 012345 02456789 01 023456 0123456789
0 9 1 1 9 5 0 123456789 012346789 01 0269 028
0 9 1 1 9 5 01 012345679 01245689 01 02679 024568
0 9 1 1 9 5 12 01234789 012345678 01 01236 02468
0 9 1 1 9 56 012 0123456789 0123456789 0 0 0
0 9 1 1 9 6 1 12345678 0123456789 0 0134 0123456789
0 9 1 1 9 6 1 8 4 01 0123456789 0123456789
0 9 1 1 9 6 1 8 456 01 01345679 023456789
0 9 1 1 9 6 1 8 67 01 012346789 0123456789
0 9 1 1 9 6 12 012389 0123456789 01 01236789 012345689
0 9 1 1 9 67 012 0123456789 012345678 0 0 0
0 9 1 1 9 78 012 0123456789 012345678 01 01236 02468
0 9 1 1 9 8 0 012345 0123456789 0 0 0
0 9 1 1 9 8 0 56789 0123456789 01 01236 02468
0 9 1 1 9 8 01 01239 0123456789 0 0346 01246789
0 9 1 1 9 8 1 3456 0123456789 012 0126789 02346789
0 9 1 1 9 8 12 016789 0123456789 0 0 0
0 9 1 1 9 89 02 012345 0123456789 0 0 0
0 9 1 1 9 9 0 123456 0123456789 0 0 0
0 9 1 1 9 9 01 016789 0123456789 0 0 0
0 9 1 1 9 9 1 12345 0123456789 01 01236 02468
0 9 1 1 9 9 12 056789 0123456789 0 0 0
0 9 1 1 9 9 2 01234 0123456789 01 02346 02468
0 9 1 12 09 09 02 012345678 0123456789 0 0 0
0 9 1 2 0 0 012 0123456789 0123456789 01 02 08
0 9 1 2 0 01 02 012345678 012345678 0 0 0
0 9 1 2 0 1 01 0123456789 012456789 01 01236789 02468
0 9 1 2 0 1 2 0 0123 012 0123456789 01234678
0 9 1 2 0 1 2 0 3 01 0123456789 0123456789
0 9 1 2 0 12 02 012345 012346789 012 0124789 02345678
0 9 1 2 0 2 0 456 0123468 012 0123456789 012456789
0 9 1 2 0 2 0 6 3 01 0123456789 012346789
0 9 1 2 0 2 01 06789 023468 012 012345679 0123456789
0 9 1 2 0 2 12 0123456789 012346789 0 0 0
0 9 1 2 0 23 012 0123456789 0123456789 0 0 0
0 9 1 2 0 34 012 0123456789 012345678 0 0 0
0 9 1 2 0 4 01 0123456789 0123456789 0 0 0
0 9 1 2 0 4 12 01456789 0123468 012 012345689 02345678
0 9 1 2 0 45 02 012345 01234568 012 0123456789 02456789
0 9 1 2 0 5 01 0123456789 0123456789 0 0 0
0 9 1 2 0 5 12 012346789 0123456789 01 023469 024568
0 9 1 2 0 56 02 01234567 012345689 0 0 0
0 9 1 2 0 6 01 01234789 012345678 0 0 0
0 9 1 2 0 6 12 01256789 012346789 01 02 08
0 9 1 2 0 67 02 012345 0123456789 01 02 08
0 9 1 2 0 7 01 01456789 012456789 01 02346 02468
0 9 1 2 0 7 1 12345678 0123456789 012 0129 024568
0 9 1 2 0 7 1 89 01234689 012 012346789 0234678
0 9 1 2 0 78 012 0123459 0123456789 012 023469 024678
0 9 1 2 0 8 0 012345 0123456789 01 02 08
0 9 1 2 0 8 01 056789 0123456789 0 0 0
0 9 1 2 0 8 1 01234 0123456789 01 01236 012468
0 9 1 2 0 8 1 456 0123456789 012 0123469 012346789
0 9 1 2 0 8 12 016789 0123456789 0 0 0
0 9 1 2 0 8 2 12345 0123456789 01 01236 02468
0 9 1 2 0 9 0 01234 0123456789 0 0 0
0 9 1 2 0 9 0 5678 0123456789 012 0123469 0234678
0 9 1 2 0 9 01 01289 0123456789 01 01236 024568
0 9 1 2 0 9 1 234567 0123456789 0 0 0
0 9 1 2 0 9 12 01789 0123456789 01 01236 0123468
0 9 1 2 01 09 02 012345 0123456789 0 012 024568
0 9 1 2 1 0 0 123456 024678 012 0123456789 012345689
0 9 1 2 1 0 01 0123456789 0123456789 01 026 048
0 9 1 2 1 0 12 0789 0124678 012 012346789 02468
0 9 1 2 1 01 02 012345 0123456789 01 012345679 01234689
0 9 1 2 1 1 01 0123456789 0123456789 02 0234 0234678
0 9 1 2 1 1 12 0123456789 0123456789 0 0 0
0 9 1 2 1 12 02 012345 0123456789 01 01236 0123468
0 9 1 2 1 2 0 345678 0123456789 0 0 0
0 9 1 2 1 2 01 012389 0123456789 01 02 08
0 9 1 2 1 2 1 345678 0123456789 0 0 0
0 9 1 2 1 2 12 012389 0123456789 0 0 0
0 9 1 2 1 23 02 012345 0123456789 0 0 0
0 9 1 2 1 3 0 345678 0123456789 0 0 0
0 9 1 2 1 3 01 01289 0123456789 012 029 0248
0 9 1 2 1 3 1 34567 0123456789 0 0 0
0 9 1 2 1 3 12 01289 0123456789 0 0 0
0 9 1 2 1 34 02 01345 0123456789 012 026789 02456789
0 9 1 2 1 4 01 0123456789 012456789 01 023469 024568
0 9 1 2 1 4 1 01234567 0123456789 01 01236 0124689
0 9 1 2 1 45 012 0123456789 012345678 0 067 024
0 9 1 2 1 5 01 0123456789 012456789 01 0123689 02468
0 9 1 2 1 56 012 0123459 0123456789 01 01236 02468
0 9 1 2 1 6 0 2345 0123456789 01 012369 01234568
0 9 1 2 1 6 01 056789 0123456789 01 02346 02468
0 9 1 2 1 6 1 01 0123456789 01 01236789 012345689
0 9 1 2 1 6 1 23456 0123456789 0 0 0
0 9 1 2 1 6 12 01789 0123456789 0 0 0
0 9 1 2 1 67 02 02345 0123456789 012 02679 02468
0 9 1 2 1 7 0 01234567 012346789 01 01236 02468
0 9 1 2 1 7 01 01234789 0123456789 0 0 0
0 9 1 2 1 7 1 456789 0123456789 0 0 0
0 9 1 2 1 7 12 012349 0123456789 0 0 0
0 9 1 2 1 78 02 0123456 0123456789 01 01236 02468
0 9 1 2 1 8 01 0123456789 012346789 012 024569 02468
0 9 1 2 1 89 012 012345789 0123456789 01 023469 024568
0 9 1 2 1 9 01 0123456789 012345678 01 02 08
0 9 1 2 12 09 012 0123456789 0123456789 012 0129 024568
0 9 1 2 2 0 0 12345 0123456789 02 0124 04678
0 9 1 2 2 0 0 56789 0123456789 0 01 0128
0 9 1 2 2 0 01 0129 0123456789 01 0123456789 0234568
0 9 1 2 2 0 1 234 0123456789 012 012469 012345689
0 9 1 2 2 0 1 456789 0123456789 0 0 0
0 9 1 2 2 0 12 012349 0123456789 0 0 0
0 9 1 2 2 01 02 0123456 0123456789 0 0 0
0 9 1 2 2 1 01 0123456789 023456789 01 02 08
0 9 1 2 2 1 12 01256789 01234689 01 0123456 02468
0 9 1 2 2 12 02 0123456789 01234568 01 02 08
0 9 1 2 2 2 012 0123456789 023456789 0 0 0
0 9 1 2 2 23 02 012345 0123456789 0 0 0
0 9 1 2 2 3 0 456789 0123456789 012 0249 0248
0 9 1 2 2 3 01 012349 0123456789 02 045 0128
0 9 1 2 2 3 1 456789 0123456789 0 0 0
0 9 1 2 2 3 12 012349 0123456789 0 0 0
0 9 1 2 2 34 02 012345 0123456789 0 0 0
0 9 1 2 2 4 01 012356789 0123456789 01 01236 02468
0 9 1 2 2 4 1 34567 01245689 01 023456789 0124689
0 9 1 2 2 45 012 012345789 01234678 0 0 0
0 9 1 2 2 5 01 0123456789 012345678 0 0 0
0 9 1 2 2 5 12 0123456789 023456789 01 02679 02468
0 9 1 2 2 56 02 01234567 0123456789 01 026 048
0 9 1 2 2 6 01 01234789 02346789 012 01234569 024568
0 9 1 2 2 6 12 012456789 0123456789 0 0 0
0 9 1 2 2 67 02 012345 01245678 012 02345689 024689
0 9 1 2 2 7 01 023456789 0123456789 0 0 0
0 9 1 2 2 7 1 12345678 012456789 01 012 023468
0 9 1 2 2 7 1 8 6 01 123456789 012346789
0 9 1 2 2 7 12 0123489 0123456789 012 024589 01246789
0 9 1 2 2 78 02 0123456789 0123456789 0 0 0
0 9 1 2 2 8 01 012345679 0123456789 0 0 0
0 9 1 2 2 8 12 01234789 0123456789 0 0 0
0 9 1 2 2 89 02 01234567 0123456789 0 0 0
0 9 1 2 2 9 01 0123456789 0123456789 0 0 0
0 9 1 2 2 9 12 0126789 0123456789 012 0234679 02468
0 9 1 2 23 09 02 012345 0123456789 0 0 0
0 9 1 2 3 0 01 01456789 0123456789 0 0 0
0 9 1 2 3 0 12 0123456789 0123456789 0 0 0
0 9 1 2 3 01 02 012345 0123456789 0 0 0
0 9 1 2 3 1 0 0123456789 0123456789 0 0 0
0 9 1 2 3 1 01 0123456789 0123456789 0 0 0
0 9 1 2 3 1 12 0123489 0123456789 0 0 0
0 9 1 2 3 12 02 012345678 0123456789 0 0 0
0 9 1 2 3 2 01 0123456789 0123456789 0 0 0
0 9 1 2 3 2 12 012345789 0123456789 0 0 0
0 9 1 2 3 23 02 0123456 0123456789 0 0 0
0 9 1 2 3 3 01 0123456789 0123456789 01 0236 0248
0 9 1 2 3 3 12 056789 0123456789 01 012369 02468
0 9 1 2 3 34 02 012345 012346789 0 0 0
0 9 1 2 3 4 01 0123456789 0123456789 01 026789 0246789
0 9 1 2 3 4 12 012456789 0123456789 0 0 0
0 9 1 2 3 45 02 012345 0123456789 01 02 08
0 9 1 2 3 5 01 01456789 0123456789 01 01236 024568
0 9 1 2 3 5 1 12 02346789 01 012346789 02345678
0 9 1 2 3 5 12 023456789 0123456789 012 023469 02489
0 9 1 2 3 56 02 012345 0123456789 0 0 0
0 9 1 2 3 6 01 0123456789 023456789 01 026 048
0 9 1 2 3 6 1 123 0123456789 01 01234689 012346789
0 9 1 2 3 6 12 013456789 0123456789 01 01236 02468
0 9 1 2 3 67 02 012345 0123456789 01 02 08
0 9 1 2 3 7 01 0456789 0123456789 01 026 08
0 9 1 2 3 7 1 01234567 0123456789 012 01279 02468
0 9 1 2 3 7 12 01789 0123456789 01 01236 023468
0 9 1 2 3 78 02 012345 012345689 01 02679 02468
0 9 1 2 3 8 01 013456789 0123456789 01 0236 0248
0 9 1 2 3 8 1 123456789 012345678 01 02 08
0 9 1 2 3 89 012 0123459 0123456789 0 0 0
0 9 1 2 3 9 0 2345 012345678 012 012346789 02345689
0 9 1 2 3 9 0 5678 0123456789 012 012456789 0246789
0 9 1 2 3 9 01 0123489 0123456789 01 03479 023456
0 9 1 2 3 9 1 45678 0123456789 012 012346789 0245689
0 9 1 2 3 9 12 01234589 0123456789 0 0 0
0 9 1 2 4 0 0 0123456 0123456789 012 02459 02458
0 9 1 2 4 0 01 012346789 0123456789 0 0 0
0 9 1 2 4 0 12 012456789 0123456789 0 0 0
0 9 1 2 4 01 02 012345 0123456789 01 01236 02468
0 9 1 2 4 1 01 123456789 0123456789 01 01236 02468
0 9 1 2 4 12 012 023456789 0123456789 01 02 08
0 9 1 2 4 2 012 012345679 0123456789 0 0 0
0 9 1 2 4 23 02 012345 0123456789 01 026789 02468
0 9 1 2 4 3 01 12456789 0123456789 01 026789 024689
0 9 1 2 4 34 012 0126789 012456789 012 01234689 01245678
0 9 1 2 4 45 012 0123456789 0123456789 0 0 0
0 9 1 2 4 5 012 012346789 0123456789 01 01236 023468
0 9 1 2 4 56 02 012345 0123456789 01 01236 02468
0 9 1 2 4 6 012 0123456789 0123456789 0 0 0
0 9 1 2 4 67 02 012345678 023456789 01 012346 0123468
0 9 1 2 4 7 01 012345679 0123456789 01 0269 0468
0 9 1 2 45 078 012 0123456789 0123456789 0 0 0
0 9 12 02 05 0124 012 012345679 0123456789 01 02 08
0 9 2 0 013 0245678 012 01234569 012345689 0 0 0
0 9 2 0 3 8 01 23456789 0123456789 0 0 0
0 9 2 0 3 89 012 012345689 02345678 01 01236 02468
0 9 2 0 34 0129 012 012345679 0123456789 01 02 08
0 9 2 0 4 2 012 0123456789 0123456789 0 0 0
0 9 2 0 4 3 01 0123456789 0123456789 0 0 0
0 9 2 0 4 3 2 012 0245678 012 0123469 012345689
0 9 2 0 4 34 012 0123456789 0246789 012 0123456789 024689
0 9 2 0 4 45 012 012346789 0123456789 0 0 0
0 9 2 0 4 567 012 0123459 01245689 012 01236789 02346789
0 9 2 0 45 01789 012 0123469 0123456789 0 01 06
0 9 2 0 5 1 01 012345678 0124568 012 0234679 02468
0 9 2 0 5 123 012 01234569 0123456789 01 01236 02468
0 9 2 0 5 3 0 6789 012346789 01 01234569 0246789
0 9 2 0 5 34 012 012346789 0123456789 02 02345 024568
0 9 2 0 5 45 01 012689 0123456789 0 0 0
0 9 2 0 56 056 012 01234569 012345678 01 0234679 02468
0 9 2 0 6 0 01 013456789 0123456789 01 0234568 023468
0 9 2 0 6 0 1 0 5 012 0123456789 0123456789
0 9 2 0 6 0 12 012346789 0245678 02 012346 012345689
0 9 2 0 6 0 2 4 01 012 0123456789 02345678
0 9 2 0 6 0 2 4 123 012 012345689 0245689
0 9 2 0 6 0 2 4 345 012 0123456789 01245678
0 9 2 0 6 0 2 4 5678 012 0123456789 0124689
0 9 2 0 6 0 2 4 89 012 0123456789 0234678
0 9 2 0 6 0 2 45 019 012 0123456789 0123456789
0 9 2 0 6 0 2 5 12 012 0123456789 01246789
0 9 2 0 6 01 02 0135 023456 012 0123456789 0245689
0 9 2 0 6 1 012 0123456789 0123456789 01 0234 02468
0 9 2 0 6 12 012 01234689 0123456789 01 0123469 02468
0 9 2 0 6 23 012 0123456789 0123456789 01 01236 02468
0 9 2 0 6 3489 012 012346789 0123456789 0 0369 0246
0 9 2 0 67 019 01 02456 012345678 012 0123469 02468
0 9 2 0 7 1 0 0123456789 0123456789 01 02456789 02468
0 9 2 0 78 01234567 01 0126789 024568 012 02346789 0124689
0 9 2 01 0189 024678 012 0123469 01245678 01 01236 0245689
0 9 2 1 1 2 0 01234567 0123456789 0 0 0
0 9 2 1 1 2 01 01234789 0123456789 01 02 08
0 9 2 1 1 2 12 0123456789 0123456789 0 0 0
0 9 2 1 1 23 02 0123456 0123456789 0 0 0
0 9 2 1 1 3 01 016789 0123456789 012 012369 02468
0 9 2 1 1 3 1 123456789 0123456789 0 0 0
0 9 2 1 1 34 012 0123459 0123456789 0 0 0
0 9 2 1 1 4 01 02345689 0123456789 01 02 08
0 9 2 1 1 4568 012 01239 012346789 012 01234569 01234678
0 9 2 1 1 8 01 0123456789 0123456789 0 0 0
0 9 2 1 1 8 12 0123456789 0123456789 0 0 0
0 9 2 1 1 89 02 012345 0123456789 0 0 0
0 9 2 1 1 9 01 0123456789 0123456789 01 012369 023468
0 9 2 1 1 9 12 01236789 0123456789 0 0 0
0 9 2 1 1 9 2 34 02456 01 0123456789 0124678
0 9 2 1 12 019 012 0123456789 0123456789 01 0123689 024678
0 9 2 1 2 12 01 0123456789 012345689 0 0 0
0 9 2 1 2 2 12 06789 012456789 0 01234567 01234678
0 9 2 1 2 23 02 01234 01245678 01 01236789 012346789
0 9 2 1 2 3 01 0123456789 012456789 012 023469 024678
0 9 2 1 2 3 12 0123456789 0123456789 0 0 0
0 9 2 1 23 0348 012 0123456789 023456789 01 02 08
0 9 2 1 34 0126 02 01234 0123456789 01 02469 0248
0 9 2 1 4 2 0 234567 0123456789 012 02469 0248
0 9 2 1 4 2 01 01789 0123456789 012 023469 0248
0 9 2 1 4 2 12 01245679 0123456789 012 012346 02468
0 9 2 1 4 234 012 012345689 0123456789 012 029 0248
0 9 2 1 456 0245678 012 0123456789 012346789 012 024 08
0 9 2 1 678 0123456789 012 01234569 0245678 0 0 0
0 9 2 12 089 02345689 012 01234569 01234568 0 0 0
0 9 2 2 0 45 012 0123456789 02346789 0 0 0
0 9 2 2 012 02678 012 0123456789 0245689 0 0 0
0 9 2 2 2 2 012 024569 01234689 012 01234569 01245678
0 9 2 2 2 23 02 012345 0123456789 01 01269 024689
0 9 2 2 2 3 01 0156789 0123456789 0 0 0
0 9 2 2 234 023456 01 01234569 012456789 01 02346789 02468
0 9 2 2 4 0 12 0123459 0123456789 01 0123469 024678
0 9 2 2 4 012 012 012345679 012456789 01 01236 024689
0 9 2 2 4 2 01 0126789 012345678 012 023469 023468
0 9 2 2 4 234 012 01236789 0123456789 0 0 0
0 9 2 2 4 456 012 01236789 01246789 0 03 024
0 9 2 2 4 6 0 8 7 01 0123456789 0123456789
0 9 2 2 4 6 012 012345689 02456789 012 024679 0124689
0 9 2 2 4 67 02 01345678 0123456789 01 02679 023458
0 9 2 2 4 78 012 0123456789 0123456789 01 02789 068
0 9 2 2 45 09 01 0123456 0123456789 0 0 0
0 9 2 2 5 0123 012 0123456789 0123456789 01 0236 0248
0 9 2 2 5 345 012 01234 0123456789 0 0 0
0 9 2 2 5 5 012 012456789 0123456789 0 0 0
0 9 23 02 035678 0245678 012 0123456789 023456789 0 0 0
0 9 3 0 8 89 012 01234679 012345678 01 012346789 0234568
0 9 3 0 89 09 012 012346789 0123456789 012 0249 0248
0 9 3 0 9 01 012 012346789 0123456789 02 04 01248
0 9 3 0 9 12 012 01234789 023456789 01 01234569 02346789
0 9 3 0 9 2 01 0123456789 0123456789 012 012369 012468
0 9 3 0 9 23 012 0123456789 012346789 01 01236 012468
0 9 3 0 9 3 012 0123456789 012345678 01 01236 02468
0 9 3 0 9 34 02 012345 012345678 012 0245689 024568
0 9 3 0 9 45 012 0123456789 0123456789 0 0 0
0 9 3 0 9 5 01 0123456789 012345689 01 0123456789 024678
0 9 3 0 9 56789 012 0123456789 0123456789 02 0245 0248
0 9 3 1 01 0123456789 012 012346789 024568 0 0 0
0 9 3 1 1 3 01 023456789 0123456789 01 0123678 02468
0 9 3 1 1 3 1 0 345689 012 0123456789 02468
0 9 3 1 1 3 1 01234567 012456789 012 012345689 02468
0 9 3 1 1 3 12 01245789 0123456789 012 0123469 023468
0 9 3 1 1 34 012 013456789 0123456789 02 02 034
0 9 3 1 1 4 12 012346789 0123456789 01 023456 024678
0 9 3 1 1 45 02 01345 0123456789 012 012346789 02468
0 9 3 1 1 5 0 123456 0123456789 01 0123469 023468
0 9 3 1 1 5 01 0789 0123456789 012 01234569 02346789
0 9 3 1 1 5 1 012345 0123456789 012 012346789 02346789
0 9 3 1 1 567 012 0123456789 0123456789 0 0 0
0 9 3 1 1 789 01 0123456789 023456789 01 02 08
0 9 3 1 12 09 012 0123456789 012345678 0 0 0
0 9 3 1 2 01 01 012346789 0123456789 0 0 0
0 9 3 1 2 123 012 0124579 0123456789 01 0123689 02468
0 9 3 1 2 3 0 2346 0123456789 012 01234569 01234568
0 9 3 1 2 345 01 0126789 0123456789 01 01236 023468
0 9 3 1 2 5 0 123456789 0123456789 0 0 0
0 9 3 1 2 56 01 0123459 0123456789 0 0 0
0 9 3 1 2 67 01 012345689 02346789 012 0123469 024689
0 9 3 1 2 7 1 5 23 012 0123456789 0124678
0 9 3 1 2 7 1 56 045689 012 012346789 023456789
0 9 3 1 2 7 12 016789 0123456789 012 023469 02468
0 9 3 1 2345 0124678 012 01234 0123456789 0 0 0
0 9 3 1 5 2 01 01456789 0123456789 0 0 0
0 9 3 1 5 2 12 0126789 0123456789 0 0 0
0 9 3 1 5 234567 012 0123469 012345689 01 0269 02468
0 9 3 1 5 7 01 0123456789 0123456789 0 0 0
0 9 3 1 5 78 012 01234569 0123456789 01 02689 02468
0 9 3 1 5 8 1 6 0 012 0123456789 0123456789
0 9 3 1 5 89 012 012346789 0123456789 012 02459 01248
0 9 3 1 5 9 012 0123456789 0123456789 0 0 0
0 9 3 1 56 09 02 023456 012346789 01 0123456 0123456789
0 9 3 1 67 0124568 01 01234569 0123456789 0 0 0
0 9 3 1 7 0 01 012346789 0123456789 0 0 0
0 9 3 1 7 01 012 012345789 0123456789 0 0 0
0 9 3 1 7 1 012 0123456789 0123456789 0 0 0
0 9 3 1 7 124 02 012345 0123456789 0 0 0
0 9 3 1 7 4 01 0123456789 0123456789 01 02 08
0 9 3 1 7 45 012 012345679 0123456789 012 0269 0248
0 9 3 1 7 56 012 0123456789 012346789 012 01234569 0246789
0 9 3 1 7 67 012 0456789 012345689 012 01234569 024678
0 9 3 1 7 78 012 012369 01245678 012 0123469 02468
0 9 3 1 78 089 012 0123456789 0123456789 012 02349 0248
0 9 3 1 8 01 012 012345689 0123456789 012 02459 023489
0 9 3 1 8 123 012 012346789 02456789 012 0129 023468
0 9 3 1 8 3 01 0123456789 0123456789 012 029 0248
0 9 3 1 8 34 012 012345689 023456789 01 01236 012468
0 9 3 1 8 456 012 0123456789 0123456789 0 0 0
0 9 3 1 8 6 01 12346789 0123456789 01 012346 01245678
0 9 3 1 8 6 1 23 0123469 012 012346789 012346789
0 9 3 1 8 67 012 01234679 012346789 01 0123456789 012468
0 9 3 1 8 7 0 123 01234789 012 0123456789 02468
0 9 3 1 8 7 012 0123456789 012456789 0 0 0
0 9 3 1 8 78 012 0123456789 0123456789 0 0 0
0 9 3 1 8 89 012 0123456789 0123456789 0 0 0
0 9 3 1 8 9 012 0123456789 0123456789 01 023469 02468
0 9 3 1 89 09 012 0123456789 02345678 0 0 0
0 9 3 1 9 01 012 0123489 012456789 01 0123456789 024568
0 9 3 1 9 1 0 01 019 012 0123456789 012456789
0 9 3 1 9 1 0 12 12346 012 0123456789 01246789
0 9 3 1 9 1 01 0123456789 0123456789 01 023469 023468
0 9 3 1 9 1 12 01234789 0123456789 012 01234689 012468
0 9 34 01 019 0126 02 0123469 0123456789 012 012345689 02468
0 9 4 0 12 06789 01 012349 0123456789 012 0124679 02468
0 9 4 0 2 0 0 456789 0123456789 0 0 0
0 9 4 0 2 0 12 0123456789 0123456789 0 0 0
0 9 4 0 2 0123 02 0123456 0123456789 0 01234 01234689
0 9 4 0 2 3 0 6 56 01 0123456789 023456789
0 9 4 0 2 3 0 6 67 012 012346789 01234689
0 9 4 0 2 3 0 67 0789 012 0123456789 01245689
0 9 4 0 2 3 0 7 01 01 0123456789 0123456789
0 9 4 0 2 3 0 7 123 012 0123456789 012346789
0 9 4 0 2 3 0 78 03456 012 01234569 012345678
0 9 4 0 2 3 0 8 01 01 0123456789 0123456789
0 9 4 0 2 3 0 8 1234 01 023456789 012345689
0 9 4 0 2 3 0 8 456 012 0123456789 012345678
0 9 4 0 2 3 0 8 678 012 0123456789 012345678
0 9 4 0 2 3 0 89 089 012 01234569 02456789
0 9 4 0 2 3 0 9 012 012 0123456789 01245678
0 9 4 0 2 3 0 9 23467 012 0123456789 012346789
0 9 4 0 2 3 01 0129 012478 012 023456789 012345678
0 9 4 0 2 3 1 234 02345678 012 0123456789 012345689
0 9 4 0 2 3 1 4 45 01 0123456789 01245689
0 9 4 0 2 3 1 4 678 012 023456789 012346789
0 9 4 0 2 3 1 45 012389 012 012346789 012456789
0 9 4 0 2 3 1 56 03456 012 01236789 012345678
0 9 4 0 2 3 1 6 012 012 012346789 0123456789
0 9 4 0 2 3 1 6 234 012 012346789 01234678
0 9 4 0 2 3 1 6 45 012 012345689 0123456789
0 9 4 0 2 3 1 6 56 012 012346789 0123456789
0 9 4 0 2 3 1 6 678 012 023456789 0123456789
0 9 4 0 2 34 01 0123456789 012456789 012 012789 0245678
0 9 4 0 2 45 012 01234679 01245689 01 01269 0246789
0 9 4 0 2 56 02 01234 0123456789 01 0123469 012468
0 9 4 0 2 6 012 012456789 0123456789 0 0 0
0 9 4 0 23 01789 01 01234569 0124568 012 012456789 012468
0 9 4 0 3 1 0 0 23456789 012 023456789 01234689
0 9 4 0 3 1 0 012 0123456789 012 012346789 0245678
0 9 4 0 3 1 0 23 023456789 01 0123456789 01246789
0 9 4 0 3 1 0 3 012 012 012345679 0234568
0 9 4 0 3 1 0 3 234 012 0123456789 024568
0 9 4 0 3 1 0 3 456 012 0123456789 024568
0 9 4 0 3 1 0 3 678 012 0123456789 02456789
0 9 4 0 3 1 0 34 089 012 012346789 02345689
0 9 4 0 3 1 0 4 012 012 012345689 01234678
0 9 4 0 3 1 0 4 2345678 012 0123456789 0245678
0 9 4 0 3 1 0 45 089 012 0123456789 0245678
0 9 4 0 3 1 0 5 0123456789 012 012346789 02468
0 9 4 0 3 1 01 2356 0123489 012 0123456789 023468
0 9 4 0 3 1 12 03456789 0123456789 0 0 0
0 9 4 0 3 123 012 012345679 0123456789 0 0 0
0 9 4 0 34 01246 01 0123456789 012346789 0 0 0
0 9 4 0 4 23456 012 01234569 0123456789 0 0345 02468
0 9 4 0 4 6 0 0123 01245678 012 01234679 024568
0 9 4 0 4 6 01 012346789 012345689 012 01234679 023468
0 9 4 0 45 01234678 012 01234569 01246789 0 0 0
0 9 4 0 567 02456 012 0123456789 02346789 0 0 0
0 9 4 0 7 23 012 023456789 0123456789 01 01236 012468
0 9 4 0 7 345 01 0123456789 0123456789 0 0 0
0 9 4 0 7 56 012 012346789 0123456789 0 0 0
0 9 4 0 7 67 012 0123456789 0123456789 0 0 0
0 9 4 0 7 789 012 0123456789 0123456789 0 0 0
0 9 4 01 0789 069 01 01234689 0123456789 0 0 0
0 9 4 1 0 01 012 012346789 0123456789 01 01236 0245678
0 9 4 1 0 12 012 01234679 023456789 012 0123469 01234678
0 9 4 1 0 2 012 012346789 0124568 01 0126789 0124689
0 9 4 1 0 23 012 012345689 0123456789 01 01236 02468
0 9 4 1 0 3 1 245678 0123456789 01 0123469 01234678
0 9 4 1 0 3 1 8 0123 01 023456789 0123456789
0 9 4 1 01 2345689 012 0245689 0123456789 01 0123456789 02468
0 9 4 1 12 049 012 0123456789 0123456789 0 0 0
0 9 4 1 2 4 012 0123456789 0123456789 0 0 0
0 9 4 1 2 5 0 0123456 0123456789 012 01234569 0245689
0 9 4 1 2 5 012 0123456789 0123456789 0 0 0
0 9 4 1 2 56 012 0123456789 0123456789 01 01269 02468
0 9 4 1 2 67 012 0123456789 012345678 01 02346 024568
0 9 4 1 2 78 012 0123456789 02346789 01 01236 0124689
0 9 4 1 23 0189 01 02 01234568 01 0123456789 012346789
0 9 4 1 3 1 0 0123456789 0123456789 01 0123469 024689
0 9 4 1 3 1 012 0126789 0123456789 0 0 0
0 9 4 1 3 12456 012 012346789 0123456789 01 026789 02468
0 9 4 1 3 678 012 0123456789 012345689 0 0 0
0 9 4 1 3 89 012 0123456789 012346789 0 0 0
0 9 4 1 4 0 0 0123 0123456789 01 02346789 012345689
0 9 4 1 4 0 0 34 056789 012 012346789 012345678
0 9 4 1 4 0 0 4 012345 012 01234569 012346789
0 9 4 1 4 0 0 4 56789 012 023456789 0123456789
0 9 4 1 4 0 0 45 0234679 012 02345689 01234568
0 9 4 1 4 01 012 012356789 012345678 01 03469 023456
0 9 4 1 4 12 012 0123456789 0123456789 0 0 0
0 9 4 1 4 2 0 9 67 01 0123456789 0123456789
0 9 4 1 4 2 0 9 78 012 012346789 0123456789
0 9 4 1 4 2 0 9 8 01 123456789 0123456789
0 9 4 1 4 2 0 9 8 12 023456789 0123456789
0 9 4 1 4 2 0 9 9 01 0123456789 0123456789
0 9 4 1 4 2 01 09 09 012 0123456789 0123456789
0 9 4 1 4 2 1 0 0 0 01234567 0123456789
0 9 4 1 4 2 1 0 0 01 0123456789 0123456789
0 9 4 1 4 2 1 0 01 012 012346789 0123456789
0 9 4 1 4 2 1 0 1 0 1234567 0123456789
0 9 4 1 4 2 1 0 1 01 012345789 0123456789
0 9 4 1 4 2 1 0 1 12 01256789 0123456789
0 9 4 1 4 2 1 0 12 012 01234569 0123456789
0 9 4 1 4 2 1 0 23 012 0123456789 0123456789
0 9 4 1 4 2 1 0 34 012 0123456789 01234568
0 9 4 1 4 2 1 0 456 01 0123456789 012345678
0 9 4 1 4 2 1 0 6 01 0123456789 0123456789
0 9 4 1 4 2 1 0 67 012 0123456789 0123456789
0 9 4 1 4 2 1 0 7 012 0123456789 02468
0 9 4 1 4 2 1 0 78 012 0123456 0123456789
0 9 4 1 4 2 1 0 89 012 012346789 0123456789
0 9 4 1 4 2 1 01 09 012 0123456789 0123456789
0 9 4 1 4 2 1 1 0 01 012346789 0123456789
0 9 4 1 4 2 1 1 0 12 0123456789 0123456789
0 9 4 1 4 2 1 1 0123467 012 0123456789 02456789
0 9 4 1 4 2 1 1 78 01 01234569 0123456789
0 9 4 1 4 2 1 12 0189 012 012346789 01245689
0 9 4 1 4 2 1 2 12345 01 0123456789 012346789
0 9 4 1 4 2 1 2 567 012 012345679 0123456789
0 9 4 1 4 2 1 23456 012346789 012 012346789 02345678
0 9 4 1 4 2 1 789 012346789 01 0123456789 023456789
0 9 4 1 4 2 1 9 34 012 0123456789 012456789
0 9 4 1 4 2 1 9 45 012 012346789 02345689
0 9 4 1 4 23 012 0123456789 012345689 012 0234569 024
0 9 4 1 4 3 12 0123456789 0123456789 012 01269 024678
0 9 4 1 45 2345678 012 0123469 0123456789 012 0249 01248
0 9 4 1 5 4 01 0123456789 0123456789 0 0 0
0 9 4 1 5 45 01 0123456789 012346789 0 0 0
0 9 4 1 5 56 012 012456789 0123456789 01 0236 024689
0 9 4 1 5 6 0 123456 0123456789 012 024569 02345678
0 9 4 1 5 6 01 0126789 0123456789 012 02459 02458
0 9 4 1 5 6 1 2345678 0123456789 012 012369 0245689
0 9 4 1 5 6 12 01234589 0123456789 01 0245 02468
0 9 4 1 5 678 02 012345 012345689 012 01234569 01246789
0 9 4 1 5 8 012 01246789 012346789 01 01236789 0234689
0 9 4 1 5 89 02 01245678 0123456789 012 01234569 012468
0 9 4 1 567 0234689 01 01234689 012345678 0 0 0
0 9 4 1 7 6 01 01234689 0123456789 012 023456789 02468
0 9 4 1 7 6 12 01456789 012345689 012 02349 0124678
0 9 4 1 7 67 02 012345 0123456789 01 026789 0124568
0 9 4 1 7 7 01 0123456789 0123456789 01 012 0248
0 9 4 1 78 01278 012 0123456789 0123456789 0 0 0
0 9 4 1 8 2 01 012345689 0123456789 0 0 0
0 9 4 1 8 23 012 023456789 0123456789 0 0 0
0 9 4 1 8 34 012 01234689 012456789 0 0 0
0 9 4 1 8 45 01 0123456789 012346789 0 0 0
0 9 4 1 8 5 12 012356789 0123456789 0 0 0
0 9 4 1 8 5678 012 01234569 0123456789 01 01269 012468
0 9 4 1 8 8 12 0456789 0123456789 01 02346 024678
0 9 4 1 8 8 2 0123 0123456789 01 012346789 0245678
0 9 4 1 8 8 2 3 01234567 012 0123456789 02345689
0 9 4 1 89 089 012 02345 0123456789 012 012569 02345689
0 9 4 1 9 01268 012 0123456789 012345678 0 0 0
0 9 4 1 9 8 1 2345678 012468 012 0123469 012346789
0 9 4 1 9 89 012 0123489 0123456789 012 023469 0245678
0 9 4 1 9 9 01 01256789 0234568 012 0123469 01245678
0 9 4 1 9 9 1 2 89 012 0123456789 0234678
0 9 4 1 9 9 1 23 01239 012 01234569 012468
0 9 4 1 9 9 1 3 345 012 012346789 024678
0 9 4 12 09 019 012 0123456789 024568 012 012459 012345689
0 9 4 2 01 124678 012 0123469 0123468 012 023456789 012456789
0 9 4 2 2 48 01 012345689 0246789 012 012456789 012345678
0 9 4 2 2 8 1 2467 0123456789 01 012346789 01246789
0 9 4 2 2 89 012 01234589 012456789 012 0124689 012345678
0 9 4 2 2 9 0 1 1234 012 0123456789 0123456789
0 9 4 2 2 9 012 0123456789 012345689 01 02 08
0 9 4 2 23 019 012 012346789 012345678 0 0 0
0 9 4 2 3 12 012 0123489 0123456789 012 0239 024678
0 9 4 2 3 2 012 0123456789 01234678 012 02346 048
0 9 4 2 3 23456 012 0123456789 0123456789 0 0 0
0 9 4 2 3 67 012 012345679 0123456789 0 01 0124689
0 9 4 2 3 7 0 01234689 012468 01 012345689 023456789
0 9 4 2 3 7 1 012 024678 012 012345679 012456789
0 9 4 2 34 018 01 01234569 0123456789 0 0 0
0 9 4 2 4 12 012 0123456789 012345689 01 0245 048
0 9 4 2 4 2345 012 01234569 0234568 012 0123569 012468
0 9 4 2 4 56 01 0123456789 0123456789 01 01236 024568
0 9 4 2 4 6 01 06789 012345689 012 01246789 01234678
0 9 4 2 4 6 1 01 023456789 012 012345689 01234568
0 9 4 2 4 67 012 01234569 02345689 012 0234569 01245689
0 9 4 2 4 7 012 0123456789 0123456789 012 02369 02468
0 9 4 2 4 789 012 0123456789 012345689 0 0 0
0 9 4 2 4 9 12 0123789 0123456789 01 02345679 012468
0 9 4 2 45 09 012 012345689 0123456789 0 0 0
0 9 4 2 5 012 012 012346789 012345689 0 0 0
0 9 4 2 5 2345 012 0123456789 0123456789 0 0 0
0 9 45 02 05 02345 01 012346789 012345678 012 02459 012489
0 9 5 0 01 05678 012 012346789 012456789 0 0 0
0 9 5 0 1 012 012 0123456789 0123456789 01 0246 048
0 9 5 0 1 2345 012 0123456789 012346789 01 09 02
0 9 5 0 123 014568 012 0123456789 012346789 0 0 0
0 9 5 0 3 12345678 012 012346789 02345678 0 0 0
0 9 5 0 3 8 01 0123456789 0123456789 0 0 0
0 9 5 0 3 89 012 012345679 0123456789 0 0 0
0 9 5 0 34 0239 012 01234569 0123456789 0 0 0
0 9 5 0 4 346 012 0123456789 0123456789 0 0 0
0 9 5 0 4 67 012 0123456789 023456789 0 0 0
0 9 5 0 4 7 01 01234569 0123456789 0 0 0
0 9 5 0 45 2678 012 023456789 0123456789 0 0 0
0 9 5 0 56 045689 012 023456789 0123456789 0 0 0
0 9 5 0 67 06789 012 012346789 012345678 0 0 0
0 9 5 0 78 01234689 012 012345679 0234689 01 023456 024678
0 9 5 0 8 12 01 0126789 0123456789 01 02 08
0 9 5 0 8 2345 012 012346789 012345689 0 0 0
0 9 5 0 8 5 012 0126789 0123456789 0 0 0456
0 9 5 0 8 56 02 02345 0123456789 01 012345679 0245689
0 9 5 0 8 67 012 0123456789 01246789 0 0 0
0 9 5 01 089 02678 012 012345689 0123456789 0 0 0
0 9 5 1 0 0 01 0123459 0123456789 012 012345689 02346789
0 9 5 1 0 0 1 5678 012346789 01 012346789 012345689
0 9 5 1 0 0 1 89 01248 01 0123456789 0123456789
0 9 5 1 0 0 1 9 2 01 013456789 0123456789
0 9 5 1 0 0 1 9 2 12 0123456789 0123456789
0 9 5 1 0 0 12 019 0123468 02 012345 0123456789
0 9 5 1 0 0 2 1 3 012 0123456789 01246789
0 9 5 1 0 0 2 1 34 012 0123456789 012345689
0 9 5 1 0 0 2 1245 0234568 02 012345 02456789
0 9 5 1 0 0 2 5 3 01 012356789 0123456789
0 9 5 1 0 01 02 05 03458 012 0123456789 012345689
0 9 5 1 0 1 01 0123456789 0123456789 0 0 0
0 9 5 1 0 1 12 0123456789 0123456789 0 0 0
0 9 5 1 0 124567 012 012346789 01234568 012 02459 02348
0 9 5 1 01 01789 01 0123456789 0123456789 0 0 0
0 9 5 1 1 1 01 0123456789 0123456789 0 0 0
0 9 5 1 12 0128 012 012345679 0123456789 0 0 0
0 9 5 1 2 8 01 012345789 01245678 01 0123456789 012345678
0 9 5 1 2 89 012 0123456789 0123456789 01 0569 026789
0 9 5 1 23 09 012 0123456789 0245689 0 0 0
0 9 5 1 3 0 012 0123456789 0123456789 0 0 0
0 9 5 1 3 01 012 0123456789 0123456789 01 012369 02468
0 9 5 1 3 123 012 0123456789 0123456789 01 01236 024689
0 9 5 1 3 34 02 0123456 0123456789 0 0 0
0 9 5 1 3 4 01 0126789 0123456789 0 0 0
0 9 5 1 3 4 1 23456789 0123456789 0 0 0
0 9 5 1 3 45 012 0123459 012345678 0 0 0
0 9 5 1 3 5 01 013456789 012345689 0 0 0
0 9 5 1 3 5 1 1234567 0123456789 0 0 0
0 9 5 1 3 5 12 0123789 0123456789 0 0 0
0 9 5 1 3 5678 012 01234569 012346789 01 01236 012345678
0 9 5 1 34 089 012 0123456789 023456789 01 0134569 0124678
0 9 5 1 4 0 0 8 0123 012 0123456789 012346789
0 9 5 1 4 0 012 0123456789 012345689 01 01236 023468
0 9 5 1 4 01 012 0123456789 01234568 01 0123469 012468
0 9 5 1 4 12 02 012345 0123456789 0 0 0
0 9 5 1 4 2 012 0123456789 0123456789 0 0 0
0 9 5 1 4 23 02 0134678 0123456789 012 024569 0123468
0 9 5 1 45 234 012 012456789 0123456789 01 0679 01269
0 9 5 1 5 2345 012 01234569 0123456789 0 0 0
0 9 5 1 5 56 012 01256789 0123456789 01 023469 02468
0 9 5 1 5 678 012 01234569 0123456789 01 02346 02348
0 9 5 1 56 0189 01 0123456789 023456789 0 0 0
0 9 5 1 6 123 012 0123456789 0123456789 0 0 0
0 9 5 1 6 34 012 0123456789 0123456789 0 0 0
0 9 5 1 6 4 0 1234567 0123456789 01 01236 0234689
0 9 5 1 6 4 0 789 012456789 012 02345689 0124568
0 9 5 1 6 4 0 9 0123 012 012346789 0123456789
0 9 5 1 6 4 0 9 3 012 01234679 0123456789
0 9 5 1 6 4 012 012345679 0123456789 02 04 04568
0 9 5 1 6 4567 012 01235689 01234568 012 012459 0124568
0 9 5 1 6 789 012 0236789 02345678 01 0123689 012345689
0 9 5 1 6 9 12 0126789 0123456789 01 01269 02468
0 9 5 1 67 09 012 01234569 0123456789 0 0 0
0 9 5 1 7 012 012 023456789 012345678 0 0 0
0 9 5 1 7 23 012 023456789 0123456789 0 0 0
0 9 5 1 7 3 12 012346789 0123456789 0 0 0
0 9 5 1 7 345 012 0123456789 0123456789 0 0 0
0 9 5 1 7 567 012 0123456789 0123456789 0 0 0
0 9 5 1 7 7 01 03456789 0123456789 01 0269 0468
0 9 5 1 7 789 01 012345689 012456789 0 0 0
0 9 5 1 78 019 012 012345679 0123456789 0 0 0
0 9 5 1 8 1 12 012356789 0123456789 0 013 012468
0 9 5 1 8 12 02 01234 0456789 01 023456789 012456789
0 9 5 1 8 23 01 012346789 012456789 012 02459 02458
0 9 5 12 089 02345689 012 0123469 02346789 01 02 08
0 9 5 2 0 9 12 024569 01234568 012 0123456789 02345678
0 9 5 2 1 0 0 013456 0123456789 012 02459 0248
0 9 5 2 1 0 01 01236789 0123456789 0 0 0
0 9 5 2 1 0 12 01456789 0123456789 0 0 0
0 9 5 2 1 01 012 012345 0123456789 01 0267 068
0 9 5 2 1 123 01 023456789 0123456789 01 089 024678
0 9 5 2 1 34 012 0123459 0123456789 0 0 0
0 9 5 2 1 4 01 0123456789 023456789 012 0123469 012468
0 9 5 2 1 4 1 123456 02345689 012 01234569 01234568
0 9 5 2 1 45 012 012345789 0123456789 0 0 0
0 9 5 2 1 5 0 12345 012456789 01 01234689 0123468
0 9 5 2 1 5 01 012356789 0124689 012 02345679 02345678
0 9 5 2 1 5 12 0123456789 012345689 01 012346 023468
0 9 56 02 012 0245678 012 0123456789 02346789 012 0129 02468
0 9 6 0 0 0123 012 0123456789 012345678 0 0 0
0 9 6 0 0 3467 012 012345679 0123456789 0 0 0
0 9 6 0 0 7 012 0123456789 01234689 0 0 0
0 9 6 0 0 789 012 012345689 0123456789 0 0 0
0 9 6 0 01 09 012 012346789 0123456789 0 0 0
0 9 6 0 1 0126 012 012346789 012456789 0 0 0
0 9 6 0 1 6 012 0123456789 02345689 012 0123469 012468
0 9 6 0 1 67 012 0123456789 0123456789 02 045 02458
0 9 6 0 1 78 012 023456789 012345689 0 0 0
0 9 6 0 1 89 012 023456789 0123456789 0 0 0
0 9 6 0 123 046789 012 012345679 02345689 0 0 0
0 9 6 0 3 012 012 012346789 02345678 0 0 0
0 9 6 0 3 234 012 0123456789 01234678 0 0 0
0 9 6 0 34 02345678 012 012345689 0123456789 0 0 0
0 9 6 0 4 4 01 01234567 0123456789 0 0 0
0 9 6 0 4 45 01 013789 02345678 01 0123456789 012346789
0 9 6 0 4 5 0 3 89 012 012346789 0123456789
0 9 6 0 4 5 0 3 9 0 123456789 0123456789
0 9 6 0 4 5 0 3 9 01 0123456789 0123456789
0 9 6 0 4 5 0 34 09 012 012346789 0123456789
0 9 6 0 4 5 0 4 01 012 0123456789 0123456789
0 9 6 0 4 5 0 4 1 01 0123456789 0123456789
0 9 6 0 4 5 0 4 12 02 01234567 0123456789
0 9 6 0 4 5 0 4 2 01 012345689 0123456789
0 9 6 0 4 5 0 4 23 012 012346789 012345689
0 9 6 0 4 5 0 4 34 012 012346789 012346789
0 9 6 0 4 5 0 4 45 012 0123456789 0123456789
0 9 6 0 4 5 0 45678 0245678 012 0123456789 01245678
0 9 6 0 4 56 012 012346789 02345689 01 024569 0248
0 9 6 0 4 67 012 0123456789 023456789 01 01236 02468
0 9 6 0 456 0678 012 012346789 0123456789 01 02 08
0 9 6 0 6 012 012 012349 0123456789 0 0 0
0 9 6 0 6 2 01 01456789 0123456789 0 0 0
0 9 6 0 6 2 1 1234567 0123456789 0 0 0
0 9 6 0 6 2 12 0123789 0123456789 01 01236 023468
0 9 6 0 6 23 012 0123456789 0123456789 0 0 0
0 9 6 01 1269 023456 012 023456789 0123456789 0 0 012
0 9 6 1 2 67 01 023456789 012456789 01 012346 02468
0 9 6 12 0126789 02456789 01 026789 0234678 012 02459 02458
0 9 6 2 234 0123456789 012 0123456789 024689 0 0 0
0 9 67 02 0456 012345789 012 012345679 01234568 0 0 0
0 9 7 0 6 45 01 0123456789 0123456789 0 0 0
0 9 7 0 6 5 01 0123456789 0123456789 0 0 0
0 9 7 0 6 56 012 0123456789 0123456789 0 0 0
0 9 7 0 67 0126789 012 012346789 01246789 0 0 0
0 9 7 0 7 2345 012 0123456789 024678 0 0 0
0 9 7 0 7 567 012 012345689 0123456789 0 0 0
0 9 7 0 78 02346789 012 0123456789 01234689 0 0 0
0 9 7 01 089 02345678 012 0123456789 01234689 0 0 0
0 9 7 1 0 7 012 0123456789 0123456789 01 0236 0248
0 9 7 1 01234 0123456789 012 0234679 0246789 0 0 0
0 9 7 12 0456789 0123456789 01 0245679 02468 0 0 0
0 9 78 02 012345 012456789 012 0234569 0245678 0 0 0
0 9 8 0 01 012346789 012 01234569 01234568 0 0 0
0 9 8 0 12367 012345678 01 026789 0245689 0 0 0
0 9 8 0 789 0689 012 0123456789 01234678 012 02469 0124678
0 9 8 0 9 67 012 023456789 01234568 0 0 0
0 9 8 0 9 78 02 012345 012345689 01 01269 0123468
0 9 8 0 9 8 01 0123456789 0123456789 0 0 0
0 9 8 0 9 8 12 0123456789 0123456789 0 0 0
0 9 8 0 9 8 2 123 023456789 01 0123456789 01246789
0 9 8 0 9 8 2 3 01 012 0123456789 012456789
0 9 8 0 9 8 2 3 1 01 0123456789 0123456789
0 9 8 0 9 8 2 3 12345678 012 0123456789 0123456789
0 9 8 01 09 089 012 01234569 02345689 01 01234689 024568
0 9 8 1 0 01 012 012345689 012456789 0 0 0
0 9 8 1 01 01234689 012 02345679 012345678 0 0 0
0 9 8 1 12 01234789 012 01234569 012346789 0 0 0
0 9 8 1 2 4 1 34 01456789 012 012346789 024689
0 9 8 1 2 4 1 45 0123456789 012 0123456789 02468
0 9 8 1 2 4 1 5 01234678 012 0123456789 02468
0 9 8 1 2 4 1 56 01289 012 0123456789 02468
0 9 8 1 2 4 1 6 23456 012 0123456789 023468
0 9 8 1 2 4 1 6 789 012 012345689 0124568
0 9 8 1 2 4 1 7 02345 012 012345689 01234689
0 9 8 1 2 4 1 78 012345689 01 01236789 01245689
0 9 8 1 2 4 1 89 01456789 012 012346789 02456789
0 9 8 1 2 45 012 012349 012345678 012 0123456789 024689
0 9 8 1 2 56 012 0123456789 0123456789 0 0 0
0 9 8 1 2 6 1 0123456 0123456789 0 0 0
0 9 8 1 2 6 12 012346789 0123456789 0 0 0
0 9 8 1 2 6789 02 01345689 023456789 012 01234679 02468
0 9 8 1 2 9 1 012345 012456789 012 0123679 02468
0 9 8 1 2 9 12 0156789 0123456789 012 0123469 02468
0 9 8 1 23 026789 012 012345689 024689 0 0 0
0 9 8 1 34 0129 012 012345689 0123456789 0 0 0
0 9 8 1 4 23 012 0123456789 0123456789 01 02 08
0 9 8 1 45 2345678 012 0123456789 02345678 0 0 0
0 9 8 1 5 345678 012 0123456789 02345678 0 0 0
0 9 8 1 5 8 01 012456789 01246789 01 012346 0234568
0 9 8 1 5 8 12 02389 01234678 012 012346789 01246789
0 9 8 1 5 89 02 01345 0123456789 012 012346789 02468
0 9 8 1 5 9 012 01246789 0123456789 012 01234679 02468
0 9 8 1 56 01239 012 023456789 023456789 012 012369 02468
0 9 8 1 67 01345689 012 0123456789 01234689 01 0123689 02468
0 9 8 1 7 12345 012 0123456789 01245678 0 0 0
0 9 8 1 78 012345689 012 0123469 01245689 0 0 0
0 9 8 1 8 5678 01 01236789 0234689 01 02679 0268
0 9 89 01 01236789 012345689 012 0234569 02345678 0 0 0
0 9 9 0 7 567 01 0123456789 0123456789 0 0 0
0 9 9 0 7 78 012 023456789 0123456789 0 0 0
0 9 9 0 78 0289 02 01234 0245678 01 0123456789 02468
0 9 9 0 8 2 0 0 8 12 0123456789 02468
0 9 9 0 8 2 0 0 89 012 0123456789 02468
0 9 9 0 8 2 0 01 09 012 0123456789 024568
0 9 9 0 8 2 0 1 0 01 0123456789 023468
0 9 9 0 8 2 0 1 01 012 01234589 024678
0 9 9 0 8 2 0 1 1 01 0123456789 0245678
0 9 9 0 8 2 0 1 12 012 0123489 01234689
0 9 9 0 8 2 0 1 2 01 0123456789 024568
0 9 9 0 8 2 0 1 23 012 0123456789 024678
0 9 9 0 8 2 0 1 3 01 0123456789 02468
0 9 9 0 8 2 0 1 34 012 0123456789 0234568
0 9 9 0 8 2 0 1 4 01 0123456789 012345678
0 9 9 0 8 2 0 1 45 012 012345689 023468
0 9 9 0 8 2 0 1 56 012 0123456789 0234689
0 9 9 0 8 2 01 234567 012345689 01 01234689 0123468
0 9 9 0 8 2 1 7 67 012 0123456789 012456789
0 9 9 0 8 2 1 7 78 01 012345689 0234568
0 9 9 0 8 2 1 7 89 012 0123456789 024678
0 9 9 0 8 2 1 7 9 012 0123456789 0245678
0 9 9 0 8 2 1 8 0 012 0123456789 0123468
0 9 9 0 8 2 1 8 01 012 0123456789 0124689
0 9 9 0 8 2 1 8 1 12 0123456789 023456789
0 9 9 0 8 2 1 8 12 012 0123456789 01234568
0 9 9 0 8 2 1 8 23 012 0123456789 012468
0 9 9 0 8 23 01 0689 02348 012 01234569 023456789
0 9 9 0 8 3 0 6 45 012 012456789 01234568
0 9 9 0 8 3 0 6 5 012 0123456789 0234568
0 9 9 0 8 3 0 6 56 012 012345689 012456789
0 9 9 0 8 3 0 6 6 12 0123456789 01246789
0 9 9 0 8 3 0 6 67 012 012345689 01245678
0 9 9 0 8 3 0 6 78 012 0123456789 024568
0 9 9 0 8 3 0 6 8 01 0123456789 012456789
0 9 9 0 8 3 0 6 89 012 0123456789 012345678
0 9 9 0 8 3 0 6 9 012 0123456789 02345689
0 9 9 0 8 3 0 67 09 02 0123456 0123456789
0 9 9 0 8 3 0 7 0 012 0123456789 02345678
0 9 9 0 8 3 0 7 01 012 012345689 012345678
0 9 9 0 8 3 0 7 1 12 0123456789 012346789
0 9 9 0 8 3 0 78 01248 012 0123456789 0234568
0 9 9 0 8 3 0 8 89 012 012345679 01245678
0 9 9 0 8 3 0 8 9 01 0123456789 012346789
0 9 9 0 8 3 0 89 09 012 0123456789 0234568
0 9 9 0 8 3 0 9 01 012 0123456789 024689
0 9 9 0 8 3 0 9 1 01 0123456789 0123456789
0 9 9 0 8 3 0 9 12 012 023456789 02346789
0 9 9 0 8 3 0 9 2 01 0123456789 0234568
0 9 9 0 8 3 0 9 23 012 0123456789 0246789
0 9 9 0 8 3 0 9 3 01 0123456789 012346789
0 9 9 0 8 3 0 9 34 012 0123456789 02468
0 9 9 0 8 3 0 9 45 012 012456789 0124568
0 9 9 0 8 3 0 9 5 01 0123456789 02456789
0 9 9 0 8 3 01 019 0123456789 012 012456789 0123468
0 9 9 0 8 3 1 1 2 01 0123456789 01245689
0 9 9 0 8 3 1 1 23 012 0123456789 024678
0 9 9 0 8 3 1 1 3 01 123456789 02456789
0 9 9 0 8 3 1 1 34 012 0123456789 01234568
0 9 9 0 8 3 1 1 45 012 0123456789 0246789
0 9 9 0 8 3 1 1 5 01 0123456789 0123456789
0 9 9 0 8 3 1 1 56 012 012345689 01245689
0 9 9 0 8 3 1 1 6 012 0123456789 023468
0 9 9 0 8 3 1 1 678 012 0123456789 0123468
0 9 9 0 8 3 1 1 8 012 012346789 012346789
0 9 9 0 8 3 1 1 89 012 0123456789 0234568
0 9 9 0 8 34 01 012 0234589 012 0123456789 024678
0 9 9 0 8 4 01 0123456789 0123456789 0 0 0
0 9 9 0 8 56 01 0123456789 0123456789 0 0 0
0 9 9 0 8 6 12 0123456789 0123456789 0 0 0
0 9 9 01 012389 02456789 012 01234569 0123456789 0 0 0
0 9 9 1 345 012345678 012 0123456789 024689 0 0 0
0 9 9 1 5678 0126789 01 023456789 02468 0 03456 0123456789
0 9 9 1 8 1 0 8 23 01 0123456789 0123456789
0 9 9 1 8 1 0 8 3 12 0123456789 0123456789
0 9 9 1 8 1 0 8 34 012 0123456789 0123456789
0 9 9 1 8 1 0 8 45 012 012346789 0123456789
0 9 9 1 89 1234568 012 0123456789 023468 0 0 0
0 9 9 1 9 3456 012 012345689 01234689 0 0 0
01 09 09 012 0129 012456789 012 02346789 01234568 0 0 0
1 0 0 0 0123 0123456789 01 01236 0124568 012 01234569 0124568
1 0 0 0 34 0234689 012 012346789 0123456789 0 0 0
1 0 0 0 4 23 02 012346 0123456789 01 012345679 02468
1 0 0 0 4 3 0 67 234568 012 012346789 02468
1 0 0 0 4 3 0 789 023456789 012 012345689 02468
1 0 0 01 23469 0234689 01 0123456789 0123456789 0 0 0
1 0 01 012 02459 024589 012 01234569 0124678 01 02689 023468
1 0 1 0 0 012 012 01234569 0123456789 0 0 0
1 0 1 0 0 23 012 01245679 0123456789 0 0 0
1 0 1 0 0 3489 012 0123456789 01245678 0 0 0
1 0 1 0 013 01234569 012 0123456789 023468 01 02 08
1 0 1 0 3 23 012 01234569 01246789 01 023469 012468
1 0 1 0 34 012346789 012 012346789 0245689 0 0 0
1 0 1 0 4 456 012 0123456789 012345678 0 0 0
1 0 1 0 45 06789 012 012345689 023456789 0 0 0
1 0 1 0 5 012 012 0123456789 012456789 0 0 0
1 0 1 0 5 23 012 0123469 01234678 01 01234689 024568
1 0 1 0 5 3 012 0123456789 0123456789 01 02 08
1 0 1 0 5 45 0 0123456 0123456789 0 0 0
1 0 1 0 56 056 012 0123456789 0123456789 0 0 0
1 0 1 0 67 01234689 012 0123456789 0245678 0 0 0
1 0 1 0 7 9 012 012345679 0123456789 01 012346 024678
1 0 1 0 78 089 012 0123456789 0123456789 01 0246 048
1 0 1 0 89 012459 012 0123459 0123456789 0 0 0
1 0 1 0 9 56 012 0123456789 012345678 01 012346789 024678
1 0 1 0 9 678 01 02346789 0245678 012 0123456789 02468
1 0 1 0 9 89 01 012346 0123468 012 012346789 023456789
1 0 1 01 09 09 01 02456789 0123456789 01 02456789 01245689
1 0 1 1 0 01 012 01234569 0123456789 0 0 0
1 0 1 1 0 12345678 012 012345679 0123468 0 0 0
1 0 1 1 012 01245689 01 01234569 012346789 0 0 0
1 0 1 1 23 02456789 012 012345679 023468 0 0 0
1 0 1 1 34679 02345678 012 012346789 012345689 0 0 0
1 0 1 12 09 02389 012 0123456789 02346789 0 0 0
1 0 1 2 02 3468 01 0123456789 02345678 0 0 0
1 0 1 2 2 67 012 012346789 0123456789 0 0 0
1 0 1 2 23 0123478 012 012345689 01245678 0 0 0
1 0 1 2 3 4 01 23456789 0123456789 0 0 0
1 0 1 2 3 45678 012 0123456789 01234689 0 0 0
1 0 1 2 45 045678 01 012345679 012456789 0 0 0
1 0 1 2 5 01 012 0123456789 012345678 0 0 0
1 0 12 02 05 01245 012 012345679 012346789 0 0 0
1 0 2 0 01 68 0 0 02345 012 01234569 0123456789
1 0 2 0 1 6 0 01345 024568 012 01236789 023456789
1 0 2 0 12 02678 01 01256789 01245678 01 01234689 0124689
1 0 2 0 2 23 012 012346789 0234678 0 0 0
1 0 2 0 23 23456 012 0123456789 0123456789 01 029 028
1 0 2 0 3 678 012 0123456789 01234689 0 0 0
1 0 2 0 345 01289 012 0234569 0123456789 01 01236 02468
1 0 2 0 56 2346 01 0123456789 01246789 012 0246789 02468
1 0 2 0 6 4 01 019 01245689 012 01234569 023468
1 0 2 0 6 4567 01 012346 0123456789 01 023456 02468
1 0 2 0 6 7 0 569 0246 01 0123456789 012345678
1 0 2 0 6 7 0 9 67 012 01234569 012345678
1 0 2 0 6 7 0 9 7 01 0123456789 0123456789
1 0 2 0 6 7 0 9 78 012 0123456789 0123456789
1 0 2 0 6 7 0 9 89 01 012345689 0123456789
1 0 2 0 6 78 01 0123456789 012345689 01 079 026
1 0 2 0 6 8 01 0123489 0123456789 01 01236789 0124678
1 0 2 0 6 89 012 0123456789 012345678 0 013 023468
1 0 2 0 6 9 1 45 01289 012 0123456789 012345678
1 0 2 01 0126789 0246789 012 0123456789 012345689 012 0123456 02468
1 0 2 1 2 89 01 02346789 012345678 01 01236 012468
1 0 2 1 2 9 01 2345689 0123456789 01 01236 02468
1 0 2 1 2 9 12 016789 0123456789 01 026789 024689
1 0 2 1 2 9 2 12345 0123456789 0 012 024568
1 0 2 1 23 09 02 01345 012345689 012 01234569 0234678
1 0 2 1 3 0 0 5 1 01 0123456789 0123456789
1 0 2 1 3 0 0 56 1246 012 0123456789 012345678
1 0 2 1 3 0 0 6 4567 012 023456789 0245678
1 0 2 1 3 0 0 6 78 012 0123456789 023456789
1 0 2 1 3 0 0 67 089 012 01234569 01234568
1 0 2 1 3 0 012 0123456789 012345678 012 0123456 0234568
1 0 2 1 3 12 01 012345689 0123456789 0 0 0
1 0 2 1 3 234 01 01234567 023456789 01 0123469 01234678
1 0 2 1 3 45 01 0123456789 0123456789 0 0 0
1 0 2 1 3 5 01 0123456789 0123456789 0 0 0
1 0 2 1 34 056 012 023456789 0123456789 0 0 0
1 0 2 1 45 01234 012 01234679 02345678 0 0 0
1 0 2 1 56 02346 012 012345689 01245678 012 01234569 01234568
1 0 2 1 6 34 012 012345689 023456789 012 012346 024568
1 0 2 1 6 45 012 0123459 0123456789 0 0 0
1 0 2 1 6 5 0 345 0123456789 012 0123456789 012346789
1 0 2 1 6 5 01 0569 01246789 012 012346789 01234568
1 0 2 1 67 568 01 012346789 01234689 01 01236 012468
1 0 2 1 7 67 012 02456789 0123468 012 0234569 023456789
1 0 2 1 7 7 01 012789 02345689 012 01234569 01245678
1 0 2 1 7 7 1 2 2346789 012 012345679 0234568
1 0 2 1 7 789 012 023456789 0123456789 0 0 0
1 0 2 1 78 012349 012 0123456789 01245678 0 0 0
1 0 2 12 09 023 01 0123456789 0123456789 0 0 0
1 0 2 2 0 34 012 0123456789 02345689 0 0 0
1 0 2 2 0 4 01 012456789 023456789 0 0 0
1 0 2 2 0 45 012 0123459 012345678 0 0 0
1 0 2 2 0 5 01 0123456789 0123456789 0 0 0
1 0 2 2 0 56 012 0123456789 0123456789 0 0 0
1 0 2 2 0 6 01 0123456789 012468 01 012 0123456789
1 0 2 2 0 67 012 0123456789 0245689 01 0236 01248
1 0 2 2 0 7 012 0123456789 0123456789 0 0 0
1 0 2 2 0 78 02 012345 01234689 01 012346 02468
1 0 2 2 0 8 01 0123456789 012345678 0 0 0
1 0 2 2 0 89 012 0123459 012346789 01 02 08
1 0 2 2 0 9 01 0123456789 012345689 01 01236 023468
1 0 2 2 01 09 012 012345689 012346789 0 0 0
1 0 2 2 1 0 01 0123456789 0123456789 0 0 0
1 0 2 2 1 01 012 01234569 012345689 0 0 0
1 0 2 2 1 1 01 0123456789 0123456789 01 012346 0246789
1 0 2 2 1 1 1 56 0234568 01 0123456789 0123456789
1 0 2 2 1 1 1 67 0126789 01 0123456789 0234678
1 0 2 2 1 12 012 012345789 0123456789 012 02459 01248
1 0 2 2 1 2 01 0123456789 01234568 0 0 0
1 0 2 2 1 23 012 012345789 012345689 0 0 0
1 0 2 2 1 3 012 0123456789 01246789 0 0 0
1 0 2 2 1 34 02 01234567 012345678 01 0236 0248
1 0 2 2 1 4 01 012789 0123456789 01 012345689 0124568
1 0 2 2 1 4 12 0123456789 0123456789 0 0 0
1 0 2 2 1 5 01 0123456789 023456789 0 0 0
1 0 2 2 1 5 12 012456789 0245678 01 023456789 01234689
1 0 2 2 1 56 02 0123456 0123456789 012 012459 0234568
1 0 2 2 1 6 01 012345789 012346789 012 012349 02468
1 0 2 2 1 67 012 0123456789 024689 01 012346 0234678
1 0 2 2 1 7 0 123456789 02346789 01 012346 024568
1 0 2 2 1 7 1 0123 02345678 012 0123456789 0246789
1 0 2 2 1 7 12 0123456789 0123456789 01 0246 048
1 0 2 2 1 78 012 0123456789 012345689 0 0 0
1 0 2 2 1 89 012 0123456789 0123456789 0 0 0
1 0 2 2 1 9 0 34 0124567 012 0123456789 02345689
1 0 2 2 1 9 01 0123456789 012345678 01 012689 023468
1 0 2 2 1 9 12 0123456789 0123456789 0 0 0
1 0 2 2 2 0 01 0123456789 012346789 0 0 0
1 0 2 2 2 0 12 0123456789 012345678 01 012345689 0234678
1 0 2 2 2 0 2 1 678 01 0123456789 012345689
1 0 2 2 2 0 2 123 01234689 01 0123456789 01246789
1 0 2 2 2 01 02 0123456789 0123456789 0 0689 0468
1 0 2 2 2 1 012 0123456789 012345678 01 012 02678
1 0 2 2 2 12 02 01234567 0123456789 01 023469 024678
1 0 2 2 2 2 01 012345789 02345689 01 01234569 01246789
1 0 2 2 2 2 12 056789 012345678 012 01234569 0124568
1 0 2 2 2 23 02 012345 012345678 01 02689 02468
1 0 2 2 2 3 0 5 3 01 0123456789 0123456789
1 0 2 2 2 3 0 567 02345689 012 023456789 0123468
1 0 2 2 2 3 01 0123456789 012345689 02 024 048
1 0 2 2 2 3456 012 0123456789 012345689 0 0 0
1 0 2 2 23 06789 01 0123456789 0123456789 0 0 0
1 0 2 2 3 0123 01 0123456789 023456789 0 0 0
1 0 2 2 3 345678 012 02345679 012456789 0 0 0
1 0 2 2 34 089 012 0123469 0123456789 0 0 0
1 0 2 2 4 0124 01 012345679 023456789 0 0 0
1 0 23 02 045 0124568 012 0123456789 012345678 01 02678 0248
1 0 3 0 0 1 01 01236789 02456789 012 0123469 0234689
1 0 3 0 0 12 012 0123456789 02456789 0 0 0
1 0 3 0 0 2 012 0123456789 012456789 0 0 0
1 0 3 0 0 23 02 012345678 0123456789 0 0 0
1 0 3 0 0 3 012 0123456789 023456789 0 0 0
1 0 3 0 0 34 02 0123456789 012456789 01 023469 024689
1 0 3 0 0 4 0 9 6 01 0123456789 0234689
1 0 3 0 0 4 0 9 6 12 0123456789 0246789
1 0 3 0 0 4 0 9 67 012 0123456789 01245678
1 0 3 0 0 4 0 9 78 012 0123456789 012468
1 0 3 0 0 4 0 9 8 012 0123456789 02346789
1 0 3 0 0 4 0 9 89 012 0123456789 02346789
1 0 3 0 0 4 0 9 9 12 0123456789 02345689
1 0 3 0 0 4 01 09 0246789 012 0123456789 024678
1 0 3 0 0 4 1 01234567 01234689 012 01234569 02468
1 0 3 0 0 45 012 01234589 012345678 012 01249 0124568
1 0 3 0 0 5 0 0123 02345689 01 0123456789 01246789
1 0 3 0 0 5 01 0123456789 0123456789 01 02346 023468
1 0 3 0 0 5 12 0123456789 012345689 0 0 0
1 0 3 0 0 56 012 0123456789 0123456789 0 0 0
1 0 3 0 0 6 12 0123456789 0123456789 0 0 0
1 0 3 0 0 67 02 01234567 02345689 01 026 048
1 0 3 0 0 7 01 0123456789 0123456789 01 0236 0248
1 0 3 0 0 78 012 012345789 0123456789 01 02689 02468
1 0 3 0 0 8 01 0123456789 012346789 0 0 0
1 0 3 0 0 8 12 0123456789 0123456789 0 0 0
1 0 3 0 0 89 012 0123456789 0123456789 0 0 0
1 0 3 0 0 9 1 2345 01246789 012 01234569 0245678
1 0 3 0 01 09 012 0123456789 0123456789 0 0 0
1 0 3 0 1 0 01 0123456789 012346789 0 0 0
1 0 3 0 1 0 12 0123456789 0123456789 0 0 0
1 0 3 0 1 01 02 0123456 012346789 012 029 02348
1 0 3 0 1 1 01 0123456789 0123456789 0 0 0
1 0 3 0 1 12 012 01234589 0123456789 01 023456 024689
1 0 3 0 1 2 0 012345678 012345689 012 02349 02468
1 0 3 0 1 2 01 01234589 0123456789 01 01234569 02468
1 0 3 0 1 23 012 0123456789 0123456789 0 0 0
1 0 3 0 1 3 01 0123456789 023456789 0 0 0
1 0 3 0 1 3 12 0123456789 0123456789 0 0 0
1 0 3 0 1 34 02 012345 012345678 01 026789 0124568
1 0 3 0 1 4 01 0456789 023456789 01 02345689 0123468
1 0 3 0 1 4 1 0123456789 0123456789 01 01269 02468
1 0 3 0 1 45 012 0123459 0123456789 01 0245 02468
1 0 3 0 1 5 01 0123456789 012345678 01 0234569 02468
1 0 3 0 1 5 12 0123456789 0123456789 01 01236 02468
1 0 3 0 1 56 02 012345 012456789 01 01236 0234568
1 0 3 0 1 6 01 0123456789 012346789 01 01236 023468
1 0 3 0 1 6 1 45678 0234568 01 01234569 0234678
1 0 3 0 1 67 012 01234589 012346789 01 0234689 012468
1 0 3 0 1 7 0 012 023456789 01 0123456789 023456789
1 0 3 0 1 7 0 2345 0246789 01 0123456789 023456789
1 0 3 0 1 7 01 0123456789 0123456789 0 0 0
1 0 3 0 1 7 12 0123456789 0123456789 012 0129 024689
1 0 3 0 1 78 02 0123456 0123456789 01 012346 0234689
1 0 3 0 1 8 01 0123456789 012346789 0 0 0
1 0 3 0 1 89 012 0123459 0123456789 0 0 0
1 0 3 0 1 9 01 0123456789 0245678 01 01236 0124568
1 0 3 0 12 09 012 0123456789 012456789 012 02369 0248
1 0 3 0 2 0 01 013456789 012346789 012 024569 012468
1 0 3 0 2 0 12 0123456789 0123456789 0 0 0
1 0 3 0 2 01 02 012345 0123456789 012 0234689 0234568
1 0 3 0 2 1 01 0123456789 012346789 01 01236 023468
1 0 3 0 2 1 12 0123456789 0123456789 01 0267 089
1 0 3 0 2 12 012 0123456789 0123456789 01 079 026
1 0 3 0 2 23 02 01234567 012456789 012 02349 02489
1 0 3 0 2 3 01 0123456789 012345678 01 012367 02468
1 0 3 0 2 3 12 06789 02345689 012 012345689 01245678
1 0 3 0 2 34 02 012345 0123456789 01 0123469 02468
1 0 3 0 2 4 01 0123456789 012346789 01 01236 0245689
1 0 3 0 2 4 12 0123456789 023456789 0 0 0
1 0 3 0 2 45 012 0123456789 012345689 0 0 0
1 0 3 0 2 5 12 0123456789 012456789 0 0 0
1 0 3 0 2 56 02 012345678 012346789 01 026789 024568
1 0 3 0 2 6 01 0123456789 012345678 01 01236 024568
1 0 3 0 2 67 012 0123459 012345678 012 0234689 0124568
1 0 3 0 2 7 01 0123456789 0123456789 0 034 02689
1 0 3 0 2 7 1 1234567 0123456789 012 0234569 0246789
1 0 3 0 2 78 012 01234589 0123456789 01 02 08
1 0 3 0 2 8 01 0123456789 012345689 01 01236 02468
1 0 3 0 2 8 12 0123456789 0123456789 0 0 0
1 0 3 0 2 89 02 012345 012346789 012 0123469 02468
1 0 3 0 2 9 01 0123456789 012345678 012 023469 023468
1 0 3 0 2 9 1 4567 02345678 012 0123456789 01234689
1 0 3 0 2 9 12 0789 0123456789 01 0123469 0123456789
1 0 3 0 23 09 012 0123456789 023456789 0 0 0
1 0 3 0 3 0 12 0123456789 012345689 01 01236 02468
1 0 3 0 3 01 02 012345 012345678 0 0 0
1 0 3 0 3 1 01 0123456789 02456789 0 0136 02468
1 0 3 0 3 123 012 012345689 012456789 01 02 08
1 0 3 0 3 345 01 0123456789 0123456789 0 0 0
1 0 3 0 3 5 1 12345678 0123456789 01 0123469 024689
1 0 3 0 3 56 012 012345689 0123456789 0 0 0
1 0 3 0 3 6 01 016789 012345689 01 01234569 01234678
1 0 3 0 3 67 012 012345679 012456789 0 0 0
1 0 3 0 3 7 01 0123456789 01246789 01 026789 024678
1 0 3 0 3 78 012 0123456789 02345689 012 02459 02458
1 0 3 0 3 8 01 0123456789 012456789 0 0 0
1 0 3 0 3 89 012 0123456789 01245689 0 0 0
1 0 3 0 3 9 01 0123456789 0123456789 0 0 0
1 0 3 0 34 09 012 012345679 012456789 0 0 0
1 0 3 0 4 0 012 0123456789 0123456789 0 0 0
1 0 3 0 4 01 02 012345678 012456789 01 01236 02468
1 0 3 0 4 1 012 0123456789 01246789 0 0 0
1 0 3 0 4 12 02 012345678 0123456789 0 0 0
1 0 3 0 4 2 012 0123456789 0123456789 0 0 0
1 0 3 0 4 23 02 012345 0123456789 0 0 0
1 0 3 0 4 3 01 013456789 023456789 01 01234689 012468
1 0 3 0 4 3 1 123 0123456789 012 0123459 01234678
1 0 3 0 4 3 12 01456789 02346789 0 01367 012456789
1 0 3 0 4 34 02 012345 01234689 01 01289 0123456789
1 0 3 0 4 4 01 0123456789 0123456789 0 0 0
1 0 3 0 4 4 12 0123456789 01234689 01 026789 024568
1 0 3 0 4 456 012 023456789 0123456789 0 0 0
1 0 3 0 4 67 012 0123456789 012346789 0 0 0
1 0 3 0 4 7 01 0123456789 0123456789 0 0 0
1 0 3 0 4 7 12 023456789 012345678 01 012369 023468
1 0 3 0 4 78 02 012345 0123456789 012 01234569 0234689
1 0 3 0 4 8 01 0123456789 012456789 01 0126789 01245678
1 0 3 0 4 8 12 0123456789 0123456789 0 0 0
1 0 3 0 4 9 01 0123456789 0123456789 0 0 0
1 0 3 0 4 9 12 0123456789 0123456789 0 0 0
1 0 3 0 4 9 2 1234 024678 012 01234689 01234678
1 0 3 0 45 09 012 0123456789 0123456789 02 02 04
1 0 3 0 5 01 012 012345679 01234689 0 0 0
1 0 3 0 5 1 012 0123456789 012346789 0 0 0
1 0 3 0 5 12 02 012345 0123456789 01 01234569 0124689
1 0 3 0 5 2 01 0123456789 0123456789 01 0269 0248
1 0 3 0 5 2 12 01456789 01234568 01 0123456789 0124568
1 0 3 0 5 23 02 012345 02456789 012 012345679 01234678
1 0 3 0 5 3 01 0123456789 012345678 0 0 0
1 0 3 0 5 34 012 0123456789 01246789 0 0 0
1 0 3 0 5 4 0 456789 02346789 01 01234689 02456789
1 0 3 0 5 4 12 0123456789 012345678 0 0 0
1 0 3 0 5 45 02 02345 012345678 01 0123456789 0123456789
1 0 3 0 5 5 01 0123456789 0123456789 0 0 0
1 0 3 0 5 5 12 0123456789 0123456789 01 02 08
1 0 3 0 5 56 02 012345678 0123456789 0 0 0
1 0 3 0 5 6 012 0123456789 02345689 01 01236 012468
1 0 3 0 5 67 02 01234 023456789 01 01234569 02346789
1 0 3 0 5 7 01 0123456789 0245689 01 01236789 0124678
1 0 3 0 5 78 012 0123456789 0123456789 0 0 0
1 0 3 0 5 8 01 0123456789 0123456789 0 0 0
1 0 3 0 5 89 012 0123456789 01234678 0 01236 024689
1 0 3 0 5 9 01 0123456789 012456789 01 0269 0468
1 0 3 0 56 09 012 012346789 0123456789 0 0 0
1 0 3 0 6 0 01 0123456789 012456789 01 0269 028
1 0 3 0 6 01 012 012345789 0123456789 0 0 0
1 0 3 0 6 1 01 0123456789 012346789 01 026 048
1 0 3 0 6 1 12 0123456789 0123456789 0 0 0
1 0 3 0 6 2 01 0123456789 0123456789 01 01236 01245678
1 0 3 0 6 23 012 012345689 0123456789 0 0 0
1 0 3 0 6 34 012 0123456789 0123456789 0 0 0
1 0 3 0 6 45 012 01234569 012346789 0 0 0
1 0 3 0 6 56 012 0123456789 01234689 0 0 0
1 0 3 0 6 6 0 01234567 02456789 0 034567 02346789
1 0 3 0 6 6 0 7 0 01 0123456789 012345689
1 0 3 0 6 6 01 012345789 01245678 012 01289 0246789
1 0 3 0 6 67 012 0123456789 0123456789 0 0 0
1 0 3 0 6 7 01 012456789 0123456789 0 0 0
1 0 3 0 6 78 012 012345789 0123456789 0 0 0
1 0 3 0 6 8 01 023456789 0123456789 012 0123469 0245678
1 0 3 0 6 8 1 01234567 0123456789 01 023456 024689
1 0 3 0 6 8 12 089 02346789 012 0123456789 02468
1 0 3 0 6 89 02 012345 012345678 0 0 0
1 0 3 0 6 9 01 012346789 023456789 01 01236 023468
1 0 3 0 6 9 12 0123456789 0123456789 0 0 0
1 0 3 0 67 09 02 012345678 0123456789 0 0 0
1 0 3 0 7 0 01 012389 012346789 0 012345 0123456789
1 0 3 0 7 0 1 3 23 012 012346789 012345678
1 0 3 0 7 0 1 345678 0123456789 012 023456789 0124678
1 0 3 0 7 01 012 0123459 02345689 01 012345689 0124678
1 0 3 0 7 1 01 023456789 0123456789 01 0124569 024678
1 0 3 0 7 1 12 0123456789 023456789 0 0 0
1 0 3 0 7 12 012 0123456789 012345689 0 0 0
1 0 3 0 7 2 12 0123456789 012345689 01 01236 023468
1 0 3 0 7 23 02 012345678 0123456789 012 01234569 02468
1 0 3 0 7 3 01 0123456789 0123456789 01 012369 02468
1 0 3 0 7 34 02 0123456 012345689 01 0236 0248
1 0 3 0 7 4 01 0123456789 0123456789 01 0234679 02468
1 0 3 0 7 45 012 01234589 0123456789 0 0 0
1 0 3 0 7 5 01 0123456789 0123456789 012 029 0248
1 0 3 0 7 56 012 0123456789 012345678 0 0 0
1 0 3 0 7 6 01 0123456789 0123456789 0 06 045
1 0 3 0 7 6 12 0123456789 0123456789 01 026789 0268
1 0 3 0 7 67 02 01234567 0123456789 0 0 0
1 0 3 0 7 7 01 0123456789 0123456789 0 0 0
1 0 3 0 7 7 12 012389 01245689 01 012345689 01245689
1 0 3 0 7 78 02 012345 01245678 012 024569 0245678
1 0 3 0 7 8 01 0123456789 012346789 0 0 0
1 0 3 0 7 89 012 01234589 0123456789 0 0 0
1 0 3 0 7 9 01 0123456789 0123456789 0 0 0
1 0 3 0 78 09 012 012345789 012456789 01 01269 012468
1 0 3 0 8 0 0 123456789 0123456789 0 0345 02345678
1 0 3 0 8 0 0 9 0 012 01256789 0123456789
1 0 3 0 8 0 01 0123456789 012345689 02 01234 0234678
1 0 3 0 8 01 012 012345679 012345689 0 0 0
1 0 3 0 8 1 01 0123456789 012346789 0 0 0
1 0 3 0 8 12 012 01234589 012456789 01 026789 024689
1 0 3 0 8 2 0 123456 0234568 012 01234569 01234678
1 0 3 0 8 2 01 01234789 0123456789 012 01234569 01234689
1 0 3 0 8 2 12 0456789 0123456789 01 02346789 01245689
1 0 3 0 8 23 02 012345 0123456789 0 0 0
1 0 3 0 8 3 01 0123456789 0123456789 012 0249 0248
1 0 3 0 8 3 12 0123456789 0123456789 02 045 0128
1 0 3 0 8 34 012 013456789 0123456789 0 0 0
1 0 3 0 8 4 1 0123 0123456789 01 012346789 0123456789
1 0 3 0 8 4 1 3 678 012 01234689 012346789
1 0 3 0 8 4 1 3456789 02346789 012 0124569 0124678
1 0 3 0 8 45 02 012345 0123456789 0 0 0
1 0 3 0 8 5 01 0123456789 0123456789 01 02 08
1 0 3 0 8 5 12 012356789 0123456789 01 01236 023468
1 0 3 0 8 56 02 0123456789 0123456789 0 0 0
1 0 3 0 8 67 012 0123456789 0123456789 0 0 0
1 0 3 0 8 7 01 0123456789 012456789 0 0123 024568
1 0 3 0 8 7 1 2 4 01 0123456789 0123456789
1 0 3 0 8 7 1 2345 0245678 012 01234569 0123456789
1 0 3 0 8 7 1 5678 02345678 01 0123456789 0124689
1 0 3 0 8 7 1 8 7 01 012456789 0123456789
1 0 3 0 8 78 012 01234589 0123456789 01 06789 02468
1 0 3 0 8 8 01 0123456789 02345689 01 01236 024689
1 0 3 0 8 89 012 0123456789 0123456789 0 0 0
1 0 3 0 8 9 01 0123456789 0123456789 0 0 0
1 0 3 0 89 09 012 0123456789 023456789 0 0 0
1 0 3 0 9 0 01 0123456789 0123456789 01 02 08
1 0 3 0 9 01 012 012345789 0123456789 0 0 0
1 0 3 0 9 1 0 45 012456789 01 01234569 0123456789
1 0 3 0 9 1 01 012356789 0123456789 02 012 02468
1 0 3 0 9 1 1 34567 01246789 01 012345679 0246789
1 0 3 0 9 12 012 012345689 0123456789 0 0 0
1 0 3 0 9 2 01 01234589 0123456789 01 01236 012468
1 0 3 0 9 23 012 012345679 0123456789 0 0 0
1 0 3 0 9 3 01 0123456789 0123456789 0 0 0
1 0 3 0 9 34 012 0123456789 02456789 0 0 0
1 0 3 0 9 4 01 0123456789 0123456789 0 0 0
1 0 3 0 9 45 012 0123456789 02345678 0 0 0
1 0 3 0 9 5 01 0123456789 0123456789 0 0 0
1 0 3 0 9 56 012 0123456789 012345678 0 0 0234
1 0 3 0 9 6 01 0123456789 0123456789 01 01236 02468
1 0 3 0 9 6 1 01234 012346789 012 01234569 0124568
1 0 3 0 9 6 12 01234569 012345689 01 01234678 01234678
1 0 3 0 9 6 2 3 01234 012 012345689 012456789
1 0 3 0 9 67 02 013456789 0123456789 0 0 0
1 0 3 0 9 7 01 0123456789 012345678 0 0 0
1 0 3 0 9 78 012 0123459 0123456789 01 026 0128
1 0 3 0 9 8 01 0123456789 012345689 01 0679 02468
1 0 3 0 9 8 12 0123456789 012345678 01 0236 0248
1 0 3 0 9 89 02 01234567 0123456789 0 0 0
1 0 3 0 9 9 01 0123789 0123456789 012 023456789 024678
1 0 3 0 9 9 12 0123456789 012456789 0 0 0
1 0 3 01 09 09 02 01234567 0123456789 01 01234569 02468
1 0 3 1 0 0 01 012345789 0123456789 01 01269 012468
1 0 3 1 0 0 12 012346789 012345689 01 01236 012468
1 0 3 1 0 01 02 012345678 012345689 012 02459 012348
1 0 3 1 0 1 01 0123456789 0123456789 0 0 0
1 0 3 1 0 12 012 0123459 0123456789 01 02346 0234568
1 0 3 1 0 2 01 0123456789 023456789 0 0 0
1 0 3 1 0 2 12 0123456789 0123456789 0 0 0
1 0 3 1 0 23 02 012345 0123456789 01 02 08
1 0 3 1 0 3 01 0123456789 0123456789 01 01236 012468
1 0 3 1 0 3 12 0123456789 023456789 012 02459 01248
1 0 3 1 0 34 02 0123456789 012456789 01 01269 02468
1 0 3 1 0 4 01 0129 0245689 012 01234689 024689
1 0 3 1 0 4 1 23456 01234689 01 01236789 0234678
1 0 3 1 0 4 1 6789 01246789 012 01234679 01234568
1 0 3 1 0 45 012 0123459 0123456789 0 0 0
1 0 3 1 0 5 01 0123456789 012346789 0 0 0
1 0 3 1 0 56 012 0123456789 0123456789 0 0 0
1 0 3 1 0 6 01 0123456789 023456789 01 0129 0268
1 0 3 1 0 6 12 0123456789 0123456789 01 0236 0248
1 0 3 1 0 67 02 0123456789 012346789 0 0 0
1 0 3 1 0 7 01 0123456789 0123456789 01 024569 024568
1 0 3 1 0 78 012 01234589 012456789 0 0 0
1 0 3 1 0 8 01 012456789 0123456789 01 0234569 024678
1 0 3 1 0 8 1 23 019 012 012345679 023456789
1 0 3 1 0 8 12 013456789 0123456789 012 026789 024568
1 0 3 1 0 89 02 0123456 0123456789 0 0 0
1 0 3 1 0 9 01 0123456789 0123456789 0 0 0
1 0 3 1 01 09 012 012345789 0123456789 012 0124569 0246789
1 0 3 1 1 0 0 012345678 0123456789 0 0 0
1 0 3 1 1 0 01 0123456789 0123456789 01 012346 024568
1 0 3 1 1 01 012 01234589 0123456789 01 01269 02468
1 0 3 1 1 1 01 0123456789 0123456789 0 03 02
1 0 3 1 1 12 012 0123456789 023456789 01 023456 024568
1 0 3 1 1 2 0 012345678 012345678 012 01234569 02468
1 0 3 1 1 2 01 0123456789 0123456789 0 0 0
1 0 3 1 1 23 012 01234589 0123456789 0 0 0
1 0 3 1 1 3 01 0123456789 012456789 0 0 0
1 0 3 1 1 3 12 016789 0123456789 012 012345689 012468
1 0 3 1 1 34 02 012345 0123456789 01 026789 02468
1 0 3 1 1 4 01 012456789 023456789 01 01236 012468
1 0 3 1 1 4 1 23456789 0123456789 01 012367 0123468
1 0 3 1 1 45 012 0123459 0123456789 01 0245679 0245689
1 0 3 1 1 5 0 01234567 0123456789 012 0234679 0234689
1 0 3 1 1 5 01 0123456789 0123456789 0 0 0
1 0 3 1 1 5 12 012346789 02345678 01 0245 024678
1 0 3 1 1 56 02 01234567 023456789 01 02569 0289
1 0 3 1 1 6 01 012345789 0123456789 01 023469 02468
1 0 3 1 1 6 12 0156789 012345689 01 01369 012468
1 0 3 1 1 67 02 012345 012456789 012 0234569 01234568
1 0 3 1 1 7 01 023456789 012346789 02 023456 012468
1 0 3 1 1 7 1 012345 01246789 01 012346789 01245689
1 0 3 1 1 7 12 0123456789 012345678 01 02689 0468
1 0 3 1 1 78 02 0123456789 0123456789 01 01236 02468
1 0 3 1 1 8 012 012456789 0123456789 01 012369 02468
1 0 3 1 1 89 012 0123456789 02345678 0 0 0
1 0 3 1 1 9 1 01234567 0123456789 012 01234569 024568
1 0 3 1 1 9 12 012789 0123456789 01 0345689 02456789
1 0 3 1 1 9 2 2 45 012 0123456789 012346789
1 0 3 1 12 09 02 012345 0123456789 02 045 02458
1 0 3 1 2 0 01 0123456789 01246789 0 0 0
1 0 3 1 2 01 012 0123459 0123456789 01 01236 012468
1 0 3 1 2 1 01 0123456789 023456789 0 0 0
1 0 3 1 2 1 12 0123456789 0123456789 0 0 0
1 0 3 1 2 2 0 012345 02345678 012 012346789 02468
1 0 3 1 2 2 01 012346789 0123456789 0 0 0
1 0 3 1 2 2 12 0123456789 0123456789 0 0 0
1 0 3 1 2 23 012 0123456789 023456789 0 0 0
1 0 3 1 2 3 12 0123456789 01234689 0 0 0
1 0 3 1 2 34 012 0123456789 012456789 0 0 0
1 0 3 1 2 4 1 012345678 0123456789 01 02 08
1 0 3 1 2 45 012 01234589 012345678 0 0 0
1 0 3 1 2 5 01 0123456789 0123456789 0 0 0
1 0 3 1 2 56 012 01234589 0123456789 01 029 028
1 0 3 1 2 6 0 0123456789 0123456789 012 024569 024568
1 0 3 1 2 6 01 012349 01234689 012 0123469 01234678
1 0 3 1 2 6 12 0123456789 012456789 01 01236 012468
1 0 3 1 2 67 02 012345678 012456789 01 02346 02348
1 0 3 1 2 7 01 0123456789 0123456789 0 0 0
1 0 3 1 2 789 012 01234589 0123456789 0 0 0
1 0 3 1 2 9 01 0123456789 0123456789 01 026789 0234568
1 0 3 1 2 9 12 0123456789 023456789 0 0 0
1 0 3 1 23 09 02 012345 012456789 01 023456789 02345689
1 0 3 1 3 0 01 0123456789 0124689 01 01269 01234568
1 0 3 1 3 0 12 0123456789 0123456789 0 0 0
1 0 3 1 3 01 02 0123456 0123456789 0 0 0
1 0 3 1 3 1 01 0123456789 0123456789 0 0 0
1 0 3 1 3 1 12 01236789 0123456789 01 023469 012468
1 0 3 1 3 12 02 012345 02345678 01 01236 0245689
1 0 3 1 3 2 01 0123456789 0123456789 0 0 0
1 0 3 1 3 23 012 0123459 012346789 0 0 0
1 0 3 1 3 3 01 0123456789 0123456789 0 0 0
1 0 3 1 3 34 012 0123456789 012345678 0 0 0
1 0 3 1 3 4 01 0123456789 0123456789 0 0 0
1 0 3 1 3 4 12 0123456789 023456789 01 02 08
1 0 3 1 3 45 02 0123456 0123456789 0 0 0
1 0 3 1 3 5 01 01236789 0123456789 012 029 023468
1 0 3 1 3 5 12 0123456789 012456789 01 01236 012468
1 0 3 1 3 56 02 012345 0123456789 01 01236789 012345678
1 0 3 1 3 6 01 023456789 0123456789 01 026789 02468
1 0 3 1 3 6 1 012 0123456789 01 0123689 0123468
1 0 3 1 3 6 12 023456789 0123456789 01 01236 023468
1 0 3 1 3 67 02 012345 012345689 0 01234 0123468
1 0 3 1 3 7 0 1 3 012 0123456789 023456789
1 0 3 1 3 7 0 12345678 0123456789 012 024 048
1 0 3 1 3 7 01 01234569 0123456789 01 02 08
1 0 3 1 3 7 12 012346789 0123456789 012 02459 0248
1 0 3 1 3 78 02 012345 012345678 012 012369 024568
1 0 3 1 3 8 01 01256789 0123456789 01 0269 02468
1 0 3 1 3 8 1 23456789 0123456789 0 0 0
1 0 3 1 3 89 012 0123459 0123456789 0 0 0
1 0 3 1 3 9 0 2345678 0123456789 01 026789 024568
1 0 3 1 3 9 01 0189 012346789 012 0123469 01234689
1 0 3 1 3 9 1 123 01234568 012 0123456789 02468
1 0 3 1 3 9 1 34567 012345678 012 012345689 0124689
1 0 3 1 3 9 12 01234789 0123456789 0 0 0
1 0 3 1 34 09 02 01245 0234689 01 012345689 012468
1 0 3 1 4 0 0 2 89 012 0123456789 0123456789
1 0 3 1 4 0 0 2 9 01 0123456789 0123456789
1 0 3 1 4 0 0 2 9 12 0123456789 0123456789
1 0 3 1 4 0 0 2345678 0123456789 02 045 0123456789
1 0 3 1 4 0 01 012349 012345678 0 01234 0246789
1 0 3 1 4 0 1 4 6 01 012456789 02345678
1 0 3 1 4 0 1 4 678 012 012345689 0123456789
1 0 3 1 4 0 12 01456789 0123456789 01 02 08
1 0 3 1 4 01 02 012345 012345689 01 01236 012468
1 0 3 1 4 1 0 23456789 012346789 01 012369 0246789
1 0 3 1 4 1 01 012345679 0123456789 0 0 0
1 0 3 1 4 1 12 0123789 0123456789 01 012346 02468
1 0 3 1 4 12 02 012345 0123456789 0 0 0
1 0 3 1 4 2 01 01256789 012346789 0 0 0
1 0 3 1 4 2 12 023456789 0123456789 0 0 0
1 0 3 1 4 23 02 012345 012345689 012 01234569 023468
1 0 3 1 4 3 0 012345678 0123456789 0 0 0
1 0 3 1 4 3 01 0123456789 012345689 0 0 0
1 0 3 1 4 34 012 012345789 012345689 0 0 0
1 0 3 1 4 4 0 01234567 0123456789 0 0 0
1 0 3 1 4 4 01 0123489 0123456789 01 069 04689
1 0 3 1 4 4 1 4567 012345689 01 01236789 012456789
1 0 3 1 4 4 12 01789 023456789 012 0234569 012346789
1 0 3 1 4 45 02 012345 0124678 01 01269 024689
1 0 3 1 4 5 01 0456789 0123456789 01 02346 024568
1 0 3 1 4 5 1 012345678 0123456789 0 0 0
1 0 3 1 4 5 12 0123489 023456789 01 012346789 02468
1 0 3 1 4 56 02 01234567 02456789 0 0 0
1 0 3 1 4 6 01 0123789 0123456789 0 0 0
1 0 3 1 4 6 12 012456789 0123456789 0 0 0
1 0 3 1 4 67 02 012345 0123456789 0 0 0
1 0 3 1 4 7 0 456789 012346789 01 0123679 02468
1 0 3 1 4 7 01 0123456789 0123456789 0 0 0
1 0 3 1 4 7 12 01234589 012345689 0 0 0
1 0 3 1 4 8 0 012345678 0123456789 0 0 0
1 0 3 1 4 8 01 012345689 0123456789 0 0 0
1 0 3 1 4 8 12 01236789 012456789 0 0123 0246
1 0 3 1 4 89 02 012345 012346789 012 024569 0248
1 0 3 1 4 9 01 01456789 0123456789 0 0 0
1 0 3 1 4 9 1 2345678 012456789 0 0123 0123468
1 0 3 1 4 9 12 089 01234689 01 023456789 023456789
1 0 3 1 45 09 02 012345 012346789 0 0 0
1 0 3 1 5 0 01 03456789 0123456789 01 026789 024689
1 0 3 1 5 0 1 012345678 012346789 0 013 012468
1 0 3 1 5 0 12 012389 023456789 01 0124569 024678
1 0 3 1 5 01 02 012345 0123456789 0 0 0
1 0 3 1 5 1 0 56 012348 01 012346789 0123456789
1 0 3 1 5 1 0 6 45 012 01234569 0123456789
1 0 3 1 5 1 01 01236789 0123456789 02 04 0
1 0 3 1 5 1 12 013456789 0123456789 0 0 0
1 0 3 1 5 12 02 012345 0123456789 0 0 0
1 0 3 1 5 2 01 013456789 02345689 0 0 0
1 0 3 1 5 2 1 1234567 023456789 01 0269 02468
1 0 3 1 5 2 12 0123489 0123456789 012 0249 024568
1 0 3 1 5 23 02 0145 012345678 01 023456789 02346789
1 0 3 1 5 3 0 1 89 012 0123459 0123456789
1 0 3 1 5 3 0 1 9 012 0123456789 012345689
1 0 3 1 5 3 0 12345678 0123456789 02 0234 01234678
1 0 3 1 5 3 01 01289 02346789 012 01234569 0124568
1 0 3 1 5 3 1 2345678 0123456789 012 029 0248
1 0 3 1 5 34 012 01234589 0123456789 0 0 0
1 0 3 1 5 4 0 23456789 0123456789 0 0 0
1 0 3 1 5 4 01 0123456789 0123456789 0 0 0
1 0 3 1 5 45 02 012345 012346789 01 01269 02468
1 0 3 1 5 5 0 1234567 0123456789 01 01269 012468
1 0 3 1 5 5 01 0123489 0123456789 01 01269 024678
1 0 3 1 5 5 12 012456789 012345678 0 0 0
1 0 3 1 5 56 02 012345 012456789 01 01236 024568
1 0 3 1 5 6 01 012356789 012456789 0 0 0
1 0 3 1 5 6 12 0123456789 0123456789 0 0 0
1 0 3 1 5 67 02 012345 012345678 0 0 0
1 0 3 1 5 7 01 012456789 0123456789 0 0 0
1 0 3 1 5 7 1 2345678 02346789 01 01236 0124689
1 0 3 1 5 78 012 0123459 0123456789 0 0 04
1 0 3 1 5 8 0 123456 012345689 01 0123689 02456789
1 0 3 1 5 8 01 01236789 0123456789 01 023469 02468
1 0 3 1 5 8 12 013456789 012345678 0 0 0
1 0 3 1 5 89 02 012345 0123456789 012 0123469 024678
1 0 3 1 5 9 0 012345678 0123456789 01 0126 028
1 0 3 1 5 9 01 01234589 01246789 01 0679 024678
1 0 3 1 5 9 12 06789 0123468 012 0123469 02468
1 0 3 1 56 09 02 012345 0123456789 0 0 0
1 0 3 1 6 0 01 0123456789 0123456789 0 0 0
1 0 3 1 6 0 12 023456789 012346789 0 0 0
1 0 3 1 6 01 02 012345 0123456789 0 0 0
1 0 3 1 6 1 0 23 0124568 012 0123456789 0246789
1 0 3 1 6 1 0 3456 0245689 012 0123456789 0245678
1 0 3 1 6 1 01 0123456789 01246789 0 0 0
1 0 3 1 6 1 12 012346789 02346789 0 0 0
1 0 3 1 6 12 02 045 0234568 012 0123456789 012345678
1 0 3 1 6 2 0 01234567 0123456789 0 0 0
1 0 3 1 6 2 01 01234589 0123456789 0 0 0
1 0 3 1 6 2 12 012356789 0123456789 0 0 0
1 0 3 1 6 23 02 012345 0123456789 01 01234569 0123468
1 0 3 1 6 3 0 23456789 012346789 012 02459 02489
1 0 3 1 6 3 01 0123459 0123456789 0 03468 023468
1 0 3 1 6 3 12 01256789 012456789 01 0289 0568
1 0 3 1 6 34 02 012345 0123456789 0 0 0
1 0 3 1 6 4 01 0123456789 0123456789 0 0 0
1 0 3 1 6 4 12 0123456789 012345689 0 0 0
1 0 3 1 6 45 02 01234567 02345678 0 0 0
1 0 3 1 6 5 01 0123456789 0123456789 0 0 0
1 0 3 1 6 56 012 012456789 0123456789 012 029 0248
1 0 3 1 6 6 0 123456789 0123456789 0 0 0
1 0 3 1 6 6 1 0123456 012456789 012 0239 024689
1 0 3 1 6 6 12 012346789 0123456789 02 04 0
1 0 3 1 6 67 02 01234567 0123456789 0 0 0
1 0 3 1 6 7 01 01234789 012345678 01 026 04678
1 0 3 1 6 7 12 012456789 012346789 01 079 026
1 0 3 1 6 78 02 012345 0123456789 012 012369 0123468
1 0 3 1 6 8 0 123456789 0123456789 0 0 0
1 0 3 1 6 8 01 0123456789 0123456789 0 0 0
1 0 3 1 6 89 012 01234589 0123456789 0 0 0
1 0 3 1 6 9 01 013456789 01245678 0 0 0
1 0 3 1 6 9 1 123456789 0123456789 0 0 0
1 0 3 1 67 09 02 012345 012346789 0 0 0
1 0 3 1 7 0 0 23456789 0123456789 0 0 0
1 0 3 1 7 0 1 0123456 0123456789 01 01236 012468
1 0 3 1 7 0 12 016789 012456789 0 01234 01234689
1 0 3 1 7 01 02 012345 0123456789 01 02456 0124689
1 0 3 1 7 1 01 0123456789 0123456789 0 0 0
1 0 3 1 7 1 1 123456789 0123456789 01 02346 0248
1 0 3 1 7 12 012 0123459 0123456789 0 0 0
1 0 3 1 7 2 0 234 01234689 012 0123469 0246789
1 0 3 1 7 2 01 056789 0123456789 012 012469 0123468
1 0 3 1 7 2 1 01234567 0123456789 02 045 02348
1 0 3 1 7 23 012 012345789 0123468 0 0 0
1 0 3 1 7 3 0 0 12467 012 012346789 012346789
1 0 3 1 7 3 0 012345 012345689 012 023456789 0245689
1 0 3 1 7 3 01 056789 023456789 01 01236 0123456789
1 0 3 1 7 3 1 012345678 0123456789 0 0 0
1 0 3 1 7 3 12 0123489 012456789 012 029 01248
1 0 3 1 7 34 02 01234567 0123456789 0 0 0
1 0 3 1 7 4 01 012345789 023456789 0 0 0
1 0 3 1 7 4 1 567 0234678 012 012346789 02468
1 0 3 1 7 4 12 012345789 0123456789 0 0 0
1 0 3 1 7 45 02 012345678 01246789 0 0 0
1 0 3 1 7 5 0 89 0246789 012 01234569 0123456789
1 0 3 1 7 5 01 012345679 023456789 02 045 02458
1 0 3 1 7 56 012 012345789 023456789 0 0 0
1 0 3 1 7 6 0 123456789 0123456789 0 0 0
1 0 3 1 7 6 01 012345679 0123456789 0 0 0
1 0 3 1 7 67 012 012345789 023456789 0 0 0
1 0 3 1 7 7 0 12345678 012345689 01 02 08
1 0 3 1 7 7 01 012345689 012346789 0 0 0
1 0 3 1 7 7 12 0123456789 012345689 0 0 0
1 0 3 1 7 78 02 01235 023456789 012 0123456789 01234568
1 0 3 1 7 8 0 3456789 02346789 01 023456 01234678
1 0 3 1 7 8 01 012345679 012345678 01 01236 012468
1 0 3 1 7 8 12 012345789 0123456789 0 0 0
1 0 3 1 7 89 02 01235 0234678 012 01236789 024568
1 0 3 1 7 9 01 01456789 012345689 0 0 0
1 0 3 1 7 9 1 123456789 012346789 0 0 0
1 0 3 1 78 09 012 0123459 01234568 0 0 0
1 0 3 1 8 0 01 013456789 0123456789 01 0236 0248
1 0 3 1 8 0 12 0123456789 012345689 0 0 0
1 0 3 1 8 01 02 012345 012346789 0 0 0
1 0 3 1 8 1 01 012456789 01246789 0 0 0
1 0 3 1 8 1 12 0123456789 0123456789 0 0 0
1 0 3 1 8 12 02 012345 012345678 0 0 0
1 0 3 1 8 2 01 0123456789 012346789 0 0 0
1 0 3 1 8 2 12 0123456789 023456789 0 0 0
1 0 3 1 8 23 02 0123456789 02346789 0 0 0
1 0 3 1 8 3 012 0123456789 0123456789 0 0 0
1 0 3 1 8 34 02 012345 012345678 01 0234689 0124689
1 0 3 1 8 4 01 0123456789 01234678 0 0 0
1 0 3 1 8 4 12 0123456789 0123456789 0 0 0
1 0 3 1 8 45 02 012345 012345678 01 023456789 0124678
1 0 3 1 8 5 01 03456789 012346789 012 0124579 0123456789
1 0 3 1 8 5 12 0123456789 02346789 0 0 0
1 0 3 1 8 56 02 012345 012345678 012 02459 012348
1 0 3 1 8 6 01 013456789 0123456789 0 0 0
1 0 3 1 8 6 1 1234567 01234678 01 01236 02468
1 0 3 1 8 6 12 012345789 0123456789 0 0 0
1 0 3 1 8 7 0 0123456789 012456789 0 0 0
1 0 3 1 8 7 01 0123456789 023456789 0 0 0
1 0 3 1 8 78 012 01234589 02345689 0 0 0
1 0 3 1 8 8 01 0123456789 0123456789 0 0 0
1 0 3 1 8 8 12 0123456789 01245689 0 0 0
1 0 3 1 8 9 01 0123456789 012345689 0 0 0
1 0 3 1 8 9 1 123456789 0123456789 0 0 0
1 0 3 1 89 09 012 0123459 0123456789 0 0 0
1 0 3 1 9 0 01 0123456789 012345689 0 0 0
1 0 3 1 9 0 12 0123456789 012346789 0 0 0
1 0 3 1 9 01 02 012345 012346789 0 0 0
1 0 3 1 9 1 01 012356789 0123456789 0 0 0
1 0 3 1 9 1 12 0123456789 012345678 0 0 0
1 0 3 1 9 12 012 0123456789 012345678 0 0 0
1 0 3 1 9 23 012 0123456789 0123456789 0 0 0
1 0 3 1 9 3 01 123456789 0123456789 0 0 0
1 0 3 1 9 34 012 0123456789 0123456789 0 0 0
1 0 3 1 9 4 012 0123456789 012345689 0 0 0
1 0 3 1 9 45 02 0123456789 02456789 01 029 028
1 0 3 1 9 5 012 0123456789 0123456789 0 0 0
1 0 3 1 9 6 0 0123456 0123456789 012 02459 0123489
1 0 3 1 9 6 01 0123456789 0123456789 0 0 0
1 0 3 1 9 67 012 01234589 02345678 01 02346789 0246789
1 0 3 1 9 7 0 0123456789 012345689 012 012469 024678
1 0 3 1 9 7 012 0123456789 0123456789 01 02 08
1 0 3 1 9 78 02 012345 01234568 01 01236 024678
1 0 3 1 9 8 01 01256789 02345678 012 023459 0245678
1 0 3 1 9 8 1 234 0123469 01 0123456789 023456789
1 0 3 1 9 8 1 4 012 012 0123456789 01234568
1 0 3 1 9 8 1 4567 02345678 012 012345689 02345689
1 0 3 1 9 89 012 0123456789 012345678 0 0 04
1 0 3 1 9 9 01 01289 02346789 012 01234569 012345678
1 0 3 12 09 09 012 0123456789 012345678 0 0 0
1 0 3 2 0 0 01 0123456789 0245678 01 012679 0124568
1 0 3 2 0 01 012 0123456789 012345689 01 0289 068
1 0 3 2 0 12 012 0123456789 01234568 01 02 08
1 0 3 2 0 23 012 0123456789 0123456789 0 0 0
1 0 3 2 0 34 012 0123456789 0123456789 0 0 0
1 0 3 2 0 4 0 01234567 0123456789 01 012369 024568
1 0 3 2 0 4 01 012789 012346789 012 0123469 01246789
1 0 3 2 0 45 012 0123456789 0123456789 0 0 0
1 0 3 2 0 5 01 0123456789 0123456789 01 01236 012468
1 0 3 2 0 56 012 0123456789 01234568 0 0 0
1 0 3 2 0 6 0 012345678 012456789 012 012369 024568
1 0 3 2 0 6 01 012345689 0123456789 012 02456789 023468
1 0 3 2 0 67 012 0123456789 0123456789 0 0 012
1 0 3 2 0 7 0 2 9 01 0123456789 0123456789
1 0 3 2 0 7 0 23456 01234689 012 0123456789 012345678
1 0 3 2 0 7 01 0123456789 0123456789 01 026 048
1 0 3 2 0 78 012 0123456789 023456789 0 0 0
1 0 3 2 0 8 012 0123456789 012456789 0 0 0
1 0 3 2 0 89 02 012345 0123456789 0 0 0
1 0 3 2 0 9 01 0123456789 012345689 0 0 0
1 0 3 2 0 9 12 0123456789 012345689 0 0 0
1 0 3 2 1 0 0 01234567 012345689 01 0123469 0124689
1 0 3 2 1 0 012 0123456789 0123456789 0 0 0
1 0 3 2 1 01 02 01234567 0123456789 0 0 0
1 0 3 2 1 1 0 89 012346789 012 02345689 0245678
1 0 3 2 1 1 01 012349 01234568 012 012346789 02468
1 0 3 2 1 1 12 0123456789 0123456789 0 0 0
1 0 3 2 1 12 02 0123456 012345678 01 012346 012345689
1 0 3 2 1 2 01 0123456789 0123456789 0 0 0
1 0 3 2 1 23 012 012345789 012456789 0 0 0
1 0 3 2 1 3 012 01234569 012345689 0 0 0
1 0 3 2 1 34 02 012345 012345689 012 0249 0248
1 0 3 2 1 4 01 0123456789 0123456789 0 0 0
1 0 3 2 1 4 12 012789 0245678 01 0123469 01234568
1 0 3 2 1 45 02 0123456 0123456789 01 0123679 024678
1 0 3 2 1 5 01 0123456789 012345678 0 0 0
1 0 3 2 1 56 012 012345789 0123456789 0 0 0
1 0 3 2 1 6 01 0123456789 0123456789 01 023469 012468
1 0 3 2 1 6 12 012456789 0123456789 0 0123 012456789
1 0 3 2 1 6 2 2 2 01 0123456789 0123456789
1 0 3 2 1 67 012 023456789 012345678 01 0123569 02345689
1 0 3 2 1 7 12 0123456789 01234678 01 012346789 02468
1 0 3 2 1 78 012 01234569 02456789 0 0 0
1 0 3 2 1 89 012 0123456789 0123456789 0 0 0
1 0 3 2 1 9 0 34567 012346789 012 012346789 012345689
1 0 3 2 1 9 01 0123456789 0234678 01 012346 0124568
1 0 3 2 12 09 012 0123456789 0123456789 012 0249 0248
1 0 3 2 2 0 0 01234567 02456789 01 0123456 01234689
1 0 3 2 2 0 0 7 56789 01 012345689 012346789
1 0 3 2 2 01 012 0123456789 023456789 01 0789 024689
1 0 3 2 2 12 012 0123456789 02345678 0 0 0
1 0 3 2 2 23 012 0123456789 012345689 0 0 0
1 0 3 2 2 34 01 0123456789 012345689 01 02 08
1 0 3 2 2 4 1 0123456789 012345678 012 029 0248
1 0 3 2 2 45 02 012345 0123456789 012 012369 0246789
1 0 3 2 2 5 01 0123456789 0123456789 0 0 0
1 0 3 2 2 5 12 01456789 0123456789 012 01234569 02468
1 0 3 2 2 5 2 12345 012345689 01 0123456789 023468
1 0 3 2 2 56 012 0123456789 012345678 012 02459 02458
1 0 3 2 2 6 12 0123456789 0123456789 0 0 0
1 0 3 2 2 67 02 012345678 012345678 0 0 0
1 0 3 2 2 7 01 0123456789 012345678 01 01236 024689
1 0 3 2 2 78 012 01234589 012346789 01 012369 012468
1 0 3 2 2 8 0 012345678 0123456789 012 024689 012348
1 0 3 2 2 8 01 0123456789 0123456789 01 0289 023468
1 0 3 2 2 89 02 012345 0123456789 0 0 0
1 0 3 2 2 9 01 012356789 012346789 01 012346 0124689
1 0 3 2 2 9 12 0123456789 0123456789 0 0 0
1 0 3 2 23 09 02 01234567 012346789 01 02679 024678
1 0 3 2 3 0 01 0123456789 012345678 0 0 0
1 0 3 2 3 0 12 0123459 012456789 01 012346789 024568
1 0 3 2 3 01 02 012345678 012345678 012 024789 02468
1 0 3 2 3 1 01 0123456789 0123456789 01 01269 02468
1 0 3 2 3 12 012 01234589 012456789 01 012346789 012468
1 0 3 2 3 2 0 1234 0124689 012 0123456789 0245689
1 0 3 2 3 2 01 0123456789 01234689 0 0 0
1 0 3 2 3 23 02 012345 0123456789 01 02679 024568
1 0 3 2 3 3 01 0123456789 012345689 012 023469 02468
1 0 3 2 3 34 012 0123456789 0123456789 0 0 0
1 0 3 2 3 4 0 456 0234568 012 012345679 01245678
1 0 3 2 3 4 01 0123456789 0123456789 02 034 046
1 0 3 2 3 45 012 0123456789 012345689 0 0 0
1 0 3 2 3 5 01 0123456789 023456789 0 0 0
1 0 3 2 3 56 012 0123456789 0123456789 0 0 0
1 0 3 2 3 6 12 0123456789 01234689 0 0 0
1 0 3 2 3 67 012 0123456789 01234568 0 0 0
1 0 3 2 3 78 012 0123456789 012345689 0 0 0
1 0 3 2 3 8 012 0123456789 0123456789 0 0 0
1 0 3 2 3 89 02 012345 01234678 01 0123469 012468
1 0 3 2 3 9 01 0123456789 0123456789 01 023456 024678
1 0 3 2 3 9 12 0456789 0245678 01 012346789 024689
1 0 3 2 34 09 02 012345678 01234568 0 0 0
1 0 3 2 4 0 01 0123456789 0123456789 01 01269 02468
1 0 3 2 4 01 012 01234569 012456789 0 0 0
1 0 3 2 4 1 01 0123456789 0123456789 01 01269 024568
1 0 3 2 4 12 012 012345789 012346789 0 0 0
1 0 3 2 4 2 01 01256789 02346789 01 0234569 024678
1 0 3 2 4 23 012 0123456789 0123456789 0 0 0
1 0 3 2 4 3 0 0123456 012456789 012 012346789 012468
1 0 3 2 4 3 01 06789 012345678 012 01234569 0246789
1 0 3 2 4 3 12 0123456789 0123456789 0 0 0
1 0 3 2 4 34 02 012345 0123456789 01 023456 0234689
1 0 3 2 4 4 01 0123456789 012345689 012 023469 024678
1 0 3 2 4 4 12 012356789 0123456789 0 013 0123468
1 0 3 2 4 45 02 012345 0123456789 01 0123689 0234568
1 0 3 2 4 5 01 0123456789 0123456789 01 02 048
1 0 3 2 4 5 12 01456789 023456789 01 01236 02468
1 0 3 2 4 5 2 1234 0123456789 012 012346789 01234568
1 0 3 2 4 56 02 012345 0123456789 012 01234569 024678
1 0 3 2 4 6 01 0123456789 023456789 012 02459 02458
1 0 3 2 4 6 12 012346789 0123456789 0 01 02345678
1 0 3 2 4 6 2 4 9 01 0123456789 0123456789
1 0 3 2 4 6 2 4 9 12 0123456789 012456789
1 0 3 2 4 67 02 045 0123459 012 0123456789 0123456789
1 0 3 2 4 7 0 012345678 012346789 01 023469 01234678
1 0 3 2 4 7 012 0123456789 0123456789 0 0 0
1 0 3 2 4 78 02 0123456 012456789 0 0 0
1 0 3 2 4 8 01 0123456789 023456789 0 0 0
1 0 3 2 4 89 012 012345789 012346789 0 0 0
1 0 3 2 4 9 0 4567 012456789 01 0123456 0123456789
1 0 3 2 4 9 01 0123456789 012456789 0 0 0
1 0 3 2 4 9 12 0129 0123468 01 0123456789 0123456789
1 0 3 2 4 9 2 2 012 012 0123456789 023468
1 0 3 2 45 09 02 02345 012345678 012 012346789 023468
1 0 3 2 5 0 0 0123456789 0123456789 01 01236 024568
1 0 3 2 5 0 012 012346789 0123456789 01 01236 02468
1 0 3 2 5 01 02 012345678 023456789 0 0 0
1 0 3 2 5 1 01 0123456789 012456789 0 0 0
1 0 3 2 5 12 012 0123459 0123456789 01 01269 024689
1 0 3 2 5 2 01 0123456789 0123456789 012 029 024689
1 0 3 2 5 2 1 23456789 0123456789 01 012346 024568
1 0 3 2 5 23 02 012345 0123456789 0 0 0
1 0 3 2 5 3 01 012356789 0123456789 012 0123469 023468
1 0 3 2 5 3 12 0123456789 012346789 01 01236 0123468
1 0 3 2 5 34 02 012345 012456789 01 023456789 01245689
1 0 3 2 5 4 01 0123456789 01234568 0 0 0
1 0 3 2 5 45 012 0123456789 0123456789 0 0 0
1 0 3 2 5 5 01 0123456789 0123456789 0 0 0
1 0 3 2 5 5 1 23456789 012346789 01 01236 024568
1 0 34 02 0125 01256 012 01234569 0123456789 0 0 0
1 0 4 0 2 2 0 01234567 0123456789 0 0 0
1 0 4 0 2 23 012 02346789 0123456789 0 0 0
1 0 4 0 2 345678 012 01234569 0123456789 0 0 01
1 0 4 0 2 8 0 0 8 01 012345689 0123456789
1 0 4 0 2 8 0 0 89 012 0123469 0123456789
1 0 4 0 2 8 0 0 9 01 23456789 0123456789
1 0 4 0 2 8 0 01 09 012 0123456789 0123456789
1 0 4 0 2 8 0 1 01 012 0126789 012346789
1 0 4 0 2 8 0 1 1 01 1234569 0123456789
1 0 4 0 2 8 0 1 1 12 012346789 0123456789
1 0 4 0 2 8 0 1 12 02 0123456789 0123456789
1 0 4 0 2 8 0 1 2 012 012345679 012345678
1 0 4 0 2 8 0 1 23 02 012345678 0123456789
1 0 4 0 2 8 0 1 345 01 0123456789 0123456789
1 0 4 0 2 8 0 1 5 01 012456789 0123456789
1 0 4 0 2 8 0 12 05678 012 012345689 01246789
1 0 4 0 2 8 0 2 0 012 0123456789 012346789
1 0 4 0 2 8 0 2 01 02 01234567 01234678
1 0 4 0 2 8 0 2 1 01 0123456789 01234689
1 0 4 0 2 8 0 2 12 012 0123459 0123456789
1 0 4 0 2 8 0 2 2 01 0123456789 012345678
1 0 4 0 2 8 0 2 23 012 012345689 012456789
1 0 4 0 2 8 0 2 3 01 0123456789 0123456789
1 0 4 0 2 8 0 2 34 012 0123456789 012346789
1 0 4 0 2 8 0 2 4 012 0123456789 0123456789
1 0 4 0 2 8 0 2 45 02 012345678 0123456789
1 0 4 0 2 8 0 2 5 012 0123456789 0123456789
1 0 4 0 2 8 0 2 56 02 012345678 01246789
1 0 4 0 2 8 0 2 6 012 0123456789 0123456789
1 0 4 0 2 8 0 2 67 02 0123456789 012345689
1 0 4 0 2 8 0 2 7 012 012456789 0123456789
1 0 4 0 2 8 0 2 78 012 0123456789 0123456789
1 0 4 0 2 8 0 2 89 01 012345678 0123456789
1 0 4 0 2 8 0 23 019 01 012346789 0123456789
1 0 4 0 2 8 0 3 12 01 0123456789 0123456789
1 0 4 0 2 8 0 3 234 01 0123456789 0123456789
1 0 4 0 2 8 0 3 4 01 123456789 0123456789
1 0 4 0 2 8 0 3 45 01 013456789 0123456789
1 0 4 0 2 8 0 3 56 01 0123456789 0123456789
1 0 4 0 2 8 0 3 67 01 0123456789 0123456789
1 0 4 0 2 8 0 3 78 012 01234569 0123456789
1 0 4 0 2 8 0 3 8 01 0123456789 012345678
1 0 4 0 2 8 0 34 089 012 01236789 0123456789
1 0 4 0 2 8 0 4 012 01 0123456789 0123456789
1 0 4 0 2 8 0 4 23 01 0123456789 0123456789
1 0 4 0 2 8 0 4 34 012 0123456789 02345689
1 0 4 0 2 8 0 4 456 012 0123456789 02345678
1 0 4 0 2 8 0 4 6 0 0123456789 0123456789
1 0 4 0 2 8 0 4 678 012 012346789 01245689
1 0 4 0 2 8 0 45 0189 012 0123469 02345678
1 0 4 0 2 8 0 5 1 01 123456789 0123456789
1 0 4 0 2 8 0 5 123 012 0123456 0123456789
1 0 4 0 2 8 0 5 345 01 012346789 012346789
1 0 4 0 2 8 0 5 56789 01 012345679 012345689
1 0 4 0 2 8 0 56 09 01 0123456789 0123456789
1 0 4 0 2 8 0 6 0 12 0123456789 0123456789
1 0 4 0 2 8 0 6 01 02 012345678 0123456789
1 0 4 0 2 8 0 6 12 01 01236789 02345678
1 0 4 0 2 8 0 6 234 012 012346789 0123456789
1 0 4 0 2 8 0 6 45 01 0123456 0123456789
1 0 4 0 2 8 0 6 56 01 01236789 0123456789
1 0 4 0 2 8 0 6 67 012 012345689 0123456789
1 0 4 0 2 8 0 6 78 012 012345689 0123456789
1 0 4 0 2 8 0 6 89 01 012346789 012345689
1 0 4 0 2 8 0 67 09 012 012345689 0123456789
1 0 4 0 2 8 0 7 01 012 012345689 012345678
1 0 4 0 2 8 0 7 12 01 012346789 0123456789
1 0 4 0 2 8 0 7 2346 01 0123456 0123456789
1 0 4 0 2 8 0 7 678 012 0123456789 0123456789
1 0 4 0 2 8 0 78 089 012 012346789 0123456789
1 0 4 0 2 8 0 8 0 01 0123456789 0234568
1 0 4 0 2 8 0 8 01 012 012345789 0123456789
1 0 4 0 2 8 0 8 1 0 0123456789 0123456789
1 0 4 0 2 8 0 8 12 01 0123456789 0123456789
1 0 4 0 2 8 0 8 23 01 012346789 0123456789
1 0 4 0 2 8 0 8 34 012 0123469 0123456789
1 0 4 0 2 8 0 8 45 01 012346789 0123456789
1 0 4 0 2 8 0 8 567 01 01234569 0123456789
1 0 4 0 2 8 0 8 7 01 0123456789 0123456789
1 0 4 0 2 8 0 8 78 01 012345678 0123456789
1 0 4 0 2 8 0 8 89 01 01234569 0123456789
1 0 4 0 2 8 0 89 019 01 0123456789 012456789
1 0 4 0 2 8 0 9 12 01 0123456789 0123456789
1 0 4 0 2 8 0 9 2 01 012346789 0123456789
1 0 4 0 2 8 0 9 234 012 012345679 02345678
1 0 4 0 2 8 0 9 45 012 012345689 0123456789
1 0 4 0 2 8 0 9 56 01 0123456789 0123456789
1 0 4 0 2 8 0 9 678 01 012346789 0123456789
1 0 4 0 2 8 0 9 89 01 0123456789 01234568
1 0 4 0 2 8 01 09 09 012 01234789 0123456789
1 0 4 0 2 8 1 0 01 01 0123456789 0123456789
1 0 4 0 2 8 1 0 12 012 01234789 0123456789
1 0 4 0 2 8 1 0 23 01 012346789 0123456789
1 0 4 0 2 8 1 0 456 01 012346 012456789
1 0 4 0 2 8 1 0 6 01 0123456789 0123456789
1 0 4 0 2 8 1 0 6 12 0123456789 0123456789
1 0 4 0 2 8 1 0 6789 012 0123456 01234568
1 0 4 0 2 8 1 01 01239 01 0123456789 012456789
1 0 4 0 2 8 1 1 34 012 0123456789 0123456789
1 0 4 0 2 8 1 1 456 01 0123456789 0123456789
1 0 4 0 2 8 1 1 67 012 01236789 0123456789
1 0 4 0 2 8 1 1 78 012 0123456789 012456789
1 0 4 0 2 8 1 1 89 012 01345689 0123456789
1 0 4 0 2 8 1 12 09 01 0123456789 0123456789
1 0 4 0 2 8 1 2 01 012 0123456789 012456789
1 0 4 0 2 8 1 2 12 012 012345689 0123456789
1 0 4 0 2 8 1 2 2345 01 012345679 012456789
1 0 4 0 2 8 1 2 56 01 0123456789 0234568
1 0 4 0 2 8 1 2 67 01 012346789 012346789
1 0 4 0 2 8 1 23 089 01 0123456 0123456789
1 0 4 0 2 8 1 3 0 01 0123456789 012346789
1 0 4 0 2 8 1 3 01 012 0123456789 0123456789
1 0 4 0 2 8 1 3 1 01 0123456789 0123456789
1 0 4 0 2 8 1 3 12 012 0123456789 012346789
1 0 4 0 2 8 1 3 23456 01 0123456789 01234689
1 0 4 0 2 8 1 3 6 0 012345678 0123456789
1 0 4 0 2 8 1 3 6 01 012345689 0123456789
1 0 4 0 2 8 1 3 6 12 012345789 0123456789
1 0 4 0 2 8 1 3 78 01 0123456 0123456789
1 0 4 0 2 8 1 3 8 01 012356789 0123456789
1 0 4 0 2 8 1 3 89 01 0123456789 0123456789
1 0 4 0 2 8 1 3 9 01 012345689 0123456789
1 0 4 0 2 8 1 34 09 012 0123456789 0123456789
1 0 4 0 2 8 1 4 0 01 0123456789 0123456789
1 0 4 0 2 8 1 4 0 12 013456789 023456789
1 0 4 0 2 8 1 4 01 02 012345 0123456789
1 0 4 0 2 8 1 4 1 01 0123456789 0123456789
1 0 4 0 2 8 1 4 1 12 012456789 0123456789
1 0 4 0 2 8 1 4 12 02 012345 0123456789
1 0 4 0 2 8 1 4 2 01 0156789 0123456789
1 0 4 0 2 8 1 4 2 1 123456789 0123456789
1 0 4 0 2 8 1 4 23 012 0123459 0123456789
1 0 4 0 2 8 1 4 3 0 12345678 0123456789
1 0 4 0 2 8 1 4 3 01 01234589 0123456789
1 0 4 0 2 8 1 4 3 12 012356789 0123456789
1 0 4 0 2 8 1 4 34 012 0123456789 0123456789
1 0 4 0 2 8 1 4 45 012 01234569 0123456789
1 0 4 0 2 8 1 4 56 01 0123456789 0123456789
1 0 4 0 2 8 1 4 6 01 123456789 0123456789
1 0 4 0 2 8 1 4 67 012 01234589 0123456789
1 0 4 0 2 8 1 4 7 01 013456789 012456789
1 0 4 0 2 8 1 4 78 012 012345679 0123456789
1 0 4 0 2 8 1 4 8 01 0123456789 023456789
1 0 4 0 2 8 1 4 89 012 012346789 012345678
1 0 4 0 2 8 1 4 9 01 0123456789 0123456789
1 0 4 0 2 8 1 4 9 12 0123456789 0123456789
1 0 4 0 2 8 1 45 09 02 012345 0123456789
1 0 4 0 2 8 1 5 0 01 012346789 0123456789
1 0 4 0 2 8 1 5 0 12 0456789 0123456789
1 0 4 0 2 8 1 5 01 02 012345 0123456789
1 0 4 0 2 8 1 5 1 01 012356789 0123456789
1 0 4 0 2 8 1 5 1 12 0123456789 0123456789
1 0 4 0 2 8 1 5 12 012 0123456789 01234568
1 0 4 0 2 8 1 5 234 012 0123456789 0123456789
1 0 4 0 2 8 1 5 4 01 123456789 0123456789
1 0 4 0 2 8 1 5 45 012 0123456789 0123456789
1 0 4 0 2 8 1 5 5 01 0123456789 012456789
1 0 4 0 2 8 1 5 56 012 012345679 012345689
1 0 4 0 2 8 1 5 6 01 012456789 0123456789
1 0 4 0 2 8 1 5 67 012 0123456789 012456789
1 0 4 0 2 8 1 5 7 01 0123456789 0123456789
1 0 4 0 2 8 1 5 78 012 01234589 0123456789
1 0 4 0 2 8 1 5 8 01 023456789 0123456789
1 0 4 0 2 8 1 5 8 1 012345678 0123456789
1 0 4 0 2 8 1 5 89 012 01234589 0123456789
1 0 4 0 2 8 1 5 9 0 0123456789 0123456789
1 0 4 0 2 8 1 5 9 012 0123456789 0123456789
1 0 4 0 2 8 1 56 09 02 012345 0123456789
1 0 4 0 2 8 1 6 0 01 012456789 0123456789
1 0 4 0 2 8 1 6 0 12 023456789 0123456789
1 0 4 0 2 8 1 6 01 02 012345 0123456789
1 0 4 0 2 8 1 6 1 01 013456789 0123456789
1 0 4 0 2 8 1 6 1 1 12345678 0123456789
1 0 4 0 2 8 1 6 12 012 01234589 0123456789
1 0 4 0 2 8 1 6 2 0 012345678 0123456789
1 0 4 0 2 8 1 6 2 01 01234589 0123456789
1 0 4 0 2 8 1 6 2 12 01256789 0123456789
1 0 4 0 2 8 1 6 23 02 012345 0123456789
1 0 4 0 2 8 1 6 3 01 0123456789 0123456789
1 0 4 0 2 8 1 6 3 12 0123456789 0123456789
1 0 4 0 2 8 1 6 34 02 012345678 0123456789
1 0 4 0 2 8 1 6 4 01 012345689 0123456789
1 0 4 0 2 8 1 6 4 12 01236789 0123456789
1 0 4 0 2 8 1 6 45 02 012345 0123456789
1 0 4 0 2 8 1 6 5 01 01256789 0123456789
1 0 4 0 2 8 1 6 5 12 023456789 0123456789
1 0 4 0 2 8 1 6 56 02 012345 0123456789
1 0 4 0 2 8 1 6 6 01 013456789 0123456789
1 0 4 0 2 8 1 6 678 01 012345679 0123456789
1 0 4 0 2 8 1 6 8 012 0123456789 012346789
1 0 4 0 2 8 1 6 89 012 0123456789 012345678
1 0 4 0 2 8 1 6 9 12 0123456789 012345678
1 0 4 0 2 8 1 67 09 012 012346789 0123456789
1 0 4 0 2 8 1 7 01 012 0123456789 012345689
1 0 4 0 2 8 1 7 1 01 0123456789 0123456789
1 0 4 0 2 8 1 7 12 012 0123456789 01246789
1 0 4 0 2 8 1 7 2 01 0123456789 012346789
1 0 4 0 2 8 1 7 23 012 012345789 0123456789
1 0 4 0 2 8 1 7 3 012 0123456789 012456789
1 0 4 0 2 8 1 7 34 02 0123456789 02346789
1 0 4 0 2 8 1 7 4 012 0123456789 012345689
1 0 4 0 2 8 1 7 45 02 012345678 0123456789
1 0 4 0 2 8 1 7 5 012 0123456789 0123456789
1 0 4 0 2 8 1 7 56 012 0123456789 01234678
1 0 4 0 2 8 1 7 67 012 0123456789 0123456789
1 0 4 0 2 8 1 7 7 01 0123456789 02345689
1 0 4 0 2 8 1 7 78 012 012346789 012346789
1 0 4 0 2 8 1 7 8 01 0123456789 0123456789
1 0 4 0 2 8 1 7 89 012 0123456789 012346789
1 0 4 0 2 8 1 7 9 01 0123456789 012345678
1 0 4 0 2 8 1 78 09 012 0123456789 0123456789
1 0 4 0 2 8 1 8 0 01 0123456789 0123456789
1 0 4 0 2 8 1 8 01 012 012346789 02346789
1 0 4 0 2 8 1 8 1 01 0123456789 0123456789
1 0 4 0 2 8 1 8 12 012 0123456789 0123456789
1 0 4 0 2 8 1 8 2 01 0123456789 0123456789
1 0 4 0 2 8 1 8 23 012 0123456789 01234568
1 0 4 0 2 8 1 8 3 012 012346789 012456789
1 0 4 0 2 8 1 8 34 012 0123456789 012345689
1 0 4 0 2 8 1 8 45 012 023456789 012345678
1 0 4 0 2 8 1 8 5 01 0123456789 012346789
1 0 4 0 2 8 1 8 56 012 0123456789 012346789
1 0 4 0 2 8 1 8 6 01 0123456789 012346789
1 0 4 0 2 8 1 8 6 12 0123456789 0123456789
1 0 4 0 2 8 1 8 67 012 0123456789 0123456789
1 0 4 0 2 8 1 8 78 012 0123456789 012345689
1 0 4 0 2 8 1 8 8 01 0123456789 023456789
1 0 4 0 2 8 1 8 89 012 0123456789 0123456789
1 0 4 0 2 8 1 8 9 01 0123456789 012456789
1 0 4 0 2 8 1 89 09 012 0123456789 012345689
1 0 4 0 2 8 1 9 0 012 0123456789 01234689
1 0 4 0 2 8 1 9 01 012 0123456789 012345689
1 0 4 0 2 8 1 9 12 01 0123456789 0123456789
1 0 4 0 2 8 1 9 2 01 0123456789 012346789
1 0 4 0 2 8 1 9 23 012 012345789 0123456789
1 0 4 0 2 8 1 9 3 01 0123456789 012346789
1 0 4 0 2 8 1 9 3 12 0123456789 0123456789
1 0 4 0 2 8 1 9 34 012 0123456789 0123456789
1 0 4 0 2 8 1 9 45 012 0123456789 0123456789
1 0 4 0 2 8 1 9 5 01 0123456789 01245689
1 0 4 0 2 8 1 9 56 012 012346789 012346789
1 0 4 0 2 8 1 9 6 01 0123456789 012456789
1 0 4 0 2 8 1 9 67 012 012345789 0123456789
1 0 4 0 2 8 1 9 7 01 0123456789 0123456789
1 0 4 0 2 8 1 9 78 012 012345789 0123456789
1 0 4 0 2 8 1 9 8 01 0123456789 0123456789
1 0 4 0 2 8 1 9 89 012 0123456789 012345689
1 0 4 0 2 8 1 9 9 01 0123456789 012345678
1 0 4 0 2 8 12 09 09 012 0123456789 012456789
1 0 4 0 2 8 2 0 0 01 0123456789 012456789
1 0 4 0 2 8 2 0 01 012 01234589 012456789
1 0 4 0 2 8 2 0 1 01 0123456789 0123456789
1 0 4 0 2 8 2 0 12 012 0123456789 0123456789
1 0 4 0 2 8 2 0 2 01 0123456789 012456789
1 0 4 0 2 8 2 0 23 012 0123456789 0123456789
1 0 4 0 2 8 2 0 3 01 0123456789 023456789
1 0 4 0 2 8 2 0 34 012 012345789 012345678
1 0 4 0 2 8 2 0 4 01 0123456789 012456789
1 0 4 0 2 8 2 0 45 012 012345789 012345689
1 0 4 0 2 8 2 0 5 01 23456789 012345678
1 0 4 0 2 8 2 0 56 02 01234567 012346789
1 0 4 0 2 8 2 0 6 012 0123456789 0123456789
1 0 4 0 2 8 2 0 67 02 012345678 0123456789
1 0 4 0 2 8 2 0 7 012 0123456789 0123456789
1 0 4 0 2 8 2 0 78 02 012345678 0123456789
1 0 4 0 2 8 2 0 8 012 0123456789 0123456789
1 0 4 0 2 8 2 0 89 012 0123456789 012456789
1 0 4 0 2 8 2 0 9 12 0123456789 0123456789
1 0 4 0 2 8 2 01 09 012 0123456789 023456789
1 0 4 0 2 8 2 1 01 012 0123456789 012345689
1 0 4 0 2 8 2 1 1 01 0123456789 0123456789
1 0 4 0 2 8 2 1 1 12 0123456789 0123456789
1 0 4 0 2 8 2 1 12 012 0123456789 0123456789
1 0 4 0 2 8 2 1 2 12 0123456789 02346789
1 0 4 0 2 8 2 1 23 012 0123456789 0123456789
1 0 4 0 2 8 2 1 3 12 0123456789 012346789
1 0 4 0 2 8 2 1 34 02 012345678 0123456789
1 0 4 0 2 8 2 1 4 012 0123456789 0123456789
1 0 4 0 2 8 2 1 45 02 01234567 0123456789
1 0 4 0 2 8 2 1 5 012 0123456789 0123456789
1 0 4 0 2 8 2 1 56 02 012345678 012345689
1 0 4 0 2 8 2 1 6 012 0123456789 0123456789
1 0 4 0 2 8 2 1 67 012 0123456789 012345678
1 0 4 0 2 8 2 1 7 12 0123456789 0123456789
1 0 4 0 2 8 2 1 78 012 0123456789 01245678
1 0 4 0 2 8 2 1 8 12 0123456789 012346789
1 0 4 0 2 8 2 1 89 02 0123456789 0123456789
1 0 4 0 2 8 2 1 9 012 0123456789 0123456789
1 0 4 0 2 8 2 12 09 02 0123456789 012456789
1 0 4 0 2 8 2 2 0 012 0123456789 012456789
1 0 4 0 2 8 2 2 01 02 01234568 0123456789
1 0 4 0 2 8 2 2 1 012 0123456789 012345678
1 0 4 0 2 8 2 2 12 02 01234567 012346789
1 0 4 0 2 8 2 2 2 012 0123456789 012345678
1 0 4 0 2 8 2 2 23 012 0123456789 023456789
1 0 4 0 2 8 2 2 3 12 0123456789 0123456789
1 0 4 0 2 8 2 2 34 012 0123456789 01234678
1 0 4 0 2 8 2 2 4 12 0123456789 01246789
1 0 4 0 2 8 2 2 45 012 0123456789 0123456789
1 0 4 0 2 8 2 2 5 1 0123456789 0123456789
1 0 4 0 2 8 2 2 56 02 0123456 0123456789
1 0 4 0 2 8 2 2 6 012 0123456789 0123456789
1 0 4 0 2 8 2 2 67 02 012345678 0123456789
1 0 4 0 2 8 2 2 7 012 0123456789 0123456789
1 0 4 0 2 8 2 2 78 012 0123456789 012456789
1 0 4 0 2 8 2 2 8 12 0123456789 0123456789
1 0 4 0 2 8 2 2 89 02 0123456789 0123456789
1 0 4 0 2 8 2 2 9 12 0123456789 012456789
1 0 4 0 2 8 2 23 09 02 01234567 0123456789
1 0 4 0 2 8 2 3 0 01 0123456789 01245689
1 0 4 0 2 8 2 3 01 012 01234569 0123456789
1 0 4 0 2 8 2 3 1 012 0123456789 012456789
1 0 4 0 2 8 2 3 12 012 0123456789 012456789
1 0 4 0 2 8 2 3 2 12 0123456789 02456789
1 0 4 0 2 8 2 3 3 0 0123456789 0123456789
1 0 4 0 2 8 2 3 3 12 0123456789 012345689
1 0 4 0 2 8 2 3 34 02 0123456789 01245678
1 0 4 0 2 8 2 3 4 12 0123456789 0123456789
1 0 4 0 2 8 2 3 45 012 0123456789 0123456789
1 0 4 0 2 8 2 3 5 12 0123456789 0123456789
1 0 4 0 2 8 2 3 6 01 0123456789 012456789
1 0 4 0 2 8 2 3 6 12 0123456789 0123456789
1 0 4 0 2 8 2 3 67 012 0123456789 012345689
1 0 4 0 2 8 2 3 78 012 0123456789 0123456789
1 0 4 0 2 8 2 3 8 01 0123456789 0123456789
1 0 4 0 2 8 2 3 89 012 0123456789 0123456789
1 0 4 0 2 8 2 3 9 01 0123456789 0123456789
1 0 4 0 2 8 2 34 09 012 0123456789 0123456789
1 0 4 0 2 8 2 4 0 01 0123456789 012346789
1 0 4 0 2 8 2 4 01 012 0123456789 0123456789
1 0 4 0 2 8 2 4 1 01 0123456789 012456789
1 0 4 0 2 8 2 4 12 012 012345789 0123456789
1 0 4 0 2 8 2 4 2 012 0123456789 0124689
1 0 4 0 2 8 2 4 23 02 01234567 012345678
1 0 4 0 2 8 2 4 3 01 0123456789 0123456789
1 0 4 0 2 8 2 4 34 012 01234589 012456789
1 0 4 0 2 8 2 4 4 01 0123456789 01234678
1 0 4 0 2 8 2 4 45 012 01234789 012346789
1 0 4 0 2 8 2 4 5 01 0123456789 012346789
1 0 4 0 2 8 2 4 56 012 0123459 012345689
1 0 4 0 2 8 2 4 6 01 0123456789 0123456789
1 0 4 0 2 8 2 4 67 012 012345789 0123456789
1 0 4 0 2 8 2 4 7 01 0123456789 0123456789
1 0 4 0 2 8 2 4 78 012 012456789 012345689
1 0 4 0 2 8 2 4 8 01 123456789 012345689
1 0 4 0 2 8 2 4 89 012 01234589 0123456789
1 0 4 0 2 8 2 4 9 01 0123456789 0123456789
1 0 4 0 2 8 2 45 09 02 012345 0123456789
1 0 4 0 2 8 2 5 0 01 0123456789 0123456789
1 0 4 0 2 8 2 5 01 012 012345789 0123456789
1 0 4 0 2 8 2 5 1 01 0123456789 012346789
1 0 4 0 2 8 2 5 12 012 012346789 01245689
1 0 4 0 2 8 2 5 2 01 0123456789 012456789
1 0 4 0 2 8 2 5 23 012 012345789 012456789
1 0 4 0 2 8 2 5 3 01 0123456789 012345678
1 0 4 0 2 8 2 5 34 012 012345789 0123456789
1 0 4 0 2 8 2 5 4 01 123456789 0123456789
1 0 4 0 2 8 2 5 45 012 012345689 012345678
1 0 4 0 2 8 2 5 5 01 0123456789 012456789
1 0 4 0 2 89 02 01235 0123456789 012 0123459 012345678
1 0 4 0 2 9 0 345678 0123456789 0 0 0
1 0 4 0 2 9 01 012389 0123456789 012 01234569 0234568
1 0 4 0 2 9 1 3 4567 012 0123456789 0124678
1 0 4 0 2 9 1 34 089 012 01234569 0123456789
1 0 4 0 2 9 1 4 0 12 0126789 0123456789
1 0 4 0 2 9 1 4 01 02 012345 0123456789
1 0 4 0 2 9 1 4 1 0 234567 0123456789
1 0 4 0 2 9 1 4 12 01 012346789 0123456789
1 0 4 0 2 9 1 4 23 01 023456789 0123456789
1 0 4 0 2 9 1 4 34 012 012456789 0123456789
1 0 4 0 2 9 1 4 4 0 234567 0123456789
1 0 4 0 2 9 1 4 45 012 01234789 0123456789
1 0 4 0 2 9 1 4 56 02 0123456 0123456789
1 0 4 0 2 9 1 4 6 01 016789 0123456789
1 0 4 0 2 9 1 4 6 1 1234567 0123456789
1 0 4 0 2 9 1 4 6 12 012789 0123456789
1 0 4 0 2 9 1 4 67 02 012345 0123456789
1 0 4 0 2 9 1 4 7 0 345678 0123456789
1 0 4 0 2 9 1 4 78 01 01234689 0123456789
1 0 4 0 2 9 1 5 01 012 0123689 0123456789
1 0 4 0 2 9 1 5 1 1 234567 0123456789
1 0 4 0 2 9 1 5 1 12 012789 0123456789
1 0 4 0 2 9 1 5 1234 012 012345689 0123456789
1 0 4 0 2 9 1 5 456 012 012346789 012456789
1 0 4 0 2 9 1 5 67 012 012345679 0123456789
1 0 4 0 2 9 1 5 789 012 0123456 012345678
1 0 4 0 23 09 01 0234569 024689 01 012456789 0123456789
1 0 4 0 3 0 1 2 8 01 0123456789 0123456789
1 0 4 0 3 0 1 2 89 012 012346789 0123456789
1 0 4 0 3 0 1 2 9 01 23456789 0123456789
1 0 4 0 3 0 1 23 029 012 012346789 0123456789
1 0 4 0 3 0 1 3 2 0 1234567 0123456789
1 0 4 0 3 0 1 3 2 01 0123789 0123456789
1 0 4 0 3 0 1 3 2 12 012346789 0123456789
1 0 4 0 3 0 1 3 23 02 012345 0123456789
1 0 4 0 3 0 1 3 3 0 345678 0123456789
1 0 4 0 3 0 1 3 3 01 0123489 0123456789
1 0 4 0 3 0 1 3 3 12 0456789 0123456789
1 0 4 0 3 0 1 3 34 02 012345 0123456789
1 0 4 0 3 0 1 3 4 0 123456 0123456789
1 0 4 0 3 0 1 3 4 01 0126789 0123456789
1 0 4 0 3 0 1 3 4 1 2345678 0123456789
1 0 4 0 3 0 1 3 4 12 012389 0123456789
1 0 4 0 3 0 1 3 45 02 012345 0123456789
1 0 4 0 3 0 1 3 5 01 03456789 0123456789
1 0 4 0 3 0 1 3 5 1 012345 0123456789
1 0 4 0 3 0 1 3 5 12 01236789 0123456789
1 0 4 0 3 0 1 3456 024568 02 012345 0123456789
1 0 4 0 3 0 1 6 0 0 3456789 0123456789
1 0 4 0 3 0 1 6 0 01 0123459 0123456789
1 0 4 0 3 0 1 6 0 12 016789 0123456789
1 0 4 0 3 0 1 6 01 02 012345 0123456789
1 0 4 0 3 0 1 6 1 0 123456 0123456789
1 0 4 0 3 0 1 6 1 01 012789 0123456789
1 0 4 0 3 0 1 6 1 1 2345678 0123456789
1 0 4 0 3 0 1 6 1 12 012389 0123456789
1 0 4 0 3 0 1 6 12 02 012345 0123456789
1 0 4 0 3 0 1 6 2 01 03456789 0123456789
1 0 4 0 3 0 1 6 2 1 0123456 0123456789
1 0 4 0 3 0 1 6 2 12 016789 0123456789
1 0 4 0 3 0 1 6 23 02 012345 0123456789
1 0 4 0 3 0 1 6 3 0 1234567 0123456789
1 0 4 0 3 0 1 6 3 01 0123789 0123456789
1 0 4 0 3 0 1 6 3 1 3456789 0123456789
1 0 4 0 3 0 1 6 3 12 012349 0123456789
1 0 4 0 3 0 1 6 34 02 012345 0123456789
1 0 4 0 3 0 1 6 4 01 0456789 0123456789
1 0 4 0 3 0 1 6 4 1 0126789 0123456789
1 0 4 0 3 0 1 6 4 12 012349 0123456789
1 0 4 0 3 0 1 6 45 02 012345 0123456789
1 0 4 0 3 0 1 6 5 0 456789 0123456789
1 0 4 0 3 0 1 6 5 01 012349 0123456789
1 0 4 0 3 0 1 6 5 12 0156789 0123456789
1 0 4 0 3 0 1 6 56 02 01234568 0123456789
1 0 4 0 3 0 1 6 6 01 01234589 0123456789
1 0 4 0 3 0 1 6 6 12 0156789 0123456789
1 0 4 0 3 0 1 6 67 02 012345 0123456789
1 0 4 0 3 0 1 6 7 0 123456 0123456789
1 0 4 0 3 0 1 6 7 01 012789 0123456789
1 0 4 0 3 0 1 6 7 12 0126789 0123456789
1 0 4 0 3 0 1 6 78 02 012345 0123456789
1 0 4 0 3 0 1 6 8 0 1234567 0123456789
1 0 4 0 3 0 1 6 8 01 0123789 0123456789
1 0 4 0 3 0 1 6 8 1 345678 0123456789
1 0 4 0 3 0 1 6 8 12 012349 0123456789
1 0 4 0 3 0 1 6 89 02 012345 0123456789
1 0 4 0 3 0 1 6 9 01 0156789 0123456789
1 0 4 0 3 0 1 6 9 1 1234567 0123456789
1 0 4 0 3 0 1 67 09 012 01234589 0123456789
1 0 4 0 3 0 1 7 0 0 234567 0123456789
1 0 4 0 3 0 1 7 0 012 01236789 0123456789
1 0 4 0 3 0 1 7 01 02 012345 0123456789
1 0 4 0 3 0 1 7 1 01 0456789 0123456789
1 0 4 0 3 0 1 7 1 1 123456 0123456789
1 0 4 0 3 0 1 7 12 012 0126789 0123456789
1 0 4 0 3 0 1 7 2 01 01236789 0123456789
1 0 4 0 3 0 1 7 2346 01 0123469 0123456789
1 0 4 0 3 0 1 7 6 0 456789 0123456789
1 0 4 0 3 0 1 7 6 01 0123459 0123456789
1 0 4 0 3 0 1 7 6 12 056789 0123456789
1 0 4 0 3 0 1 7 67 02 012345 0123456789
1 0 4 0 3 0 1 7 7 0 0123456 0123456789
1 0 4 0 3 0 1 7 7 01 016789 0123456789
1 0 4 0 3 0 1 7 7 1 12346789 0123456789
1 0 4 0 3 0 1 7 7 12 0123459 0123456789
1 0 4 0 3 0 1 7 78 02 0123456 0123456789
1 0 4 0 3 0 1 7 8 01 016789 0123456789
1 0 4 0 3 0 1 7 8 1 123456 0123456789
1 0 4 0 3 0 1 7 8 12 0126789 0123456789
1 0 4 0 3 0 1 7 89 02 012345 0123456789
1 0 4 0 3 01 01 0789 012349 012 012345679 023456789
1 0 4 0 3 126 01 01236 01234568 012 012345679 024678
1 0 4 0 3 6 0 1 3456 012 012345679 01234689
1 0 4 0 3 6 01 0123456789 012345689 01 023456 023468
1 0 4 0 3 67 012 0123456789 0123456789 01 0269 0468
1 0 4 0 3 7 012 0123456789 012345689 0 0 0
1 0 4 0 34 0123478 012 01234569 0124589 01 0234567 02468
1 0 4 0 4 4 0 0 56 012 012345789 024568
1 0 4 0 4 4 0 0 6 01 0123456789 02346789
1 0 4 0 4 4 0 0 67 012 0123456789 0124689
1 0 4 0 4 4 0 0 7 01 123456789 023456789
1 0 4 0 4 4 0 01 0178 012 0123456789 01234678
1 0 4 0 4 4 0 1 1 01 0123456789 02345689
1 0 4 0 4 4 0 1 1 12 0123456789 023456789
1 0 4 0 4 4 0 1 123 012 0123456789 024568
1 0 4 0 4 4 0 1 34 012 012345689 0234678
1 0 4 0 4 4 0 1 4 01 0123456789 0245689
1 0 4 0 4 4 0 1 4 12 0123456789 023456789
1 0 4 0 4 4 0 1 45 02 0123456789 0245678
1 0 4 0 4 4 0 1 56 012 0123456789 0246789
1 0 4 0 4 4 0 1 6 01 0123456789 0123456789
1 0 4 0 4 4 0 1 67 012 0123456789 012456789
1 0 4 0 4 4 0 1 7 012 0123456789 0123456789
1 0 4 0 4 4 0 1 78 02 0123456 0123456789
1 0 4 0 4 4 0 1 8 01 0123456789 0123456789
1 0 4 0 4 4 0 1 89 012 0123489 0123456789
1 0 4 0 4 4 0 1 9 01 0123456789 0123456789
1 0 4 0 4 4 0 1 9 12 012346789 0123456789
1 0 4 0 4 4 0 12 09 012 0123456789 01234678
1 0 4 0 4 4 0 2 01 012 0123456789 012345678
1 0 4 0 4 4 0 2 1 01 123456789 01245689
1 0 4 0 4 4 0 2 12 012 01234569 012345689
1 0 4 0 4 4 0 2 2 01 0123456789 02456789
1 0 4 0 4 4 0 2 23 012 012345689 023456789
1 0 4 0 4 4 0 2 34 012 0123456789 012346789
1 0 4 0 4 4 0 2 4568 01 0123456789 012346789
1 0 4 0 4 4 0 2 8 012 0123456789 0123456789
1 0 4 0 4 4 0 2 89 012 0123456789 012345689
1 0 4 0 4 4 0 23 09 012 0123456789 0123456789
1 0 4 0 4 4 0 3 0 01 0123456789 0123456789
1 0 4 0 4 4 0 3 01 012 0123456789 0123456789
1 0 4 0 4 4 0 3 1 01 123456789 012346789
1 0 4 0 4 4 0 3 12 012 012345689 0123456789
1 0 4 0 4 4 0 3 23 012 0123456789 0123456789
1 0 4 0 4 4 0 3 3 01 0123456789 0123456789
1 0 4 0 4 4 0 3 34 012 0123456789 02345689
1 0 4 0 4 4 0 3 45 012 012345679 012346789
1 0 4 0 4 4 0 3 56 012 0123456789 0246789
1 0 4 0 4 4 0 3 6 01 0123456789 012345689
1 0 4 0 4 4 0 3 67 012 012345789 02345689
1 0 4 0 4 4 0 3 7 01 0123456789 0124678
1 0 4 0 4 4 0 3 78 012 0123456789 012468
1 0 4 0 4 4 0 3 8 01 0123456789 0123456789
1 0 4 0 4 4 0 3 8 12 012346789 0123456789
1 0 4 0 4 4 0 3 89 012 0123456789 01246789
1 0 4 0 4 4 0 34 09 012 0123456789 024689
1 0 4 0 4 4 0 4 0 01 0123456789 01234568
1 0 4 0 4 4 0 4 01 02 012345678 0234568
1 0 4 0 4 4 0 4 12 012 0123456789 012456789
1 0 4 0 4 4 0 4 2 01 012346789 0123456789
1 0 4 0 4 4 0 4 23 012 0123456789 0123456789
1 0 4 0 4 4 0 4 34 012 0123456789 01234678
1 0 4 0 4 4 0 4 4 01 0123456789 02346789
1 0 4 0 4 4 0 4 45 012 0123459 012345678
1 0 4 0 4 4 0 4 5 01 0123456789 0245678
1 0 4 0 4 4 0 4 56 012 0123456789 01246789
1 0 4 0 4 4 0 4 6 12 0123456789 024568
1 0 4 0 4 4 0 4 67 012 0123456789 01245689
1 0 4 0 4 4 0 4 789 012 012346789 012456789
1 0 4 0 4 4 0 45 09 01 012346789 0123456789
1 0 4 0 4 4 0 5 0 012 012346789 012346789
1 0 4 0 4 4 0 5 01 012 012346789 0123456789
1 0 4 0 4 4 0 5 12 012 0123456789 02456789
1 0 4 0 4 4 0 5 23 01 0123456789 01245689
1 0 4 0 4 4 0 5 3 012 0123456789 0123456789
1 0 4 0 4 4 0 5 34 012 01234569 012456789
1 0 4 0 4 4 0 5 45 012 023456789 0123456789
1 0 4 0 4 4 0 5 5 012 0123456789 012345689
1 0 4 0 4 4 0 5 56 012 0123456789 01234678
1 0 4 0 4 4 0 5 67 012 01234589 012345678
1 0 4 0 4 4 0 5 7 012 0123456789 012345689
1 0 4 0 4 4 0 5 78 012 012346789 023456789
1 0 4 0 4 4 0 5 8 12 0123456789 0123456789
1 0 4 0 4 4 0 5 89 012 0123456789 0123456789
1 0 4 0 4 4 0 5 9 1 0123456789 0123456789
1 0 4 0 4 4 0 5678 012456789 012 0123469 0123456789
1 0 4 0 4 4 0 89 012456789 012 0123469 02468
1 0 4 0 4 4 01 09 0345678 012 01234689 02468
1 0 4 0 4 4 1 0 7 012 0123456789 02468
1 0 4 0 4 4 1 01 026789 012 012345689 012345689
1 0 4 0 4 4 1 129 0234589 012 01234569 02456789
1 0 4 0 4 4 1 9 56 01 0123456789 0123456789
1 0 4 0 4 4 1 9 6 012 0123456789 0123456789
1 0 4 0 4 4 1 9 67 02 012345 0123456789
1 0 4 0 4 4 1 9 7 01 0123456789 012345678
1 0 4 0 4 4 1 9 78 012 012345789 0123456789
1 0 4 0 4 4 1 9 8 01 0123456789 0123456789
1 0 4 0 4 4 1 9 8 12 0123456789 012345689
1 0 4 0 4 4 1 9 9 01 012345689 012345678
1 0 4 0 4 4 12 09 0239 012 0123456789 0123456789
1 0 4 0 4 4 2 01 0123489 012 0123456789 01234689
1 0 4 0 4 4 2 1 23467 012 0123456789 02468
1 0 4 0 4 4 2 123 012346789 012 012345679 02468
1 0 4 0 4 4 2 3 0 012 0123456789 02456789
1 0 4 0 4 4 2 3 01 012 012345689 0123456789
1 0 4 0 4 4 2 3 12 012 0123456789 012346789
1 0 4 0 4 4 2 3 234 012 0123456789 024678
1 0 4 0 4 4 2 3 45 01 0123456789 02345678
1 0 4 0 4 4 2 3 56 012 0123456789 012345689
1 0 4 0 4 4 2 3 67 012 0123456789 0123468
1 0 4 0 4 4 2 3 78 012 0123456789 012456789
1 0 4 0 4 4 2 3 89 012 0123456789 0123468
1 0 4 0 4 4 2 345 024589 012 012345679 02468
1 0 4 0 4 567 012 01234689 0123456789 01 02369 0248
1 0 4 0 4 7 0 23456 0123456789 01 02369 02468
1 0 4 0 4 7 01 016789 012345678 01 02369 02468
1 0 4 0 46 4578 012 0123469 0123456789 012 023469 0248
1 0 4 0 6 56789 012 012346789 023468 0 0 0
1 0 4 0 67 09 012 012346789 012345689 01 02346 024568
1 0 4 0 7 012 012 0123456789 01245689 0 0 0
1 0 4 0 7 234 012 0123456789 023468 012 012346789 024678
1 0 4 0 7 4 0 1 678 012 012345689 01245689
1 0 4 0 7 4 0 1 89 01 0123456789 0123468
1 0 4 0 7 4 01 1236789 012345689 012 0123456789 02345689
1 0 4 0 7 456 012 0123456789 02345678 01 029 068
1 0 4 0 7 67 012 012346789 0123456789 0 0 0
1 0 4 0 7 78 012 0126789 012345678 0 0 0
1 0 4 0 78 089 012 012346789 01245678 0 0 0
1 0 4 0 8 012 012 0123456789 024689 0 0 0
1 0 4 0 8 234 012 012346789 0245689 0 0 0
1 0 4 0 8 456 012 012345679 0124689 0 0 0
1 0 4 0 8 678 012 0123456789 02456789 0 0 0
1 0 4 0 89 089 012 0123456789 023468 0 0 0
1 0 4 0 9 01 012 0123469 01245678 012 01234569 01245689
1 0 4 0 9 123 012 0123456789 01234689 0 0 0
1 0 4 0 9 34 012 012346789 012345689 0 0 0
1 0 4 0 9 456 012 012346789 01246789 0 06 04
1 0 4 0 9 67 012 012789 0123468 012 01234569 01245678
1 0 4 0 9 78 01 012346789 02346789 0 0 0
1 0 4 01 09 089 012 0123456789 0123456789 0 0 0
1 0 4 1 0 0123 012 01234679 01245678 0 0 0
1 0 4 1 0 345 012 0123456789 012345689 0 0 0
1 0 4 1 0 567 012 0123456789 0124678 0 0 0
1 0 4 1 0 789 012 0123456789 0234689 0 0 0
1 0 4 1 01 01239 012 012456789 0124689 0 0 0
1 0 4 1 1 345 012 0123456789 0123456789 0 0 0
1 0 4 1 1 567 012 01234679 012345678 012 0234569 0245689
1 0 4 1 1 789 012 012346789 012456789 0 0 0
1 0 4 1 1 9 0 34 046 01 0123456 012345678
1 0 4 1 12 09 012 0123456789 012346789 01 02569 02456789
1 0 4 1 2 012 012 0123456789 0245689 0 0 0
1 0 4 1 2 23 02 012345678 01246789 01 02346789 0245689
1 0 4 1 2 34 012 012345689 012345689 0 0 0
1 0 4 1 2 456 012 012346789 02345689 0 0 0
1 0 4 1 2 678 01 012345679 0123456789 012 02459 02489
1 0 4 1 2 89 012 0123456789 0123456789 0 0 0
1 0 4 1 2 9 0 012345678 0123456789 0 0 0
1 0 4 1 23 09 012 0123456789 012456789 0 0 0
1 0 4 1 3 012 012 0123469 012456789 01 012346789 02468
1 0 4 1 3 2 01 0123456789 0123456789 01 026 048
1 0 4 1 3 23 012 01234789 0123456789 01 0269 0248
1 0 4 1 3 34 012 0123456789 0123456789 0 0 0
1 0 4 1 3 4 0 0123467 0123456789 01 012369 01245689
1 0 4 1 3 4 0 7 23456 01 012346 0123456789
1 0 4 1 3 4 0 789 0678 01 012346 0123456789
1 0 4 1 3 4 0 9 6 012 0123456789 01234689
1 0 4 1 3 4 0 9 67 012 0123456789 01245689
1 0 4 1 3 4 0 9 7 12 0123456789 02345689
1 0 4 1 3 4 0 9 78 02 0123456789 0123456789
1 0 4 1 3 4 0 9 8 12 0123456789 012345678
1 0 4 1 3 4 0 9 89 02 012345 0123456789
1 0 4 1 3 4 0 9 9 01 0123456789 0123456789
1 0 4 1 3 4 01 09 09 012 0123456789 012456789
1 0 4 1 3 4 1 0 0 01 0123456789 012345689
1 0 4 1 3 4 1 0 01 012 0123456789 0123456789
1 0 4 1 3 4 1 0 1 01 0123456789 0123456789
1 0 4 1 3 4 1 0 1 12 0123456789 012456789
1 0 4 1 3 4 1 0 12 02 01234567 0123456789
1 0 4 1 3 4 1 0 2 01 0123456789 0123456789
1 0 4 1 3 4 1 0 23 012 0123456789 0123456789
1 0 4 1 3 4 1 0 34 01 0123456789 012346789
1 0 4 1 3 4 1 0 4 012 0123456789 0123456789
1 0 4 1 3 4 1 0 45 012 0123456789 0123456789
1 0 4 1 3 4 1 0 568 012 0123456789 0123456789
1 0 4 1 3 4 1 0 8 01 0123456789 012345678
1 0 4 1 3 4 1 0 89 012 01234589 0123456789
1 0 4 1 3 4 1 0 9 01 0123456789 0123456789
1 0 4 1 3 4 1 01 09 012 012345679 0123456789
1 0 4 1 3 4 1 1 0 012 0123456789 0123456789
1 0 4 1 3 4 1 1234 012456789 012 012346 02456789
1 0 4 1 3 4 12 056789 0123456789 0 0 0
1 0 4 1 3 4 2 0123 0123456789 0 01234568 012456789
1 0 4 1 3 4 2 3 23 012 012345689 01234678
1 0 4 1 3 4 2 3 345 012 012345679 02345678
1 0 4 1 3 4 2 3 56 01 0123456789 012345678
1 0 4 1 3 4 2 3 6 12 0123456789 0123456789
1 0 4 1 3 4 2 3 67 012 0123456789 012346789
1 0 4 1 3 4 2 3 7 12 0123456789 0123456789
1 0 4 1 3 4 2 3 78 012 0123456789 0123468
1 0 4 1 3 4 2 3 89 012 0123456789 02468
1 0 4 1 3 45 02 04 012348 01 0123456789 0245689
1 0 4 1 3 5 0 0 01 012 0123456789 0124678
1 0 4 1 3 5 0 0 1 01 0123456789 023456789
1 0 4 1 3 5 0 0 12 012 0123456789 012346789
1 0 4 1 3 5 0 0 2 012 0123456789 01245678
1 0 4 1 3 5 0 0 23 02 012345678 012346789
1 0 4 1 3 5 0 0 3 012 0123456789 024568
1 0 4 1 3 5 0 0 34 02 012345678 0124568
1 0 4 1 3 5 0 0 4 012 0123456789 012345689
1 0 4 1 3 5 0 0 45 012 0123456789 01234689
1 0 4 1 3 5 0 0 56 012 0123456789 0123468
1 0 4 1 3 5 0 0 6 01 0123456789 02468
1 0 4 1 3 5 0 0 67 012 012346789 024678
1 0 4 1 3 5 0 0 7 01 0123456789 02468
1 0 4 1 3 5 0 0 78 012 012345689 023456789
1 0 4 1 3 5 0 0 89 012 0123456789 0245678
1 0 4 1 3 5 0 0 9 01 0123456789 023456789
1 0 4 1 3 5 0 012 012469 012 0123456789 02456789
1 0 4 1 3 5 0 2 4 01 0123456789 0123456789
1 0 4 1 3 5 0 2 45 012 0123456789 01246789
1 0 4 1 3 5 0 2 5 01 0123456789 02468
1 0 4 1 3 5 0 23 01568 012 0123456789 02468
1 0 4 1 3 5 0 3 1 01 0123456789 012345678
1 0 4 1 3 5 01 23456 124568 012 012349 0123456789
1 0 4 1 3 5 1 234567 02345689 01 0123456789 01234678
1 0 4 1 3 5 1 78 045678 01 0123456789 02468
1 0 4 1 3 5 1 89 026789 012 0123456789 02468
1 0 4 1 3 5 1 9 23456 01 0123456789 02468
1 0 4 1 3 5 12 09 06789 012 0123456789 02468
1 0 4 1 3 5 2 0 012348 012 012345679 02468
1 0 4 1 3 5 2 01 0289 01 0123456789 02468
1 0 4 1 3 5 2 1 2345 012 0123456789 02468
1 0 4 1 3 5 2 1 5678 012 0123456789 02468
1 0 4 1 3 5 2 12 02389 012 0123456789 02468
1 0 4 1 3 5 2 24 04 01 0123456789 0123456789
1 0 4 1 3 5 2 4 0 12 0123456789 012345689
1 0 4 1 3 5 2 4 01 012 0123456789 012456789
1 0 4 1 3 5 2 4 1 1 0123456789 0123456789
1 0 4 1 3 5 2 4 12 012 0123456789 012456789
1 0 4 1 3 5 2 4 23 012 012345679 012345678
1 0 4 1 3 5 2 4 3 01 123456789 0123456789
1 0 4 1 3 5 2 4 34 012 012345679 02346789
1 0 4 1 3 5 2 4 45 012 012345689 0123456789
1 0 4 1 3 5 2 4 56 012 0123456789 0123456789
1 0 4 1 3 5 2 4 67 012 0123456789 012456789
1 0 4 1 3 5 2 4 7 012 0123456789 0123456789
1 0 4 1 3 5 2 4 78 02 012345678 0123456789
1 0 4 1 3 5 2 4 8 012 0123456789 0123456789
1 0 4 1 3 5 2 4 89 012 0123456789 0123456789
1 0 4 1 3 5 2 45 09 012 012345679 01234678
1 0 4 1 3 5 2 5 01 012 0123456789 012456789
1 0 4 1 3 5 2 5 12 012 012345679 0123456789
1 0 4 1 3 5 2 5 234 012 0123456789 0234568
1 0 4 1 34 05689 012 012345689 012345678 01 0123456789 02468
1 0 4 1 4 0 01 0123456789 0123456789 0 0 0
1 0 4 1 4 012 012 0123489 02468 0 01234 0123456789
1 0 4 1 4 2 1 3 6 01 0123456789 0123456789
1 0 4 1 4 2 1 3 67 012 0123456789 012345689
1 0 4 1 4 2 1 34 078 01 0123456789 012346789
1 0 4 1 4 2 1 4 0 012 0123456789 02456789
1 0 4 1 4 2 1 4 01 012 012345689 012345678
1 0 4 1 4 2 12 0246789 012345678 012 01236789 024689
1 0 4 1 4 23 02 0123456789 0123456789 01 01236 02468
1 0 4 1 4 34 012 0123456789 0123456789 01 0269 028
1 0 4 1 4 45 01 026789 0245678 012 012346789 012345678
1 0 4 1 4 5 0 0 789 012 0123456789 024678
1 0 4 1 4 5 0 01 019 012 0123456789 0234678
1 0 4 1 4 5 0 1346 012345689 012 0123456789 024689
1 0 4 1 4 5 012 01236789 0123456789 0 01234 023468
1 0 4 1 4 56 012 0123456789 023456789 01 0256 0124689
1 0 4 1 4 678 02 012345 0123456789 01 0269 0248
1 0 4 1 4 8 0 34567 0123456789 01 0234689 02468
1 0 4 1 4 89 01 012789 012456789 01 01236 02468
1 0 4 1 5 012 012 0123456789 0123456789 0 0 0
1 0 4 1 5 2 1 1234567 012346789 01 012345689 0245689
1 0 4 1 5 23 012 01234589 012345678 0 0 0
1 0 4 1 5 3 01 0123456789 0123456789 0 0 0
1 0 4 1 5 3 12 01234589 023456789 012 012456789 012345689
1 0 4 1 5 3456 012 0123456789 0123456789 012 012459 01234689
1 0 4 1 5 6 1 34567 0123456789 01 012346 01245678
1 0 4 1 5 6789 012 0123456789 01234689 0 0 0
1 0 4 1 56 09 01 012346789 0123456789 01 0236789 0234568
1 0 4 1 6 0 1 23 01289 012 0123456789 01245689
1 0 4 1 6 0 1 3 23456 01 0123456789 01245689
1 0 4 1 6 0 1 3 678 012 0123456789 024678
1 0 4 1 6 0 1 34 012389 012 0123456789 0234689
1 0 4 1 6 0 1 4 345 012 0123456789 0245689
1 0 4 1 6 0 1 4 567 012 012456789 02456789
1 0 4 1 6 0 1 4 789 012 0123456789 0123468
1 0 4 1 6 0 1 45 019 012 0123456789 023456789
1 0 4 1 6 0 1 5 123 012 0123456789 0123456789
1 0 4 1 6 0 1 5 34 02 012345678 0123456789
1 0 4 1 6 0 1 5 4567 012 0126789 0123456789
1 0 4 1 6 0 1 5 7 01 0123456789 0123456789
1 0 4 1 6 0 1 5 789 01 012345678 0123456789
1 0 4 1 6 0 1 5 9 012 0123456789 0123456789
1 0 4 1 6 01 012 0123456789 012456789 02 01234 012345678
1 0 4 1 6 1234 012 012345679 0123456789 0 0 0
1 0 4 1 6 4 0 0123456 0123456789 0 0 0
1 0 4 1 6 4 01 06789 0123456789 01 01236 02468
1 0 4 1 6 4 1 123456 0123456789 0 0 0
1 0 4 1 6 4 12 0126789 0123456789 0 0 0
1 0 4 1 6 45 02 012345 0123456789 0 0 0
1 0 4 1 6 5 0 3456789 0123456789 0 0 0
1 0 4 1 6 5 1 012345 0123456789 0 0 0
1 0 4 1 6 5 12 0156789 0123456789 0 0 0
1 0 4 1 6 56 02 012345 0123456789 0 0 0
1 0 4 1 6 6 01 0123456789 0123456789 0 0 0
1 0 4 1 6 67 01 012345689 0123456789 0 0 0
1 0 4 1 6 7 12 012346789 0123456789 0 0 0
1 0 4 1 67 01789 012 012345689 0123456789 0 0 0
1 0 4 1 79 126 012 01234679 012345689 0 0 0
1 0 4 1 9 2 01 0123456789 012345678 0 0 0
1 0 4 1 9 23 012 0123456789 012456789 0 0 0
1 0 4 1 9 3 01 0123456789 0123456789 01 01269 02468
1 0 4 1 9 34 012 012345689 012345678 0 0 0
1 0 4 1 9 4568 012 01245689 012346789 01 01269 02468
1 0 4 12 09 089 01 012346789 0123456789 01 02679 02468
1 0 4 2 0 01234 012 01245679 0123456789 0 0 0
1 0 4 2 0 4 1 23456789 0123456789 012 02346789 01234689
1 0 4 2 0 4 1 9 01 012 012345689 012456789
1 0 4 2 0 4 1 9 12 012 012345679 012345689
1 0 4 2 0 4 1 9 2345678 012 012346789 024689
1 0 4 2 0 456 012 0123459 0123456789 012 02346789 024689
1 0 4 2 0 6 0 1 12 012 01239 0123456789
1 0 4 2 0 6 0 1 23 02 012345 0123456789
1 0 4 2 0 6 0 12345 012345678 01 023456789 0123456789
1 0 4 2 0 6 01 0123456789 012346789 012 0269 02468
1 0 4 2 0 67 012 0123456789 012345689 0 0 0
1 0 4 2 01 012789 012 012345689 0123456789 0 0 01245
1 0 4 2 1 2 0 6 7 0 0123456789 0123456789
1 0 4 2 1 2 0 6 7 01 01234569 0123456789
1 0 4 2 1 2 0 6 7 12 016789 0123456789
1 0 4 2 1 2 0 6 78 02 012345 0123456789
1 0 4 2 1 2 0 6 8 0 234567 0123456789
1 0 4 2 1 2 0 6 8 01 0123789 0123456789
1 0 4 2 1 2 0 6 8 12 03456789 0123456789
1 0 4 2 1 234568 01 0126789 024689 02 012345 012345678
1 0 4 2 1 8 01 0123456789 012345678 0 0 0
1 0 4 2 1 89 012 01234589 0123456789 0 0 0
1 0 4 2 1 9 01 0123456789 023456789 0 0 0
1 0 4 2 12 0129 012 012345689 012345678 0 0 0
1 0 4 2 2 23 012 012456789 012346789 01 01234569 02468
1 0 4 2 2 3 0 12345678 0123456789 0 0 0
1 0 4 2 2 3 01 012349 0123456789 012 012346789 02468
1 0 4 2 2 3 1 456789 0123456789 012 01234689 02468
1 0 4 2 2 3 12 0129 0123456789 012 01234689 02468
1 0 4 2 2 34 02 012345 0123456789 01 0269 0248
1 0 4 2 2 45 01 0123456789 0123456789 0 0 0
1 0 4 2 2 5 012 01234689 0123456789 0 0 0
1 0 4 2 2 5 2 01 0234689 012 0123456789 012345678
1 0 4 2 2 56 012 0123456 0234568 012 012345679 01234568
1 0 4 2 2 67 012 012346789 02345689 0 0 0
1 0 4 2 23 0278 02 012345 01246789 01 023456789 02468
1 0 4 2 3 2 012 012345689 0123456789 01 0569 02678
1 0 4 2 3 3 01 0123456 012346789 01 01234569 01234689
1 0 4 2 3 34 012 0123456789 012345678 01 01236 02468
1 0 4 2 3 4 0 0123456 0123456789 0 0 0
1 0 4 2 3 4 01 016789 0123456789 01 02 08
1 0 4 2 3 4 1 123456 0123456789 0 0 0
1 0 4 2 3 4 12 0126789 0123456789 0 0 0
1 0 4 2 3 4567 02 012345 0123456789 0 0 0
1 0 4 2 3 7 01 12346789 0123456789 01 026789 024568
1 0 4 2 3 78 012 0123459 0123456789 0 0 023
1 0 4 2 3 8 0 34 089 01 0123456789 023468
1 0 4 2 3 8 012 012456789 0123456789 01 026789 024568
1 0 4 2 3 89 02 012345 0123456789 0 0 0
1 0 4 2 3 9 01 056789 0123456789 01 02345679 0124689
1 0 4 2 34 019 012 0123469 0123456789 012 0245679 0245689
1 0 4 2 4 1 1 3456789 0123456789 01 0234 024689
1 0 4 2 4 123 012 0123456789 02456789 01 01234569 023468
1 0 4 2 4 3 12 012459 0123456789 01 01236 024689
1 0 4 2 4 4 0 01234567 02345689 012 0123469 024678
1 0 4 2 4 4 0 7 345678 012 0123456789 02456789
1 0 4 2 4 4 0 78 0489 012 01234569 02345689
1 0 4 2 4 4 012 0123456789 0123456789 012 0123469 02468
1 0 4 2 4 45 02 012345 0123456789 01 0234689 01234568
1 0 4 2 4 5 01 056789 01246789 012 0123456789 02345689
1 0 4 2 4 567 012 0123456789 01234568 0 0 0
1 0 4 2 4 7 01 0156789 0123456789 012 01234689 023468
1 0 4 2 4 789 012 0123456789 012346789 0 0 0
1 0 4 2 4 9 0 123456789 0123456789 01 029 028
1 0 4 2 45 09 012 0123456789 0123456789 0 0 0
1 0 4 2 5 0 01 01234569 0123456789 012 0123469 02468
1 0 4 2 5 0 1 01267 0123456789 012 01234569 024689
1 0 4 2 5 01 012 0123456789 0123456789 01 02 08
1 0 4 2 5 1 01 09 012345689 012 01234679 0234689
1 0 4 2 5 1 1 0 3 01 0123456789 0123456789
1 0 4 2 5 1 1 0 345 012 012346789 012456789
1 0 4 2 5 1 1 0 56 012 0123456789 0123456789
1 0 4 2 5 1 1 01 06789 012 0123456789 01234678
1 0 4 2 5 12 012 012346789 0123456789 01 026789 02468
1 0 4 2 5 2 0 0123 0123456789 012 02345689 012468
1 0 4 2 5 2 0 3456 0123456789 01 01236 012468
1 0 4 2 5 2 01 012789 0123456789 0 0 0
1 0 4 2 5 2 1 23456 0123456789 01 01236 01245678
1 0 4 2 5 2 1 6 1 012 012346789 01246789
1 0 4 2 5 2 12 016789 0123456789 02 045 02349
1 0 4 2 5 23 02 012345 0123456789 01 0123456 0124568
1 0 4 2 5 3 0 01234 0123456789 01 023469 02469
1 0 4 2 5 3 0 45678 0123456789 01 012369 0234678
1 0 4 2 5 3 01 0123489 0123456789 0 0 0
1 0 4 2 5 3 1 456789 0123456789 0 0 0
1 0 4 2 5 34 012 0123459 0123456789 0 0 0
1 0 4 2 5 4 0 3456789 01245678 01 0234569 0245689
1 0 4 2 5 4 0 9 7 0 123456789 0123456789
1 0 4 2 5 4 0 9 7 01 0123456789 0123456789
1 0 4 2 5 4 01 0129 0245678 012 0123489 0123456789
1 0 4 2 5 4 12 023456789 0123456789 01 012369 012468
1 0 4 2 5 45 02 012345 0123456789 01 012369 0124689
1 0 4 2 5 5 0 5 89 01 0123456789 0123456789
1 0 4 2 5 5 0 5 9 01 0123456789 0123456789
1 0 4 2 5 5 01 012356789 01245689 012 012346789 023468
1 0 4 2 5 5 1 4567 0123456789 0 01234678 0124568
1 0 4 2 5 5 1 7 8 012 0123456789 0123456789
1 0 4 2 5 5 12 012345789 0123456789 02 012345 0123456789
1 0 45 02 015 056 02 05 012 012 01234569 023456789
1 0 5 0 1 6 0 0 01 012 0123456789 0123456789
1 0 5 0 1 6 0 0 1234 012 0123456789 023456789
1 0 5 0 1 6 0 0 456 012 0123456789 01245689
1 0 5 0 1 6 0 0 678 012 012346789 0123456789
1 0 5 0 1 6 0 01 089 012 0123456789 012345678
1 0 5 0 1 6 0 1 01 012 0123456789 0123456789
1 0 5 0 1 6 0 1 23 012 0123456789 012346789
1 0 5 0 1 6 0 1 345 012 0123456789 01234678
1 0 5 0 1 6 0 123 024568 012 0123456 0123456789
1 0 5 0 1 678 01 023456789 012345689 01 023456789 02468
1 0 5 0 1 8 0 5 1234 012 0123456789 02468
1 0 5 0 1 89 01 02356 012456789 012 012346789 02468
1 0 5 0 12 019 01 0246789 024568 01 0123456789 012345689
1 0 5 0 2 1 0 6 45 012 0123456789 0123456789
1 0 5 0 2 1 0 6 56 01 023456789 0123456789
1 0 5 0 2 1 0 6 67 012 012345679 0123456789
1 0 5 0 2 1 0 6 78 012 0123456789 02456789
1 0 5 0 2 1 0 67 0239 012 0123456789 02468
1 0 5 0 2 1 01 26789 01246789 01 0123456789 0245678
1 0 5 0 2 1 12 012679 02689 01 0123456789 02468
1 0 5 0 2 1 2 23 01245678 012 012345689 0124689
1 0 5 0 2 1 2 34 012346 012 0123456789 02468
1 0 5 0 2 1 2 4 23456 012 0123456789 02468
1 0 5 0 2 1 2 45 0123789 012 0123456789 02468
1 0 5 0 2 1234 012 012345679 02456789 01 012346 0123468
1 0 5 0 2 45 01 0234569 0234568 01 0123456789 0123456789
1 0 5 0 2 5 1 6 01 012 012346789 0123456789
1 0 5 0 2 5 1 6 12 012 01234569 0123456789
1 0 5 0 2 5 1 6 2 012 012346789 0123456789
1 0 5 0 2 56 01 06789 0234568 012 0123456789 012345678
1 0 5 0 2 67 01 012346789 012456789 01 01236 023468
1 0 5 0 2 7 12 0234569 01245678 012 023456789 0245689
1 0 5 0 23 01789 012 0123456789 01234568 01 0269 02468
1 0 5 01 123456789 012346789 012 023469 024568 01 01236 012468
1 0 5 1 567 0456789 012 01249 0248 01 0123456 0123456789
1 0 5 1 7 7 0 1 0123 012 0123456789 0123456789
1 0 5 1 789 0246789 012 0123469 01234678 01 01236 02468
1 0 5 12 09 089 012 0123456789 0123456789 0 0 0
1 0 5 2 0123 0234689 012 01259 02345678 01 0123469 0123456789
1 0 5 2 3 34 01 0236 01248 012 01234569 0123456789
1 0 5 2 3 45 012 023456789 0123456789 01 01269 024689
1 0 5 2 3 5 2 01 0189 012 012346789 012345678
1 0 5 2 345 024568 012 012469 0123468 012 01234569 012346789
1 0 5 2 5 5 0 01 012345689 01 0123469 0123456789
1 0 56 02 05 0125 01 01234569 012345678 012 0249 02348
1 0 6 0 0 23 012 012345689 012456789 01 01236 012468
1 0 6 0 01 013489 012 0123456789 012346789 0 0 0
1 0 6 0 123 01234678 012 02456789 0234568 01 023469 024678
1 0 6 0 34 012346789 012 012346789 0124689 0 0 0
1 0 6 0 4 2346789 012 0123456789 024678 0 0 0
1 0 6 0 45 019 012 012345679 012345678 0 0 0
1 0 6 0 56 0126789 012 01234569 01245678 0 0 0
1 0 6 0 6 0123456 01 0123456789 01234678 0 0 0
1 0 6 0 67 02456789 012 02456789 024568 0 0 0
1 0 6 0 7 67 012 012345689 023456789 0 0 0
1 0 6 0 7 78 01 03456789 0123456789 0 0 0
1 0 6 01 0789 02346789 012 0123469 012345678 0 0 0
1 0 6 1 0 0123 012 0123456789 01234678 0 0 0
1 0 6 1 0 345 012 0123456789 0123456789 0 0 0
1 0 6 1 0 56 012 012346789 012345678 0 0 0
1 0 6 1 0 67 012 0123456789 0123456789 0 0 0
1 0 6 1 012 0123456789 012 0123456789 012468 0 0 0
1 0 6 1 2678 04678 01 02346789 012468 01 0123456789 01234678
1 0 6 1 8 7 0 01 012489 01 012345689 0245689
1 0 6 1 8 7 0 1 234 01 012345689 02345678
1 0 6 1 8 7 0 1 456 012 012345689 0123456789
1 0 6 12 089 023456789 012 01234569 0234678 01 01289 024689
1 0 6 2 0 012345678 012 012346789 023468 0 0 0
1 0 6 2 01 012389 012 0123456789 02345689 0 0 0
1 0 6 2 1 3456789 012 012346789 012468 0 0 0
1 0 6 2 12 02345679 012 0123456789 02468 0 0 0
1 0 6 2 234 0124789 01 0123456789 02456789 0 0 0
1 0 67 02 045 029 01 0123456 012345689 01 01236 012468
1 0 7 0 0 0 01 0123456789 0123456789 0 0 0
1 0 7 0 0 01 012 0123456789 0123456789 0 0 0
1 0 7 0 0 1 012 0123456789 0123456789 0 0 0
1 0 7 0 0 1246 012 0123456789 0123456789 0 0 0
1 0 7 0 0 678 012 023456789 012345678 0 0 0
1 0 7 0 012367 024569 012 01236789 0245689 0 0 0
1 0 7 0 78 012345678 012 01234569 02345678 0 0 0
1 0 7 0 89 02345789 012 023456789 02456789 0 0 0
1 0 7 01 019 0234568 012 012369 012345678 0 0 0
1 0 7 1 1 6789 01 01234569 012346789 0 0 0
1 0 7 1 12 019 012 012456789 0124568 0 0 0
1 0 7 1 2 1234 012 012346789 023456789 0 0 0
1 0 7 1 24 45678 01 01234569 02456789 01 069 04678
1 0 7 1 4 8 01 0123456789 0234568 012 012346789 0246789
1 0 7 1 4 89 012 01234569 012345689 0 0 0
1 0 7 1 4 9 01 012345689 0123456789 0 0 0
1 0 7 1 4 9 12 06789 0123456789 01 0123469 0124678
1 0 7 1 45 09 02 012345 0123456789 012 029 024568
1 0 7 1 5 0 01 123456789 0123456789 0 0 0
1 0 7 1 5 01 012 012346789 0123456789 012 012345689 02468
1 0 7 1 5 1 1 123 0123456789 012 0123456789 02468
1 0 7 1 5 1 1 456789 012345678 01 01236 0246789
1 0 7 1 5 12 012 012345689 02345678 01 02346789 0124568
1 0 7 1 5 234 01 0123469 0123456789 0 034 02689
1 0 7 1 5 4 0 45 03456789 012 012345689 02456789
1 0 7 1 5 4 0 56 0123456789 012 0123456789 0245678
1 0 7 1 5 4 0 67 01234789 012 012346789 01234689
1 0 7 1 5 4 012 012346789 0123456789 0 0 0
1 0 7 1 5 45 02 01245 0123456789 01 01236 012468
1 0 7 1 5 5 0 3456789 0123456789 01 0267 068
1 0 7 1 5 5 012 01234679 0123456789 01 089 0124
1 0 7 1 5 568 02 0123456789 01245678 0 0 0
1 0 7 1 5 8 12 0123456789 0123456789 01 0269 0468
1 0 7 1 56 089 012 0123469 01245678 012 0123469 0124689
1 0 7 1 6 01 012 0123456789 0123456789 012 023456 012468
1 0 7 1 6 12 012 012456789 0123456789 0 034 0246
1 0 7 1 6 2 0 01 0123456789 01 02345689 012468
1 0 7 1 6 2 0 12 01245679 01 012456789 0123456789
1 0 7 1 6 2 0 234 012346789 01 023456789 012345689
1 0 7 1 6 2 0 456 012456789 012 02345689 01234689
1 0 7 1 6 2 0 67 0123489 012 0123456789 02345689
1 0 7 1 6 2 0 7 456789 01 0123456789 02345678
1 0 7 1 6 2 0 78 0129 01 0123456789 0123456789
1 0 7 1 6 2 0 8 23 012 0123456789 0123456789
1 0 7 1 6 2 0 8 3456 012 012346789 0123456789
1 0 7 1 6 2 0 8 67 01 0123456789 0123456789
1 0 7 1 6 2 01 089 01234678 012 0123456789 012456789
1 0 7 1 6 2 12 0124569 0123456789 012 01234569 0124689
1 0 7 1 6 2 2 4 8 01 0123456789 0123456789
1 0 7 1 6 2 2 4 89 012 0123456789 0123456789
1 0 7 1 6 23 02 0134567 0123456789 01 023456 01234678
1 0 7 1 6 3467 01 01236789 012345678 0 0 0
1 0 7 1 67 01278 012 012345678 0123456789 0 0 0
1 0 7 1 7 23 01 0123456789 02346789 01 01234569 024678
1 0 7 1 7 34 012 0123456789 012456789 0 0 0
1 0 7 1 7 45 012 0123456789 0123456789 0 0 0
1 0 7 1 7 5 012 0123456789 012346789 0 0 0
1 0 7 1 7 568 012 01234569 012456789 012 0123469 0124568
1 0 7 1 7 89 012 012349 0123456789 012 012469 02345678
1 0 7 1 7 9 0 1234 0123456789 012 02469 0248
1 0 7 1 7 9 0 56789 0123456789 012 0269 0248
1 0 7 1 7 9 01 019 0123456789 012 01234679 02468
1 0 7 1 78 09 01 0123456789 0123456789 012 0124679 02468
1 0 7 1 8 01 012 01234689 0123456789 0 0 0
1 0 7 1 8 1 1 2345678 012456789 0 01236 0234568
1 0 7 1 8 12 012 01234689 012346789 01 0126789 0123456789
1 0 7 1 8 2346789 012 012345679 0124678 01 0123689 0234568
1 0 7 1 8 9 0 0 45678 012 012346789 012345678
1 0 7 1 8 9 0 01 01289 012 0123456789 012346789
1 0 7 1 8 9 0 123 02345689 012 01234569 02456789
1 0 7 1 8 9 0 3467 0123456789 012 0234569 024689
1 0 7 1 8 9 01 0789 0123456789 01 012369 02468
1 0 7 1 89 09 01 0129 0123456789 01 02369 0248
1 0 7 1 9 01 012 0123456789 023456789 0 0 0
1 0 7 12 29 1245 012 0123456789 0123456789 0 0 0
1 0 7 2 2 567 012 0123456789 023456789 0 0 0
1 0 7 2 234 012346789 01 0123456789 02346789 0 0 0
1 0 78 02 0145 0123489 012 0123456789 0234678 0 0 0
1 0 8 0 123 0123456789 012 0123456789 02468 0 0 0
1 0 8 0 345 01246789 012 012346789 0123456789 0 0 0
1 0 8 0 56 019 012 012345679 012345678 0 0 0
1 0 8 0 6 12 012 012345789 012345678 0 0 0
1 0 8 0 6 2 01 012456789 01234568 012 012456789 0245689
1 0 8 0 6 23 012 0123456789 012346789 0 0 0
1 0 8 01 236789 0234689 01 0123456789 0234568 0 0 0
1 0 8 1 3 89 012 0123456789 0123456789 0 0 0
1 0 8 1 34 01249 012 0123456789 02456789 0 0 0
1 0 8 1 4 456 012 012345689 0123456789 0 0 0
1 0 8 1 45 2345678 01 0123456789 012346789 0 0 0
1 0 8 1 5 6 01 0123456789 0123468 0 0 0
1 0 8 1 5 67 012 0123456789 012345678 0 0 0
1 0 8 1 5 7 12 0123456789 0245678 0 0 0
1 0 8 1 5 78 012 0123456789 0124689 0 0 0
1 0 8 1 5 89 012 0123456789 0124689 0 0 0
1 0 8 1 5 9 01 0123456789 0234568 01 02679 024568
1 0 8 1 5 9 12 01456789 0123456789 0 0 0
1 0 8 1 56 09 012 0123456789 0123456789 0 0 0
1 0 8 1 6 012 012 012346789 01245689 0 0 0
1 0 8 1 6 23 012 0123456789 0123456789 012 012345689 02468
1 0 8 1 6 3 1 346 01246 012 0123456789 02468
1 0 8 1 6 3 1 6 123467 012 0123456789 02468
1 0 8 1 6 3 1 67 01789 012 0123456789 02468
1 0 8 1 6 3 1 7 123 012 0123456789 02468
1 0 8 1 6 3 1 7 345 012 0123456789 02468
1 0 8 1 6 3 1 7 56789 012 0123456789 02468
1 0 8 1 6 3 1 78 019 012 0123456789 02468
1 0 8 1 6 3 1 8 123 012 0123456789 02468
1 0 8 1 6 3 1 89 01345689 012 0123456789 02468
1 0 8 1 6 345 01 01234569 0123456789 01 026789 02468
1 0 8 1 6 5 01 016789 0123456789 0 0 0
1 0 8 1 6 5 1 23456 0123456789 0 01236 02468
1 0 8 1 6 5 12 0126789 0123456789 01 02 08
1 0 8 1 6 567 012 023456789 0123456789 0 0 0
1 0 8 1 6 78 012 023456789 01234689 012 0123456789 012468
1 0 8 1 6 8 2 5 45 012 012346789 012345678
1 0 8 1 67 089 012 01234569 0123456789 02 01234 0468
1 0 8 1 7 0 12 0129 0234689 01 0123456 0123456789
1 0 8 1 7 0 2 2 4 01 012345689 0123456789
1 0 8 1 7 0 2 2 4 12 012356789 0123456789
1 0 8 1 7 0 2 2 45 02 012345 0123456789
1 0 8 1 7 0 2 2 5 01 0123456789 0123456789
1 0 8 1 7 0 2 2 5 12 0123456789 0123456789
1 0 8 1 7 0 2 2 56 02 0123456789 012345678
1 0 8 1 7 0 2 2 6 12 0123456789 02346789
1 0 8 1 7 0 2 2 67 02 012345 0123456789
1 0 8 1 7 0 2 2 7 01 0123456789 02345678
1 0 8 1 7 0 2 2 78 012 01234589 012346789
1 0 8 1 7 0 2 2 8 01 0123456789 0123456789
1 0 8 1 7 0 2 2 8 12 0123456789 0123456789
1 0 8 1 7 0 2 2 89 02 012345678 012346789
1 0 8 1 7 0 2 2 9 012 0123456789 0123456789
1 0 8 1 7 0 2 23 09 02 0123456 0123456789
1 0 8 1 7 0 2 3 0 01 0123456789 01246789
1 0 8 1 7 0 2 3 01 012 01234589 02346789
1 0 8 1 7 0 2 3 1 01 0123456789 0123456789
1 0 8 1 7 0 2 3 1 12 0123456789 0123456789
1 0 8 1 7 0 2 3 12 02 01234567 02456789
1 0 8 1 7 0 2 3 2 01 0123456789 012345689
1 0 8 1 7 0 2 3 23 012 0123456789 0123456789
1 0 8 1 7 0 2 3 3 01 0123456789 0123456789
1 0 8 1 7 0 2 3 3 12 0123456789 0123456789
1 0 8 1 7 0 2 3 34 02 0123456 012345678
1 0 8 1 7 0 2 3 4 01 0123456789 01234689
1 0 8 1 7 0 2 3 45 012 0123456789 02345678
1 0 8 1 7 0 2 3 5 01 0123456789 02345678
1 0 8 1 7 0 2 3 5 12 0123456789 0123456789
1 0 8 1 7 0 2 3 56 02 012345 012456789
1 0 8 1 7 0 2 3 6 01 0123456789 0123456789
1 0 8 1 7 0 2 3 6 12 0123456789 0123456789
1 0 8 1 7 0 2 3 67 02 0123456789 023456789
1 0 8 1 7 0 2 3 7 12 0123456789 0123456789
1 0 8 1 7 0 2 3 78 02 012345 0123456789
1 0 8 1 7 0 2 3 8 01 0123456789 012346789
1 0 8 1 7 0 2 3 8 12 0123456789 02345678
1 0 8 1 7 0 2 3 89 02 0123456 0123456789
1 0 8 1 7 0 2 3 9 01 01236789 0123456789
1 0 8 1 7 0 2 3 9 12 013456789 0123456789
1 0 8 1 7 0 2 34 019 02 012345 0123456789
1 0 8 1 7 0 2 4 1 01 0123456789 0123456789
1 0 8 1 7 0 2 4 1 12 0123456789 012456789
1 0 8 1 7 0 2 4 1248 02 0123456789 023456789
1 0 8 1 7 0 2 4 8 12 0123456789 02346789
1 0 8 1 7 0 2 4 89 012 012346789 02346789
1 0 8 1 7 0 2 45 029 012 0123456789 02345678
1 0 8 1 7 0 2 5 2 01 012345679 012345689
1 0 8 1 7 0 2 5 2345 012 0123456789 0246789
1 0 8 1 7 0 2 5 5 012 0123456789 01234678
1 0 8 1 7 01 012 034569 0123456789 012 01234569 02468
1 0 8 1 7 124 012 012345679 0123456789 012 02369 02468
1 0 8 1 7 4 012 0123456789 012345689 01 01236 02468
1 0 8 1 7 45 012 012345689 012345689 01 01236 02468
1 0 8 1 7 567 012 01245679 012345678 01 02689 0468
1 0 8 1 7 7 0 01 24568 012 0123456789 02468
1 0 8 1 7 7 0 123 0246789 01 012346789 012346789
1 0 8 1 7 7 0 3 2 01 0456789 0123456789
1 0 8 1 7 7 0 3 2 1 01234567 0123456789
1 0 8 1 7 7 0 3 2 12 01234789 0123456789
1 0 8 1 7 7 0 3 23 02 01234567 0123456789
1 0 8 1 7 7 0 3 3 01 012789 0123456789
1 0 8 1 7 7 0 3 3 12 023456789 0123456789
1 0 8 1 7 7 0 3 34 02 012345 0123456789
1 0 8 1 7 7 0 3 4 01 023456789 0123456789
1 0 8 1 7 7 0 3 4 1 01234567 0123456789
1 0 8 1 7 7 0 3 45 012 012345789 0123456789
1 0 8 1 7 7 0 3 5 01 0123456789 0123456789
1 0 8 1 7 7 0 3 5 1 0123456789 0123456789
1 0 8 1 7 7 0 3 56 012 012349 0123456789
1 0 8 1 7 7 0 3 6 01 023456789 0123456789
1 0 8 1 7 7 0 3 6 12 0123456789 0123456789
1 0 8 1 7 7 0 3 67 02 012345 0123456789
1 0 8 1 7 7 0 3 7 0 23456789 0123456789
1 0 8 1 7 7 0 3 7 01 01234569 0123456789
1 0 8 1 7 7 0 3 7 12 012346789 0123456789
1 0 8 1 7 7 0 3 78 02 012345678 0123456789
1 0 8 1 7 7 0 3 8 012 012456789 012456789
1 0 8 1 7 7 0 346 045689 012 0123456 0123456789
1 0 8 1 7 7 01 0123456789 0123456789 012 02349 02489
1 0 8 1 7 789 012 012345689 01245689 0 0 0
1 0 8 1 78 019 012 0123456789 01245689 012 0249 0248
1 0 8 1 8 1246 012 012345679 0123456789 0 0 0
1 0 89 012 023489 02346789 012 0123469 0123468 0 0 0
1 0 9 0 5 26 01 0123679 01245678 01 0123456789 012468
1 0 9 0 5 6789 012 0123456789 012456789 012 012369 02468
1 0 9 0 56 019 01 0123489 0123456789 012 0123469 024689
1 0 9 0 6 12 01 01234689 0123456789 01 02 08
1 0 9 0 6 2 0 456 02345678 012 0123456789 012346789
1 0 9 0 6 234678 012 01246789 01246789 012 0234569 0124689
1 0 9 0 6 8 01 0123456789 012346789 01 026 048
1 0 9 0 6 89 012 0123456789 012345678 0 0 0
1 0 9 0 67 09 012 0123456789 012345689 01 01236 01234689
1 0 9 0 7 0 012 0123456789 0123456789 0 0 0
1 0 9 0 7 01 02 012345678 023456789 012 02459 012348
1 0 9 0 7 1 01 0123456789 0123456789 012 012356 02468
1 0 9 0 7 12 012 012345689 0123456789 0 0 0
1 0 9 0 7 23 012 0123456789 012345678 01 01236 02468
1 0 9 0 7 34 012 012346789 012456789 0 0 0
1 0 9 0 7 45 012 0123456789 0123456789 0 0 0
1 0 9 0 789 0245678 012 0123469 0123456789 01 02346 0248
1 0 9 0 9 234 012 0123469 0123456789 012 029 024678
1 0 9 0 9 45 012 012345679 0123456789 0 0 0
1 0 9 0 9 5 012 0123456789 01245689 01 01236 024678
1 0 9 01 09 456 012 0123456789 0123456789 0 0 0
1 0 9 1 0 45 012 0234569 023456789 012 0123469 0123456789
1 0 9 1 0 5 0 9 6 01 0123456789 0123456789
1 0 9 1 0 5 0 9 67 01 012346789 0123456789
1 0 9 1 0 5 0 9 7 012 012345679 0123456789
1 0 9 1 0 5 0 9 78 012 0123456789 012345689
1 0 9 1 0 5 0 9 89 012 0123456789 0123456789
1 0 9 1 0 5 01 09 09 012 0123456789 02346789
1 0 9 1 0 5 1 0 12 01 0123456789 0123456789
1 0 9 1 0 5 1 0 23456 01 0123456789 012345678
1 0 9 1 0 5 1 012 0123456789 012 012346789 02345689
1 0 9 1 0 5 12 01234569 0123456789 01 0123456 0123468
1 0 9 1 0 56 012 01234569 0123456789 0 0 0
1 0 9 1 0 67 012 0123456789 0123456789 0 0 0
1 0 9 1 0 7 1 012345678 0123456789 0 0 0
1 0 9 1 01 0789 012 012346789 012345689 0 0 0
1 0 9 1 1 01 012 01236789 0123456789 01 023469 02468
1 0 9 1 12 012 012 012345679 012345678 01 026789 024678
1 0 9 1 2 0 012 0123456789 0123456789 0 0 0
1 0 9 1 2 01 02 02345 0123456789 012 012349 02468
1 0 9 1 2 1 01 12345679 0123456789 0 0 0
1 0 9 1 2 12 012 01234589 0123456789 0 0 0
1 0 9 1 2 2 012 02456789 0123456789 01 023456 0234678
1 0 9 1 2 234 012 0123456789 012345678 0 0 0
1 0 9 1 2 456 012 023456789 0123456789 0 0 0
1 0 9 1 246 04678 01 0123456789 0123456789 0 0 0
1 0 9 1 6 0123 012 012345689 023456789 0 0 0
1 0 9 1 6 345 012 0123469 0245678 012 012346789 02468
1 0 9 1 6 567 012 012345689 0123456789 0 0 0
1 0 9 1 6 78 012 0123456789 0123456789 0 0 0
1 0 9 1 67 089 012 0123456789 0123456789 0 0 0
1 0 9 1 7 012 01 0123456789 023456789 0 0 0
1 0 9 1 7 234 01 0123456789 023456789 0 0 0
1 0 9 1 7 45 012 0123456789 0123468 0 0 0
1 0 9 1 7 5 12 01234789 0123456789 0 0 0
1 0 9 1 7 56 02 0123456789 0123456789 0 0 0
1 0 9 1 7 6 12 012345679 0123456789 01 01236 02468
1 0 9 1 78 023456789 012 01234569 0123456789 0 0 0
1 0 9 1 89 0124569 012 0123456789 01234568 0 0 0
1 0 9 1 9 6 01 04689 04678 012 0123456789 0123456789
1 0 9 1 9 6 1 0123467 0123456789 012 02346789 024689
1 0 9 1 9 67 012 0123456789 0123456789 012 023469 02468
1 0 9 1 9 78 012 0123456789 0123456789 012 0123469 024678
1 0 9 1 9 8 0 5 01234567 012 0123456789 012468
1 0 9 1 9 8 0 56 0123789 012 0123456789 023468
1 0 9 12 09 089 012 023456789 0234689 01 0134679 023456789
1 0 9 2 0 0 12 0123469 0124689 012 0234789 023456789
1 0 9 2 0 0 2 1 8 0 123456789 0123456789
1 0 9 2 0 0 2 1 8 01 01234569 0123456789
1 0 9 2 0 0 2 1 8 12 0123456789 0123456789
1 0 9 2 0 01 012 012369 024689 012 0123456789 012345689
1 0 9 2 0 12 012 012369 012456789 01 026789 023468
1 0 9 2 0 23 012 0123469 0123456789 01 02 08
1 0 9 2 0 34 012 0123456789 012456789 01 02 08
1 0 9 2 0 45 01 012346789 0123456789 0 0 0
1 0 9 2 0 5 01 0123456789 0123456789 0 0 0
1 0 9 2 0 56 012 0123469 0123456789 01 01236 02468
1 0 9 2 0 67 012 0123456789 0123456789 0 0 0
1 0 9 2 02 4578 012 012345679 0123456789 0 0 0
1 0 9 2 2 5678 012 012456789 0123456789 0 0 0
1 0 9 2 23 089 012 01234569 0123456789 0 0 0
1 0 9 2 3 0 012 0126789 0123456789 0 0 0
1 0 9 2 3 012 012 0123456789 0123456789 0 0 0
1 0 9 2 3 23 012 0123456789 012345689 0 013 0268
1 0 9 2 3 3 012 0123456789 0123456789 01 026 048
1 0 9 2 3 34 012 0123456789 0123456789 0 0 0
1 0 9 2 3 45 012 0123456789 012345689 0 0 0
1 0 9 2 3 56 012 0123456789 0123456789 0 0 0
1 0 9 2 3 6 01 1345689 01245689 01 0123456789 01234689
1 0 9 2 3 6 12 02345679 0123456789 0 0 0
1 0 9 2 3 678 012 0123456789 023456789 012 0269 0248
1 0 9 2 3 89 012 0123456789 0123456789 0 0 0
1 0 9 2 3 9 1 123 01245689 012 012456789 0123456789
1 0 9 2 3 9 1 3 23456 012 0123456789 012345689
1 0 9 2 3 9 1 3 6 01 0123456789 0123456789
1 0 9 2 3 9 1 3 67 012 0123456789 023456789
1 0 9 2 3 9 1 34 012378 012 0123456789 012345689
1 0 9 2 34 0123459 012 012345679 012345689 012 0249 0248
1 0 9 2 4 5678 012 01234569 0123456789 0 0 0
1 0 9 2 4 8 12 012345679 0123456789 0 0 0
1 0 9 2 45 0189 02 012345 0123456789 0 0 0
1 0 9 2 5 1 01 0123456789 0123456789 0 0 0
1 0 9 2 5 1 12 012456789 0123456789 0 0 0
1 0 9 2 5 1234 02 012345 01234568 01 02345679 02468
1 0 9 2 5 4 0 234 02345689 012 0123456789 02468
1 0 9 2 5 4 0 46 012456789 01 012345679 02468
1 0 9 2 5 4 0 678 012459 01 0123456789 02468
1 0 9 2 5 4 0 89 056789 012 0123456789 02468
1 0 9 2 5 4 01 0129 01246789 012 01234689 02468
1 0 9 2 5 4 1 234 012456789 01 01234569 02468
1 0 9 2 5 4 1 4567 02345689 012 01234689 02468
1 0 9 2 5 4 12 012789 0123456789 01 01236 02468
1 0 9 2 5 45 012 023459 012345678 012 0123469 024568
1 1 0 0 01 02345689 012 012346789 0234689 0 0 0
1 1 0 0 1 12345 01 012346789 01234689 0 0 0
1 1 0 0 1 56789 012 0123456789 01234568 0 0 0
1 1 0 0 123 0249 01 023456 0123456789 0 0 0
1 1 0 0 3 456 012 0123456789 012345678 0 0 0
1 1 0 0 3 678 012 0123456789 02456789 0 0 0
1 1 0 0 34 089 012 0123456789 0123456789 0 0 0
1 1 0 0 4 0123 012 01236789 01234678 0 0 0
1 1 0 0 4 345 012 0123456789 012456789 0 0 0
1 1 0 0 4 56789 012 0123456789 0245689 0 0 0
1 1 0 0 4 9 01 01234689 0123456789 0 0 0
1 1 0 0 45 01249 012 0123456789 0123456789 0 0 0
1 1 0 0 567 24568 012 0123456789 012345678 0 0 0
1 1 0 0 7 456 012 0123456789 012345678 01 026789 012468
1 1 0 0 78 01246789 012 012345689 01245689 0 0 0
1 1 0 0 89 234568 012 0123456789 012345689 0 0 0
1 1 0 01 09 034678 012 01234569 01234689 012 029 0248
1 1 0 1 012345 012345678 012 0123456789 02468 0 0 0
1 1 0 1 56 0123689 012 0123456789 01234689 0 0 0
1 1 0 1 6 34 012 012345679 012468 01 012346789 012346789
1 1 0 1 6 4 01 012345689 012345678 012 012489 02456789
1 1 0 1 6 456 012 0123456789 02345678 0 0 0
1 1 0 1 67 0678 012 0123456789 012345689 0 0 0
1 1 0 1 7 0 12 01234569 0123456789 0 0 0
1 1 0 1 7 012 012 01234569 0123456789 0 06 04
1 1 0 1 7 23 012 0123456789 0123456789 01 029 068
1 1 0 1 789 02345689 012 012346789 012468 0 0 0
1 1 0 12 0129 01234689 012 0123456789 024689 0 0 0
1 1 0 2 23 245678 012 02346789 02345689 0 0 0
1 1 0 2 3 234 012 0123456789 0234689 01 023456 023468
1 1 0 2 3 4568 012 01234569 0123456789 0 0 08
1 1 0 2 3 89 012 0123456789 012456789 01 01236 02468
1 1 01 02 034 045679 012 0123456789 01246789 0 0 0
1 1 1 0 0 789 012 012469 0245678 01 01236 024568
1 1 1 0 12 012345689 012 0123456789 0245689 0 0 0
1 1 1 0 23 01678 012 012346789 0123456789 0 0 0
1 1 1 0 3 123 012 0123456789 0123456789 0 0 0
1 1 1 0 345 0234568 01 0123456789 012456789 0 0 0
1 1 1 0 56 01256 012 01256789 01234568 0 0 0
1 1 1 0 6 345 012 012345689 01234568 0 0 0
1 1 1 0 6 567 012 0123456789 023456789 0 0 0
1 1 1 0 67 01789 012 01234569 023456789 0 0 0
1 1 1 0 78 01245689 012 012345679 012345689 0 0 0
1 1 1 0 8 4567 012 0123456789 0123456789 01 0169 0245678
1 1 1 0 8 7 0 01 2345678 012 012346789 0123456789
1 1 1 0 8 78 012 012346789 0123456789 0 0 0
1 1 1 0 89 01289 012 012345679 012346789 01 0269 0468
1 1 1 0 9 23 012 012456789 0123456789 0 0 0
1 1 1 01 09 34568 012 02459 0246789 012 02456789 0123456789
1 1 1 1 01 024689 012 012345689 0234689 01 01236 02468
1 1 1 1 1 8 012 012679 012346789 01 01236789 02456789
1 1 1 1 12 04589 012 0123456789 012345678 0 0 0
1 1 1 1 2 5 12 0123456789 0123456789 0 0 0
1 1 1 1 234567 012345689 012 012345679 012456789 0 0 0
1 1 1 1 7 1234 012 012345689 01245689 0 0 0
1 1 1 12 0789 0123456789 012 023456789 023468 0 0 0
1 1 1 2 01 02345689 012 01234569 0123456789 0 0 0
1 1 1 2 12 012368 01 0123456789 02456789 01 0269 0468
1 1 1 2 23 02345689 012 01234569 024689 0 0 0
1 1 12 02 034 04568 01 023456789 012345678 01 02689 012468
1 1 2 0 123 0234689 012 01234569 0123468 0 0 0
1 1 2 0 34 02345689 012 0123456789 012468 0 0 0
1 1 2 0 45 2345678 012 012346789 02468 0 0 0
1 1 2 0 56 0124578 012 012346789 01245678 0 0 0
1 1 2 0 67 25678 012 012346789 0123456789 0 0 0
1 1 2 0 7 23 01 0123456 0123456789 0 0 0
1 1 2 0 7 3 01 0126789 0123456789 0 0 0
1 1 2 0 7 3 1 2345678 0123456789 0 0 0
1 1 2 0 7 3 12 0123489 0123456789 0 0 0
1 1 2 0 7 345678 012 01234569 0123456789 0 0 0
1 1 2 0 7 8 1 345 023456789 012 0123456789 0123456789
1 1 2 0 7 8 12 0156789 012345689 012 01234569 01234568
1 1 2 0 78 0124689 012 012345689 01234678 0 0 0
1 1 2 0 89 0789 01 012346789 012456789 0 0 0
1 1 2 0 9 01 012 0123456789 0123456789 0 0 0
1 1 2 0 9 12345 012 012346789 012456789 0 0 0
1 1 2 0 9 56 012 012345689 023456789 0 0 0
1 1 2 0 9 67 012 0123456789 0123456789 0 0 0
1 1 2 01 09 0245678 012 01234679 012456789 0 0 0
1 1 2 1 01 0789 012 01236789 012345689 0 0 0
1 1 2 1 1 0123 012 012345689 023456789 0 0 0
1 1 2 1 12 01234678 012 0123456789 012345689 0 0 0
1 1 2 1 23 234678 012 01234569 012345678 0 0 0
1 1 2 1 34 01278 01 0123456789 02346789 0 0 0
1 1 2 1 46 01234 012 0123456789 0234568 012 02456789 0124568
1 1 2 1 67 012346789 01 01234569 01234678 0 0 0
1 1 2 1 7 1234 01 012456789 012456789 01 012346 0124678
1 1 2 1 7 4 0 8 0124678 012 0123456789 012456789
1 1 2 1 7 4 0 89 02489 01 012346789 012346789
1 1 2 1 789 24568 01 023456789 012456789 01 0289 03468
1 1 2 1 9 67 012 012789 0123456789 01 01269 0124568
1 1 2 1 9 78 01 01236 012468 012 012346789 0123456789
1 1 2 1 9 8 0 0 0 01 23456789 0123456789
1 1 2 1 9 8 0 0 01 012 0123456789 0123456789
1 1 2 1 9 8 0 0 1 01 0123456789 0123456789
1 1 2 1 9 8 01 0123689 01245678 012 0279 02456789
1 1 2 12 09 089 012 0123456789 0123456789 01 023456 02468
1 1 2 2 01 234678 012 012346789 023456789 0 0 0
1 1 2 2 1 345 01 012346789 0123456789 0 0 0
1 1 2 2 1 5 01 012456789 0123456789 0 0 0
1 1 2 2 1 567 012 023456789 0123456789 0 0 0
1 1 23 02 01234 02345678 012 01234569 01246789 0 0 0
1 1 3 0 1 0 012 023456789 012456789 0 0 0
1 1 3 0 1 01 012 0123456789 0123456789 0 0 0
1 1 3 0 1 234567 012 012345689 02456789 0 0 0
1 1 3 0 12 01789 01 0123456789 01246789 0 0 0
1 1 3 0 2 1 01 2346789 012345678 012 02459 0123458
1 1 3 0 2 1 12 01239 0123456789 01 01236 023468
1 1 3 0 2 1 2 34 019 012 0126789 0123456789
1 1 3 0 2 1 2 4 12345 012 01234569 0123456789
1 1 3 0 2 1 2 4 5 01 0123456789 0123456789
1 1 3 0 2 12348 012 0123456 0245678 012 012346789 012345678
1 1 3 0 2 89 012 0123456789 0123456789 01 01269 0246789
1 1 3 0 2 9 0 456 02456789 012 0123469 0124689
1 1 3 0 2 9 0 6789 0123456789 01 012345689 024678
1 1 3 0 2 9 01 0126789 0123456789 012 023456789 02468
1 1 3 0 23 09 012 0123456789 0123456789 01 02369 02468
1 1 3 0 34 01245678 012 0123469 012468 0 0 0
1 1 3 0 45 012389 012 012345689 01234678 0 0 0
1 1 3 0 56 0134689 012 01234689 02346789 0 0 0
1 1 3 01 06789 012345678 012 01234569 0124568 0 0 0
1 1 3 1 012 023456789 012 012346789 023468 0 0 0
1 1 3 1 234 012345678 012 01234569 023468 0 0 0
1 1 3 1 4569 0123456 01 01234569 0123468 01 01236 02468
1 1 3 1 9 23 01 0123456789 023456789 01 01236 02468
1 1 3 1 9 346 012 012345679 012346789 0 0 0
1 1 3 1 9 67 012 012456789 012345689 01 0234569 024678
1 1 3 1 9 7 0 134 0256 012 023456789 012345678
1 1 3 1 9 78 01 0123456789 012345678 01 0123456 023468
1 1 3 1 9 8 012 0123456789 012345689 0 0 0
1 1 3 12 09 012346789 012 0123469 0123456789 0 0 0
1 1 3 2 01 0289 012 012346789 02456789 0 0 0
1 1 3 2 124 0234689 012 012346789 012456789 0 0 0
1 1 3 2 45 012489 012 0123456789 024568 0 0 0
1 1 34 02 05 012346 01 0123456789 0123456789 0 0 0
1 1 4 0 0 6 01 012345689 0123456789 0 0 0
1 1 4 0 0 6789 012 0123456789 012346789 0 0 0
1 1 4 0 01 09 01 012345689 0123456789 0 0 0
1 1 4 0 12 0126 012 0123456789 0123456789 0 0 0
1 1 4 0 2 348 01 012346789 01234568 012 012369 024568
1 1 4 0 2 8 12 019 012345678 01 01269 02468
1 1 4 0 2 8 2 123 0123456789 012 01234569 024568
1 1 4 0 2 89 012 01234569 023456789 01 0123469 02468
1 1 4 0 2 9 2 2 01 012 0123456789 01234678
1 1 4 0 2 9 2 2 123 012 012346789 0123456789
1 1 4 0 23 019 012 0123456789 0234689 02 045 012348
1 1 4 0 345 128 012 012459 0123456789 01 012346789 0234568
1 1 4 0 5 23 012 0123456789 012345689 0 0 0
1 1 4 0 56 034567 012 0123456789 02456789 0 0 0
1 1 4 0 6 789 012 012345679 0123456789 0 0 0
1 1 4 0 67 09 012 0123456789 0123456789 0 0 0
1 1 4 0 7 0 12 023456789 0123456789 0 0 0
1 1 4 0 7 01 012 012345689 012345689 0 0 0
1 1 4 0 7 12689 012 012345679 0123456789 0 0 0
1 1 4 0 78 09 01 0123456789 012346789 0 0 0
1 1 4 01 089 01246789 012 012456789 012456789 0 0 0
1 1 4 1 01 089 01 0123456789 0123456789 0 0 0
1 1 4 1 1 012 01 0123456789 012346789 01 01236 012468
1 1 4 1 1 2 012 0123456789 0123456789 012 024569 0248
1 1 4 1 1 2 2 3 678 012 01234569 01234568
1 1 4 1 1 23 02 0345 01245689 012 012345689 01245678
1 1 4 1 1 34 012 0123456789 01234568 0 0 0
1 1 4 1 12 0456789 012 0123469 012346789 0 0 0
1 1 4 1 23 09 01 0123456789 0123456789 0 0 0
1 1 4 1 3 0 01 01256789 012346789 01 01236 012468
1 1 4 1 3 01234 012 0123456789 012345689 012 0123469 0245678
1 1 4 1 34 014568 01 01236789 0245678 012 02346789 02345678
1 1 4 1 4 1 0 34567 02345689 01 012346789 0123456789
1 1 4 1 4 1 0 7 5 012 0123456789 0123456789
1 1 4 1 4 1 0 7 56 012 012345689 0123456789
1 1 4 1 4 1 0 7 6 12 0123456789 0123456789
1 1 4 1 4 1 0 7 67 012 0123456789 023456789
1 1 4 1 4 1 0 7 78 012 0123456789 012345689
1 1 4 1 4 1 0 7 89 012 012346789 0123456789
1 1 4 1 4 1 01 0126789 01245689 012 012456789 01245689
1 1 4 1 4 12 012 012345 0123456789 012 0246789 0124568
1 1 4 1 4 2 1 45679 0124689 012 012345679 02456789
1 1 4 1 4 23 012 012459 023456789 012 01234569 0123456789
1 1 4 1 469 023468 012 01234689 0123456789 0 0 0
1 1 4 1 9 89 02 046 01234678 01 012346789 0123456789
1 1 4 1 9 9 0 6 4567 012 0123456789 02345678
1 1 4 1 9 9 0 67 01789 012 012346789 01234568
1 1 4 1 9 9 0 7 12345 012 012345679 0124689
1 1 4 1 9 9 0 7 5678 012 012345689 023456789
1 1 4 12 09 029 012 0123456789 0123456789 01 02 01248
1 1 4 2 01 2345678 01 0123469 02345678 0 0 0
1 1 4 2 1 6 01 0123456789 012456789 0 0 0
1 1 4 2 1 67 012 0123456789 012456789 0 0 0
1 1 4 2 1 7 012 0123456789 023456789 0 0 0
1 1 4 2 1 78 02 01234567 012345678 0 0 0
1 1 4 2 1 8 012 0123456789 0123456789 0 0 0
1 1 4 2 1 89 02 012345678 01246789 0 0 0
1 1 4 2 1 9 012 0123456789 01234678 0 0 0
1 1 4 2 12 09 02 012345 0123456789 0 0 0
1 1 4 2 2 0 01 0123456789 01246789 0 0 0
1 1 4 2 2 012346 012 01234569 02345689 0 0 0
1 1 4 2 23 06789 012 0123456789 0245689 0 0 0
1 1 4 2 3 012 012 012346789 0123456789 0 0 0
1 1 4 2 345 02345678 012 012346789 0245678 0 0 0
1 1 5 0 0123 0123468 012 012346789 02345689 0 0 0
1 1 5 0 3 01 01 023456789 0124689 01 0123456 023456789
1 1 5 0 3 1 12 026789 0124568 012 0123456789 012345689
1 1 5 0 34 012346 012 0123456789 01234678 01 029 028
1 1 5 0 456 0123456789 01 012345689 01234689 0 0 0
1 1 5 0 678 01249 012 0123456789 0123456789 0 0 0
1 1 5 0 8 4 01 0126789 0124678 012 01234569 012346789
1 1 5 0 8 4 1 2 012345 012 01234679 0123456789
1 1 5 0 8 4 1 24567 023456789 01 0123456789 0123456789
1 1 5 0 8 45 012 012345689 0123456789 0 0 0
1 1 5 0 8 5678 012 0123456789 0123456789 0 0 0
1 1 5 0 89 0189 012 0123456789 023456789 0 0 0
1 1 5 0 9 12 012 0123456789 023456789 0 0 0
1 1 5 0 9 23467 012 023456789 012345678 0 0 0
1 1 5 01 09 0234789 012 01234679 012345689 0 0 0
1 1 5 1 0 8 0 45 2345678 01 0123456789 0234568
1 1 5 1 0 8 0 5 89 012 0123456789 01234689
1 1 5 1 0 89 012 0123456789 012456789 012 01279 024568
1 1 5 1 01 019 012 012346789 01245678 012 02349 024568
1 1 5 1 1 1234 01 0123456789 0123468 012 029 02348
1 1 5 1 1 4 01 23456789 012346789 01 01236 012468
1 1 5 1 1 45678 012 0123456789 012345689 0 0 0
1 1 5 1 12 089 012 0123456789 01246789 0 0 0
1 1 5 1 2 012456 01 012346789 012345689 0 0 0
1 1 5 1 234 24678 012 012346789 0123456789 0 0 0
1 1 5 1 456 012456789 012 012345689 0245678 0 0 0
1 1 5 1 6 12456 012 012346789 01234678 01 023456 024689
1 1 5 1 6 67 012 01234569 0123456789 012 02459 02458
1 1 5 1 6 78 01 0123456789 0123456789 0 0 0
1 1 5 1 67 01289 012 01234679 0123456789 0 0 0
1 1 5 1 7 345678 012 01234569 012346789 0 0 0
1 1 5 1 7 8 0 5 2456789 01 0123456789 0246789
1 1 5 1 7 89 012 012345679 012346789 012 029 02468
1 1 5 1 78 0123469 012 012346789 012345678 0 0 0
1 1 5 1 8 67 01 012356789 0123456789 0 0 0
1 1 5 12 01289 01246789 012 012346789 024568 0 0 0
1 1 5 2 23 012345678 01 0123456789 0123468 0 0 0
1 1 5 2 3 123 012 012346789 0123456789 0 0 0
1 1 5 2 3 346 012 0123456789 0123456789 0 0 0
1 1 5 2 3 678 01 0123456789 02456789 0 0 0
1 1 5 2 345 0234589 012 01234789 01246789 0 0 0
1 1 56 02 05 05 01 0123456 0123456789 01 012345689 02468
1 1 6 0 0 01 012 026789 0123456789 01 012346 02468
1 1 6 0 01 01246789 012 01234689 012346789 0 0 0
1 1 6 0 1 012 012 0123456789 012456789 0 0 0
1 1 6 0 1 2345 01 012345689 0123456789 0 0 0
1 1 6 0 12 0456789 01 01234569 012345678 0 0 0
1 1 6 0 2345 012789 012 0123456789 0123468 01 012346 0245678
1 1 6 0 5 01 01 012345679 0123456789 01 01236789 0246789
1 1 6 0 5 12345 012 0123469 0123456789 01 0123456 024689
1 1 6 0 5 568 012 012345689 012456789 0 0 0
1 1 6 0 56 0234689 012 01234569 012346789 0 0 0
1 1 6 0 6 6 12 0123456789 0123456789 01 023689 02468
1 1 6 0 6 6 2 1 2345 012 02346789 012345689
1 1 6 0 6 678 012 0123456 0123456789 012 01234569 02468
1 1 6 0 67 012389 012 0123456789 02345678 01 012689 012468
1 1 6 0 78 012345689 012 01246789 0123456789 0 0 0
1 1 6 0 89 056789 012 0123456789 012456789 0 0 0
1 1 6 0 9 01 012 0123456789 012345689 0 0 0
1 1 6 0 9 123 012 012346789 012345678 01 069 0456
1 1 6 0 9 3 0 0123456 012345689 012 012369 012345678
1 1 6 0 9 3 01 01246789 0123456789 0 0 0
1 1 6 0 9 345678 012 0123456789 012468 0 0 0
1 1 6 01 09 0189 012 0123456789 0234568 0 0 0
1 1 6 1 0 1234 012 0123456789 02468 0 0 0
1 1 6 1 0 456 012 0123456789 0124568 0 0 0
1 1 6 1 0 6789 012 0123456789 02468 0 0 0
1 1 6 1 01 019 012 012345679 01234689 0 0 0
1 1 6 1 1 1234568 012 0123456789 0234678 0 0 0
1 1 6 1 12 089 012 012346789 023456789 0 0 0
1 1 6 1 2 0123 012 012345679 0124689 0 0 0
1 1 6 1 2 3456 012 0123456789 0123456789 0 0 0
1 1 6 1 2 6789 012 0123456789 023456789 0 0 0
1 1 6 1 234 012456789 012 01234569 023468 0 0 0
1 1 6 1 456789 0123456789 012 0123469 02468 0 0 0
1 1 6 1 9 3 012 0123456789 012456789 01 02689 0468
1 1 6 1 9 467 012 0123456789 0123456789 0 0 0
1 1 6 1 9 789 012 0123456789 0123468 0 0 0
1 1 6 12 09 0249 012 0123456789 012345678 0 0 0
1 1 6 2 0 456 02 012345 012345689 01 0234569 0234689
1 1 6 2 0 6 01 0123456789 012345678 0 0 0
1 1 6 2 01 012678 012 0123456789 0124689 0 0 0
1 1 6 2 1 23 01 0123456789 01234568 01 01236 02468
1 1 6 2 1 34 01 012345689 012345678 01 01236 02468
1 1 6 2 1245 012345689 012 0269 02468 012 01234569 012345689
1 1 6 2 5 1 0 67 0236789 012 012346789 02345689
1 1 6 2 5 1 0 7 3456 012 01234569 0123456789
1 1 6 2 5 1 0 78 012789 012 0123456789 023456789
1 1 6 2 5 1 0 8 23 012 0123456789 0123456789
1 1 6 2 5 1 0 8 34567 012 0123469 0123456789
1 1 6 2 5 1 01 089 0678 01 0123456789 024678
1 1 6 2 5 1 1 0 0 12 023456789 0123456789
1 1 6 2 5 1 1 0 01 02 012345 0123456789
1 1 6 2 5 1 1 0 1 01 123456789 0123456789
1 1 6 2 5 1 1 0 1248 012 01234679 0123456789
1 1 6 2 5 1 1 01 089 012 0123456789 0123456789
1 1 6 2 5 1 1 12 012 012 012346789 0123456789
1 1 6 2 5 1 1 26789 0124678 012 0126789 0123456789
1 1 6 2 5 123 012 012456789 012345678 01 0234569 0246789
1 1 67 02 015 034568 012 0123456789 02346789 0 0 0
1 1 7 0 1 6 01 0123456789 0123456789 0 0 0
1 1 7 0 1 67 012 0123456789 012456789 0 0 0
1 1 7 0 1 78 012 0123456789 023456789 0 0 0
1 1 7 0 1 8 012 0123456789 0123456789 01 02 08
1 1 7 0 12 0189 012 0123456789 023456789 0 0 0
1 1 7 0 2 12345 012 0123456789 023456789 0 0 0
1 1 7 0 23 02346789 012 012345689 0234568 0 0 0
1 1 7 0 34 012456789 012 012345679 0234568 0 0 0
1 1 7 0 45 01289 012 01234679 01245689 012 01234689 0234678
1 1 7 0 5 2345 01 0123456789 02345678 0 0 0
1 1 7 0 56 056789 012 02456789 023456789 0 0 0
1 1 7 0 6 01 02 0123456789 0123456789 0 0 0
1 1 7 0 6 1 012 0123456789 023456789 0 0 0
1 1 7 0 6 12 012 0123456789 012456789 0 0 0
1 1 7 0 6 234678 012 012345679 02468 0 0 0
1 1 7 0 67 0123489 012 012345689 0124568 0 0 0
1 1 7 0 78 045689 012 012346789 01234689 0 0 0
1 1 7 0 8 0 01 0123456789 023456789 0 0 0
1 1 7 0 8 01 012 0123456789 012346789 0 0 0
1 1 7 0 8 1 01 0123456789 023456789 0 0 0
1 1 7 0 8 1 12 0123456789 023456789 0 0 0
1 1 7 0 8 12 012 013456789 0123456789 0 0 0
1 1 7 0 8 2 12 0123456789 012345689 0 0 0
1 1 7 0 8 23 02 012345678 023456789 0 0 0
1 1 7 0 8 3 01 0123456789 0123456789 0 0 0
1 1 7 0 8 345 012 0123456789 0123456789 0 0 0
1 1 7 0 8 5678 012 0123456789 012345689 0 0 0
1 1 7 0 89 01269 012 0123456789 01245689 0 0 0
1 1 7 0 9 67 012 012345689 012345689 0 0 0
1 1 7 01 09 02789 012 012345689 023456789 0 0 0
1 1 7 1 0 2 01 03456789 012345689 01 0234569 01234568
1 1 7 1 0 23 012 01234679 012346789 01 012346 02468
1 1 7 1 0 34 012 012456789 012345678 01 024569 02489
1 1 7 1 012 012456789 012 012345689 012345689 0 0 0
1 1 7 1 2 01 012 0123456789 01234678 0 0 0
1 1 7 1 2 1234 012 01234569 0123456789 0 0 0
1 1 7 1 23 0123456789 012 01234679 01245678 0 0 0
1 1 7 1 3 45 012 012345679 0123456789 0 0 0
1 1 7 1 3 56 02 012345 0123456789 0 0 0
1 1 7 1 3 6789 01 0123456789 012456789 0 0 0
1 1 7 1 34567 0123456789 012 0123469 01246789 0 0 0
1 1 7 1 7 34567 012 0123456789 01234568 01 02 08
1 1 7 1 78 045789 012 0123456789 01245689 0 0 0
1 1 7 1 8 567 012 0123469 0123456789 0 0 0
1 1 78 01 01289 024678 012 0123456789 01234568 0 0 0
1 1 8 0 2 6 01 0123456789 012345678 012 0123689 024689
1 1 8 0 2 6 1 45 02389 012 0123456789 012456789
1 1 8 0 23 01245678 012 023456789 023456789 0 0 0
1 1 8 0 346 045678 012 0123456789 0234568 0 0 0
1 1 8 0 678 02678 012 012346789 0123456789 0 0 0
1 1 8 0 8 234568 012 01234679 0124568 012 0123469 0245678
1 1 8 0 89 012489 012 012346789 0123456789 0 0 0
1 1 8 0 9 45689 012 0123456789 0123456789 0 0 0
1 1 8 01 09 0239 01 012345689 023456789 0 0 0
1 1 8 1 0 3467 012 0123456789 012456789 0 0 0
1 1 8 1 01 278 012 0123456789 0123456789 0 0 0
1 1 8 1 12 012346789 012 0123456789 0123456789 0 0 0
1 1 8 1 2 123 012 0123456789 012346789 0 0 0
1 1 8 1 2 345 012 012346789 0123456789 0 0 0
1 1 8 1 2 5678 012 012345689 0123456789 0 0 0
1 1 8 1 2 89 012 01234569 0123456789 0 0 0
1 1 8 1 23 09 012 0123456789 0123456789 0 0 0
1 1 8 1 34 0123689 01 0123456789 012346789 0 0 0
1 1 8 1 4 3 12 05679 0123456789 012 0123456789 012345678
1 1 8 1 4 3 2 01 01246789 012 01236789 012345678
1 1 8 1 4 3 2 12 012456 012 023456789 01246789
1 1 8 1 4 3 2 23 06789 012 012346789 012345678
1 1 8 1 4 345689 012 0123456789 01246789 01 01289 0123468
1 1 8 1 4567 01245689 012 0124569 02456789 012 01234569 0124568
1 1 8 1 7 2345 01 012345689 0123456789 0 0 0
1 1 8 1 7 56789 012 0123456789 0123456789 0 0 0
1 1 8 1 78 09 012 01234569 012456789 0 0 0
1 1 8 1 8 0123 012 01234569 0123456789 0 0 0
1 1 8 1 8 34 012 012345679 0123456789 0 0 0
1 1 8 1 8 45678 012 0123456789 023468 0 0 0
1 1 8 1 89 0189 012 012345679 02346789 0 0 0
1 1 8 1 9 123 012 0123456789 01245678 012 01234569 02346789
1 1 8 1 9 34 01 0123456789 0123456789 01 0236 01248
1 1 8 12 09 045678 012 023456789 012346789 0 0 0
1 1 8 2 0 01 012 0123456789 0123456789 0 0 0
1 1 8 2 01 012345689 012 02345689 02345678 0 0 0
1 1 8 2 1 34 012 012346789 0123456789 0 0 0
1 1 8 2 1 4567 012 0123456789 0124678 0 0 0
1 1 8 2 123 0124789 012 02346789 01234568 0 0 0
1 1 8 2 34 0123456789 012 0123469 01245678 0 0 0
1 1 89 02 05 02348 012 0123456789 0123456789 0 0 0
1 1 9 0 01 01289 012 0123456789 0123456789 0 0 0
1 1 9 0 1 23 012 0123456789 01245689 0 0 0
1 1 9 0 1 3456 012 0123456789 012345678 0 0 0
1 1 9 0 1 7 012 0123469 02346789 012 02346789 012345689
1 1 9 0 1 78 012 023456 01234689 012 012369 02345678
1 1 9 0 12 02346789 012 0123456789 0123456789 02 034 023468
1 1 9 0 23 089 012 01234679 012456789 0 0 0
1 1 9 0 3 01 01 0126789 0123456789 0 01234 0234689
1 1 9 0 3 1 0 0 0 012 0123456789 0123456789
1 1 9 0 3 1 0 0 012 012 0123456789 012345689
1 1 9 0 3 1 0 0 2 01 0123456789 0123456789
1 1 9 0 3 1 01 0136789 0123456789 012 0123489 0123456789
1 1 9 0 3 1 1 12678 0123456789 01 01236789 0124689
1 1 9 0 3 1234567 012 012345689 012345689 01 02789 02346789
1 1 9 0 34 012789 012 01234689 01234568 01 01269 02468
1 1 9 0 4 234 012 01234569 012345678 0 0 0
1 1 9 0 4 456 012 0123456789 0123456789 0 0 0
1 1 9 0 4 67 012 0123456789 0123456789 0 0 0
1 1 9 0 45 678 01 01234689 02345678 0 0 0
1 1 9 0 5 789 012 0123456789 0123468 0 0 0
1 1 9 0 56 01239 012 0123456789 0123456789 0 0 0
1 1 9 0 67 234 012 0123456789 023456789 0 0 0
1 1 9 0 78 0345678 012 012346789 01245689 0 0 0
1 1 9 0 8 01 012 023456789 012345678 012 023469 0248
1 1 9 0 8 1234 012 01234569 0123456789 01 02 08
1 1 9 0 8 4 01 012346789 0123456789 0 0 0
1 1 9 0 89 012456789 012 012345679 0124678 0 0 0
1 1 9 0 9 234567 012 01234679 024678 01 023456 0123468
1 1 9 01 019 012489 012 0123456789 012346789 0 0 0
1 1 9 1 12 012 012 01234569 0123456789 0 0 0
1 1 9 1 23 123458 012 012346789 0123456789 0 0 0
1 1 9 1 34 012456789 01 012346789 02468 0 0 0
1 1 9 1 45 019 012 0123456789 012456789 0 0 0
1 1 9 1 5 12 01 0123456789 0123456789 0 0 0
1 1 9 1 5 2345 012 01234569 01234568 0 0 0
1 1 9 1 56 06789 012 012345689 0123456789 0 0 0
1 1 9 1 6 01 012 01234679 012345689 01 0123679 0245689
1 1 9 1 6 1 01 0124569 0124569 01 012456789 024568
1 1 9 1 679 123468 012 0123456789 01234689 0 0 0
1 1 9 12 09 012345678 012 012369 02345678 0 0 0
1 1 9 2 02 34568 012 01246789 0123456789 0 0 0
1 1 9 2 23 234678 012 0123456789 012456789 0 0 0
1 1 9 2 3 45 012 01234569 0123456789 012 02349 023489
1 1 9 2 345 024568 012 0123456789 0123456789 0 013 024678
1 1 9 2 5 2 01 012369 012346789 01 0234679 0234678
1 1 9 2 5 2 12 01346789 02346789 012 012345789 012456789
1 1 9 2 5 234 012 012345689 0123456789 0 0 0
1 12 09 02 0125 0456789 012 0234569 012345678 0 03 02689
1 2 0 0 2 8 0 0 0 01 012345689 0123456789
1 2 0 0 2 8 0 0 01 012 0123456789 0123456789
1 2 0 0 2 8 0 0 1 01 0123456789 0123456789
1 2 0 0 2 8 0 0 123 012 0123456789 0123456789
1 2 0 0 2 8 0 0 34568 012 012345679 0123456789
1 2 0 0 2 8 0 0 9 01 0123456789 0123456789
1 2 0 0 2 8 0 01 019 012 012345679 0123456789
1 2 0 0 2 8 0 123 0124678 012 0123456789 0123456789
1 2 0 0 2 89 012 0123456789 012345678 0 0 0
1 2 0 0 2 9 012 012456789 0123456789 01 012345679 02468
1 2 0 0 2 9 2 0 9 012 0123456789 0123456789
1 2 0 0 23 09 02 012345 0123456789 012 012346789 02468
1 2 0 0 3 012346789 012 023456789 01234568 0 0 0
1 2 0 0 345 012456789 012 0123456789 0123456789 0 0 0
1 2 0 0 567 0123456789 012 0123456789 02468 0 0 0
1 2 0 0 78 02346 01 0123456789 0123456789 0 0 0
1 2 0 0 8 0123 012 0123456789 02345678 0 0 0
1 2 0 0 8 34567 01 0123456789 012346789 0 0 0
1 2 0 0 8 78 01 0123456 0124678 012 0123456789 0124568
1 2 0 0 8 89 01 01256789 0245678 012 023456789 023456789
1 2 0 0 89 029 01 0123456789 012345689 01 012369 0245689
1 2 0 01 1239 01234678 012 01234689 01234689 01 0236 0248
1 2 0 1 3 2 12 123456789 0123456789 01 01269 0234678
1 2 0 1 3 2345 012 01234569 0123468 012 0249 01248
1 2 0 1 3 56 01 01234 012346789 01 01234569 01234678
1 2 0 1 3 6 0 456 0126789 012 012345679 0123456789
1 2 0 1 3 678 01 0123456789 0123468 012 0123469 012468
1 2 0 1 3 8 0 34 012345678 01 01234569 0234689
1 2 0 1 3 8 0 45 0123456789 01 0123456 01245689
1 2 0 1 34 01289 012 0123456789 02456789 01 01236 02468
1 2 0 1 4569 0234689 012 02456789 012345689 0 0 0
1 2 0 1 9 3456 01 0123469 0123456789 0 0 0
1 2 0 1 9 67 012 0123456789 0123456789 0 0 0
1 2 0 1 9 7 012 012346789 012346789 0 0 0
1 2 0 1 9 78 012 0123456789 012456789 0 0 0
1 2 0 12 09 0189 012 0123456789 012346789 0 0 0
1 2 0 2 012 0123456789 012 012346789 023456789 0 0 0
1 2 0 2 2 0 01 123456789 012345689 0 0 0
1 2 0 2 2 012 012 0123456789 012346789 0 0 0
1 2 0 2 23 01234689 012 0123456789 01234689 0 0 0
1 2 0 2 3 12 012 0123456789 0123456789 0 0 0
1 2 0 2 3 23 012 023456789 0123456789 0 0 0
1 2 0 2 3 34 012 0123456789 012345689 0 0 0
1 2 0 2 3 4 01 01234569 0123456789 0 0 0
1 2 0 2 3 456 012 0123456789 012456789 0 0 0
1 2 0 2 3 67 012 01236789 023456789 0 0 0
1 2 0 2 3 78 012 0123456789 0123456789 0 0 0
1 2 0 2 3 89 012 012346789 01245678 0 0 0
1 2 0 2 34 09 012 01234689 012345689 0 0 0
1 2 0 2 4 01 012 012346789 023456789 0 0 0
1 2 0 2 45 1234678 012 0123456789 023456789 0 0 0
1 2 01 02 05 0124567 012 01234569 0123468 0 0 0
1 2 1 0 01 012789 012 0123456789 0234568 0 0 0
1 2 1 0 123 012345689 012 012345679 0124568 012 029 024689
1 2 1 0 4 0456 012 0123469 012346789 012 01246789 02468
1 2 1 0 4 6 0 23 045678 012 0123456789 023468
1 2 1 0 4 6 012 0123456789 012456789 01 012369 02468
1 2 1 0 45 0678 012 01234567 0123456789 01 01236 024568
1 2 1 0 5 0123 012 0123456789 0123456789 0 0 0
1 2 1 0 5 34 012 0123456789 012345689 0 0 0
1 2 1 0 5 45689 012 0123456789 01234678 0 0 0
1 2 1 0 5 9 01 0123469 0123456789 01 0123689 0124689
1 2 1 0 56 01234569 012 012345679 02456789 01 012 024568
1 2 1 0 67 01246789 012 012346789 012346789 0 0 0
1 2 1 0 7 8 0 2345678 0123456789 012 0123469 0245678
1 2 1 0 7 8 01 123489 0123456789 01 01236789 0124568
1 2 1 0 7 8 12 02456789 0123456789 01 012345689 024689
1 2 1 0 789 0189 012 01234569 0124689 01 023469 024689
1 2 1 0 9 1234 012 0123456789 0123456789 0 0 0
1 2 1 01 09 045689 012 012346789 01234568 01 02 08
1 2 1 1 0 0 0 0 234567 012 012346789 01246789
1 2 1 1 0 0 01 0123456789 024678 012 01246789 012346789
1 2 1 1 012 01234567 012 0123456789 0123468 0 03469 023468
1 2 1 1 2 7 012 01234569 0123456789 01 01269 0234678
1 2 1 1 23 01789 012 01234569 02456789 0 0 0
1 2 1 1 3 12345 012 01234569 023456789 0 0 0
1 2 1 1 34 015689 012 0123456789 0124678 0 0 0
1 2 1 1 45 01245678 012 01234569 012456789 0 0 0
1 2 1 1 56 012378 012 012456789 012345689 0 0 0
1 2 1 1 67 0345689 012 012345679 0123456789 0 0 0
1 2 1 1 7 01234567 01 012345689 01246789 0 0 0
1 2 1 1 78 01246789 012 0123689 01234678 0 0123 01234689
1 2 1 1 8 9 0 0 1 012 0123456789 0123456789
1 2 1 1 8 9 0 0 12 012 0123456789 0123456789
1 2 1 1 8 9 0 0 23 012 012345789 0123456789
1 2 1 1 8 9 0 0 3 012 012456789 0123456789
1 2 1 12 089 01269 012 012345679 012345678 02 012 04689
1 2 1 2 0 012456 012 012345689 0124568 0 0 0
1 2 1 2 02 478 012 0123456789 0123456789 0 0 0
1 2 1 2 2 4 12 0123456789 0123456789 0 0 0
1 2 1 2 2 4567 012 01234569 0123456789 0 0 0
1 2 1 2 2 7 01 0123456789 0123456789 0 0 0
1 2 1 2 2 78 012 0123456789 0123456789 0 0 0
1 2 1 2 2 8 01 0123456789 0123456789 0 0 0
1 2 1 2 2 8 12 0123456789 0123456789 0 0 0
1 2 1 2 2 89 012 0123456789 0123456789 0 0 0
1 2 1 2 23 01239 012 012356789 0123456789 0 0 0
1 2 1 2 3 346 02 01234567 0123456789 0 0 0
1 2 1 2 3 6 01 0123456789 0123456789 0 0 0
1 2 1 2 3 67 012 0123456789 01245678 0 0 0
1 2 1 2 3 78 012 0123456789 0123456789 0 0 0
1 2 1 2 3 89 02 012345 0123456789 0 0 0
1 2 1 2 3 9 01 012356789 0123456789 0 0 0
1 2 1 2 3 9 12 0456789 0123456789 0 0 0
1 2 1 2 34 019 012 012345679 012456789 0 0 0
1 2 1 2 4 234 01 012346789 0124678 012 0129 02345678
1 2 1 2 4 4567 012 012346789 01234568 0 0 0
1 2 12 02 045 0234578 012 0123456789 01245678 0 0 0
1 2 2 0 0 012 012 01246789 0124678 01 012346789 01246789
1 2 2 0 0 2345 012 01239 01234689 012 01256789 0123456789
1 2 2 0 0 568 01 02456 012345689 012 0123456789 02468
1 2 2 0 0 8 0 0 234 012 0123456789 02468
1 2 2 0 0 8 0 0 4568 012 0123456789 02468
1 2 2 0 0 8 0 012345 023456789 012 0123456789 02468
1 2 2 0 0 8 0 5678 0234678 012 0123456789 01234678
1 2 2 0 0 8 0 8 45689 012 0123456789 01234568
1 2 2 0 0 8 0 89 09 012 0123456789 0246789
1 2 2 0 0 8 0 9 01234 012 01234679 023468
1 2 2 0 01 089 012 012346789 01245689 01 02345679 02468
1 2 2 0 1 0 12 012345679 012345689 01 02346 04568
1 2 2 0 1 01 012 0123456789 0123456789 0 0 0
1 2 2 0 1 123 012 012346789 0123456789 0 0 0
1 2 2 0 1 34 012 012345679 0123456789 0 0 0
1 2 2 0 1345 0245689 012 01234569 012345678 0 0 0
1 2 2 0 5 012456 01 01236789 012345678 0 0 0
1 2 2 0 5 6 01 0123456789 012345678 0 0 0
1 2 2 0 567 023456789 012 01234569 02346789 0 0 0
1 2 2 0 789 012345678 012 0123456789 012346789 0 0 0
1 2 2 0 9 45678 012 0123456789 012468 0 0 0
1 2 2 01 09 089 012 012346789 0123456789 0 0 0
1 2 2 1 01 01234 01 012345689 023456789 0 0 0
1 2 2 1 1 2345689 012 0123456789 0123456789 0 0 0
1 2 2 1 1 9 01 0123456789 0123456789 0 0 0
1 2 2 1 12 089 012 0123456789 0123456789 0 0 0
1 2 2 1 234 02469 012 012456789 0123456789 0 012 0467
1 2 2 1 4 4 0 2 45 01 012345689 0123456789
1 2 2 1 4 4 0 2 5 01 0123456789 0123456789
1 2 2 1 4 4 0 236 0246789 012 0123456789 0123468
1 2 2 1 4 45 012 0123456789 01246789 0 0 0
1 2 2 1 4 56 012 012346789 012345689 0 0 0
1 2 2 1 4 6789 012 012345679 012346789 0 0 0
1 2 2 1 45 029 012 01234569 023456789 012 01234689 02468
1 2 2 1 5 2 1 5 567 01 0123456 0123456789
1 2 2 1 5 2 1 5 7 01 0126789 0123456789
1 2 2 1 5 2 1 56 0178 012 0123456789 0123456789
1 2 2 1 5 2 1 678 012346789 012 012346789 012468
1 2 2 1 5 2 1 8 456789 01 0123456 0123456789
1 2 2 1 5 2 1 89 09 012 0123456789 0123456789
1 2 2 1 5 234 012 0123456789 01234689 012 02459 02458
1 2 2 1 5 45 01 0123456789 02345678 0 0 0
1 2 2 1 56 056 012 01234569 0123456789 0 0 0
1 2 2 1 6 0 012 0123456789 012345689 0 0 0
1 2 2 1 6 012345 012 012345679 01234568 0 0 0
1 2 2 1 6 56 012 012345689 012345678 0 0 0
1 2 2 1 6 6789 012 0123456789 012346789 0 0 0
1 2 2 1 67 01239 012 0123456789 01234678 0 0 0
1 2 2 1 7 3456 012 0123456789 0123456789 0 0 0
1 2 2 1 78 06789 012 0123456789 0123456789 0 0 0
1 2 2 1 8 01 01 012345689 0123456789 0 0 0
1 2 2 1 8 12 01 0123456789 0123456789 0 0 0
1 2 2 1 8 23 012 01234689 0123456789 0 0 0
1 2 2 12 089 0234689 012 0123456789 023468 0 0 0
1 2 2 2 0 0 01 0123456789 0123456789 0 0 0
1 2 2 2 0 0123 01 012346789 0123456789 0 0 0
1 2 2 2 012 023468 012 0123456789 023456789 0 0 0
1 2 2 2 2 34 012 0123456789 0234568 0 0 0
1 2 2 2 2 45 012 0123456789 0123456789 0 0 0
1 2 2 2 2 56 012 0123456789 023456789 0 0 0
1 2 2 2 2 6 012 0126789 0123456789 0 0 0
1 2 2 2 2 67 012 0123456 0123456789 0 0 0
1 2 2 2 2 78 012 0123456789 0123456789 01 02 08
1 2 2 2 234 0246789 01 01234569 023468 012 0234569 024689
1 2 2 2 4 78 012 01234569 0123456789 0 0 0
1 2 2 2 45 0289 01 03456789 0123456789 01 023469 0248
1 2 23 02 05 02345 012 0123456789 012345689 0 0 0
1 2 3 0 0 0123 012 023456789 0123456789 0 0 0
1 2 3 0 0123 03468 012 0123456789 012468 0 0 0
1 2 3 0 3 012 012 012345679 012345678 0 0 0
1 2 3 0 34 012346789 012 0249 0248 01 0123456789 0123456789
1 2 3 0 4 9 01 01234569 02346789 012 0126789 012456789
1 2 3 0 45 019 012 0234569 012345678 012 0129 012346789
1 2 3 0 5 1 12 0123456789 0123456789 0 0 0
1 2 3 0 5 234 012 0123456789 012345689 0 0 0
1 2 3 0 5 4568 012 0123456789 0123456789 0 0 0
1 2 3 0 5678 012346789 012 012345689 01234689 0 0 0
1 2 3 0 8 8 01 0123456789 0123456789 0 0 0
1 2 3 01 089 026789 012 023456789 0234568 0 0 0
1 2 3 1 0 0123 012 01234569 012345678 0 0 0
1 2 3 1 0 348 012 0123456789 012345689 01 01236 02468
1 2 3 1 0 8 012 0123456789 0123456789 0 01 02468
1 2 3 1 0 8 2 5 4 01 0123456789 012345689
1 2 3 1 0 89 02 034569 024568 012 0123456789 0123456789
1 2 3 1 0123 012456789 012 012346789 01246789 0 0 0
1 2 3 1 3 6 01 0123456789 0123456789 0 0 0
1 2 3 1 34 0678 012 0123456789 0123456789 0 0 0
1 2 3 1 4 012489 012 012346789 0123456789 0 0 0
1 2 3 1 45 019 012 012346789 012345689 0 0 0
1 2 3 1 56 012346 012 0123456789 012456789 0 0 0
1 2 3 1 67 012346789 01 0123456789 02345678 0 0 0
1 2 3 1 7 6 01 0123456789 01246789 01 01236 023456789
1 2 3 1 7 6 1 2 234 01 0123456789 0123456789
1 2 3 1 7 6 1 2 4 01 012345689 0123456789
1 2 3 1 7 6 1 2 4567 012 012346789 0123456789
1 2 3 1 7 6 1 2 7 01 012345689 0123456789
1 2 3 1 7 6 1 2 7 12 0123456789 0123456789
1 2 3 1 789 023456789 012 01234569 024678 02 045 01234689
1 2 3 12 09 016789 012 012346789 023456789 0 0 0
1 2 3 2 0 1 0 123456789 0123456789 0 0 0
1 2 3 2 0 1 01 01234569 0123456789 0 0 0
1 2 3 2 0 1245 012 0123456789 0123456789 0 0 0
1 2 3 2 01 025689 012 0123456789 012456789 0 0 0
1 2 3 2 123 0134568 012 0123456789 012345678 0 0 0
1 2 3 2 34 0123456 012 012345689 023456789 0 0 0
1 2 3 2 45 026789 012 02345678 0123456789 0 0 0
1 2 3 2 5 23 012 0123459 0123456789 0 0 0
1 2 3 2 5 3 01 0123456789 0123456789 01 0124569 024678
1 2 3 2 5 3 1 0123456789 0123456789 01 01236 023468
1 2 3 2 5 345 012 01234569 02346789 012 01269 0245678
1 2 34 02 05 0125 012 0123456789 01234678 01 02679 023468
1 2 4 0 0 234 012 012346789 0123456789 0 0 0
1 2 4 0 0 4567 012 0123456789 023456789 0 0 0
1 2 4 0 0 7 0 012345678 0123456789 0 0 0
1 2 4 0 0 7 01 012345679 0123456789 0 0 0
1 2 4 0 0 7 12 0123789 0123456789 0 0 0
1 2 4 0 012 0123456789 012 01234569 0123456789 0 0 0
1 2 4 0 2 245689 012 023456789 01234689 0 0 0
1 2 4 0 23 09 02 01234567 0123456789 0 0 0
1 2 4 0 3 0 01 0123456789 023456789 0 0 0
1 2 4 0 34 012 012 0123459 0123456789 0 0 0
1 2 4 0 4 012 012 012345689 02345689 0 0 0
1 2 4 0 46 234678 012 0123456789 012345689 0 012 012468
1 2 4 0 67 0126789 012 0123456789 01246789 01 0236 0248
1 2 4 01 0789 01234678 012 01234679 02456789 0 0 0
1 2 4 1 0 89 01 0123456789 0124689 01 01369 023468
1 2 4 1 01 019 012 0123469 02345678 01 023679 023468
1 2 4 1 12 0123456789 012 01234569 01246789 0 0 0
1 2 4 1 2 3456 01 0123456789 012345678 0 0 0
1 2 4 1 23 012678 012 01234569 0123456789 0 0 0
1 2 4 1 3 78 012 0123456789 02345678 0 0 0
1 2 4 1 34 046789 012 012345689 01245678 0 0 0
1 2 4 1 45 01234589 012 0123456789 012456789 0 0 0
1 2 4 1 5 5678 012 0123456789 0123456789 012 02349 023468
1 2 4 1 5 8 01 01234679 012345689 0 012345 02345678
1 2 4 1 5 8 1 78 0678 012 0123456789 0123456789
1 2 4 1 56 089 012 0289 0124678 012 0123456789 0123456789
1 2 4 1 679 012345689 012 012346789 02468 0 0 0
1 2 4 1 9 456 012 01234569 0123456789 0 0 0
1 2 4 1 9 67 012 0123456789 023456789 0 0 0
1 2 4 12 09 01789 012 01234569 012345689 0 0 0
1 2 4 2 01 0123458 01 0234679 024568 01 01234569 012345678
1 2 4 2 1 56789 012 023469 0234689 012 0234569 023456789
1 2 4 2 12 04679 012 0123456789 0245689 0 0 0
1 2 4 2 23 2346789 012 02345679 0123456789 0 0 0
1 2 4 2 34 012345679 012 01234679 01234568 0 0 0
1 2 4 2 4 8 012 01234679 0123456789 01 02679 023468
1 2 4 2 45 089 012 023459 012456789 012 012345679 023468
1 2 4 2 5 012 012 01234569 0123456789 02 045 02468
1 2 4 2 5 345 012 01234679 0234678 012 0123469 0234689
1 2 45 02 05 015 012 0123456789 0124678 0 0 0
1 2 5 0 0 1234567 012 01234569 012345678 0 0 0
1 2 5 0 012 026789 012 01234569 023456789 0 0 0
1 2 5 0 2 234567 012 012345679 0123468 0 0 0
1 2 5 0 2345 012345678 012 012456789 012345678 0 0 0
1 2 5 0 5 67 012 0123469 0123456789 0 0 0
1 2 5 0 56 012789 012 0123456789 0123456789 0 0 0
1 2 5 0 6 234 012 0123456789 01246789 0 0 0
1 2 5 0 6 45 01 012345689 012345678 0 0 0
1 2 5 0 67 0156789 012 0123456789 02345678 0 0 0
1 2 5 0 7 123 012 0123456789 0123456789 0 0 0
1 2 5 0 7 34 012 0123456789 0123456789 0 0 0
1 2 5 0 7 456 012 0123456789 01234689 0 0 0
1 2 5 0 7 67 012 0123456789 0124689 012 0123469 023468
1 2 5 0 789 02456789 012 012346789 02456789 0 0 0
1 2 5 01 019 02345689 012 01234569 02456789 0 0 0
1 2 5 1 12 0234568 012 0123456789 024678 0 0 0
1 2 5 1 23 01289 012 012345679 01245689 0 0 0
1 2 5 12 034679 01234689 012 0123469 01245689 0 0 0
1 2 5 2 0 89 012 012456789 0123456789 0 0 0
1 2 5 2 01 012349 012 01234569 02345678 0 0 0
1 2 5 2 1 4 01 012689 02468 01 0123456789 012345689
1 2 5 2 1 4 12 0126789 012345678 01 0123456789 01246789
1 2 5 2 123 2456 01 023456789 0123456789 0 0 0
1 2 5 2 3 678 012 0123456789 0245678 0 0 0
1 2 5 2 34 0123489 012 0123456789 02468 0 0 0
1 2 5 2 4 456 012 0123456789 0123456789 0 0 0
1 2 5 2 45 016789 012 012346789 0124568 0 0 0
1 2 5 2 5 12 012 026789 0123456789 01 023689 02468
1 2 5 2 5 2 01 019 012456789 01 01234567 0123456789
1 2 5 2 5 2 1 1 2 012 0123456789 0123456789
1 2 5 2 5 2 1 12 0234678 012 0123456 0123456789
1 2 5 2 5 2 1 2 6 0 01234567 0123456789
1 2 5 2 5 2 1 2 6 01 012345689 0123456789
1 2 5 2 5 2 1 2 6 12 01236789 0123456789
1 2 5 2 5 23 012 0123456789 012456789 02 0345 012345678
1 2 5 2 5 34 01 012345689 0123456789 0 0 0
1 2 56 02 012345 012345689 01 0123456789 0124678 0 0 0
1 2 6 012 012346789 01234689 0 013 024568 0 0 0
1 2 6 2 012 01246789 012 012345689 012345678 0 0 0
1 2 68 02 02345 012456789 01 01234689 012345678 01 01236 02468
1 2 8 0 0 0 01 013456789 0123456789 01 026 048
1 2 8 0 0 01 012 01245679 0123456789 0 0 0
1 2 8 0 0 1 0 2345678 0123456789 01 02 08
1 2 8 0 0 1 01 0123489 0123456789 0 0 0
1 2 8 0 0 1 12 0456789 0123456789 0 0 0
1 2 8 0 0 12345 02 012345 0123456789 0 0 0
1 2 8 0 01 0123456789 01 01234569 012345678 0 0 0
1 2 8 0 1 4 0 0123456 0123456789 0 0 0
1 2 8 0 1 4 01 01236789 023456789 012 023459 024568
1 2 8 0 12 012456789 012 0123456789 012345689 0 0 0
1 2 8 0 2 3456 0 01234567 0123456789 0 0 0
1 2 8 0 2 6 01 01234789 0123456789 0 0 0
1 2 8 0 23 0236789 012 01234569 01245689 0 0 0
1 2 8 0 34 0123456789 012 01234569 024568 012 012369 0245689
1 2 8 0 45 023456789 012 01234569 012346789 0 0 0
1 2 8 0 56 012345789 012 0123456789 012346789 0 0 0
1 2 8 0 67 0124568 012 012345679 012346789 01 012689 02468
1 2 8 0 7 56 02 0345 024689 01 0123456789 023468
1 2 8 0 7 67 01 01256 012345689 012 023456789 023468
1 2 8 0 7 7 0 12345 0123456789 012 012369 02468
1 2 8 0 7 7 0 5678 0123456789 012 0269 0248
1 2 8 0 7 7 0 89 02456789 012 0123469 023468
1 2 8 0 7 7 01 09 0123456789 012 02369 02468
1 2 8 0 7 7 1 12 0123456789 012 02369 02468
1 2 8 0 7 7 1 2 01234568 012 01236789 0245678
1 2 8 0 789 012345678 0 012345 0123456789 01 029 028
1 2 8 0 9 0 0 56 01239 012 0123456789 02345678
1 2 8 0 9 0 01 06789 012346789 012 01234679 012468
1 2 8 0 9 0 1 01234 0123456789 012 012469 024678
1 2 8 0 9 0 1 567 0123456789 012 0123456789 02456789
1 2 8 0 9 012 012 012345789 0123456789 01 0123469 02468
1 2 8 0 9 234 01 01236789 0123456789 01 0269 0248
1 2 8 0 9 4 0 12 0123456789 01 012369 012468
1 2 8 01 09 0123456789 012 0123456789 0234689 0 0 0
1 2 8 1 01 0123456789 01 01236 0245689 01 01234569 02468
1 2 8 1 1 6 0 1234568 012345678 012 0123456789 02468
1 2 8 1 12 016789 01 012389 0123456789 01 0123469 02468
1 2 8 1 2 1234567 01 0123456789 012346789 01 0269 024568
1 2 8 1 2 7 1 0124567 012345689 012 0123456789 012468
1 2 8 1 23 0234789 01 023456789 012345689 0 0 0
1 2 8 1 3 4 012 0123456789 0123456789 0 0 0
1 2 8 1 34 0456789 012 0123456789 02456789 012 0129 023468
1 2 8 1 4 012345678 012 0123456789 0123456789 0 0 0
1 2 8 1 456 0123456789 012 0123689 02345678 0 0 0
1 2 8 1 67 0123456789 012 012456789 0123456789 012 02349 02468
1 2 8 1 7 7 0 123 01234678 012 0123456789 024678
1 2 8 1 7 7 0 34567 012345678 012 0123456789 02468
1 2 8 1 7 7 0 78 01234689 012 0123456789 024568
1 2 8 1 7 7 01 089 0234568 012 0123456789 02345678
1 2 8 1 7 7 1 0123 012456789 012 01234569 024568
1 2 8 1 78 01278 01 0346789 0123456789 012 01245679 02468
1 2 8 1 89 0123456789 012 01234569 02346789 0 0 0
1 2 8 12 09 019 01 0123456789 01234568 0 0 0
1 2 8 2 0 1234 012 0123456789 02346789 01 0245 0248
1 2 8 2 01 01456789 012 01234569 012345678 01 069 02
1 2 8 2 12 0123456789 012 01236789 012345678 0 0 0
1 2 8 2 23 0123456789 012 01234569 02456789 01 01236 02468
1 2 8 2 34 01456789 02 02 014 012 012345689 012468
1 2 8 2 4 1 0 0 12 012 0123456789 012345678
1 2 8 2 4 1 0 0 3456 012 0123456789 0246789
1 2 8 2 4 1 0 0 6 01 0123456789 012345689
1 2 8 2 4 1 0 0 67 012 012345689 0123456789
1 2 8 2 4 1 0 0 7 12 0123456789 0234689
1 2 8 2 4 1 0 0 78 012 0123456789 02468
1 2 8 2 4 1 0 0 89 012 0123456789 024568
1 2 8 2 4 1 0 0 9 01 0123456789 02346789
1 2 8 2 4 1 0 0 9 12 0123456789 0124689
1 2 8 2 4 1 0 01 09 02 0123456789 01245678
1 2 8 2 4 1 0 1 0 012 0123456789 023468
1 2 8 2 4 1 0 1 012 012 0123456789 024689
1 2 8 2 4 1 0 1 23 012 0123456789 01234568
1 2 8 2 4 1 0 1 456 012 0123456789 0246789
1 2 8 2 4 1 012 012345689 012456789 01 01236 02468
1 2 8 2 4 12 012 01234689 012456789 012 01234679 023468
1 2 8 2 45 0123456789 012 02456789 01234689 012 02349 02468
1 2 8 2 5 34 012 0123456789 0123456789 0 0 0
1 2 89 02 05 0123456789 012 01234569 01234678 0 0 0
1 2 9 0 01 0123456789 012 0123456789 0123456789 0 0 0
1 2 9 0 123 0123456789 01 023456789 012345678 0 0 0
1 2 9 0 3 345 012 01234689 012346789 01 012369 02468
1 2 9 0 3 5 01 0136789 012345689 012 0123469 01234678
1 2 9 0 3 5 12 012456789 0123456789 012 0129 024678
1 2 9 0 34 015678 012 012346789 0123456789 0 0 0
1 2 9 0 4 1 01 2456789 0123456789 01 01236 02468
1 2 9 0 4 12 02 0123456 0123456789 0 0 0
1 2 9 0 4 23456 012 01234569 012346789 0 0 0
1 2 9 0 4567 0123456789 012 0123469 01234568 0 0 0
1 2 9 0 78 012345789 01 0123689 0123456789 01 023456 02468
1 2 9 0 89 0123456789 012 01234569 01234678 0 0 0
1 2 9 01 019 0123456789 012 01234569 02346789 01 01269 023468
1 2 9 1 123 0123456789 012 023456789 0123468 0 0 0
1 2 9 1 3 34 012 02349 02489 0 01234567 0123456789
1 2 9 1 3 4 0 3 2 01 0123456789 0123456789
1 2 9 1 3 4 0 3 23 012 0123456789 012346789
1 2 9 1 3 4 0 3 3 01 0123456789 0123456789
1 2 9 1 3 4 0 3 3 12 0123456789 012345678
1 2 9 1 3 4 0 3 34 012 0123456789 0123456789
1 2 9 1 3 4 0 3 4 12 0123456789 012346789
1 2 9 1 3 4 0 3 45 02 01234567 012345678
1 2 9 1 3 4 0 3 5 012 0123456789 0123456789
1 2 9 1 3 4 0 3 56 02 01234567 0123456789
1 2 9 1 3 4 0 3 6 01 0123456789 023456789
1 2 9 1 3 4 0 3 67 012 0123459 0123456789
1 2 9 1 3 4 0 3 7 01 013456789 0123456789
1 2 9 1 3 4 0 3 7 12 0123456789 0123456789
1 2 9 1 3 4 0 3 78 02 01234567 012346789
1 2 9 1 3 4 0 3 8 01 0123456789 0123456789
1 2 9 1 3 4 0 3 89 012 01234569 0123456789
1 2 9 1 3 4 0 3 9 01 0123456789 0123456789
1 2 9 1 3 4 0 34 09 012 0123459 0123456789
1 2 9 1 3 4 0 4 0 01 0123456789 0123456789
1 2 9 1 3 4 0 4 0 12 0123456789 012345678
1 2 9 1 3 4 0 4 01 02 0123456 012345678
1 2 9 1 3 4 0 4 1 01 0123456789 012345689
1 2 9 1 3 4 0 4 12 012 01234589 0123456789
1 2 9 1 3 4 0 4 2 01 0156789 0123456789
1 2 9 1 3 4 0 4 2 1 12345678 0123456789
1 2 9 1 3 4 0 4 23 012 01234589 0123456789
1 2 9 1 3 4 0 4 3 01 023456789 0123456789
1 2 9 1 3 4 0 4 3 12 012456789 0123456789
1 2 9 1 3 4 0 4 34 02 012345 0123456789
1 2 9 1 3 4 0 4 4 01 0123456789 0123456789
1 2 9 1 3 4 0 4 4 12 012346789 0123456789
1 2 9 1 3 4 0 4 45 012 0123456789 012346789
1 2 9 1 3 4 0 4 5 1 012345678 0123456789
1 2 9 1 3 4 0 4 56 012 0123489 0123456789
1 2 9 1 3 4 0 4 6 01 013456789 0123456789
1 2 9 1 3 4 0 4 6 12 023456789 0123456789
1 2 9 1 3 4 0 4 67 02 0123456 0123456789
1 2 9 1 3 4 0 4 7 01 0123456789 0123456789
1 2 9 1 3 4 0 4 78 012 0123456789 012456789
1 2 9 1 3 4 0 4 8 01 0123456789 012456789
1 2 9 1 3 4 0 4 89 012 01234589 0123456789
1 2 9 1 3 4 0 4 9 01 012356789 0123456789
1 2 9 1 3 4 0 4 9 12 03456789 0123456789
1 2 9 1 3 4 0 45 09 02 012345 0123456789
1 2 9 1 3 4 0 5 0 01 123456789 012456789
1 2 9 1 3 4 0 5 01 012 0123456789 0123456789
1 2 9 1 3 4 0 5 1 01 0123456789 0123456789
1 2 9 1 3 4 0 5 1 12 0123456789 023456789
1 2 9 1 3 4 0 5 12 02 012345678 0123456789
1 2 9 1 3 4 0 5 2 01 0123456789 0123456789
1 2 9 1 3 4 0 5 23 012 0123459 012345678
1 2 9 1 3 4 0 5 3 01 01256789 0123456789
1 2 9 1 3 4 0 5 3 12 0123456789 0123456789
1 2 9 1 3 4 0 5 34 02 0123456789 012345689
1 2 9 1 3 4 0 5 4 1 012345678 0123456789
1 2 9 1 3 4 0 5 45 012 012345679 0123456789
1 2 9 1 3 4 0 5 5 01 0123456789 0123456789
1 2 9 1 3 4 0 5 56 012 0123456789 0123456789
1 2 9 1 3 4 0 5 6 12 0123456789 012456789
1 2 9 1 3 4 0 5 67 02 01234567 023456789
1 2 9 1 3 4 0 5 7 01 012345689 0123456789
1 2 9 1 3 4 0 5 7 12 012346789 012346789
1 2 9 1 3 4 0 5 78 02 0123456 012345678
1 2 9 1 3 4 0 5 8 01 01234789 0123456789
1 2 9 1 3 4 0 5 8 12 0123456789 0123456789
1 2 9 1 3 4 0 5 89 02 012345 0123456789
1 2 9 1 3 4 0 5 9 01 012346789 0123456789
1 2 9 1 3 4 0 5 9 12 012456789 0123456789
1 2 9 1 3 4 0 56 09 02 0123456 0123456789
1 2 9 1 3 4 0 6 0 01 012346789 012456789
1 2 9 1 3 4 0 6 0 12 0123456789 0123456789
1 2 9 1 3 4 0 6 01 012 0123456789 0123456789
1 2 9 1 3 4 0 6 1 12 023456789 0123456789
1 2 9 1 3 4 0 6 12 02 012345 0123456789
1 2 9 1 3 4 0 6 2 01 023456789 0123456789
1 2 9 1 3 4 0 6 2 1 1234567 0123456789
1 2 9 1 3 4 0 6 2 12 01234589 0123456789
1 2 9 1 3 4 0 6 23 012 0123456789 012345689
1 2 9 1 3 4 0 6 3 1 01234567 0123456789
1 2 9 1 3 4 0 6 3 12 01234789 0123456789
1 2 9 1 3 4 0 6 34567 012 012345689 0123456789
1 2 9 1 3 4 0 67 012789 012 023456789 012346789
1 2 9 1 3 4 0 7 2345 012 012345689 0123456789
1 2 9 1 3 4 0 7 56789 012 01236789 0123456789
1 2 9 1 3 4 0 8 0 01 0123456789 012346789
1 2 9 1 3 4 0 8 0 12 0123456789 0123456789
1 2 9 1 3 4 0 8 01 02 01345678 0123456789
1 2 9 1 3 4 0 8 1 01 0123456789 012456789
1 2 9 1 3 4 0 8 12 012 0123459 0123456789
1 2 9 1 3 4 0 8 2 01 0123456789 0123456789
1 2 9 1 3 4 0 8 2 12 0123456789 0123456789
1 2 9 1 3 4 0 8 23 02 0123456 0123456789
1 2 9 1 3 4 0 8 3 01 012456789 0123456789
1 2 9 1 3 4 0 8 34 012 01234589 0123456789
1 2 9 1 3 4 0 8 4 01 012345689 0123456789
1 2 9 1 3 4 0 8 45 01 0123456789 0123456789
1 2 9 1 3 4 0 8 56 012 0123456789 012345678
1 2 9 1 3 4 0 8 6 01 012345789 0123456789
1 2 9 1 3 4 0 8 67 012 0123456789 012345689
1 2 9 1 3 4 0 8 7 01 0123456789 0123456789
1 2 9 1 3 4 0 8 7 12 0123456789 0123456789
1 2 9 1 3 4 0 8 78 02 012345 0123456789
1 2 9 1 3 4 0 8 8 01 123456789 0123456789
1 2 9 1 3 4 0 8 8 12 0123456789 0123456789
1 2 9 1 3 4 0 8 89 02 012345 0123456789
1 2 9 1 3 4 0 8 9 01 0156789 0123456789
1 2 9 1 3 4 0 8 9 1 1234567 0123456789
1 2 9 1 3 4 0 89 09 012 01234789 0123456789
1 2 9 1 3 4 0 9 0 01 0123456789 0123456789
1 2 9 1 3 4 0 9 0 12 0123456789 0123456789
1 2 9 1 3 4 0 9 01 02 012345 0123456789
1 2 9 1 3 4 0 9 1 01 0123456789 0123456789
1 2 9 1 3 4 0 9 1 12 0123456789 012346789
1 2 9 1 3 4 0 9 12 02 012345 0123456789
1 2 9 1 3 4 0 9 2 01 01456789 0123456789
1 2 9 1 3 4 0 9 2 1 12345678 0123456789
1 2 9 1 3 4 0 9 23 012 0124589 0123456789
1 2 9 1 3 4 0 9 3 0 3456789 0123456789
1 2 9 1 3 4 0 9 3 1 0123456 0123456789
1 2 9 1 3 4 0 9 34 012 0123456789 012346789
1 2 9 1 3 4 0 9 4 01 01236789 0123456789
1 2 9 1 3 4 0 9 4 12 03456789 0123456789
1 2 9 1 3 4 0 9 45 02 012345 0123456789
1 2 9 1 3 4 0 9 5 01 03456789 0123456789
1 2 9 1 3 4 0 9 5 1 01234567 0123456789
1 2 9 1 3 4 0 9 5 12 0123489 0123456789
1 2 9 1 3 4 0 9 56 012 0123456789 012345678
1 2 9 1 3 4 0 9 67 012 0123456789 0123468
1 2 9 1 3 4 0 9 7 01 013456789 0123456789
1 2 9 1 3 4 0 9 7 12 0123456789 0123456789
1 2 9 1 3 4 0 9 78 02 012345 0123456789
1 2 9 1 3 4 0 9 8 01 0123456789 012345678
1 2 9 1 3 4 0 9 89 012 012345789 0123456789
1 2 9 1 3 4 0 9 9 01 0123456789 0123456789
1 2 9 1 3 4 01 09 09 012 0123456789 012345678
1 2 9 1 3 4 1 0 0 01 0123456789 012456789
1 2 9 1 3 4 1 0 0 12 0123456789 0123456789
1 2 9 1 3 4 1 0 01 02 012345678 0123456789
1 2 9 1 3 4 1 0 1 01 012346789 0123456789
1 2 9 1 3 4 1 0 12 012 012349 0123456789
1 2 9 1 3 4 1 0 2 01 0123456789 0123456789
1 2 9 1 3 4 1 0 23 012 0123456789 012456789
1 2 9 1 3 4 1 0 3 01 0123456789 01245678
1 2 9 1 3 4 1 0 34 012 01234589 0123456789
1 2 9 1 3 4 1 0 4 01 0123456789 0123456789
1 2 9 1 3 4 1 0 45 012 0123456789 02456789
1 2 9 1 3 4 1 0 5 0 3456789 0123456789
1 2 9 1 3 4 1 0 5 01 01234679 0123456789
1 2 9 1 3 4 1 0 56 012 0123456789 02345678
1 2 9 1 3 4 1 0 6 012 0123456789 0123456789
1 2 9 1 3 4 1 0 67 012 0123456789 012345689
1 2 9 1 3 4 1 0 78 012 012345689 012346789
1 2 9 1 3 4 1 0 89 012 0123456789 012345678
1 2 9 1 3 4 1 0 9 012 0123456789 02345689
1 2 9 1 3 4 1 01 09 02 012345 01246789
1 2 9 1 3 4 1 1 0 012 0123456789 0124678
1 2 9 1 3 4 1 1 01 012 0123456789 0234689
1 2 9 1 3 4 1 1 12 012 012345689 0123456789
1 2 9 1 3 4 1 1 23 012 012345679 0123456789
1 2 9 1 3 4 1 1 34 01 01234689 0123456789
1 2 9 1 3 4 1 1 45 012 0123456789 0123456789
1 2 9 1 3 4 1 1 56 02 0123456789 0123456789
1 2 9 1 3 4 1 1 6 012 0123456789 0123456789
1 2 9 1 3 4 1 1 67 02 012345 0123456789
1 2 9 1 3 4 1 1 7 01 0123456789 0123456789
1 2 9 1 3 4 1 1 7 12 023456789 0123456789
1 2 9 1 3 4 1 1 78 012 01234569 0123456789
1 2 9 1 3 4 1 1 89 012 012456789 0123456789
1 2 9 1 3 4 1 1 9 01 01236789 0123456789
1 2 9 1 3 4 1 1 9 12 0123456789 0123456789
1 2 9 1 3 4 1 2345 012345678 01 01236789 02345678
1 2 9 1 3 4 1 56789 0123456789 01 012345679 023468
1 2 9 1 34 0123456789 012 0123456789 0123456789 01 0789 02346
1 2 9 1 45 0156789 012 0123456789 02468 0 0 0
1 2 9 1 5 1234567 012 01234679 024568 0 0 0
1 2 9 1 56 0123456789 012 012346789 02345689 0 0 0
1 2 9 1 67 0123456789 012 0123456789 0123456789 0 0 0
1 2 9 1 78 0124589 012 012346789 023456789 0 0 0
1 2 9 1 89 01256789 012 012346789 023468 0 01234 02456
1 2 9 1 9 2 012 0123456789 023456789 01 0246 048
1 2 9 12 09 023456789 012 012345689 01234689 012 01234569 023468
1 2 9 2 01 01256789 012 0269 0245678 012 01234569 02345678
1 2 9 2 12 023456789 012 012345679 012346789 0 0 0
1 2 9 2 2 012 012 0123456789 0123456789 0 0 0
1 2 9 2 2 234 012 0123456789 0245678 0 0 0
1 2 9 2 2 4567 012 012345689 012346789 0 0 0
1 2 9 2 2 7 1 012345678 0123456789 01 01234689 024689
1 2 9 2 23 0789 012 0123456789 0123456789 0 0 0
1 2 9 2 3 0123 012 012345679 01234678 01 023456 023468
1 2 9 2 345 023456789 012 012469 02345678 0 01 0123456789
1 2 9 2 5 0 0 0 0 0 2345678 0123456789
1 2 9 2 5 0 0 0 0 01 0123489 0123456789
1 2 9 2 5 0 0 0 0 1 456789 0123456789
1 2 9 2 5 0 0 0 01 02 01234 0123456789
1 2 9 2 5 0 0 0 1 0 2345678 0123456789
1 2 9 2 5 0 0 0 1 01 0123459 0123456789
1 2 9 2 5 0 0 0 12 012 01236789 0123456789
1 2 9 2 5 0 0 0 2 01 0123456789 012346789
1 2 9 2 5 0 0 0 2 12 0123456789 0123456789
1 2 9 2 5 0 0 0 23 012 0123456789 012346789
1 2 9 2 5 0 0 0 3 12 0123456789 0234568
1 2 9 2 5 0 0 0 34 012 0123456789 012345678
1 2 9 2 5 0 0 0 4 12 0123456789 012345689
1 2 9 2 5 0 0 0 45 02 012345678 023456789
1 2 9 2 5 0 0 0 56 012 0123456789 01245689
1 2 9 2 5 0 0 0 67 012 0123456789 02456789
1 2 9 2 5 0 0 0 7 01 0123456789 02456789
1 2 9 2 5 0 0 0 78 012 0123456789 012456789
1 2 9 2 5 0 0 0 89 012 0123456789 0123456789
1 2 9 2 5 0 0 0 9 012 0123456789 012456789
1 2 9 2 5 0 0 1 012456 01 012345689 0123456789
1 2 9 2 5 0 0 1 6 01 0123456789 0123456789
1 2 9 2 5 0 0 1 67 012 012356789 012345689
1 2 9 2 5 0 0 1234 01245678 01 01234569 012346789
1 2 9 2 5 0 0 456 2345678 012 0123456789 0234678
1 2 9 2 5 0 0 67 2678 01 0123456789 012456789
1 2 9 2 5 0 0 8 01 012 0123469 0123456789
1 2 9 2 5 0 0 8 124678 012 01234569 023456789
1 2 9 2 5 0 0 89 0189 01 01236789 0123456789
1 2 9 2 5 0 0 9 123 01 0123456789 0123456789
1 2 9 2 5 0 0 9 345 012 012345679 0123456789
1 2 9 2 5 0 01 2679 01245678 012 0123456789 0246789
1 2 9 2 5 0 12 09 01245678 012 01246789 024689
1 2 9 2 5 01 02 012345 012345678 012 01234569 024689
1 2 9 2 5 123 012 0123456789 012345678 0 0 0
1 23 09 02 05 0345 012 012346789 0123456789 01 02 08
1 3 0 0 01 01248 02 0123456789 0123456789 0 0 0
1 3 0 0 1 2 01 0123456789 0123456789 01 02345 028
1 3 0 0 1 2 12 089 012345689 012 012456789 012346789
1 3 0 0 1 23456 012 012345679 0123456789 012 02459 0248
1 3 0 0 1 67 012 012346789 012345678 0 0 0
1 3 0 0 12 012789 01 0123456789 0123456789 0 0 0
1 3 0 0 2 23 012 0123456789 0123456789 0 0 0
1 3 0 0 23 0123456789 012 012345679 0123456789 0 0 0
1 3 0 0 3 6 01 123456789 0123456789 01 029 028
1 3 0 0 34 016789 01 0189 0123456789 012 0269 0248
1 3 0 0 4 1 0 123 0123456789 01 0269 0248
1 3 0 0 4 1 0 34567 01234689 012 02369 02468
1 3 0 0 4 1 0 78 0123456789 012 02369 02468
1 3 0 0 4 1 01 089 0123456789 012 01234569 012346789
1 3 0 0 4 1 1 012 0123456789 01 023456789 012345689
1 3 0 0 4 1 1 234 0123456789 012 02369 02468
1 3 0 0 4 1 1 45 012356789 012 02369 02468
1 3 0 0 4 1 1 567 0123456789 012 0269 024568
1 3 0 0 4 1 1 7 123456 012 012346789 01246789
1 3 0 0 4 1 1 78 012456789 012 02369 02468
1 3 0 0 4 1 12 019 012346789 012 02369 02468
1 3 0 0 4 1 2 123 0123456789 012 02369 02468
1 3 0 0 4 1 2 34 0123456789 012 012346789 02468
1 3 0 0 4 1 2 45 012345678 012 012346789 02468
1 3 0 0 4 1234 012 0123456789 0123456789 0 0 0
1 3 0 0 4 456789 012 01234569 0123456789 0 0 0
1 3 0 0 4 9 0 01 01789 012 01234569 012468
1 3 0 0 4 9 0 12345 0123456789 01 02346789 02468
1 3 0 0 4 9 0 567 0123456789 01 012367 012468
1 3 0 0 4 9 0 789 0123456789 012 01234679 012468
1 3 0 0 4 9 1 01 0123456789 012 01234569 012468
1 3 0 0 4 9 1 12345 0123456789 012 012346789 012468
1 3 0 0 45 09 012 0123456789 0123456789 0 0 0
1 3 0 0 5 01 012 012345679 0123456789 0 0 0
1 3 0 0 5 1 01 0123456789 0123456789 0 0 0
1 3 0 0 5 1234 012 0123456789 012456789 0 0 0
1 3 0 0 567 0123456789 012 01234679 02468 0 0136 023468
1 3 0 0 789 0123456789 012 02456789 0124568 01 0234689 024689
1 3 0 0 9 4 0 01234 0123456789 012 0123469 0124568
1 3 0 0 9 4 0 456 01245689 012 01236789 01245689
1 3 0 0 9 4 0 78 023456789 012 02346789 01245689
1 3 0 0 9 4 01 0189 0123456789 012 026789 024678
1 3 0 0 9 4 12 0126789 0123456789 012 012346789 012468
1 3 0 0 9 4 2 12 023456789 012 0123456789 02468
1 3 0 0 9 4 2 23 01234589 012 0123456789 02468
1 3 0 0 9 456 02 01234 0246789 012 0123469 02468
1 3 0 01 09 0123456789 01 012345679 02345689 01 01269 023468
1 3 0 1 01 089 012 0123456789 0123456789 0 0 0
1 3 0 1 1 01234567 012 012349 0124689 0 0123456 0123456789
1 3 0 1 1 7 0 0 01 012 0123456789 0123456789
1 3 0 1 1 7 0 0 12 012 0123456789 0123456789
1 3 0 1 1 7 0 0 2 012 0123456789 01234568
1 3 0 1 1 7 0 0 23 012 0123456789 0123456789
1 3 0 1 1 7 0 01 0123456789 012 012345679 01234568
1 3 0 1 1 7 0 1 45 012 0123456789 02468
1 3 0 1 1 7 0 1 5 012 0123456789 02468
1 3 0 1 1 7 0 1234 0123456789 012 01234569 023468
1 3 0 1 1 7 0 4 5678 012 0123456789 012346789
1 3 0 1 1 7 0 4 89 012 0123456789 0123456789
1 3 0 1 1 7 0 45 09 012 0123456789 02345689
1 3 0 1 1 7 0 5 01 012 0123456789 0123456789
1 3 0 1 1 7 0 56789 0123456789 01 012345679 012345678
1 3 0 1 1 7 01 12346789 0123456789 01 0123469 02468
1 3 0 1 1 7 12 0289 0123456789 012 01234689 02468
1 3 0 1 1 7 2 2345 0123456789 01 01234569 02468
1 3 0 1 1 7 2 5 4 012 0123456789 0123456789
1 3 0 1 123 0123456789 012 01234569 01234568 012 0123456 0246789
1 3 0 1 3 67 01 012346789 0123456789 0 0 0
1 3 0 1 3 7 12 0123456789 0123456789 0 0 0
1 3 0 1 345 01234789 012 01234569 0123456789 0 0 0
1 3 0 1 56 012456789 012 01234569 0123468 0 0 0
1 3 0 1 67 012345678 012 0123456789 01245678 01 01236 02468
1 3 0 1 7 4 0 01234 0123456789 01 01236 024568
1 3 0 1 7 4 0 45678 0123456789 01 01236 024568
1 3 0 1 7 456 01 01234689 0123456789 01 01236 024568
1 3 0 1 7 6 012 012346789 0123456789 0 0 0
1 3 0 1 7 6 2 0123 0123456789 01 01236 024678
1 3 0 1 78 0123456789 012 012346789 023456789 01 01236 023468
1 3 0 1 8 56 012 0123456789 0123456789 0 0 0
1 3 0 1 89 01236789 012 01234569 0123456789 0 0 0
1 3 0 1 9 345 01 0123456789 0123456789 012 0249 0248
1 3 0 1 9 56 012 012459 0123456789 01 012346 012456789
1 3 0 12 019 0123456789 012 012345689 01234678 0 0 0
1 3 0 2 1 1234 012 0123456789 02345678 01 0236 0248
1 3 0 2 1 4 01 012345689 01246789 01 0236789 0124689
1 3 0 2 1 4 12 06789 01246789 01 012346789 0124678
1 3 0 2 1 456 02 012345 01245689 012 0126789 02468
1 3 0 2 123 0123456789 012 01234569 01234568 0 0 0
1 3 0 2 34 0123489 012 012369 01245689 012 012369 0234678
1 3 0 2 4 4 0 0123 2345678 012 01234569 0123456789
1 3 0 2 4 4 0 34 012489 012 01234569 023456789
1 3 0 2 4 4 0 4 4568 012 012345689 0123456789
1 3 0 2 4 4 0 45 0189 012 0123456789 012345678
1 3 0 2 4 4 0 5 123456 012 0123456789 0234678
1 3 0 2 4 4 0 67 012345689 012 02346789 01234689
1 3 0 2 4 4 0 78 01289 012 0123456789 01234689
1 3 0 2 4 4 01 089 2345678 012 012345679 0245689
1 3 0 2 4 4 1 0123 012678 01 0123456789 012345678
1 3 0 2 4 4 12 046789 02345678 012 0123456789 01234568
1 3 0 2 4 4 2 0 0 01 23456789 0123456789
1 3 0 2 4 4 2 0 012456 012 0123456789 023456789
1 3 0 2 4 45678 02 012345 0246789 012 0129 0124568
1 3 0 2 4 8 01 0123456789 02456789 0 0 0
1 3 0 2 4 8 12 0123456789 01245689 01 02 08
1 3 0 2 45 089 012 01234569 0123456789 0 0 0
1 3 0 2 5 01234 012 01234789 012346789 0 0 0
1 3 0 2 5 4 0 3456 02345678 01 01234689 0123456789
1 3 0 2 5 4 01 01689 023456789 012 01234679 0123468
1 3 01 02 05 045 01 0123456789 0123456789 0 0 0
1 3 1 0 0 0 01 0123456789 012345689 01 02 08
1 3 1 0 0 012345 012 0123456789 0124689 0 0 0
1 3 1 0 01 02456789 012 0123456789 0123456789 0 0 0
1 3 1 0 1 5678 012 0123456789 012346789 0 0 0
1 3 1 0 123 012346789 012 0123456789 0245689 0 0 0
1 3 1 0 34 012346789 01 0123456789 012345689 0 0 0
1 3 1 0 4 346789 012 0123456789 01245689 0 0 0
1 3 1 0 56 0245678 012 012345689 02346789 0 0 0
1 3 1 0 6 012 012 0123456789 012346789 0 0 0
1 3 1 0 6 2 012 0123456789 0124678 0 0 0
1 3 1 0 6 23456 012 01234569 023456789 0 0 0
1 3 1 0 6 67 01 0123456789 0123456789 0 0 0
1 3 1 0 6 78 012 012345679 01234678 0 0 0
1 3 1 0 67 089 012 0123456789 012345678 0 0 0
1 3 1 0 7 0 012 0123456789 0123456789 0 0 0
1 3 1 0 7 012 012 0123456789 024689 0 0 0
1 3 1 0 7 23 012 0123456789 012346789 0 0 0
1 3 1 0 7 34 012 01234569 012345689 0 0 0
1 3 1 0 7 45 02 0123456 0123456789 0 0 0
1 3 1 0 7 5 01 0123456789 012345678 0 0 0
1 3 1 0 7 5 12 01234789 0123456789 0 0 0
1 3 1 0 7 56 02 0123456789 0123456789 0 0 0
1 3 1 0 7 678 012 012346789 0123456789 0 0 0
1 3 1 0 7 89 012 0123456789 012345678 0 0 0
1 3 1 0 7 9 01 0123456789 012345689 0 0 0
1 3 1 0 78 019 012 012346789 0123456789 0 0 0
1 3 1 0 8 1 012 0123456789 0123456789 0 0 0
1 3 1 0 8 12 012 0123456789 012345689 0 0 0
1 3 1 0 8 23456 01 0123456789 0123456789 0 0 0
1 3 1 0 8 67 012 0123456789 012345678 0 0 0
1 3 1 0 89 012789 012 0123456789 023456789 0 0 0
1 3 1 01 09 023456789 01 0123456789 012346789 01 01236 012468
1 3 1 1 0 0 012 0123456789 0245689 0 0 0
1 3 1 1 0 0123 012 0123456789 0123456789 0 0 0
1 3 1 1 0 3 1 01 245678 012 0123456789 0245678
1 3 1 1 0 345678 012 0123456789 0246789 02 01245 02468
1 3 1 1 0 89 012 0123456789 01245689 0 0 0
1 3 1 1 012 0123456789 012 012346789 0123468 01 01236 024568
1 3 1 1 2 2345 01 0123456 0123456789 01 02689 04678
1 3 1 1 234 0123456789 012 012459 02345678 0 0 0
1 3 1 1 4 3 0 012345678 0123456789 01 01236 023468
1 3 1 1 4 3 01 0123456789 0123456789 0 0 0
1 3 1 1 4 3456789 012 01234569 012345689 0 0 0
1 3 1 1 45 01239 012 0123456789 01245678 0 0 0
1 3 1 1 5 3 0 345678 0123456789 012 0124569 02346789
1 3 1 1 5 3 01 012345689 0123456789 0 0 0
1 3 1 1 5 345678 012 012345679 0123456789 0 0 0
1 3 1 1 5 8 01 0123456789 0123456789 0 0 0
1 3 1 1 56 0189 012 0123456789 02456789 0 0 0
1 3 1 1 6 12 012 0123456789 01246789 0 0 0
1 3 1 1 6 23456 012 012345689 012345678 0 0 0
1 3 1 1 67 0126789 012 02345679 0123456789 01 012346 012346789
1 3 1 1 7 3456 01 0123456789 0123456789 0 0 0
1 3 1 1 7 6 012 012345679 0123456789 0 0 0
1 3 1 1 78 012346789 012 012345 012345689 01 0123679 02468
1 3 1 1 8 4567 012 01234569 0123456789 01 02 08
1 3 1 1 89 0123456789 012 0123456789 0124689 0 0 0
1 3 1 12 09 0678 012 0123456789 0124689 0 01236 024678
1 3 1 2 0 0123 012 01234569 023456789 01 012346 0246789
1 3 1 2 0 34567 012 012346789 012346789 01 01269 023468
1 3 1 2 012 0123456789 012 01234569 012345689 0 0 0
1 3 1 2 2 1 01 0123456789 0246789 0 0 0
1 3 1 2 2 12 012 01234569 0123456789 0 0 0
1 3 1 2 2 23456 02 01234567 0123456789 01 01236 012345689
1 3 1 2 2 6 012 2346789 0245689 012 01234569 01246789
1 3 1 2 2 678 012 0123456789 0123456789 0 0 0
1 3 1 2 2 8 1 2 89 01 0123456789 012346789
1 3 1 2 2 8 1 234 012345689 012 0123456789 0123468
1 3 1 2 2 8 1 456 0123456789 012 0234569 024568
1 3 1 2 2 8 1 6789 012345689 012 012346789 02468
1 3 1 2 2 8 12 0129 0123456789 012 0234679 02468
1 3 1 2 2 8 2 2345 01234568 012 0123469 0245689
1 3 1 2 2 89 012 025 04589 01 01234569 0123456789
1 3 1 2 2 9 1 23 019 01 01234569 0123456789
1 3 1 2 2 9 1 3 12 01 01234569 0123456789
1 3 1 2 2 9 1 3 23 01 01234569 0123456789
1 3 1 2 2 9 1 3 34 01 01234569 0123456789
1 3 1 2 2 9 1 3 45 01 01234569 0123456789
1 3 1 2 2 9 1 3 567 01 012356789 0123456789
1 3 1 2 2 9 1 34 0123478 01 01234569 0123456789
1 3 1 2 2 9 1 4 45 01 0123456789 0123456789
1 3 1 2 2 9 1 4 56 01 0123456 0123456789
1 3 1 2 2 9 1 4 67 01 0123456 0123456789
1 3 1 2 2 9 1 4 78 01 0123456 0123456789
1 3 1 2 2 9 1 4 89 01 0123456789 0123456789
1 3 1 2 2 9 1 4 9 01 123456 0123456789
1 3 1 2 2 9 1 45 09 01 01234679 0123456789
1 3 1 2 2 9 1 5 01 01 0123456789 0123456789
1 3 1 2 2 9 1 5 12 01 0123456 0123456789
1 3 1 2 2 9 1 56 02346 01 0123456 0123456789
1 3 1 2 2 9 1 6 01 01 012345679 0123456789
1 3 1 2 2 9 1 6 12 01 01234569 0123456789
1 3 1 2 2 9 1 6 23 01 01234569 0123456789
1 3 1 2 2 9 1 6 34567 01 012345679 0123456789
1 3 1 2 2 9 1 67 0789 01 012346 0123456789
1 3 1 2 2 9 1 7 0126 01 01234569 0123456789
1 3 1 2 2 9 1 7 67 01 012345679 0123456789
1 3 1 2 2 9 1 7 7 01 123456 0123456789
1 3 1 2 2 9 1 7 78 01 012345679 0123456789
1 3 1 2 2 9 1 78 089 01 0123459 0123456789
1 3 1 2 2 9 1 8 01 01 0123456789 0123456789
1 3 1 2 2 9 1 8 12 01 0123456 0123456789
1 3 1 2 2 9 1 8 2345 01 0123456 0123456789
1 3 1 2 2 9 1 8 568 01 012346 0123456789
1 3 1 2 2 9 1 8 89 01 0123456 0123456789
1 3 1 2 2 9 1 89 019 01 012345679 0123456789
1 3 1 2 2 9 1 9 12 01 01234569 0123456789
1 3 1 2 2 9 1 9 23 01 01234569 0123456789
1 3 1 2 2 9 1 9 34 01 023456789 0123456789
1 3 1 2 2 9 1 9 4 0 012345 0123456789
1 3 1 2 2 9 1 9 45 01 012356789 0123456789
1 3 1 2 2 9 1 9 56 01 012456789 0123456789
1 3 1 2 2 9 1 9 6 0 234567 0123456789
1 3 1 2 2 9 1 9 67 01 01234589 0123456789
1 3 1 2 2 9 1 9 789 01 012356789 0123456789
1 3 1 2 2 9 12 09 0239 01 0123456789 0123456789
1 3 1 2 2 9 2 0 3 01 123456 0123456789
1 3 1 2 2 9 2 0 34 01 012345679 0123456789
1 3 1 2 2 9 2 0 45 01 012345679 0123456789
1 3 1 2 2 9 2 0 5 01 23456 0123456789
1 3 1 2 2 9 2 0 56 01 01234679 0123456789
1 3 1 2 2 9 2 0 67 01 012345679 0123456789
1 3 1 2 2 9 2 0 78 01 012345679 0123456789
1 3 1 2 2 9 2 0 89 01 01234569 0123456789
1 3 1 2 2 9 2 01 09 01 01234569 0123456789
1 3 1 2 2 9 2 1 01 01 0123456 0123456789
1 3 1 2 2 9 2 1 12 01 0123456 0123456789
1 3 1 2 2 9 2 1 234 01 012345679 0123456789
1 3 1 2 2 9 2 1 45 01 01234569 0123456789
1 3 1 2 2 9 2 1 56 01 01234569 0123456789
1 3 1 2 2 9 2 1 67 01 0123456 0123456789
1 3 1 2 2 9 2 1 789 01 0123456 0123456789
1 3 1 2 2 9 2 12 09 01 012346 0123456789
1 3 1 2 2 9 2 2 012 01 0123456 0123456789
1 3 1 2 2 9 2 2 2 01 123456 0123456789
1 3 1 2 2 9 2 2 234 01 012345679 0123456789
1 3 1 2 2 9 2 2 4568 01 0123456 0123456789
1 3 1 2 2 9 2 23 089 01 01234569 0123456789
1 3 1 2 2 9 2 3 01 01 01234569 0123456789
1 3 1 2 2 9 2 3 12 01 01234569 0123456789
1 3 1 2 2 9 2 3 2 01 2345679 0123456789
1 3 1 2 2 9 2 3 34 01 01234569 0123456789
1 3 1 2 2 9 2 3 4 01 123456 0123456789
1 3 1 2 2 9 2 3 4567 01 012345679 0123456789
1 3 1 2 2 9 2 3 78 01 01234569 0123456789
1 3 1 2 2 9 2 34 046789 01 01234569 0123456789
1 3 1 2 2 9 2 45 2378 01 0123456 0123456789
1 3 1 2 2 9 2 5 345 01 01234569 0123456789
1 3 1 2 23 0129 012 0123459 023456789 01 034569 0123456789
1 3 1 2 3 23456789 01 0123456789 0124689 0 0 0
1 3 1 2 345 012346789 012 012346789 0123456789 0 0 0
1 3 1 2 5 0123 02 012345 0123456789 012 01234689 02468
1 3 1 2 5 3 01 123456789 012345689 01 02689 02468
1 3 1 2 5 345 012 0123456789 02456789 012 0269 0248
1 3 12 02 05 025 012 0123456789 012468 0 0 0
1 3 2 0 0 23467 012 012346789 0123456789 0 0 0
1 3 2 0 01 0178 01 012345679 0123456789 0 0 0
1 3 2 0 1 1 01 012346789 0123456789 0 0 0
1 3 2 0 1 123 02 01234567 02345689 0 0 0
1 3 2 0 1 34567 012 0123456789 0123456789 0 0 0
1 3 2 0 12345 012345689 012 0123469 0123468 0 0 0
1 3 2 0 56 0123456789 012 0123456789 02346789 0 0 0
1 3 2 01 012346789 0123456789 01 012369 01246789 01 01269 023468
1 3 2 1 4 012345 012 012346789 012456789 0 0 0
1 3 2 1 4 678 012 0123456789 023468 012 012689 0245678
1 3 2 1 45 012345689 012 0123456789 02345678 0 0 0
1 3 2 1 567 0123456789 012 012346789 012345678 0 0 0
1 3 2 1 78 0123456789 012 02456789 02456789 0 0 0
1 3 2 1 89 089 01 0123456789 012345678 0 0 0
1 3 2 1 9 0123 012 012346789 012346789 0 0 0
1 3 2 12 0129 0123456789 01 01234679 01246789 0 0 0
1 3 2 2 23 0123456789 012 01234679 0234568 0 0 0
1 3 2 2 3 67 01 02345678 0123456789 012 02459 0248
1 3 2 2 34 0123789 012 01236789 0123456789 01 02 08
1 3 2 2 4 345 012 01246789 0123456789 0 0678 0248
1 3 2 2 4 5 0 234 012346789 01 012346789 02468
1 3 2 2 4 5 0 456 0123456789 012 0123469 02468
1 3 2 2 4 5 01 2346789 012345689 012 01234689 02468
1 3 2 2 4 5 1 456 01245678 012 012346789 02468
1 3 2 2 4 5 12 016789 023456789 012 02346789 02468
1 3 2 2 4 5 2 1 0123 012 0123456789 02468
1 3 2 2 4 5 2 12345 01234678 012 0123456789 02468
1 3 2 2 45 0123456789 012 0123456789 0234568 012 0123469 02468
1 3 2 2 5 5 01 0123456789 01234678 0 0 0
1 3 23 02 0125 0123456789 012 012345689 0234689 0 0 0
1 3 3 0 2345 012346789 012 012456789 02468 0 0 0
1 3 3 0 5678 012456789 01 0126789 0245678 0 0 0
1 3 3 01 089 012346789 012 012346789 012456789 01 023469 024689
1 3 3 1 01 0123456789 01 012345689 01234689 0 0 0
1 3 3 1 123 0123456789 01 012345679 0234568 0 0 0
1 3 3 1 34 012345689 012 0123456789 0123456789 0 0 0
1 3 3 1 456 02345689 01 012346789 02456789 012 029 0248
1 3 3 1 6 23456789 012 0123456789 012456789 0 0 0
1 3 3 12 06789 0123456789 012 01234569 0245678 0 0 0
1 3 3 2 01 02456789 012 012369 01234678 01 012369 0124678
1 3 3 2 12 0123456789 012 0123456789 02456789 0 0 0
1 3 3 2 234 0123456789 012 012346789 024568 0 0 0
1 3 34 02 05 012345 012 0123456789 01245678 01 02689 023468
1 3 4 0 0 0 2 1 789 012 0123456789 0123456789
1 3 4 0 0 0 2 12 09 02 0123456789 0123456789
1 3 4 0 0 0 2 2 0 12 012456789 0123456789
1 3 4 0 0 012345678 02 02 0124 012 0123456 0123456789
1 3 4 0 01 012346789 012 0123456789 02345689 0 0 0
1 3 4 0 1234 0123456789 012 0123456789 012468 0 0 0
1 3 4 0 4 1234678 012 012346789 0123456789 0 0 0
1 3 4 0 456 0123456789 0 0134 0124568 01 0123456789 012345689
1 3 4 0 6 567 012 02456789 012346789 01 012689 0468
1 3 4 0 67 089 012 0123456789 02468 0 0 0
1 3 4 0 7 0123 012 0123459 012456789 012 01234689 02468
1 3 4 0 7 3 01 023456789 0123456789 01 012679 02468
1 3 4 0 7 3 1 12345 0123456789 01 012689 02468
1 3 4 0 7 3 1 56789 0123456789 012 0123469 02468
1 3 4 0 7 3 2 012 0123456789 012 01234689 02468
1 3 4 0 7 3 2 2345 023456789 012 02346789 02468
1 3 4 0 7 345 012 0123569 01245678 012 0123469 0234678
1 3 4 0 7 5 12 0123469 012346789 012 0124569 01234568
1 3 4 0 7 5 2 0245 02348 012 0123456789 01234689
1 3 4 0 78 0123456789 012 012356789 024568 012 01246789 0124678
1 3 4 0 89 0123456789 012 01234569 01246789 01 023469 024689
1 3 4 01 09 0123456789 012 0123456789 02345689 0 0 0
1 3 4 1 01 0123456789 012 012345689 0123456789 0 0 0
1 3 4 1 12 0129 012 0123456789 0123456789 0 0 0
1 3 4 1 2 2 12 02345679 0123456789 012 01234679 012468
1 3 4 1 23 0123456789 012 023456789 012345678 0 0 0
1 3 4 1 34 012345689 012 012346789 0124689 0 0 0
1 3 4 1 4 456 012 012346789 012345689 0 0 0
1 3 4 1 4 67 012 012456789 0123456789 0 0 0
1 3 4 1 45 0123456789 01 012345689 0123456789 01 02 08
1 3 4 1 5 9 0 234567 0123456789 01 02456789 02468
1 3 4 1 5 9 0 789 01245678 012 01234689 023456789
1 3 4 1 5 9 01 0129 012345689 012 023456789 0234678
1 3 4 1 5 9 1 23 0245689 012 0123456789 0123468
1 3 4 1 5 9 1 3456789 0123456789 012 012346789 024568
1 3 4 1 56 019 012 0123456789 023456789 01 026789 0245678
1 3 4 1 6 2345 012 012369 012345689 01 023469 02468
1 3 4 1 67 056789 01 012346789 0123456789 01 0129 0268
1 3 4 1 78 0123456789 012 012456789 023456789 01 0236 0248
1 3 4 1 8 5 012 0123456789 012456789 01 02 08
1 3 4 1 89 015689 012 012346789 012345678 012 0249 02348
1 3 4 1 9 12345 02 012345 0123456789 01 0123469 01234689
1 3 4 1 9 5 01 0456789 012346789 0 012 012345678
1 3 4 1 9 5 1 0 0 0 23456789 0123456789
1 3 4 1 9 5 1 0 0 01 0123459 0123456789
1 3 4 1 9 5 1 0 0 12 0126789 0123456789
1 3 4 1 9 5 1 012345678 012346789 02 02345 012346789
1 3 4 1 9 56789 012 01234589 023456789 0 0 0
1 3 4 12 09 0129 01 0123456789 012345689 0 0 0
1 3 4 2 0 234 012 0123456789 0123456789 0 0 0
1 3 4 2 01 0123456789 012 0123456789 012345678 0 0 0
1 3 4 2 1 7 01 123456789 0123456789 0 0 0
1 3 4 2 12 012789 012 01234789 0123456789 01 02 08
1 3 4 2 2 2 0 456789 02346789 012 01234689 024678
1 3 4 2 2 2 01 019 012489 01 012346789 02345678
1 3 4 2 2 2 1 123 0123456789 012 0126789 0234678
1 3 4 2 2 2 1 45679 012346789 01 0123689 0124678
1 3 4 2 2 234 012 023456789 01234689 01 01269 0234689
1 3 4 2 2 456789 012 012345679 0123456789 0 0 0
1 3 4 2 2 9 012 0123456789 012345689 0 0 0
1 3 4 2 23 019 012 0123469 012346789 01 0269 0248
1 3 4 2 3 1 1 456 0123456789 01 0269 0248
1 3 4 2 3 1 12 06789 0123456789 01 0269 0248
1 3 4 2 3 1 2 0123 0123456789 01 0269 0248
1 3 4 2 3 1 2 34 045678 01 0123456789 023456789
1 3 4 2 3 123 02 01245 01234689 012 0123456789 0246789
1 3 4 2 3 345 012 01234569 0123456789 0 0 0
1 3 4 2 3 5678 01 0126789 012345689 01 0269 028
1 3 4 2 3 8 0 2 12345678 012 012346789 0234568
1 3 4 2 3 8 0 2345 0123456789 012 02369 0248
1 3 4 2 3 8 0 56789 0123456789 012 0269 02468
1 3 4 2 3 8 01 019 0123456789 012 012369 012468
1 3 4 2 3 8 1 12345 0123456789 012 02369 02468
1 3 4 2 3 8 1 567 0123456789 012 02369 02468
1 3 4 2 3 8 12 01789 023456789 012 0124569 0245678
1 3 4 2 3 8 2 1234 012346789 012 0269 0248
1 3 4 2 34 0189 012 01234569 0123456789 012 02369 02468
1 3 4 2 4 12 012 0123456789 0123456789 0 0 0
1 3 4 2 4 234 012 0123456789 0123456789 0 0 0
1 3 4 2 45 0123456789 012 012356789 012456789 0 0 0
1 3 45 02 015 0124568 012 0123459 0123456789 01 01236 02468
1 3 5 0 1 234 012 0123456789 02346789 01 02 08
1 3 5 0 123 0123456789 012 01234569 023456789 0 0 0
1 3 5 0 34 029 01 0123456789 012345678 01 029 028
1 3 5 0 45678 012345678 01 01236 012346789 01 01236 0123468
1 3 5 0 8 4 01 0123456789 023456789 0 0 0
1 3 5 0 8 4 12 0123456789 0123456789 01 0123456 02468
1 3 5 0 8 456 02 012345 0123456789 01 01236 0245689
1 3 5 0 8 7 0 012 012346789 012 0123456789 012456789
1 3 5 0 89 01789 01 01234569 012345678 012 012459 0248
1 3 5 01 09 023456 01 0123456 012456789 0 0 0
1 3 5 1 0 6 0 1234567 0123456789 0 0 0
1 3 5 1 0 6 01 012346789 0123456789 0 0 0
1 3 5 1 012 02456789 012 0123469 023468 01 0126789 024678
1 3 5 1 2 5689 01 0124569 023456789 012 012349 0124678
1 3 5 1 2 9 01 01234569 0123456789 012 01249 02468
1 3 5 1 23 09 012 0123459 012345678 012 02349 0245678
1 3 5 1 3 0 01 0123456789 012345678 0 0 0
1 3 5 1 3 012 012 0123456789 012456789 01 02 08
1 3 5 1 3 2 01 0123469 0123456789 0 0 0
1 3 5 1 3 2346 01 01234679 0123456789 01 02 08
1 3 5 1 3456 01246789 01 012346789 0123456789 0 0 0
1 3 5 1 6 9 12 234679 012456789 01 01236 012345678
1 3 5 1 6789 012345689 02 01235 0123456789 01 01236 024568
1 3 5 1 9 6 01 0123456789 0123456789 0 0 0
1 3 5 12 09 045678 012 012345789 0123456789 0 0 0
1 3 5 2 01 016789 012 012345679 012346789 0 0 0
1 3 5 2 1234 012345678 012 012569 01245678 01 02 08
1 3 5 2 4 5689 012 0123456789 012345689 0 0 0
1 3 56 02 045 01249 012 0124679 0123456789 0 0 0
1 3 6 0 0 0 0 1234567 0123456789 0 0 0
1 3 6 0 0 0 01 012789 0123456789 0 0 0
1 3 6 0 0 0 1 2345 0123456789 0 01234678 012456789
1 3 6 0 0 0 1 5 9 012 012346789 012345678
1 3 6 0 0 0 12 0156789 0123456789 02 04 0568
1 3 6 0 0 0124 02 012345 0123456789 01 02689 0468
1 3 6 0 012 02689 012 01234569 012345689 0 0 0
1 3 6 0 2 2 01 01236789 0123456789 01 01236 02468
1 3 6 0 2 23 012 023456789 012456789 01 0123469 0124689
1 3 6 0 2 3 0 0 01 012 012345679 0123456789
1 3 6 0 2 3 0 0 12 012 02345679 0123456789
1 3 6 0 2 3 0 0 234 012 01234679 0123456789
1 3 6 0 2 3 0 0 456 012 01246789 0123456789
1 3 6 0 2 3 0 01 06789 012 01234679 0123456789
1 3 6 0 2 3 0 1 01234 012 0234679 0123456789
1 3 6 0 2 3 0 12 0456789 012 012346789 01234568
1 3 6 0 2 3 0 2 01 01 0123456789 0123456789
1 3 6 0 2 3 0 2 123 01 023456789 0123456789
1 3 6 0 2 3 0 2 3456 01 012345689 0123456789
1 3 6 0 2 3 0 2 67 01 012346 0123456789
1 3 6 0 2 3 0 23 0234789 01 01234689 012468
1 3 6 0 2 3 0 345 0456789 012 012346789 0234689
1 3 6 0 2 3 0 5 01234 01 0123456789 012346789
1 3 6 0 2 3 0 56 0456789 012 012345679 0234689
1 3 6 0 2 3 0 6 01 012 01234569 0123456789
1 3 6 0 2 3 0 6 123 012 012345679 012345689
1 3 6 01 012369 012346789 01 0123679 0123468 01 026789 01234568
1 3 6 1 2 0124 01 01236 024678 01 01234689 012345678
1 3 6 1 2 4 0 0 45 012 012345679 012345689
1 3 6 1 2 456 012 012369 02345689 012 012346789 02345689
1 3 6 1 234 01234678 012 02345679 0123456789 01 02 08
1 3 6 1 4 34 02 012345 0123456789 01 023456 0124568
1 3 6 1 4 456 01 0124569 012345678 01 0123469 0246789
1 3 6 1 45 06789 01 01236789 01245678 01 0123456 024689
1 3 6 1 5 0123456 012 012345689 01245689 01 01269 023468
1 3 6 1 5 67 012 023456789 01234689 01 023456789 02468
1 3 6 1 567 0123456789 012 01246789 0124568 01 0236 0248
1 3 6 1 7 3 01 126789 0123468 012 0123469 02345678
1 3 6 1 7 345 01 0123456789 023456789 0 0 0
1 3 6 1 7 5 1 123456 012456789 01 012369 0123456789
1 3 6 1 7 56789 012 0123456789 0123456789 0 0 0
1 3 6 12 0789 0123456789 012 0123469 012345689 0 0 0
1 3 6 2 0 0 01 0123456789 0123456789 0 0 0
1 3 6 2 0 012456 012 0123456789 012345678 0 0 0
1 3 6 2 01 01236789 012 023456789 012345689 0 0 0
1 3 6 2 1 34567 012 0123456789 0123456789 0 0 0
1 3 6 2 1 7 01 01256789 0123456789 0 0 0
1 3 6 2 12 078 012 012345689 0123456789 0 0 0
1 3 6 2 2 0123 012 012345679 012345678 0 0 0
1 3 6 2 2 3456 01 0123456789 01245678 01 026789 02468
1 3 6 2 2 6 01 0123456789 0234689 0 0 0
1 3 6 2 2 67 012 0123456789 024689 0 012 02468
1 3 6 2 2 7 1 4 0 01 0123456789 02468
1 3 6 2 2 7 1 4 01 012 0123456789 02468
1 3 6 2 2 7 1 4 12 012 0123456789 02468
1 3 6 2 2 7 1 4 2 012 0123456789 02468
1 3 6 2 2 78 01 0469 0234 012 0123456789 02468
1 3 6 2 2 8 01 01234569 0123456789 0 0 0
1 3 6 2 2 8 12 0123456789 0123456789 0 0 0
1 3 6 2 23 012489 012 01234569 0123456789 0 0 0
1 3 6 2 3 4 12 0123789 0123456789 0 0 0
1 3 6 2 3 45678 012 0123456789 0123456789 0 0 0
1 3 6 2 3 89 012 01234689 0123456789 0 0 0
1 3 6 2 34 023456789 01 012346789 0245678 0 0 0
1 3 6 2 45 0289 012 023456789 0123456789 01 012346 024678
1 3 67 02 0125 0123456789 012 012345689 012345689 0 0 0
1 3 7 0 23 0123456789 012 01234569 012456789 0 0 0
1 3 7 0 3 2 01 0123456789 0123456789 0 0 0
1 3 7 0 3 2346789 012 01245679 02345678 012 012689 012468
1 3 7 0 345 0123456789 012 0123469 02456789 0 0 0
1 3 7 0 5 9 01 0123456789 012345689 0 0 0
1 3 7 0 56 01234569 012 0123456789 012345689 0 0 0
1 3 7 0 6 6 01 0123469 02345678 012 01236789 02345689
1 3 7 0 6 6789 012 01234569 01234568 012 0234569 02346789
1 3 7 0 67 019 01 01234569 0123456789 01 01269 02468
1 3 7 0 7 1234 012 0123456789 0123456789 01 02 08
1 3 7 0 7 4 0 0123 024689 012 012346789 012345689
1 3 7 0 7 4 0 3456 0246789 012 01234569 012345689
1 3 7 0 7 4 0 678 0124678 012 0123456789 01245678
1 3 7 0 7 4 01 0126789 01245678 012 01234679 0123468
1 3 7 0 7 4 12 2389 0124678 012 012346789 012345678
1 3 7 0 78 012345678 012 0123469 0123468 01 0246789 024678
1 3 7 0 8 3 0 123456789 0123456789 01 02 08
1 3 7 0 8 3 01 0123459 0123456789 01 0236 0248
1 3 7 0 8 3 12 0156789 0123456789 01 02 08
1 3 7 0 8 3 2 12 02345678 01 0123456789 0123456789
1 3 7 0 8 3 2 2 5 12 0123456789 0123456789
1 3 7 0 8 3 2 2 56 012 0123456789 0123456789
1 3 7 0 8 3 2 2 6 12 0123456789 0123456789
1 3 7 0 8 3 2 2 67 012 0123456789 0123456789
1 3 7 0 8 3 2 2 7 12 0123456789 0123456789
1 3 7 0 8 3 2 234 01234678 012 01234689 012468
1 3 7 0 89 01348 02 013456 012345678 012 01234569 01234568
1 3 7 01 09 0123456789 012 0123469 024568 0 0 0
1 3 7 1 01 0123456789 012 0126789 023456789 0 0 0
1 3 7 1 1 5678 012 0123456789 0123456789 0 0 0
1 3 7 1 1 89 012 0123456789 02456789 0 0 0
1 3 7 1 123 012345689 012 0123456789 0123468 0 0 0
1 3 7 1 3 234 01 0123456789 0123456789 0 0 0
1 3 7 1 345 0123456789 012 012345689 023456789 0 0 0
1 3 7 1 56 0123456789 012 0234569 01234689 0 0 0
1 3 7 1 6 123456789 012 012345689 0123456789 0 0 0
1 3 7 1 67 09 012 01234569 0123456789 0 0 0
1 3 7 1 7 012345 012 0123456789 01246789 0 0 0
1 3 7 1 7 567 01 0123456789 0123456789 01 0269 028
1 3 7 1 78 01234578 012 02345679 0234568 012 023469 0248
1 3 7 1 89 0123456789 012 012345689 01234568 0 0 0
1 3 7 12 09 0123456789 012 01234569 012345689 01 02 08
1 3 7 2 012 02346789 012 01234569 0123456789 0 0 0
1 3 7 2 2 0 12 0123456789 0123456789 0 0 0
1 3 7 2 2 01 02 0123456 0234568 0 012345678 0123456789
1 3 7 2 2 1 0 6 56 012 0123456789 01234678
1 3 7 2 2 1 0 6 67 012 01234569 012346789
1 3 7 2 2 1 0 6789 0123456789 01 0123456789 023468
1 3 7 2 2 1234567 012 012346789 012345678 01 0234689 04568
1 3 7 2 23 012789 012 01234569 01245678 0 0 0
1 3 7 2 3 234 012 012345679 012456789 0 0 0
1 3 7 2 3 4 012 0123456789 0123456789 0 0 0
1 3 7 2 3 45 012 0123469 0123456789 0 0 0
1 3 7 2 3 56 012 0123456789 012346789 0 0 0
1 3 7 2 3 6 0 012345678 0123456789 012 0123469 023468
1 3 7 2 3 6 01 0123456789 012456789 0 0 0
1 3 7 2 3 6789 012 0123456789 0123456789 0 0 0
1 3 7 2 34 0469 012 012345689 0123456789 0 0 0
1 3 7 2 45 0123456789 01 0123456789 01234689 0 0 0
1 3 78 02 05 05 012 012349 0123468 012 0123456789 0124568
1 3 8 0 0 0 0 4 123 012 0123456789 01245678
1 3 8 0 0 0 01 0123456789 01234678 012 0245679 024568
1 3 8 0 0 012 012 0123456789 0234568 0 0 0
1 3 8 0 0 2345 012 01234689 01246789 0 0 0
1 3 8 0 0 567 012 012456789 012456789 0 0 0
1 3 8 0 0 78 012 01236789 0123456789 0 0 0
1 3 8 0 012 0123456789 012 0123456789 01234689 0 0 0
1 3 8 0 2 01 01 012345689 0123456789 0 0 0
1 3 8 0 23 0123456789 012 012345689 012345689 0 0 0
1 3 8 0 3 23 012 023456789 0123456789 012 01234569 0234568
1 3 8 0 3 3456 01 0123456789 012456789 0 0 0
1 3 8 0 34 01236789 012 0123456789 01246789 0 0 0
1 3 8 0 4 3 012 01234569 0123456789 0 0 0
1 3 8 0 4 4 012 029 0246789 01 01236 012345678
1 3 8 0 45 0123456789 012 0123456789 02346789 0 0 0
1 3 8 0 5 346789 01 0123456789 023468 0 0 0
1 3 8 0 56 023456789 012 0123456789 023468 0 0 0
1 3 8 0 6 89 012 0123456789 0124568 0 0 0
1 3 8 0 6 9 12 0123456789 0123456789 0 0 0
1 3 8 0 678 0123456789 012 023456789 01245678 0 0 0
1 3 8 0 89 012345678 012 012345689 012346789 0 0 0
1 3 8 0 9 4 012 0123456789 0246789 0 0 0
1 3 8 0 9 4567 012 0123456789 0245678 0 0 0
1 3 8 0 9 789 012 0123456789 024568 0 0 0
1 3 8 0 9 9 012 0123456789 012456789 0 0 0
1 3 8 01 09 01239 012 0123456 0123456789 01 02679 0268
1 3 8 1 0 345678 012 0123469 023456789 0 0 0
1 3 8 1 0 8 01 012345689 023456789 01 01236 02468
1 3 8 1 01 012389 01 01234679 0123456789 0 0 0
1 3 8 1 1 3 01 0456789 0123456789 0 0 0
1 3 8 1 1 3 1 012345 0123456789 0 0 0
1 3 8 1 1 3 12 056789 0123456789 0 0 0
1 3 8 1 1 34567 02 012345 0123456789 0 0 0
1 3 8 1 1 7 01 0123456789 01234568 0 0 0
1 3 8 1 1 78 012 0123456789 01245689 0 0 0
1 3 8 1 1 8 012 0123456789 012456789 0 0 0
1 3 8 1 12 0189 012 0123456789 023468 0 0 0
1 3 8 1 2 12 012 0123456789 0124678 0 0 0
1 3 8 1 2 234 012 0123456789 01245678 0 0 0
1 3 8 1 2 4 0 012 0123456789 012 012345689 02468
1 3 8 1 2 4 0 234567 0123456789 012 0124569 02345689
1 3 8 1 2 4 01 012789 0123456789 01 012369 024568
1 3 8 1 2 4 12 0123456789 0123456789 01 012346 024689
1 3 8 1 2 45678 012 0123456789 0123456789 0 0 0
1 3 8 1 23 012389 012 01234569 012345678 0 0 0
1 3 8 1 3 345 012 012346789 0123456789 0 0 0
1 3 8 1 3 67 012 0123456789 023456789 0 0 0
1 3 8 1 34 0789 012 0123456789 01245689 0 0 0
1 3 8 1 4 01 012 012346789 0123456789 0 0 0
1 3 8 1 4 1245 012 01234569 0123456789 0 0 0
1 3 8 1 45 235678 012 012345679 012345678 0 0 0
1 3 8 1 5 3467 01 0123456789 012345689 0 0 0
1 3 8 1 56 012789 012 012345689 012345678 0 0 0
1 3 8 1 6 234678 012 0123456789 02345689 0 0 0
1 3 8 1 678 012345689 012 0123456789 0123456789 0 0 0
1 3 8 1 8 56 012 0123456789 02468 0 0 0
1 3 8 1 8 6 01 0123456789 01234678 0 0 0
1 3 8 1 89 0123456789 012 012345679 0246789 01 023469 012468
1 3 8 1 9 56789 012 012345679 012345678 0 0 0
1 3 8 1 9 9 012 0123456789 0123456789 01 01269 023468
1 3 8 2 0 01234 01 0123456789 01234568 0 0 0
1 3 8 2 0 4 12 0123456789 0246789 01 02345679 02468
1 3 8 2 0 456 012 012345679 0123456789 01 029 028
1 3 8 2 01 0678 012 0123456789 012456789 02 0245 02458
1 3 8 2 1 012 012 0123456789 012345678 0 0 0
1 3 8 2 1 23456789 012 01234569 0123456789 0 0 0
1 3 8 2 1 9 01 0123456789 012345689 0 0 0
1 3 8 2 12 01234569 012 0123456789 01234568 01 02 08
1 3 8 2 2 6789 012 0123456789 012345689 0 0 0
1 3 8 2 23 0123459 012 01234679 012456789 0 0 0
1 3 8 2 34 0123456789 012 0123456789 012345689 0 0 0
1 3 8 2 4 89 01 01236789 0123456789 012 024569 024568
1 3 8 2 4 9 0 345 0123456789 012 023456789 0234678
1 3 8 2 4 9 01 01256789 0123456789 01 02 08
1 3 8 2 4 9 1 2345 0123456789 01 01234569 0245678
1 3 8 2 4 9 12 0156789 0123456789 0 0 0
1 3 8 2 45 029 02 012345 0123456789 012 0129 0124678
1 3 8 2 5 2 0 01234567 0123456789 0 0 0
1 3 8 2 5 2 01 01234789 0123456789 0 0 0
1 3 8 2 5 2 12 01456789 0123456789 0 0 0
1 3 8 2 5 2345 02 01234567 01234678 0 0 0
1 3 8 2 5 5 012 0123456789 0246789 0 0 0
1 3 89 02 05 012345 012 01234569 02345689 01 02346 02468
1 3 9 0 0 4 0 1367 2345678 012 012346789 01234689
1 3 9 0 0 45 01 0123456789 01245689 01 0234679 024689
1 3 9 0 0 5 012 0123456789 023456789 0 0 0
1 3 9 0 01 01256789 012 01234569 012345678 0 0 0
1 3 9 0 12 012345678 012 01245689 012345678 0 0 0
1 3 9 0 2 45678 012 0123459 01245678 012 0123469 0245678
1 3 9 0 2 8 01 012356789 0123456789 01 01236 012468
1 3 9 0 2 8 12 012456789 023456789 01 01269 024678
1 3 9 0 23 01245689 012 012345679 0123456789 0 0 0
1 3 9 0 3 89 012 012456789 0245678 01 01236 012345689
1 3 9 0 34 09 012 0234569 023456789 01 023469 023468
1 3 9 0 4 01245 012 01234679 012456789 0 0 0
1 3 9 0 4 5 01 12346789 0123456789 01 01236 02468
1 3 9 0 4 5 12 089 01234568 012 01234569 024568
1 3 9 0 4 567 012 012456789 012456789 012 0269 0248
1 3 9 0 45 0123456789 012 0123469 01234689 012 0123456789 02468
1 3 9 0 56 09 012 0123456789 012346789 0 0 0
1 3 9 0 6 0 12 01234679 012456789 01 012345689 024568
1 3 9 0 6 1234 01 0123456789 023456789 0 0 0
1 3 9 0 6 4 12 012356789 012346789 01 01236789 0124568
1 3 9 0 67 01456789 012 0123456789 01234689 01 026 048
1 3 9 0 7 1 01 0123456789 0123456789 01 01236 024689
1 3 9 0 7 1 12 089 0234678 01 01236789 0123456789
1 3 9 0 7 12 012 012345679 012345689 01 01236 0123468
1 3 9 0 78 0123456789 012 01234569 02345689 0 0 0
1 3 9 0 8 4567 012 0123456789 012468 0 0 0
1 3 9 0 89 012789 012 0123469 01234678 01 01236 012468
1 3 9 0 9 234 012 023469 0123456789 012 01234569 0124568
1 3 9 01 09 0123456789 012 012346789 0234568 0 0 0
1 3 9 1 0 4 01 012346789 0123456789 0 0 0
1 3 9 1 012 024568 012 0123456789 0123456789 0 0 0
1 3 9 1 2 123 012 012346789 0123456789 0 0 0
1 3 9 1 23 01456789 01 012346789 0123468 0 0 0
1 3 9 1 3 12345678 012 0123456789 02346789 0 0 0
1 3 9 1 3 8 012 01234569 0123456789 01 01236 02468
1 3 9 1 3 89 012 01234569 0123456789 01 01236 023468
1 3 9 1 34 01234569 012 012346789 02456789 0 0 0
1 3 9 1 4 6789 012 012345689 024568 0 0 0
1 3 9 1 45 019 012 012345689 012345678 01 02679 02689
1 3 9 1 5 123456789 01 02346 0123456789 012 0126789 024689
1 3 9 1 5 9 0 45 0189 012 01234569 02345689
1 3 9 1 56 012349 012 0123456789 01234678 0 0 0
1 3 9 1 67 0123456789 012 0123456789 0234568 0 0 0
1 3 9 1 7 34567 012 023456789 01234678 01 026789 0124678
1 3 9 1 7 7 01 123456789 0123456789 0 0 0
1 3 9 1 7 78 02 0234567 0123456789 012 012349 0234568
1 3 9 1 78 089 012 012345689 012346789 01 01234689 02468
1 3 9 1 8 01 012 0123456789 0123456789 0 0 0
1 3 9 1 8 12345 012 01234569 0123456789 0 0 0
1 3 9 1 89 056789 012 0123456789 0245678 0 0 0
1 3 9 1 9 01245678 012 0123456789 0123456789 0 01 089
1 3 9 12 0129 046789 012 012346789 0245689 01 01236 02468
1 3 9 2 234 0123456789 012 0123469 0123456789 0 0 0
1 3 9 2 4 1 01 0123456789 012345689 0 0 0
1 3 9 2 4 12 012 01234569 0123456789 0 0 0
1 3 9 2 4 2 012 0123456789 0123456789 0 0 0
1 34 09 02 0145 012345678 012 01236789 01246789 0 0 0
1 4 0 0 1 23 012 0123456789 0123456789 0 0 0
1 4 0 0 1 3 12 0123456789 0123456789 0 0 0
1 4 0 0 1 3456 012 01234569 0123456789 0 0 0
1 4 0 0 1 6 01 012345689 012345689 0 0 0
1 4 0 0 1 67 012 012345679 012346789 0 0 0
1 4 0 0 1 7 01 0123456789 012456789 0 0 0
1 4 0 0 1 78 012 0123456789 023456789 0 0 0
1 4 0 0 1 8 01 0123456789 0123456789 0 0 0
1 4 0 0 1 89 012 0123456789 0123456789 0 0 0
1 4 0 0 1 9 012 0123456789 012345689 0 0 0
1 4 0 0 12 09 012 0123456789 0123456789 0 0 0
1 4 0 0 2 0123 012 012345689 012456789 0 0 0
1 4 0 0 234 012345678 012 0123456789 012345678 0 0 0
1 4 0 0 45678 012456789 01 01234569 0246789 01 0234 0268
1 4 0 0 8 23 012 01234689 0123456789 01 0469 0234
1 4 0 0 8 345 01 02345689 0245689 01 01234569 0245678
1 4 0 0 8 56 01 013456789 0246789 01 0123456789 02345689
1 4 0 0 89 016789 012 01234569 0234689 0 0 0
1 4 0 0 9 1 012 012346789 02468 0 0 0
1 4 0 0 9 12345 012 023456789 012345678 0 0 0
1 4 0 0 9 56789 012 0123456789 023456789 0 0 0
1 4 0 0 9 9 01 0156789 0123456789 0 0 0
1 4 0 0 9 9 12 0123456789 0123456789 0 0 0
1 4 0 01 09 019 02 012345 0123456789 0 0 0
1 4 0 1 0 1 012 0123456789 0123456789 012 0249 0248
1 4 0 1 0 12345678 012 02346789 01245678 012 0249 0248
1 4 0 1 01234 0123456789 01 012345689 0123468 0 0 0
1 4 0 1 45 03456789 0 01234689 0123456789 0 0 0
1 4 0 1 5 0 012 012456789 0123456789 0 01234 01246789
1 4 0 1 5 0 2 2 4 01 01256789 0123456789
1 4 0 1 5 0 2 2 4 12 0123456789 0123456789
1 4 0 1 5 0123 012 012346789 0123456789 02 0345 02489
1 4 0 1 5 345 012 0123456789 0123456789 0 0 0
1 4 0 1 5 567 012 012346789 012456789 0 0 0
1 4 0 1 56 0123456789 012 01234569 01234568 0 0 0
1 4 0 1 67 0123489 02 01235 0123456789 012 01234689 02468
1 4 0 1 7 4 01 0123456789 0123456789 012 0126789 02468
1 4 0 1 78 0123456789 012 0123469 0123456789 01 01269 02468
1 4 0 1 8 5 01 23456789 0123456789 0 0 0
1 4 0 1 8 5 12 01256789 0123456789 0 0 0
1 4 0 1 89 056789 012 01234569 012456789 0 0 0
1 4 0 12 09 0123456789 012 0123456789 0245689 0 0 0
1 4 0 2 0 4 01 0123456789 02468 0 0 0
1 4 0 2 0 456 012 012345679 012345678 0 0 0
1 4 0 2 0 67 012 0123456789 0123456789 0 0 0
1 4 0 2 0 789 012 023456789 012345678 01 026 048
1 4 0 2 0 9 2 0123 0123456789 01 0269 0248
1 4 0 2 0 9 2 34 0123456789 012 02369 02468
1 4 0 2 01 09 02 01345678 0123456789 012 02369 02468
1 4 0 2 1 0123 012 0123456789 012345678 0 0 0
1 4 0 2 1 3 012 0123456789 0123456789 0 0 0
1 4 0 2 12 01234567 012 0123456789 023468 0 0 0
1 4 0 2 2 8 01 012369 0123456789 01 0123679 023468
1 4 0 2 23 01239 012 0123456789 012345678 01 02 08
1 4 0 2 3 45 01 0123456789 0123456789 012 029 0248
1 4 0 2 3 5 12 0123456789 0123456789 0 0 0
1 4 0 2 3 56789 012 0123456789 02346789 0 0 0
1 4 0 2 4 012 01 0123456789 0123456789 0 0 0
1 4 0 2 4 2345 012 0123456789 0123456789 0 0 0
1 4 0 2 4 5678 01 023456789 01245678 01 012346 02468
1 4 0 2 4 8 0 01 01456789 01 0123456789 02468
1 4 0 2 4 8 0 1 123456 01 012346 02468
1 4 0 2 4 8 0 12 01246789 01 01236 02468
1 4 0 2 4 8 0 2 4568 01 0123456789 02468
1 4 0 2 4 8 0 23 02389 01 0123456 02468
1 4 0 2 4 8 0 3 34 01 0123456789 02468
1 4 0 2 4 8 0 3 456 012 012345689 02468
1 4 0 2 4 8 0 3 6 12 0123456789 02468
1 4 0 2 4 8 0 3 678 012 0123456789 02468
1 4 0 2 4 8 0 34 089 01 01234569 02468
1 4 0 2 4 8 0 4 01 012 0123456789 02468
1 4 0 2 4 8 0 4 1234 01 01234569 02468
1 4 0 2 4 8 0 4 45678 01 01236789 02468
1 4 0 2 4 8 0 45 02689 01 012346 0123456789
1 4 0 2 4 8 0 5 6 0 345678 0123456789
1 4 0 2 4 8 0 5 6 01 012389 0123456789
1 4 0 2 4 8 0 5 6 1 345678 0123456789
1 4 0 2 4 8 0 5 6 12 012389 0123456789
1 4 0 2 4 8 0 5 67 02 012345 0123456789
1 4 0 2 4 8 0 5 7 0 345678 0123456789
1 4 0 2 4 8 0 5 7 01 012389 0123456789
1 4 0 2 4 8 0 5 7 1 345678 0123456789
1 4 0 2 4 8 0 5 7 12 012389 0123456789
1 4 0 2 4 8 0 5 78 02 012345 0123456789
1 4 0 2 4 8 0 5 8 0 345678 0123456789
1 4 0 2 4 8 0 5 8 01 012389 0123456789
1 4 0 2 4 8 0 5 8 1 345678 0123456789
1 4 0 2 4 8 0 5 8 12 012389 0123456789
1 4 0 2 4 8 0 5 89 02 012345 0123456789
1 4 0 2 4 8 0 5 9 0 345678 0123456789
1 4 0 2 4 8 0 5 9 01 012389 0123456789
1 4 0 2 4 8 0 5 9 1 345678 0123456789
1 4 0 2 4 8 0 5 9 12 012389 0123456789
1 4 0 2 4 8 0 56 09 02 012345 0123456789
1 4 0 2 4 8 0 6 0 0 345678 0123456789
1 4 0 2 4 8 0 6 0 01 012389 0123456789
1 4 0 2 4 8 0 6 0 1 345678 0123456789
1 4 0 2 4 8 0 6 0 12 012389 0123456789
1 4 0 2 4 8 0 6 01 02 012345 0123456789
1 4 0 2 4 8 0 6 1 0 345678 0123456789
1 4 0 2 4 8 0 6 1 01 012389 0123456789
1 4 0 2 4 8 0 6 1 1 345678 0123456789
1 4 0 2 4 8 0 6 1 12 012389 0123456789
1 4 0 2 4 8 0 6 12 02 012345 0123456789
1 4 0 2 4 8 0 6 2 0 345678 0123456789
1 4 0 2 4 8 0 6 2 01 012389 0123456789
1 4 0 2 4 8 0 6 2 1 345678 0123456789
1 4 0 2 4 8 0 6 2 12 012389 0123456789
1 4 0 2 4 8 0 6 23 02 012345 0123456789
1 4 0 2 4 8 0 6 3 0 345678 0123456789
1 4 0 2 4 8 0 6 3 01 012389 0123456789
1 4 0 2 4 8 0 6 3 1 345678 0123456789
1 4 0 2 4 8 0 6 3 12 012389 0123456789
1 4 0 2 4 8 0 6789 0123456789 02 0345 0123456789
1 4 0 2 4 8 1 0123469 01245678 012 012456789 02345678
1 4 0 2 4 8 2 01234 012346789 012 0129 024678
1 4 0 2 4 8 2 45 0123456789 01 012346789 0245678
1 4 01 02 045 01234589 012 01234569 02345678 012 02679 0234678
1 4 1 0 0 012345678 012 012346789 012346789 01 02 08
1 4 1 0 0 8 12 012346789 024689 01 0123456789 02468
1 4 1 0 01 0189 02 01234 0123456789 01 012 02468
1 4 1 0 1 1 0 345678 0123456789 01 023456 02468
1 4 1 0 1 1 0 8 23 01 012346789 0123456789
1 4 1 0 1 1 01 0189 0123456789 012 012345679 01246789
1 4 1 0 1 1 1 1234567 0123456789 012 01246789 02468
1 4 1 0 1 1 12 01234789 0123456789 0 0 0
1 4 1 0 123 0123456789 012 02345679 0123456789 0 0 0
1 4 1 0 3456 012346789 012 0124569 012468 01 01269 01234678
1 4 1 0 678 012346789 01 012679 0245689 012 012369 012468
1 4 1 0 89 012456789 01 012345689 01245678 0 0 0
1 4 1 0 9 234 012 0123469 0124568 01 026789 024689
1 4 1 0 9 45678 012 01245689 01245678 012 0124569 012468
1 4 1 0 9 8 0 12345678 0123456789 012 012369 012468
1 4 1 0 9 8 01 012389 0123456789 01 02346789 0234568
1 4 1 0 9 8 12 0123456789 0123456789 0 0 0
1 4 1 01 09 0189 02 023456789 01234568 012 029 024568
1 4 1 1 0 1 01 0123456789 0123456789 01 024 048
1 4 1 1 0 1 12 01289 0123456789 012 0234569 01248
1 4 1 1 0 12345 012 0123456789 0123456789 0 0 0
1 4 1 1 0 56789 01 012345679 0123456789 012 02459 0248
1 4 1 1 01 01239 012 012346789 0123456789 01 02346 02348
1 4 1 1 1 3456 012 0123456789 012346789 0 0 0
1 4 1 1 12 01236789 012 0123456789 012346789 0 0 0
1 4 1 1 2 3 012 0123456789 023456789 0 0 0
1 4 1 1 2 345 012 0123456789 023456789 0 0 0
1 4 1 1 23 012356789 01 012345679 01234678 0 0 0
1 4 1 1 3 346 01 012346789 0123456789 0 0 0
1 4 1 1 3 6 0 4569 012346789 012 0123456789 023468
1 4 1 1 3 6 0 9 78 012 0123456789 012346789
1 4 1 1 3 6 01 09 089 012 0123456789 012345678
1 4 1 1 3 6 1 0 012 012 0123456789 012346789
1 4 1 1 3 6 1 0 2345 012 0123456789 0245689
1 4 1 1 3 6 1 0 56 012 0123456789 012345678
1 4 1 1 3 6 1 0 6 012 0123456789 0123456789
1 4 1 1 3 6 1 0 67 012 0123456789 0123456789
1 4 1 1 3 6 1 0 78 012 0123456789 012456789
1 4 1 1 3 6 1 0 8 01 0123456789 0123456789
1 4 1 1 3 6 1 0 89 012 0123456789 02456789
1 4 1 1 3 6 1 01 09 012 0123456789 0123456789
1 4 1 1 3 6 1 1 0 012 012346789 0123456789
1 4 1 1 3 6 1 1 01 012 0123456789 012346789
1 4 1 1 3 678 01 012367 01234568 012 012456789 023468
1 4 1 1 34 089 012 0123456789 012345678 0 0 0
1 4 1 1 4 0123 012 01236789 0123456789 0 0 0
1 4 1 1 4 3456 012 012345689 01245689 0 0 0
1 4 1 1 45 026789 012 01234569 01234678 012 029 0248
1 4 1 1 56 045689 012 0123456789 0123456789 01 024569 024568
1 4 1 1 6 0123 012 012456789 01234689 0 0 0
1 4 1 1 6 3456789 012 01234689 012345678 0 0 0
1 4 1 1 67 0123459 012 012345689 01245689 0 0 0
1 4 1 1 78 012346789 012 01234569 012345689 0 03 02
1 4 1 1 89 01239 012 0234689 0234568 01 0123456 012345678
1 4 1 1 9 3 0 0123456 0123456789 01 0256789 024678
1 4 1 1 9 3 01 0126789 0123456789 012 012369 023468
1 4 1 1 9 3 12 0123456789 0123456789 0 0 0
1 4 1 1 9 345 012 0123456 0123456789 0 0 0
1 4 1 1 9 56 012 0126789 0123456789 012 0246789 024568
1 4 1 1 9 67 012 0123469 012456789 012 023456789 023468
1 4 1 12 09 0123456789 012 01234569 012345689 0 0 0
1 4 1 2 012 0123456789 01 0123456789 012456789 0 012 04568
1 4 1 2 2 6 01 09 01239 012 0123456789 0124568
1 4 1 2 2 6 1 0123 0123456789 012 0123679 024678
1 4 1 2 2 67 012 0123456789 0123456789 01 023456 02468
1 4 1 2 2 7 01 234567 0123456789 0 0 0
1 4 1 2 2 78 01 0123456789 012346789 01 069 0246
1 4 1 2 23 023456789 012 012345679 0123456789 01 012 028
1 4 1 2 3 8 01 123456789 012456789 0 0 0
1 4 1 2 345 0123456789 012 012345679 01245689 01 02 08
1 4 12 02 05 0345 012 0123456789 0124568 01 01236 012468
1 4 2 0 0 0 01 12346789 01234568 01 0123469 0123456789
1 4 2 0 0 01234 012 02346789 01234689 012 012345679 02468
1 4 2 0 0 456789 012 0246789 012346789 012 0123456789 02468
1 4 2 0 01 01234569 012 0123456789 012345678 0 0 0
1 4 2 0 12 0126789 01 0123456789 02345689 0 0 0
1 4 2 0 2 2345 012 0123456789 012345689 0 0 0
1 4 2 0 2 56 012 0123456789 01246789 0 0 0
1 4 2 0 2 678 01 0123456789 0123456789 0 0 0
1 4 2 0 23 089 012 01234679 012456789 0 0 0
1 4 2 0 3 0123 012 0123456789 012346789 0 0 0
1 4 2 0 3 34 01 01234569 0123456789 0 0 0
1 4 2 0 3 4 012 012456789 012345678 0 0 0
1 4 2 0 3 45 012 0123456 0123456789 0 0 0
1 4 2 0 34 056789 012 0123456789 0246789 0 0 0
1 4 2 0 4 0123 012 0123456789 012456789 0 0 0
1 4 2 0 4 34 012 012345679 0123456789 01 026 08
1 4 2 0 4 4 12 04569 0124568 012 012346789 0123456789
1 4 2 0 4 4 2 0 8 01 0123456789 0123456789
1 4 2 0 4 456 02 01234567 01234689 012 0123459 0123456789
1 4 2 0 45 012678 01 023456789 0123456789 0 0 0
1 4 2 0 5 2345 012 0123469 01234678 0 0 0
1 4 2 0 56 012456789 01 0123679 01245689 01 02689 0124689
1 4 2 0 6 789 012 0123456789 02346789 0 0 0
1 4 2 0 7 0123 01 0123456789 0123456789 0 0 0
1 4 2 0 7 345 012 012346789 0123456789 0 0 0
1 4 2 0 7 567 02 045 0123468 012 01234569 012346789
1 4 2 0 7 7 0 01 2345678 012 0123469 012345689
1 4 2 0 7 7 0 12 0123789 01 01236 01234689
1 4 2 0 7 7 0 23 0134568 01 01236 012345678
1 4 2 0 7 7 0 3 1245 01 0123456789 0123456789
1 4 2 0 7 7 0 34 01256 01 0123456789 0123456789
1 4 2 0 7 7 0 456 234568 01 0123456789 012346789
1 4 2 0 7 7 0 67 05678 01 0123456 0123456789
1 4 2 0 7 7 0 7 012 01 0123456 0123456789
1 4 2 0 7 7 0 7 234 01 0123456789 0123456789
1 4 2 0 7 7 01 1789 026 01 012346789 0123456789
1 4 2 0 7 7 1 129 0234568 01 0123469 0123456789
1 4 2 0 7 7 12 09 02346 01 012346789 0123456789
1 4 2 0 7 7 2 0 0 01 0123456789 0123456789
1 4 2 0 7 7 2 0 0 12 0123456789 0123456789
1 4 2 0 7 7 2 02 0123458 012 0123456 01234568
1 4 2 0 7 7 2 2 5 01 0123456789 0123456789
1 4 2 0 7 7 2 2 5 12 0123456789 0123456789
1 4 2 0 7 7 2 2 56 02 0123456789 0123456789
1 4 2 0 7 7 2 2 6 01 01234569 0123456789
1 4 2 0 7 7 2 2 6 12 016789 0123456789
1 4 2 0 7 7 2 2 67 02 01234567 0123456789
1 4 2 0 7 7 2 2 7 01 0123456789 0123456789
1 4 2 0 7 7 2 2 7 12 016789 0123456789
1 4 2 0 7 7 2 2 78 02 012345 0123456789
1 4 2 0 7 7 2 2 8 01 012346789 0123456789
1 4 2 0 7 7 2 2 8 1 456789 0123456789
1 4 2 0 7 7 2 2 89 012 01236789 0123456789
1 4 2 0 7 7 2 23 09 012 01236789 012345678
1 4 2 0 7 7 2 3 0 1 2345678 0123456789
1 4 2 0 7 7 2 3 0 12 012389 0123456789
1 4 2 0 7 7 2 3 01 02 0123456789 0123456789
1 4 2 0 7 7 2 3 1 1 01234567 0123456789
1 4 2 0 7 7 2 3 12 012 01236789 0123456789
1 4 2 0 7 7 2 3 2 01 0123456789 0123456789
1 4 2 0 7 7 2 3 2 12 016789 0123456789
1 4 2 0 7 7 2 3 23 012 012346789 0123456789
1 4 2 0 7 7 2 3 3 1 345678 0123456789
1 4 2 0 7 7 2 3 34 012 012346789 0123456789
1 4 2 0 7 7 2 3 4 01 23456789 0123456789
1 4 2 0 7 7 2 3 4567 012 01236789 0123456789
1 4 2 0 7 7 2 3 7 01 23456789 0123456789
1 4 2 0 7 7 2 3 7 12 012389 0123456789
1 4 2 0 7 7 2 345 012346789 012 012346 012456789
1 4 2 0 78 012789 012 0123456789 012346789 01 01236 012468
1 4 2 0 89 023456789 012 01234569 01245678 0 0 0
1 4 2 0 9 0123 012 0123456789 02468 0 0 0
1 4 2 01 09 012345689 012 023456789 0245678 0 0 0
1 4 2 1 01 015689 01 012345789 0123456789 0 0 0
1 4 2 1 1 1 01 01256789 0123456789 0 0 0
1 4 2 1 1 1 1 234567 0123456789 01 02 08
1 4 2 1 1 1 12 012789 0123456789 01 0269 0468
1 4 2 1 123 01234689 012 012345 0123456789 0 0 0
1 4 2 1 3 1234 012 0123456789 012345678 01 02 08
1 4 2 1 34 0456789 012 0123456789 02346789 01 02 08
1 4 2 1 4 6 01 01234569 01246789 012 0123469 02468
1 4 2 1 4 67 012 0123456789 0123456789 01 01236 024689
1 4 2 1 45 02789 012 012345689 0123456789 0 0 0
1 4 2 1 5 2345 012 0123456789 0123456789 0 0 0
1 4 2 1 56 0256789 012 0123456789 0124568 0 0 0
1 4 2 1 6 23 012 0123456789 024678 0 0 0
1 4 2 1 6 346 012 0123456789 0246789 0 0 0
1 4 2 1 67 01236789 012 0123456789 0123468 0 0 0
1 4 2 1 7 3467 012 0123456789 0124678 0 0 0
1 4 2 1 789 04789 012 0123456789 0234689 0 0 0
1 4 2 1 9 012345 012 0123456789 0124568 0 0 0
1 4 2 12 09 015689 012 0123456789 012456789 0 0 0
1 4 2 2 0 12 01 012345678 0123456789 0 0 0
1 4 2 2 0 2 01 012389 0123456789 012 01234689 024689
1 4 2 2 0 2 12 0123456789 023456789 01 023 0689
1 4 2 2 0 2345 012 01235689 012345689 012 02469 02348
1 4 2 2 0 5 12 0123456789 012346789 0 0 0
1 4 2 2 01 2345678 012 0123456789 023456789 01 0269 0248
1 4 2 2 1 45 012 01234569 0123456789 0 0 0
1 4 2 2 1 56 012 01234569 0123456789 0 0 0
1 4 2 2 12 0123456789 012 02345679 012456789 0 0 0
1 4 2 2 23 012356789 012 0123689 012345678 0 0 0
1 4 2 2 3 3456 012 0123456789 0124568 01 01236 02468
1 4 2 2 3 678 01 0123456789 012346789 0 0 0
1 4 2 2 3 89 012 0123456789 012345689 0 0 0
1 4 2 2 34 0123459 012 012345689 0245689 0 0 0
1 4 2 2 4 5678 012 0123456789 012345689 0 0 0
1 4 2 2 4 8 01 012456789 0123456789 01 01236 0124568
1 4 2 2 4 8 12 0123456789 0123456789 0 0 0
1 4 2 2 4 89 02 0123456789 0123456789 0 0 0
1 4 2 2 4 9 1 0123456789 0123456789 01 01236 023468
1 4 2 2 45 09 012 0123459 0123456789 0 0 0
1 4 2 2 5 0 0 34 0346 0 01234567 012345689
1 4 2 2 5 0 0 4 6 01 0123456789 02456789
1 4 2 2 5 0 0 4 67 012 0123456789 023456789
1 4 2 2 5 0 0 4 7 01 0123456789 01234568
1 4 2 2 5 0 0 45 678 012 0123459 012456789
1 4 2 2 5 0 0 5 6 012 0123456789 0124678
1 4 2 2 5 0 0 5 67 02 012345678 02345678
1 4 2 2 5 0 0 5 7 01 0123456789 0123456789
1 4 2 2 5 0 0 5 78 012 01234589 0123456789
1 4 2 2 5 0 0 5 8 01 0123456789 012345678
1 4 2 2 5 0 0 5 89 012 0123456789 01246789
1 4 2 2 5 0 0 5 9 01 0123456789 012456789
1 4 2 2 5 0 0 5 9 12 0123456789 023456789
1 4 2 2 5 0 0 56 09 02 01234567 012345689
1 4 2 2 5 0 0 6 0 01 0123456789 012346789
1 4 2 2 5 0 0 6 01 012 01234589 012345689
1 4 2 2 5 0 0 6 1 01 0123456789 01245689
1 4 2 2 5 0 0 6 12 012 0123456789 023456789
1 4 2 2 5 0 0 6 2 01 0123456789 0234568
1 4 2 2 5 0 0 6 23 012 0123456789 012345689
1 4 2 2 5 0 0 6 3 01 0123456789 012346789
1 4 2 2 5 0 0 6 3 12 0123456789 012345689
1 4 2 2 5 0 0 67 0123456789 012 0234679 02468
1 4 2 2 5 0 0 78 0123789 012 01236789 0245678
1 4 2 2 5 0 01 012389 0123456789 012 0234 0128
1 4 2 2 5 0 1 456 012345678 0 0123456 0234568
1 4 2 2 5 0 1 6 0 01 0123456789 012345678
1 4 2 2 5 0 1 6 01 012 012345789 023456789
1 4 2 2 5 0 1 6 1 01 0123456789 024689
1 4 2 2 5 0 1 6 1 12 0123456789 02345678
1 4 2 2 5 0 1 6 12 02 0123456789 012346789
1 4 2 2 5 0 1 6 2 012 0123456789 02345678
1 4 2 2 5 0 1 6 23 02 0123456 012345678
1 4 2 2 5 0 1 6 3 01 0123456789 02345678
1 4 2 2 5 0 1 6 34 012 0123459 012345689
1 4 2 2 5 0 1 6 4 01 0123456789 0246789
1 4 2 2 5 0 1 6 45 012 012345789 02346789
1 4 2 2 5 0 1 6 5 01 0123456789 012456789
1 4 2 2 5 0 1 6 56 012 0123456789 012345678
1 4 2 2 5 0 1 6 6 01 0123456789 02456789
1 4 2 2 5 0 1 6 6 12 0123456789 0124689
1 4 2 2 5 0 1 6 67 02 012345 0123456789
1 4 2 2 5 0 1 6 7 01 0123456789 0123456789
1 4 2 2 5 0 1 6 78 012 0123456789 0234689
1 4 2 2 5 0 1 6 8 01 0123456789 012345689
1 4 2 2 5 0 1 6 8 12 0123456789 012456789
1 4 2 2 5 0 1 6 89 02 012345678 023456789
1 4 2 2 5 0 1 6 9 01 0123456789 01245689
1 4 2 2 5 0 1 67 09 012 0123459 023456789
1 4 2 2 5 0 1 7 0 01 0123456789 012345689
1 4 2 2 5 0 1 7 0 12 0123456789 0123456789
1 4 2 2 5 0 1 7 01 02 0123456789 012346789
1 4 2 2 5 0 1 7 1 01 0123456789 012345678
1 4 2 2 5 0 1 7 12 012 01234589 0123456789
1 4 2 2 5 0 1 7 2 01 0123456789 023456789
1 4 2 2 5 0 1 7 2 12 0123456789 01234678
1 4 2 2 5 0 1 7 23 02 012345 0123456789
1 4 2 2 5 0 1 7 3 01 0123456789 01234678
1 4 2 2 5 0 1 7 34 012 0123456789 02345678
1 4 2 2 5 0 1 7 4 01 0123456789 012346789
1 4 2 2 5 0 1 7 4 12 0123456789 0123456789
1 4 2 2 5 0 1 7 45 02 012345 024689
1 4 2 2 5 0 1 7 5 01 0123456789 01246789
1 4 2 2 5 0 1 7 5 12 0123456789 0245689
1 4 2 2 5 0 1 78 01256789 012 01234569 012468
1 4 2 2 5 0 1 8 234567 01 0123679 0123456789
1 4 2 2 5 0 12 089 023456789 012 0123469 024678
1 4 2 2 5 0 2 0 012345678 012 0123469 0123468
1 4 2 2 5 0 2 0 8 01 0123456789 012345678
1 4 2 2 5 0 2 0 8 12 023456789 012345689
1 4 2 2 5 0 2 0 89 02 0123467 012345678
1 4 2 2 5 0 2 0 9 012 0123456789 0124689
1 4 2 2 5 0 2 01 09 02 012345689 023456789
1 4 2 2 5 0 2 1 0 012 0123456789 0123456789
1 4 2 2 5 0 2 1 01 012 012345689 0124568
1 4 2 2 5 0 2 1 12 012 012345679 01234678
1 4 2 2 5 0 2 1 2 01 0123456789 0123456789
1 4 2 2 5 0 2 1 23 012 0123456789 012345678
1 4 2 2 5 0 2 1 3 01 0123456789 023456789
1 4 2 2 5 0 2 1 34 012 012345789 01234689
1 4 2 2 5 0 2 1 4 01 0123456789 01245689
1 4 2 2 5 0 2 1 45 02 0123456 023468
1 4 2 2 5 0 2 1 5 01 0123456789 0123456789
1 4 2 2 5 0 2 1 5678 012 0123456789 023456789
1 4 2 2 5 0 2 12 0489 012 0123456789 01245689
1 4 2 2 5 0 2 2 4 012 0123456789 012346789
1 4 2 2 5 0 2 2 45 02 0123456 012456789
1 4 2 2 5 0 2 2 5 01 0123456789 012345678
1 4 2 2 5 0 2 2 56 012 012345689 023468
1 4 2 2 5 0 2 2 6 012 0123456789 0124568
1 4 2 2 5 0 2 2 67 02 012345678 0123456789
1 4 2 2 5 0 2 2 7 012 0123456789 02456789
1 4 2 2 5 0 2 2 78 02 0123456 02345689
1 4 2 2 5 0 2 2 8 01 0123456789 0123456789
1 4 2 2 5 0 2 2 89 012 01234589 02346789
1 4 2 2 5 0 2 2 9 01 0123456789 02345678
1 4 2 2 5 0 2 23 09 012 01234589 012346789
1 4 2 2 5 0 2 3 0 01 0123456789 01234568
1 4 2 2 5 0 2 3 01 012 0123459 0123456789
1 4 2 2 5 0 2 3 1 01 0123456789 012345689
1 4 2 2 5 0 2 3 12 012 0123456789 012346789
1 4 2 2 5 0 2 3 2 01 0123456789 02345678
1 4 2 2 5 0 2 3 2 12 0123456789 0123456789
1 4 2 2 5 0 2 3 23 012 0123456789 0124678
1 4 2 2 5 0 2 3 3 12 0123456789 01246789
1 4 2 2 5 0 2 3 4 01 0123456789 01234568
1 4 2 2 5 0 2 3 4 12 0123456789 012456789
1 4 2 2 5 0 2 3 45 012 0123456789 0124678
1 4 2 2 5 0 2 3 5 12 0123456789 0123456789
1 4 2 2 5 0 2 3 56 012 0123456789 012345678
1 4 2 2 5 0 2 3 6 12 0123456789 012345678
1 4 2 2 5 0 2 3 67 02 0123456789 0123456789
1 4 2 2 5 0 2 3 7 12 0123456789 023456789
1 4 2 2 5 0 2 3 78 012 0123456789 0234568
1 4 2 2 5 0 2 3 8 12 0123456789 0123456789
1 4 2 2 5 0 2 3 89 02 01234567 02346789
1 4 2 2 5 0 2 3 9 01 0123456789 0123456789
1 4 2 2 5 01 02 0134 012345689 012 01234569 0123456789
1 4 2 2 5 1 0 123 0123456789 012 023689 0234678
1 4 2 2 5 1 0 34 0123456789 012 0123469 0234678
1 4 2 2 5 1 0 4 8 01 0123456789 0123456789
1 4 2 2 5 1 0 4 89 012 0123456789 024678
1 4 2 2 5 1 0 4 9 01 0123456789 0123456789
1 4 2 2 5 1 0 4 9 12 0123456789 0123456789
1 4 2 2 5 1 0 45 09 012 0123456789 01234689
1 4 2 2 5 1 0 5 0 12 0123456789 02345689
1 4 2 2 5 1 0 5 1 01 0123456789 02346789
1 4 2 2 5 1 0 5 1 12 0123456789 02345678
1 4 2 2 5 1 0 5 12 012 0123456789 012456789
1 4 2 2 5 1 0 5 2 1 0123456789 023456789
1 4 2 2 5 1 0 5 23 012 0123456789 024678
1 4 2 2 5 1 0 5 3 12 0123456789 012345689
1 4 2 2 5 1 0 5 34 02 0123456 012345678
1 4 2 2 5 1 0 5 4 012 0123456789 0124678
1 4 2 2 5 1 0 5 45 012 012345689 023468
1 4 2 2 5 1 0 5 56 012 0123456789 0123456789
1 4 2 2 5 1 0 5 67 01 0123456 0123456789
1 4 2 2 5 1 0 5 7 01 0123456789 012456789
1 4 2 2 5 1 0 5 78 012 0123456789 0123456789
1 4 2 2 5 1 0 5 89 012 0123456789 0245678
1 4 2 2 5 1 0 56 09 01 0123456789 0123456789
1 4 2 2 5 1 0 6 0 012 012456789 01234678
1 4 2 2 5 1 0 6 01 012 0123456789 0124678
1 4 2 2 5 1 0 6 124 012 0123456789 0124568
1 4 2 2 5 1 0 6 4 01 0123456789 0123456789
1 4 2 2 5 1 0 6 45 012 0123456789 012345678
1 4 2 2 5 1 0 6 5 012 0123456789 02345689
1 4 2 2 5 1 0 6 56 02 012345678 012345689
1 4 2 2 5 1 0 6 6 012 0123456789 024678
1 4 2 2 5 1 0 6 67 02 012345678 0234689
1 4 2 2 5 1 0 6 7 012 0123456789 0123456789
1 4 2 2 5 1 0 6 78 02 0123456789 0234689
1 4 2 2 5 1 0 6 8 012 0123456789 0123456789
1 4 2 2 5 1 0 6 89 02 0123456789 0234678
1 4 2 2 5 1 0 6 9 12 0123456789 012456789
1 4 2 2 5 1 0 67 09 012 0123456789 0123468
1 4 2 2 5 1 0 7 01 012 0123456789 0124568
1 4 2 2 5 1 0 7 1 01 0123456789 0123456789
1 4 2 2 5 1 0 7 12345 012 012345689 0123456789
1 4 2 2 5 1 0 7 56 01 0123456789 012468
1 4 2 2 5 1 0 7 6 012 0123456789 012345689
1 4 2 2 5 1 0 7 67 02 012345678 01245689
1 4 2 2 5 1 0 7 7 012 0123456789 0124678
1 4 2 2 5 1 0 7 78 02 012345 012346789
1 4 2 2 5 1 0 7 8 012 0123456789 0246789
1 4 2 2 5 1 0 7 89 02 012345 0123456789
1 4 2 2 5 1 0 7 9 01 0123456789 012346789
1 4 2 2 5 1 0 78 045689 012 0123456789 02345678
1 4 2 2 5 1 01 089 0123456789 012 01234689 02468
1 4 2 2 5 1 1 01234 0123456789 012 012369 02468
1 4 2 2 5 1 1 46789 012345689 012 012369 0245689
1 4 2 2 5 1 1 9 2 01 0123456789 012346789
1 4 2 2 5 1 1 9 23 012 0123456789 01234678
1 4 2 2 5 1 1 9 3 012 0123456789 02345678
1 4 2 2 5 1 1 9 34 02 0123456789 0123456789
1 4 2 2 5 1 1 9 4 12 0123456789 02468
1 4 2 2 5 1 1 9 45 02 0123456789 01246789
1 4 2 2 5 1 1 9 5 1 012345678 012346789
1 4 2 2 5 1 1 9 56 012 01234589 0245689
1 4 2 2 5 1 1 9 6 01 0123456789 0245689
1 4 2 2 5 1 1 9 67 012 012345789 0123456789
1 4 2 2 5 1 1 9 7 01 0123456789 0123456789
1 4 2 2 5 1 1 9 78 012 0123456789 01246789
1 4 2 2 5 1 1 9 8 01 0123456789 0124678
1 4 2 2 5 1 1 9 89 012 012345679 0123456789
1 4 2 2 5 1 1 9 9 012 0123456789 012345689
1 4 2 2 5 1 12 09 09 02 012345678 012456789
1 4 2 2 5 1 2 0 0 01 0123456789 012345678
1 4 2 2 5 1 2 0 01 012 01234569 012456789
1 4 2 2 5 1 2 0 1 01 0123456789 012345678
1 4 2 2 5 1 2 0 12 012 012345689 01245678
1 4 2 2 5 1 2 0 2 012 0123456789 012456789
1 4 2 2 5 1 2 0 23 02 012345678 01246789
1 4 2 2 5 1 2 0 3 012 0123456789 012345689
1 4 2 2 5 1 2 0 34 012 0123456789 012468
1 4 2 2 5 1 2 0 456 012 01234569 02345689
1 4 2 2 5 1 2 0 6 012 0123456789 012456789
1 4 2 2 5 1 2 012 012456789 012 012369 0234568
1 4 2 2 5 1 2 2 34 01 0123456789 0123456789
1 4 2 2 5 1 2 2 4 12 012345679 012345678
1 4 2 2 5 1 2 2 45 02 01234567 02346789
1 4 2 2 5 1 2 2 5 012 0123456789 0123468
1 4 2 2 5 1 2 2 56 02 012345678 01245689
1 4 2 2 5 1 2 2 6 012 0123456789 012456789
1 4 2 2 5 1 2 2 67 012 0123456789 0124689
1 4 2 2 5 1 2 2 78 012 012345679 0246789
1 4 2 2 5 1 2 2 8 01 0123456789 01245678
1 4 2 2 5 1 2 2 89 012 0123456789 01234678
1 4 2 2 5 1 2 2 9 01 0123456789 012345689
1 4 2 2 5 1 2 23 09 012 012345789 012456789
1 4 2 2 5 1 2 3 0 01 0123456789 023456789
1 4 2 2 5 1 2 3 01 012 012345789 01234568
1 4 2 2 5 1 2 3 1 01 0123456789 02346789
1 4 2 2 5 1 2 3 12 012 0123456789 012345678
1 4 2 2 5 1 2 3 2 01 0123456789 012456789
1 4 2 2 5 1 2 3 23 012 012345679 02456789
1 4 2 2 5 1 2 3 3 012 0123456789 0234568
1 4 2 2 5 1 2 3 34 02 01234567 012456789
1 4 2 2 5 1 2 3 4 012 0123456789 01246789
1 4 2 2 5 1 2 3 45 012 0123456789 02468
1 4 2 2 5 1 2 3 5 12 012346789 0123456789
1 4 2 2 5 1 2 3 56 012 0123456789 0123456789
1 4 2 2 5 1 2 3 6 12 0123456789 0123456789
1 4 2 2 5 1 2 3 67 012 0123456789 012345678
1 4 2 2 5 1 2 3 78 012 0123456789 0123456789
1 4 2 2 5 1 2 3 8 01 0123456789 023456789
1 4 2 2 5 1 2 3 89 012 0123456789 012345689
1 4 2 2 5 1 2 3 9 01 0123456789 0123456789
1 4 2 2 5 1 2 34 09 012 0123456789 01234678
1 4 2 2 5 1 2 4 0 01 0123456789 012345678
1 4 2 2 5 1 2 4 01 012 0123456789 01234689
1 4 2 2 5 1 2 4 1 012 0123456789 012345678
1 4 2 2 5 1 2 4 12 02 012345678 0123456789
1 4 2 2 5 1 2 4 2 012 0123456789 012346789
1 4 2 2 5 1 2 4 23 02 01234567 02345678
1 4 2 2 5 1 2 4 3 01 0123456789 0123456789
1 4 2 2 5 1 2 4 34 012 01234589 012345689
1 4 2 2 5 1 2 4 4 01 0123456789 023456789
1 4 2 2 5 1 2 4 45 012 012345789 0123456789
1 4 2 2 5 1 2 4 5 01 0123456789 0123456789
1 4 2 2 5 1 2 4 56 012 0123456789 012456789
1 4 2 2 5 1 2 4 6 01 0123456789 012345678
1 4 2 2 5 1 2 4 67 012 0123456789 01234678
1 4 2 2 5 1 2 4 7 012 0123456789 023456789
1 4 2 2 5 1 2 4 78 02 012345678 0123456789
1 4 2 2 5 1 2 4 8 012 0123456789 01234689
1 4 2 2 5 1 2 4 89 02 01234567 02345678
1 4 2 2 5 1 2 4 9 01 0123456789 0124568
1 4 2 2 5 1 2 45 09 02 012345 0123456789
1 4 2 2 5 1 2 5 0 01 0123456789 012346789
1 4 2 2 5 1 2 5 01 012 012345689 012346789
1 4 2 2 5 1 2 5 12 012 0123456789 012456789
1 4 2 2 5 1 2 5 2 012 0123456789 024678
1 4 2 2 5 1 2 5 23 012 0123456789 012345678
1 4 2 2 5 1 2 5 3 12 0123456789 012456789
1 4 2 2 5 1 2 5 34 012 0123456789 012345678
1 4 2 2 5 1 2 5 4 12 0123456789 0123468
1 4 2 2 5 1 2 5 45 02 01234567 012346789
1 4 2 2 5 1 2 5 5 01 0123456789 0123456789
1 4 2 2 5 12 02 0125 0123456789 012 01234689 02456789
1 4 2 2 5 2 0 23456789 0123456789 0 0 0
1 4 2 2 5 2 01 01234569 0123456789 0 0 0
1 4 2 2 5 2 12 0126789 0123456789 0 0 0
1 4 23 02 05 02345 012 01234569 012345678 0 0 0
1 4 3 0 0 0 012 0123456789 012468 0 0 0
1 4 3 0 01 0123489 012 0123456 0123456789 0 0 0
1 4 3 0 1 4 0 456 0123456789 01 01234567 0123456789
1 4 3 0 1 4 0 6 5 012 0123456789 0123456789
1 4 3 0 1 4 01 0126789 0123456789 02 0234 01245678
1 4 3 0 1 4 1 23456 0123456789 01 01236 0234568
1 4 3 0 1 4 1 6 6 0 1234567 0123456789
1 4 3 0 1 4 1 678 0123456789 01 01289 0123456789
1 4 3 0 1 4 12 0123489 0123456789 0 0 0
1 4 3 0 12 045678 012 01256789 0123456789 01 01236 02468
1 4 3 0 2 0 0 234567 0123456789 01 01236 02468
1 4 3 0 2 0 01 012789 0123456789 0 0 0
1 4 3 0 2 0 1 234567 0123456789 0 0 0
1 4 3 0 2 0 12 0123489 0123456789 01 01236 012468
1 4 3 0 2 01246789 012 012345679 02345678 0 0 0
1 4 3 0 234 012456789 012 012345689 0124689 0 0 0
1 4 3 0 45 0123456789 012 012346789 02346789 0 0 0
1 4 3 0 56 0156789 012 0123456789 01234568 0 0 0
1 4 3 0 6 1234568 012 0123456789 01234678 0 0 0
1 4 3 0 6 89 012 0123456789 01234678 0 0 0
1 4 3 0 67 09 012 01234569 012345678 0 0 0
1 4 3 0 7 0123 012 012345689 012456789 0 0 0
1 4 3 0 7 34 012 012346789 0123456789 0 0 0
1 4 3 0 7 456 012 01234569 012346789 0 0 0
1 4 3 0 78 012346789 012 01234569 0123456789 0 0 0
1 4 3 0 8 4 0 01234567 023456789 0 0 0
1 4 3 0 8 4 01 012346789 0123456789 0 0 0
1 4 3 0 8 456 02 01234567 0123456789 0 0 0
1 4 3 0 8 6 01 012456789 0123456789 0 0 0
1 4 3 0 89 0126789 02 0123456789 0123456789 01 0269 0468
1 4 3 0 9 23456789 012 0123469 012456789 01 012 0248
1 4 3 01 09 0123459 012 01234569 012345689 0 0 0
1 4 3 1 0 5 01 0123456789 01234568 01 026 048
1 4 3 1 0 567 012 0123456789 0124689 0 0 0
1 4 3 1 01 0123489 012 012345679 012346789 0 0 0
1 4 3 1 1 45 012 0123456789 023456789 0 0 0
1 4 3 1 1 56 012 012346789 0123456789 01 02 08
1 4 3 1 12 0123456789 012 0123456789 0123468 0 0 0
1 4 3 1 23 0156789 012 0124569 012345678 01 069 046
1 4 3 1 3 123456 012 0123469 012346789 01 01269 02468
1 4 3 1 3 7 01 0123456789 0246789 0 0 0
1 4 3 1 34 01789 012 0123456789 012345678 0 0 0
1 4 3 1 45 1234678 012 012346789 024678 0 0 0
1 4 3 1 56 0123789 012 0123456789 0234678 0 0 0
1 4 3 1 67 012456789 012 0126789 01246789 01 026789 02468
1 4 3 1 78 012345678 012 01234569 01245689 0 0 0
1 4 3 1 89 012389 01 0123456789 012346789 01 024569 0245678
1 4 3 1 9 456 012 012346789 012345689 0 0 0
1 4 3 1 9 6789 012 0123456789 0123456789 0 0 0
1 4 3 12 09 0129 012 01234569 023456789 0 0 0
1 4 3 2 0 2 012 0123456789 0123456789 0 0 0
1 4 3 2 0 234 02 0123456 0123456789 0 0 0
1 4 3 2 0 4 012 0126789 0123456789 0 0 0
1 4 3 2 0 45678 02 0123456789 0123456789 0 0 0
1 4 3 2 01 012456789 012 0123456789 02468 0 0 0
1 4 3 2 2 0123 012 01234569 012345678 01 01236 0245678
1 4 3 2 2 3 01 0123689 0123456789 01 0123469 02468
1 4 3 2 2 3 1 2345 0123456789 01 0123456789 0123456789
1 4 3 2 23 0123456789 012 02456789 0123456789 0 0 0
1 4 3 2 34 0123456789 012 023456789 0123456789 0 0 0
1 4 3 2 4 456789 012 0123456789 0123456789 0 0 0
1 4 3 2 45 0129 012 0123456789 0123456789 0 0 0
1 4 3 2 5 2345 012 0123456789 012346789 01 023 0678
1 4 3 2 5 5 12 0123456789 02346789 012 01234679 012346789
1 4 4 0 0 012 012 0123456789 0123456789 0 0 0
1 4 4 0 0 2 2 23 089 012 0123469 0123456789
1 4 4 0 0 2 2 3 01234567 012 0123469 0123456789
1 4 4 0 0 2 2 3 789 012 0123469 0123456789
1 4 4 0 0 234567 012 0123456 024689 012 0123469 0123456789
1 4 4 0 01 01789 012 012346789 0123456789 0 0 0
1 4 4 0 1 12345 01 0123456789 012456789 0 0 0
1 4 4 0 1 56 012 01234679 012345678 0 0 0
1 4 4 0 12 06789 012 01234689 02345689 0 012 0123456789
1 4 4 0 2 0 0 0 0 012 01234569 0123456789
1 4 4 0 2 0 0 0 12 01 01234569 0123456789
1 4 4 0 2 0 0 0 234 012 0123459 0123456789
1 4 4 0 2 0 0 0 45689 012 0123456789 012345678
1 4 4 0 2 0 0 01 0129 012 012346789 012456789
1 4 4 0 2 0 0 1 234 01 012346789 0123456789
1 4 4 0 2 0 0 12 456 012 012346789 0123456789
1 4 4 0 2 0 0 23456 02345678 012 0123469 012456789
1 4 4 0 2 0 0 678 02378 012 0123456789 0123456789
1 4 4 0 2 0 0 89 2345689 012 012346789 01245678
1 4 4 0 2 0 01 09 029 012 0123456789 0123456789
1 4 4 0 2 0 1 012678 01234568 012 012345679 012346789
1 4 4 0 2 01 012 02345689 0124589 012 012346789 0123468
1 4 4 0 23 0123456789 012 01234689 01234568 0 0 0
1 4 4 0 3 1 0 1234567 0123456789 0 0 0
1 4 4 0 3 1 01 0789 0123456789 012 01234689 01245678
1 4 4 0 3 1 1 012 0123456789 012 0123469 023456789
1 4 4 0 3 1 1 23 0123456789 012 01234679 0234678
1 4 4 0 3 1 1 3456789 0123456789 01 01236 02468
1 4 4 0 3 1 12 0129 0123456789 01 0123456789 024678
1 4 4 0 3 1 2 23 0123478 012 0123456789 02345689
1 4 4 0 3 1 2 34 0123456789 01 0123689 02345689
1 4 4 0 3 1234 012 0234569 012456789 01 012345679 01245689
1 4 4 0 3 456 01 012345689 012346789 01 01236 023468
1 4 4 0 3 6 0 3456 0123456789 012 0123456789 0124689
1 4 4 0 3 6 01 0123456789 012345678 01 026 048
1 4 4 0 3 6 12 0123789 023456789 012 012369 0234678
1 4 4 0 34 0123456789 012 01234569 01246789 01 0123469 0123468
1 4 4 0 4 678 012 0123459 012345689 012 0246789 02468
1 4 4 0 4 8 01 0123456789 012345689 0 0 0
1 4 4 0 4 89 012 0123456789 012345689 012 02369 02468
1 4 4 0 4 9 12 01234569 0123456789 012 0123469 023468
1 4 4 0 45 01234569 012 023456789 01234568 012 02679 024568
1 4 4 0 5 6 0 012345 0123456789 0 0 0
1 4 4 0 5 6 01 01256789 0123456789 0 0 0
1 4 4 0 5 678 01 012345679 012456789 0 0 0
1 4 4 0 56 012345689 012 012346789 024689 0 0 0
1 4 4 0 67 01236789 012 0123456789 02345689 0 0 0
1 4 4 0 7 3456789 012 012345679 023456789 01 026 048
1 4 4 0 7 9 0 12345678 0123456789 0 0 0
1 4 4 0 7 9 01 01234569 023456789 0 0 0
1 4 4 0 7 9 12 01236789 0123456789 0 0 0
1 4 4 0 78 019 012 012345689 0123456789 0 0 0
1 4 4 0 8 123456 012 023456789 0123456789 01 0269 0248
1 4 4 0 8 678 012 01234569 0123456789 012 012369 02468
1 4 4 0 89 01234589 012 0123456789 01234678 0 0 0
1 4 4 01 09 0156789 01 01236789 012345689 0 0 0
1 4 4 1 0 124 01 0123456789 0123456789 0 0 0
1 4 4 1 0 456 012 0123456789 012345689 0 0 0
1 4 4 1 0 6789 012 012346789 02346789 0 0 0
1 4 4 1 012 012689 01 0123456789 012345689 0 0 0
1 4 4 1 2 1 012 0123456789 0123456789 01 02469 0248
1 4 4 1 2 12345 012 0123469 0123456789 01 0269 0248
1 4 4 1 2 5 0 123 0123456789 012 02369 02468
1 4 4 1 2 5 0 345678 0123456789 012 02369 02468
1 4 4 1 2 5 01 01289 0123456789 01 02 08
1 4 4 1 2 5 1 23 01234789 012 02369 02468
1 4 4 1 2 5 1 34 0456789 012 02369 02468
1 4 4 1 2 5 1 45678 0123456789 01 0269 0248
1 4 4 1 2 5 12 0189 0123456789 01 0269 0248
1 4 4 1 2 56 02 0123456 0123456789 01 012369 02468
1 4 4 1 2 6789 012 0123456789 0123456789 01 01236789 02468
1 4 4 1 23456 0123456789 01 023456789 02345678 0 0 0
1 4 4 1 6 678 01 0123456789 023456789 01 0269 0248
1 4 4 1 67 01289 012 0123459 012456789 012 01234679 02468
1 4 4 1 7 234567 01 012346789 0123456789 0 0 0
1 4 4 1 7 78 01 012456789 01234568 01 01236789 02468
1 4 4 1 7 8 0 0 5678 012 012345689 02468
1 4 4 1 7 8 0 0 89 012 0123456789 02468
1 4 4 1 7 8 0 01 012349 012 01234679 0124689
1 4 4 1 7 8 0 12 0123456789 012 01234689 02468
1 4 4 1 7 8 0 2 89 012 01234689 0123456789
1 4 4 1 7 8 0 2345 0123456789 012 01234679 023468
1 4 4 1 78 02389 012 01234569 01245678 01 02 08
1 4 4 1 89 03456789 012 01234689 0123456789 0 0 0
1 4 4 1 9 01234 01 012346789 012346789 012 0123469 012468
1 4 4 1 9 456 01 01236789 0123456789 02 045 028
1 4 4 1 9 678 012 0123456789 012345689 0 0 0
1 4 4 1 9 89 012 0123456789 0123456789 0 0 0
1 4 4 12 09 01234569 012 01234569 012345678 01 029 02458
1 4 4 2 0 678 012 0123456789 0123456789 012 0129 01234568
1 4 4 2 0 8 2 0 8 01 123456789 0123456789
1 4 4 2 0 8 2 01 0189 012 012346789 012345678
1 4 4 2 0 8 2 1 1 012 0123456789 0124689
1 4 4 2 0 8 2 1234 0123456789 012 0123456 0245689
1 4 4 2 01 0189 012 012456789 0123456789 01 01236 023468
1 4 4 2 1 12 012 012346789 01234689 01 023469 024689
1 4 4 2 12 0123456789 01 0123456789 01245689 01 026789 024568
1 4 4 2 2 3 12 089 01245678 012 012346789 0234568
1 4 4 2 2 3 2 0124 0245689 012 01236789 02456789
1 4 4 2 2 345 012 0123469 0123456789 01 0469 024
1 4 4 2 2 5678 012 02456789 0123456789 01 01236 024689
1 4 4 2 23 01289 012 01234689 024568 01 0123456789 012345678
1 4 4 2 3 2 01 236789 01234689 012 01236789 012456789
1 4 4 2 34 02346 012 012345689 0123456789 01 02679 012468
1 4 4 2 45 0346789 012 0123469 0123456789 0 0 0
1 4 4 2 5 01 01 012346789 02346789 01 0123469 02468
1 4 45 02 05 012345678 012 023456789 023456789 0 0 0
1 4 5 0 01 01289 01 0123456789 01245689 0 0 0
1 4 5 0 1 234 012 012346789 01245678 0 0 0
1 4 5 0 1 4 01 23456789 0123456789 01 01236 02468
1 4 5 0 12 012456789 012 0123456789 012468 0 0 0
1 4 5 0 23 01234568 012 0123456789 0245689 01 02 08
1 4 5 0 34 0123678 012 0123456789 012346789 0 0 0
1 4 5 0 456 0123456789 012 012456789 012345689 01 01236 02468
1 4 5 0 6 0123 012 012345689 01234678 01 023456 012468
1 4 5 0 6 3456789 012 012346789 012456789 0 0 0
1 4 5 0 67 029 012 01234689 01234678 0 0 0
1 4 5 0 7 2346789 012 012345679 012345689 0 0 0
1 4 5 0 7 9 01 0123789 0123456789 0 0 0
1 4 5 0 7 9 12 0123456789 0123456789 0 0 0
1 4 5 0 789 0123456789 012 0123469 0123468 0 0 0
1 4 5 01 019 012346789 01 0123469 0124689 0 0 0
1 4 5 1 1234 0123456789 012 0123469 0246789 01 02346 024689
1 4 5 1 456789 024568 01 023456789 012345689 0 0 0
1 4 5 12 0129 0123689 01 01234569 0123456789 0 0 0
1 4 5 2 2 3 01 0123456789 0123456789 01 023469 012468
1 4 5 2 2 4 01 0123456789 012456789 0 0 0
1 4 5 2 2 456 012 0123456789 0123456789 01 02 08
1 4 5 2 23 01236789 01 012 0124689 01 0123456789 01246789
1 4 5 2 3 3 0 23 09 012 012346789 0123456789
1 4 5 2 3 3456 012 012346789 01245678 012 0123456 0123468
1 4 5 2 3 6789 01 012346 0246789 012 01234569 024678
1 4 5 2 3 9 01 0345689 012456789 012 01234569 0124678
1 4 5 2 3 9 12 01234569 01234689 012 012346789 012468
1 4 5 2 3 9 2 012 0234689 01 012345689 023456789
1 4 5 2 34 019 012 012345689 0123456789 012 0234569 024568
1 4 5 2 4 123 012 0123456789 01234678 0 0 0
1 4 5 2 4 345678 012 012346789 012456789 0 0 0
1 4 5 2 45 0123459 01 012345679 012345689 0 0 0
1 4 56 02 05 05 012 0123456789 023456789 01 01236 02468
1 4 6 0 0 01234567 012 0123469 01234678 01 02 08
1 4 6 0 01 01234689 012 012346789 01234568 0 0 0
1 4 6 0 1 6789 02 01234 0123456789 0 0 0124
1 4 6 0 1 9 0 45678 0123456789 01 01236789 02468
1 4 6 0 1 9 01 012389 0123456789 01 02 08
1 4 6 0 1 9 1 345 0123456789 012 012346789 01234678
1 4 6 0 1 9 1 56789 0123456789 012 023469 02468
1 4 6 0 1 9 12 0129 0123456789 012 023469 024678
1 4 6 0 12 01239 012 023456 0123456789 01 02679 02468
1 4 6 0 2 34 012 0123456789 023456789 01 01236 02468
1 4 6 0 345 0123456789 012 012345689 012345678 0 0 0
1 4 6 0 56 01234569 012 0123456789 012345689 01 012369 024689
1 4 6 0 67 06789 02 01234 012345689 01 0123469 01245689
1 4 6 0 7 0 0 123 0123456789 01 01236 02345689
1 4 6 0 7 0 0 345 01234689 01 0123456789 0123456789
1 4 6 0 7 0 0 567 0123456789 012 01245679 0123456789
1 4 6 0 7 0 01 012789 0123456789 0 0 0
1 4 6 0 7 0 1 234567 0123456789 01 029 028
1 4 6 0 7 0 12 012789 0123456789 012 0129 02468
1 4 6 0 7 01 02 01234567 0123456789 01 026789 024568
1 4 6 0 7 1234 012 012346789 0123456789 0 0 0
1 4 6 0 7 45 012 0123456789 024689 01 01236 02468
1 4 6 0 7 5 1 3 012 01 0123456789 02468
1 4 6 0 7 5 1 3 2346 01 0123456789 02468
1 4 6 0 7 5 1 345 01246789 01 01236 02468
1 4 6 0 7 5 1 56 023456 01 0123456 02468
1 4 6 0 7 5 1 6 0 01 0123456789 02468
1 4 6 0 7 5 1 6 012 01 0123456789 02468
1 4 6 0 7 5 1 6 3456 01 012346789 02468
1 4 6 0 7 5 1 6 678 012 01234569 02468
1 4 6 0 7 5 1 6 89 01 0123456789 02468
1 4 6 0 7 5 1 67 0249 012 0123456789 02468
1 4 6 0 7 5 1 7 45689 01 01234569 02468
1 4 6 0 7 5 1 78 0129 01 0123456789 02468
1 4 6 0 7 5 1 8 2345 01 0123456789 02468
1 4 6 0 7 5 1 8 56 012 0123456789 02468
1 4 6 0 7 5 1 8 678 01 0123456 02468
1 4 6 0 7 5 1 89 0189 01 0123456 02468
1 4 6 0 7 5 1 9 126789 01 012346 02468
1 4 6 0 7 5 2 0 0123456 01 012346 02468
1 4 6 0 7 5 2 01 06789 01 012346789 02468
1 4 6 0 7 5 2 1 01234 01 0123456789 02468
1 4 6 0 7 5 2 12 01456789 01 012346 02468
1 4 6 0 7 5 2 23 1234568 01 012346 02468
1 4 6 0 7 5 2 34 0456789 01 012346 02468
1 4 6 0 7 56789 02 045 012346789 01 012346 02468
1 4 6 0 8 012 0 0123 01234678 012 0123456789 0123456789
1 4 6 0 8 2 0 345 0234568 012 012345679 02456789
1 4 6 0 8 2 01 012356789 0123456789 012 012369 0234568
1 4 6 0 8 23 012 01234569 02456789 01 01269 024689
1 4 6 0 8 3 01 123456789 0123456789 0 0 0
1 4 6 0 8 345 012 0123456789 0123456789 0 0 0
1 4 6 0 8 5678 012 012345689 0123456789 0 0 0
1 4 6 0 8 8 12 0123456789 012345689 0 0 0
1 4 6 01 089 0123456789 012 023456789 02456789 012 0126789 02456789
1 4 6 1 0 23 0 012345 0123456789 0 0 0
1 4 6 1 0 345 012 02456789 0123456789 0 0 0
1 4 6 1 01 0126789 01 0123456789 0123456789 01 01236 023468
1 4 6 1 1 2 0 12345678 0123456789 0 0 0
1 4 6 1 1 2 01 0123489 0123456789 0 0 0
1 4 6 1 1 2 12 01456789 0123456789 0 0 0
1 4 6 1 1 2345 012 0123459 0123456789 0 0 0
1 4 6 1 12 056789 012 0124569 012345689 012 02349 01234568
1 4 6 1 2 0 01 0123456789 0123456789 0 0 0
1 4 6 1 2 012 012 012345689 0123456789 0 0 0
1 4 6 1 23 0123456789 012 01234569 012345678 0 0 0
1 4 6 1 34 0123456789 012 012469 01246789 01 01236 012468
1 4 6 1 45 01456789 01 01234679 012345689 0 0 0
1 4 6 1 5 12345678 012 0123456789 01234689 0 0 0
1 4 6 1 56 01289 01 0123456789 0123456789 0 0 0
1 4 6 1 67 0123456789 012 012346789 0123456789 0 0 0
1 4 6 1 7 12 012 01234569 012345678 012 012346789 0234678
1 4 6 1 7 2 01 01236789 012345689 012 02346789 01234678
1 4 6 1 7 2 1 0 012345 01 0123456789 0123456789
1 4 6 1 7 23456789 012 012346789 01245689 01 02789 06789
1 4 6 1 8 02345 01 012345679 01246789 012 01234569 02468
1 4 6 1 8 5678 012 012345689 0123456789 01 0126 0489
1 4 6 1 8 8 0 0 0 012 012345679 0123456789
1 4 6 1 8 8 0 0 0124 012 012345689 012345689
1 4 6 1 8 8 0 0 456 01 012346789 01234689
1 4 6 1 8 8 0 01 012456789 012 012346789 02345678
1 4 6 1 8 8 0 1234569 0123456789 012 012346789 0123456789
1 4 6 1 8 8 01 09 023456789 01 01236789 02456789
1 4 6 1 8 8 1 01 2678 012 0123456789 0246789
1 4 6 1 89 0123489 012 012346789 0234689 012 012346 024689
1 4 6 1 9 45 01 012346789 0123456789 0 0 0
1 4 6 1 9 567 01 0123456789 0246789 0 0 0
1 4 6 12 09 012378 012 012456789 012346789 0 0 0
1 4 6 2 01 01234689 012 012346789 0234689 0 0 0
1 4 6 2 12 0456789 012 01234569 0234568 0 0 0
1 4 6 2 2 012 012 01234569 0123456789 01 02 08
1 4 6 2 2 2 01 0123456789 0123456789 0 0 0
1 4 6 2 2 2 12 0123456789 0123456789 0 0 0
1 4 6 2 23 0123456789 012 012345679 0123456789 01 0269 0248
1 4 6 2 34 012345678 012 01234569 0123456789 0 0 0
1 4 6 2 4 234567 01 0123456789 0123456789 0 0 0
1 4 6 2 4 7 1 0123 0123456789 012 0123469 023468
1 4 6 2 4 7 1 34 012489 012 01234569 01245689
1 4 6 2 4 7 1 6 012 012 0123456789 024568
1 4 6 2 4 7 1 6 234 012 012346789 02468
1 4 6 2 4 7 1 67 0456789 012 0123456789 01234689
1 4 6 2 4 7 1 7 012346 01 0123456789 012345678
1 4 6 2 4 7 1 7 678 012 0123456789 0123456789
1 4 6 2 4 7 1 78 01234589 012 0124569 0124689
1 4 6 2 4 7 1 8 56789 012 0123456789 0123456789
1 4 6 2 4 7 1 89 0129 012 0123456789 012345689
1 4 6 2 4 7 1 9 23 012 023456789 0123456789
1 4 6 2 4 7 12 09 0346 01 012345689 0123456789
1 4 6 2 4 7 2 0 01 012 0123456789 0123468
1 4 6 2 4 7 2 0 12345 012 012346789 0124678
1 4 6 2 4 7 2 0 56 012 0123456789 024678
1 4 6 2 4 789 012 029 024678 012 0123456789 0245678
1 4 6 2 45 0123459 012 0123456789 012456789 01 029 028
1 4 6 2 5 5 01 0126789 023456789 01 01234569 01246789
1 4 67 02 05 05 012 01289 012456789 012 012346789 01245678
1 4 7 0 0 01 01 0123456789 0123456789 0 0 0
1 4 7 0 0 123456 012 0123456789 012456789 0 0 0
1 4 7 0 012 0123456789 01 01234679 0123456789 0 0 0
1 4 7 0 2 124678 01 012346789 01246789 01 0689 01246789
1 4 7 0 2 8 12 013456789 01234689 012 0129 01248
1 4 7 0 234 012456789 012 01234569 0123456789 0 0 0
1 4 7 0 4 345 01 013456789 0123456789 0 0 0
1 4 7 0 4 5 1 2345678 0123456789 0 0 0
1 4 7 0 4 567 012 01234569 0123456789 0 0 0
1 4 7 0 45 089 01 012345679 0123456789 0 0 0
1 4 7 0 5 0 012 01236789 0123456789 0 0 0
1 4 7 0 56 0123456789 012 01234569 0123456789 01 026789 02468
1 4 7 0 6 012 01 01236789 0123456789 012 02349 024678
1 4 7 0 6 234567 012 012346789 012456789 01 02 08
1 4 7 0 67 01234589 012 012345679 012346789 0 0 0
1 4 7 0 7 5 01 012345689 0123456789 0 0 0
1 4 7 0 7 5 12 056789 01246789 01 012345689 0234568
1 4 7 0 7 5 2 01 09 012 01234679 0123456789
1 4 7 0 7 5 2 1 01 012 012456789 0123456789
1 4 7 0 7 5 2 1 12 01 0123456789 0123456789
1 4 7 0 7 5 2 1 234 012 0123456789 0245678
1 4 7 0 7 5 2 1 45 012 0123456789 0123456789
1 4 7 0 7 5 2 1 678 01 012346789 012345689
1 4 7 0 7 5 2 12 089 01 012346789 012346789
1 4 7 0 7 5 2 2 01 012 0123456789 02345689
1 4 7 0 7 5 2 2 123 012 01234569 023456789
1 4 7 0 7 5 2 2345 0123456789 012 01234689 023456789
1 4 7 0 7 56 02 0123456 012345689 012 01234689 023456789
1 4 7 0 7 678 012 012346789 0123456789 0 0 0
1 4 7 0 7 8 01 0123456789 0123456789 01 02 08
1 4 7 0 7 89 012 012345789 012456789 0 034 01245678
1 4 7 0 7 9 0 0 0 01 0123456789 012456789
1 4 7 0 7 9 0 012345 0123456789 02 012345 012345689
1 4 7 0 78 0123459 012 012356789 0123456789 0 0 0
1 4 7 0 89 056789 012 0123456789 012456789 0 0 0
1 4 7 0 9 0123 012 0123456789 02346789 01 023469 02468
1 4 7 0 9 3456 012 0123456789 0123456789 0 0 0
1 4 7 01 09 01234789 01 012345689 02456789 0 0 0
1 4 7 1 01 0123456789 012 012346789 01234678 0 0 0
1 4 7 1 12 0123456789 012 01234569 023468 0 0 0
1 4 7 1 2 4 012 012346789 012346789 01 02346 02468
1 4 7 1 2 45 012 01234569 012456789 01 01236 024568
1 4 7 1 23 056789 012 0123456789 012345678 0 0 0
1 4 7 1 3 1234 01 012346789 0123456789 0 0 0
1 4 7 1 3 45 012 0123456789 0123456789 012 012369 02468
1 4 7 1 3 5 01 012345678 01234678 012 01234569 0234678
1 4 7 1 3 5 12 0189 02345689 01 01236789 023456789
1 4 7 1 3 56 02 0123467 012456789 012 012456789 01245678
1 4 7 1 3 6 012 23456789 0123456789 0 0 0
1 4 7 1 34 0123456789 012 023456789 0234568 0 06789 0124568
1 4 7 1 4 6 2 5 45 01 0123456789 0123456789
1 4 7 1 45 2345678 012 0125689 024568 012 01234679 0123456789
1 4 7 1 56 089 01 0123456 0123456789 01 0234569 02468
1 4 7 1 6 01 012 02456789 0123456789 0 0 0
1 4 7 1 6 1 012 0123456789 0123468 0 0 0
1 4 7 1 67 0123456789 012 01234569 02346789 0 0 0
1 4 7 1 78 01289 012 01234569 012346789 0 0 0
1 4 7 1 8 2345 01 012346789 0123456789 0 0 0
1 4 7 1 8 5 01 0123456789 02345678 01 023 012689
1 4 7 1 8 5 1 345678 0123456789 012 0124679 0124568
1 4 7 1 8 5 12 01234589 0123456789 0 0 0
1 4 7 1 8 56789 012 01234569 01245689 0 0 0
1 4 7 1 8 9 01 23456789 0123456789 0 0 0
1 4 7 1 8 9 12 0123679 0123456789 012 01234569 01246789
1 4 7 1 89 0123459 012 0123459 01234689 01 01234569 0124689
1 4 7 12 09 0126789 012 012345679 02468 0 0 0
1 4 7 2 0 234567 012 01236789 0123456789 0 0 0
1 4 7 2 012 0123456789 012 0123456789 0234678 0 0 0
1 4 7 2 23 02346789 012 0123459 0123456789 0 0 0
1 4 7 2 3 4 012 0123456789 012345678 0 0 0
1 4 7 2 3 45 012 0123456789 0123456789 01 01236 02468
1 4 7 2 3 5 12 0123456789 02345678 01 01236 0123468
1 4 7 2 3 567 012 012345679 023456789 0 0 0
1 4 7 2 34 0123789 012 0123456789 01246789 0 036 024
1 4 7 2 4 3 0 01 0123456789 012 02369 02468
1 4 7 2 4 3 0 1 012345678 012 0234679 024568
1 4 7 2 4 3 0 12 0123456789 012 02346789 023468
1 4 7 2 4 3 0 234 0123456789 012 0236789 02468
1 4 7 2 4 3 0 45 0123456789 012 02369 02468
1 4 7 2 4 3 0 567 0123456789 012 02369 02468
1 4 7 2 4 3 0 78 0123456789 012 02346789 024568
1 4 7 2 4 3 0 89 0123789 012 01234679 012468
1 4 7 2 4 3 01 09 012456789 012 01236789 0124568
1 4 7 2 4 3 1 01 0123456789 012 01234689 02468
1 4 7 2 4 3 1 12 0123456789 012 023689 024689
1 4 7 2 4 3 1 234 0123456789 012 023469 02468
1 4 7 2 4 3 1 45 0123456789 012 023469 02468
1 4 7 2 4 3 1 56 012345678 012 023469 02346789
1 4 7 2 4 3 1 67 01234578 012 0123469 02345678
1 4 7 2 4 3 1 789 02345678 012 0123469 02468
1 4 7 2 4 3 12 0129 0123456789 01 02369 0248
1 4 7 2 4 3 2 2345 0123456789 012 02369 0248
1 4 7 2 4 3489 012 012345679 0123456789 01 01236789 0245678
1 4 7 2 4 9 0 012345 0123456789 012 012345679 02468
1 4 7 2 4 9 01 0123456789 0123456789 0 0 0
1 4 7 2 45 019 012 012456789 0123456789 0 0 0
1 4 78 02 05 012345 012 012346789 012345678 0 0 0
1 4 8 0 01 0256789 012 012345689 0123456789 01 023456 02468
1 4 8 0 345 0128 012 0123459 012456789 01 02345689 0245689
1 4 8 0 5 1 2 5 123 012 01234569 0123456789
1 4 8 0 5 12 02 05 0345 012 01236789 0123456789
1 4 8 0 5 23456789 01 01234569 0123456789 0 0 0
1 4 8 0 5 9 01 012456789 0123456789 0 0 0
1 4 8 0 5 9 1 2345678 0123456789 0 0 0
1 4 8 0 56 012349 012 0123489 01234678 012 0269 02468
1 4 8 0 6 456 01 01234569 0123456789 012 012369 02468
1 4 8 0 67 0126789 012 01234569 01245678 01 01236 023468
1 4 8 0 7 2346 012 0123456789 02346789 0 0 0
1 4 8 0 7 67 01 0123456789 0123456789 0 0 0
1 4 8 0 7 78 01 01234567 012345678 012 0123469 02468
1 4 8 0 7 8 012 0123456789 0123456789 0 0 0
1 4 8 0 78 0189 012 0123456789 012345678 0 0 0
1 4 8 0 8 12456 012 012345689 0123456789 0 0 0
1 4 8 01 089 0123456789 012 01234689 01234678 0 0 0
1 4 8 1 0 3456 012 0123456789 0123456789 0 0 0
1 4 8 1 0 6 0 0123678 01234689 01 01236 0234568
1 4 8 1 0 67 01 012345689 0123456789 01 0236 0248
1 4 8 1 0 7 01 0123456789 0123456789 0 0 0
1 4 8 1 01 0123789 01 0123456789 023468 0 01 01234568
1 4 8 1 12 02345678 012 012689 024689 01 0123456789 02456789
1 4 8 1 2 2 0 0 89 012 0123456789 0123456789
1 4 8 1 2 2 0 01 09 012 0123456789 0123456789
1 4 8 1 2 2 0 134 0123468 012 0123456789 0123456789
1 4 8 1 23 02346789 012 01234569 0123456789 01 02789 0246789
1 4 8 1 3 45 012 023456789 0123456789 0 0 0
1 4 8 1 3 56789 012 0123459 012345678 01 023456 02468
1 4 8 1 3 9 0 1236789 012346789 01 0123456789 012345689
1 4 8 1 3 9 01 019 02345689 012 0123456789 01246789
1 4 8 1 3 9 1 1234 01234568 012 0123456789 01234568
1 4 8 1 3 9 12 024569 0123456789 012 012346789 0234689
1 4 8 1 34 012349 012 012345689 012346789 0 0 0
1 4 8 1 45 0456789 012 012345679 01245678 0 0 0
1 4 8 1 5 0123 01 01236 0234689 01 02345689 0123456789
1 4 8 1 5 3 0 2345 02345678 012 01236789 01234689
1 4 8 1 5 3 0 56789 0123456789 012 012469 023456789
1 4 8 1 5 3 01 0123456789 0123456789 0 0 0
1 4 8 1 5 3456 012 01234569 012345678 0 0 0
1 4 8 1 56 01236789 012 0123456789 01245689 0 0 0
1 4 8 1 6 34 012 0123459 0123456789 012 012349 02468
1 4 8 1 6 4 01 0123456789 0123456789 012 02459 0248
1 4 8 1 6 4567 012 012345679 0123456789 01 02 08
1 4 8 1 67 012789 012 01234569 0123456789 0 0 0
1 4 8 1 7 234567 01 012345689 0123456789 01 02 08
1 4 8 1 7 7 01 012349 012456789 012 0123469 02345678
1 4 8 1 78 01789 012 0123456789 0123456789 01 02 08
1 4 8 1 8 12345678 01 0123456789 0123456789 0 0 0
1 4 8 1 89 024589 012 01234569 012345678 0 0 0
1 4 8 12 09 0123456789 012 01234679 0234568 0 0 0
1 4 8 2 0 567 012 0123456789 012345689 0 0 0
1 4 8 2 01 01234789 012 0123456789 0123456789 0 0 0
1 4 8 2 1 4 01 0123456789 0123456789 0 0 0
1 4 8 2 1 456789 012 0123456789 012345678 0 0 0
1 4 8 2 2 012 01 0123456789 0123456789 0 0 0
1 4 8 2 2 2 12 0123456789 0123456789 0 0 0
1 4 8 2 2 234 012 01234569 0123456789 0 0 0
1 4 8 2 2 456 012 01234569 0123456789 0 0 0
1 4 8 2 2 6 01 0123456789 0123456789 0 0 0
1 4 8 2 2 67 012 0123456789 0123456789 0 0 0
1 4 8 2 23 0789 012 012679 012345678 01 01236 02468
1 4 8 2 3 0 0 1234 0123456789 01 012345689 012345678
1 4 8 2 3 0 0 4 5 012 0123456789 012346789
1 4 8 2 3 0 0 4 56 02 012345 0123456789
1 4 8 2 3 0 0 4 6 01 0123456789 0123456789
1 4 8 2 3 0 0 45 06789 012 0123456789 0123456789
1 4 8 2 3 0 01 01256789 0123456789 01 01234679 023456789
1 4 8 2 3 012 012 0123469 012345689 012 024569 02348
1 4 8 2 3 23456 01 01234569 012346789 0 0 0
1 4 8 2 3 6 01 0123456789 023456789 0 0 0
1 4 8 2 3 6 12 0123456789 0123456789 0 0 0
1 4 8 2 34 0123456789 012 01234569 0123456789 0 0 0
1 4 8 2 4 56 012 0123456789 0123456789 0 0 0
1 4 8 2 4 67 01 0123456789 012345689 0 0 0
1 4 8 2 4 7 12 012456789 0123456789 0 0 0
1 4 8 2 45 012789 012 01234569 012345678 0 012 04568
1 4 8 2 5 23 012 01234569 0124568 012 01234569 01245689
1 4 8 2 5 3 0 12 0123456789 012 0123456789 024568
1 4 8 2 5 3 012 01234569 0123456789 01 023469 0248
1 4 89 02 05 0345 02 012345678 0123456789 0 0 0
1 4 9 0 0 0123 012 012456789 01234689 01 01236 0234568
1 4 9 0 0 345 012 024789 0123456789 012 012346789 01234678
1 4 9 0 0 5 0 01234 012345678 01 02346789 024689
1 4 9 0 0 5 0 45678 023456789 012 0234689 02468
1 4 9 0 0 5 01 012389 0123456789 012 0124569 02468
1 4 9 0 0 5 12 01346789 0123456789 01 0123469 02468
1 4 9 0 0 56 02 012345 0123456789 01 012345679 02468
1 4 9 0 0 6 0 0123 0123456789 01 01245689 0124689
1 4 9 0 0 6 0 34 01678 01 012346789 012345689
1 4 9 0 0 6 0 45 023456789 01 012345689 012468
1 4 9 0 0 6 0 56 012345689 012 012346789 02346789
1 4 9 0 0 6 0 67 0126789 012 012345679 012346789
1 4 9 0 0 6 0 78 0123456789 01 0123456789 012456789
1 4 9 0 0 6 0 8 12 012 0123456789 0123456789
1 4 9 0 0 6 0 8 2345678 012 012346789 0123456789
1 4 9 0 0 6 01 01289 0123456789 01 01235679 02468
1 4 9 0 0 6 1 234 012345678 01 01236789 02468
1 4 9 0 0 6 1 4 234 012 01234569 0123456789
1 4 9 0 0 6 1 45 045678 012 01234569 0123456789
1 4 9 0 0 6 1 5 0123456 012 0123456789 0234568
1 4 9 0 0 6 1 567 02346789 01 0123456789 024568
1 4 9 0 0 6 1 78 012345678 012 0123689 0123456789
1 4 9 0 0 6 1 8 012345 01 023456789 0123456789
1 4 9 0 0 67 012 01289 023456789 01 026789 02468
1 4 9 0 0 7 0 2345 0123456789 012 0123469 02468
1 4 9 0 0 7 01 012456789 0123456789 01 023456 02468
1 4 9 0 0 78 012 0123459 0123456789 01 02346789 02468
1 4 9 0 01 019 012 0123456789 012345678 0 0 0
1 4 9 0 1 1 0 012 012346789 012 0123469 0234678
1 4 9 0 1 1 0 234 0123456789 012 0123456789 023468
1 4 9 0 1 1 0 456 0123456789 01 012345689 024678
1 4 9 0 1 1 0 6789 0123456789 01 01234569 02468
1 4 9 0 1 1 1 01 0123456789 01 0123689 02345678
1 4 9 0 1 1 1 1234 0123456789 01 012345679 02468
1 4 9 0 1 1 1 45678 0123456789 01 012346789 02468
1 4 9 0 1 1 12 0189 0123456789 012 01234689 01234689
1 4 9 0 1 1 2 1234 012456789 01 0123456789 02346789
1 4 9 0 1 12 02 012345 01234678 012 01236789 01245678
1 4 9 0 1 2 01 012346789 012346789 01 01236 02468
1 4 9 0 1 23 012 012349 0123456789 01 01236 02468
1 4 9 0 1 3 0 3456789 0123456789 01 01236789 024568
1 4 9 0 1 3 01 01245679 0123456789 01 02346 02468
1 4 9 0 1 34 012 0124789 012456789 01 0123469 02468
1 4 9 0 1 4 0 23456 0123456789 01 0123456789 02468
1 4 9 0 1 4 0 67 0123456789 01 012346789 012468
1 4 9 0 1 4 01 0789 012456789 01 023456789 01245678
1 4 9 0 1 4 1 012 0234568 012 012346789 0123456789
1 4 9 0 1 4 1 234 0245678 012 0123456789 01245678
1 4 9 0 1 4 12 014569 012345689 01 01234569 02456789
1 4 9 0 1 4 2 12 01234678 012 0123456789 02345689
1 4 9 0 1 456 02 02345 0123456789 012 02345679 0124678
1 4 9 0 1 678 012 01234569 012345678 01 023469 02468
1 4 9 0 1 8 01 03456789 0123456789 01 01236 02468
1 4 9 0 1 89 012 0123459 0123456789 0 0 0
1 4 9 0 1 9 01 034569 0123456789 01 01234569 012456789
1 4 9 0 12 09 012 0123456789 0123456789 0 0 0
1 4 9 0 2 012 012 0123456789 0123456789 0 0 0
1 4 9 0 2 234 01 01234689 0123456789 0 0 0
1 4 9 0 2 4 01 0123456789 012456789 01 01236 023468
1 4 9 0 2 456789 01 012369 012456789 01 01234679 024689
1 4 9 0 23 01239 012 012346789 0123456789 0 0 0
1 4 9 0 3 34 01 02346 0123456789 012 012346789 02468
1 4 9 0 3 4 0 0 3456789 012 0123456789 02468
1 4 9 0 3 4 0 01 019 012 0123456789 02456789
1 4 9 0 3 4 0 1 123 012 0123456789 02468
1 4 9 0 3 4 0 1 34 012 0123456789 0234568
1 4 9 0 3 4 0 12 0456789 012 012346789 024689
1 4 9 0 3 4 0 2 012345678 012 01234689 02468
1 4 9 0 3 4 0 23 012389 012 01234689 02468
1 4 9 0 3 4 0 34 045689 01 0123456789 0234689
1 4 9 0 3 4 0 456 026789 012 0123456789 02346789
1 4 9 0 3 456 012 01234569 023456789 012 012346789 024568
1 4 9 0 3 6 012 02345679 0123456789 01 01236 02468
1 4 9 0 34 06789 012 01234569 0123456789 01 02 08
1 4 9 0 4 0 012 23456789 0123456789 0 0 0
1 4 9 0 45 0123456789 012 012346789 012346789 01 02 08
1 4 9 0 5 01 012 0123456789 0123456789 0 0 0
1 4 9 0 5 1234 012 01234569 0123456789 0 0 0
1 4 9 0 5 4567 01 012345689 0123456789 01 023 0128
1 4 9 0 5 7 0 2345678 0123456789 01 012346789 0234689
1 4 9 0 5 7 01 089 012345678 012 0123456789 012456789
1 4 9 0 5 789 012 01234569 0123456789 01 02346 02468
1 4 9 0 56 012349 01 0123456789 0123456789 0 0 0
1 4 9 0 67 0145689 012 0123456789 012456789 0 0 0
1 4 9 0 7 1 1 267 048 01 0123456789 01245689
1 4 9 0 7 1 12 0234789 0124568 012 01234569 024678
1 4 9 0 7 234567 01 0123456789 01234689 01 026789 02468
1 4 9 0 7 78 012 012345689 0123456789 01 026 048
1 4 9 0 7 89 012 023456789 0123456789 01 01236 02468
1 4 9 0 78 012345679 012 0123456789 0245689 0 0 0
1 4 9 0 8 7 1 456789 0123456789 0 0 0
1 4 9 0 8 78 02 01234678 0123456789 01 01269 02468
1 4 9 0 8 8 01 0126789 0123456789 0 0 0
1 4 9 0 89 0189 012 0123689 0123456789 0 0 0
1 4 9 0 9 126 01 012679 012345678 012 02456789 024568
1 4 9 0 9 6 0 134689 024568 012 01234569 012345689
1 4 9 0 9 6 01 19 23456 012 0123456789 012345678
1 4 9 0 9 6 1 1 2346789 012 0123456789 0245689
1 4 9 0 9 6 1 123467 0234689 012 01234569 02345689
1 4 9 0 9 6 1 7 67 01 0123456789 012346789
1 4 9 0 9 6 1 7 78 012 012345679 012345678
1 4 9 0 9 6 12 0789 0124689 012 0123456789 01234689
1 4 9 0 9 6 2 0 12 012 0123456789 012345678
1 4 9 0 9 6 2 0 2345 012 0123456789 01245678
1 4 9 0 9 6 2 0 56 012 012346789 0123456789
1 4 9 0 9 6 2 01 06789 012 012345679 01234689
1 4 9 0 9 67 02 012 01246 012 0123456789 012345689
1 4 9 0 9 7 01 012345689 012345678 0 0 0
1 4 9 01 09 0789 012 0124569 012346789 012 01234689 02468
1 4 9 1 0 0 0 12 0124789 01 0123456789 01234568
1 4 9 1 0 0 0 2 89 012 0123456789 0124689
1 4 9 1 0 01 01 02346789 0123456789 02 024 0248
1 4 9 1 0 1 01 0123456789 0123456789 0 0 0
1 4 9 1 0 1 12 0123456789 012346789 0 0 0
1 4 9 1 0 1234 012 01234569 0123456789 0 0 0
1 4 9 1 0 4 0 0123456789 0123456789 0 0 0
1 4 9 1 0 4 012 01245679 0123456789 0 0 0
1 4 9 1 01 01456789 012 01234569 01234689 0 0 0
1 4 9 1 1 12 012 012346789 012346789 0 0 0
1 4 9 1 1 2 01 012456789 0123456789 0 0 0
1 4 9 1 1 2 12 023456789 0123456789 0 0 0
1 4 9 1 1 345 012 01234679 012345689 01 023469 012468
1 4 9 1 1 567 012 0123456789 0123456789 01 02 08
1 4 9 1 1 78 012 0123456789 023456789 0 0 0
1 4 9 1 12 089 012 01234569 01234568 0 0678 024568
1 4 9 1 2 0123456 012 01269 012346789 01 0123456789 024678
1 4 9 1 2 6 0 012345678 023456789 012 012346789 023468
1 4 9 1 2 6 012 0126789 0123456789 01 01269 02468
1 4 9 1 23 016789 012 012345679 012345689 0 0 0
1 4 9 1 3 1234567 01 0123456789 0123456789 0 0 0
1 4 9 1 3 7 01 0123456789 0123456789 01 02346 01248
1 4 9 1 3 7 12 012469 0245678 012 01234689 01234689
1 4 9 1 34 0123789 012 0123456789 0123456789 01 012 0248
1 4 9 1 45 0123456789 012 012345689 012345678 0 0 0
1 4 9 1 56 023456789 012 0123456789 023456789 0 0 0
1 4 9 1 67 0123456789 012 0123456789 012456789 0 0 0
1 4 9 1 7 4 01 0123456789 0123456789 0 0 0
1 4 9 1 7 456 012 012345679 012345678 0 0 0
1 4 9 12 0789 01246789 012 012345689 02456789 0 0 0
1 4 9 2 0 2 0 012 023468 012 0123456789 0124689
1 4 9 2 0 2 01 01234569 0123468 01 0123456789 0245689
1 4 9 2 0 2345678 012 024569 02345689 012 01269 01234689
1 4 9 2 01 01246789 012 0123456789 0124689 01 023456789 024568
1 4 9 2 123 0123456789 012 0123456789 012345689 0 0 0
1 4 9 2 3 234 012 0123456789 012345678 01 01236 012468
1 4 9 2 3 45 012 01234589 012346789 01 01234689 0234568
1 4 9 2 3 567 012 0234569 0123456789 01 01236 0245678
1 4 9 2 34 01234789 012 01234569 012345678 0 0 0
1 4 9 2 4 45678 012 0123456789 012345689 01 029 028
1 4 9 2 45 01234589 012 012345679 02346789 01 02 08
1 45 09 02 05 0123456789 012 0123456789 02346789 0 0 0
1 5 0 0 01234 0123456789 012 0123456789 02468 0 0 0
1 5 0 0 4 01246789 012 012459 0123456789 01 026789 02468
1 5 0 0 56 0123456789 01 0123456 0123456789 0 0 0
1 5 0 0 6789 0123456789 012 0123456789 0234678 0 0 0
1 5 0 0 9 123456789 012 01234569 01245689 01 02689 024689
1 5 0 01 09 012459 012 012345679 01234689 012 029 0245678
1 5 0 1 0 5 01 012456789 0123456789 0 0 0
1 5 0 1 0 567 012 01234589 0123456789 0 0 0
1 5 0 1 0 7 01 0123456789 012345678 0 0 0
1 5 0 1 01 012789 012 012345689 01245678 0 0 0
1 5 0 1 1 23456 01 012345689 0123456789 0 0 0
1 5 0 1 12 012345678 012 0123456789 02346789 012 02459 02348
1 5 0 1 2 9 0 012345678 012346789 01 01236 023468
1 5 0 1 2 9 012 0123456789 02346789 01 02679 012468
1 5 0 1 23 09 02 0123456 012346789 012 0123456789 012468
1 5 0 1 3 0123456789 01 0123456789 01245689 0 0 0
1 5 0 1 3456 0123456789 012 01234569 024678 0 0 0
1 5 0 1 67 013456789 01 012346 01234568 0 0123 012345678
1 5 0 1 7 1 0 6 6 01 123456789 0123456789
1 5 0 1 7 1 0 6 6 12 0123456789 0123456789
1 5 0 1 7 1 0 6 67 012 0123456789 0123456789
1 5 0 1 7 1 0 678 026789 01 0123456789 01234678
1 5 0 1 7 1 0 89 0124678 012 0123456789 024568
1 5 0 1 7 1 01 09 04789 012 0123456789 012345689
1 5 0 1 7 1 1 01 019 012 0123456789 0123456789
1 5 0 1 7 123456 01 0123456789 0123456789 02 0234 028
1 5 0 1 7 6 1 0123456789 0123456789 0 0 0
1 5 0 1 78 0123456789 012 012345689 0124678 0 0 0
1 5 0 1 89 0124568 012 01249 0123456789 01 0236 0248
1 5 0 1 9 6 012 012345679 023456789 0 0 0
1 5 0 1 9 6789 012 0123456789 012345678 0 0 0
1 5 0 12 0129 0123456789 012 0236789 012468 0 0 0
1 5 0 2 2 2 0 01234 0123456789 01 023469 02468
1 5 0 2 2 2 0 45 0123456789 012 02369 02468
1 5 0 2 2 2 01 0156789 0123456789 01 0269 02468
1 5 0 2 2 2 1 12345 0123456789 01 012346789 02468
1 5 0 2 2 2 12 05679 012345689 012 01234569 023468
1 5 0 2 2 2 2 01234 0123456789 012 012689 02468
1 5 0 2 2 234 012 0123456789 023456789 01 02 0248
1 5 0 2 2 45678 02 0123456789 0245678 0 0 0
1 5 0 2 2 8 01 0123456789 02468 0 0 0
1 5 0 2 23 089 012 01234569 023468 01 02 08
1 5 0 2 34 01234678 02 046789 0123456789 01 02346789 0234689
1 5 0 2 4 1 01 01239 0123456789 01 02346789 0124689
1 5 0 2 4 1 12 012345679 0123456789 0 0 0
1 5 0 2 4 12 012 0123456789 0123456789 0 0 0
1 5 0 2 4 2345 012 0123456789 0123456789 0 0 0
1 5 0 2 45 016789 01 01234569 0123456789 01 02 08
1 5 0 2 5 123 012 012345679 0123456789 0 0 0
1 5 0 2 5 34 012 01234789 012345678 0 0 0
1 5 01 02 05 0145 01 023456789 012345689 01 02 08
1 5 1 0 01368 01234568 012 012345689 023468 012 029 0248
1 5 1 0 8 0 01 256789 0123456789 012 01234569 012345689
1 5 1 0 8 0 1 678 01234568 012 0123456789 0124568
1 5 1 0 8 0 12 01289 0124678 01 01234679 01234678
1 5 1 0 89 012456789 012 0123469 0123468 01 02456789 024689
1 5 1 01 09 0123456789 012 0123456789 0245689 0 0 0
1 5 1 1 0 1234 012 0123456789 0124568 0 0 0
1 5 1 1 0 456 012 0123456789 01234689 01 0269 0468
1 5 1 1 01 0123678 012 0123456789 023456789 0 0 0
1 5 1 1 1 345 012 012345679 012345689 0 0 0
1 5 1 1 12 012356 012 01234679 01234678 0 0 0
1 5 1 1 23 03456789 012 012346789 012346789 01 012369 02468
1 5 1 1 3 0123 01 0123456 0123456789 012 0249 0248
1 5 1 1 3 34567 012 01234569 0124568 0 0 0
1 5 1 1 3 78 012 0123456789 012345689 0 0 0
1 5 1 1 34 0123456789 012 0123456789 01245678 0 0 0
1 5 1 1 4 78 012 0123456789 0123456789 012 012349 0234568
1 5 1 1 45 012345689 01 01234689 0123456789 01 0236 02468
1 5 1 1 5 678 02 01234567 01245678 0 0 0
1 5 1 1 5 8 01 012345689 01234689 0 0 0
1 5 1 1 5 8 12 01236789 0123456789 0 0 0
1 5 1 1 56 012389 012 012345689 01245678 0 0 0
1 5 1 1 6 3456789 012 012349 0246789 012 02459 02348
1 5 1 1 67 01234569 012 012345689 012346789 01 02 08
1 5 1 1 78 016789 012 0123456789 012346789 01 023469 02468
1 5 1 1 8 123 012 0123456789 023456789 0 0 0
1 5 1 1 8 456 01 0123467 0123456789 0 0 0
1 5 1 1 8 6 01 0123489 0123456789 0 01236 0123456789
1 5 1 1 8 6 1 45 012346789 01 0123689 012345678
1 5 1 1 8 6 1 567 0123456789 01 012345689 012346789
1 5 1 1 8 6 1 7 678 012 01234569 0123456789
1 5 1 1 8 6 1 78 089 012 01234569 012456789
1 5 1 1 8 6 1 8 0 012 012345689 0123456789
1 5 1 1 8 6 1 8 01 012 01234569 0123456789
1 5 1 1 8 6 1 8 12345 012 0123689 012346789
1 5 1 1 8 6 1 89 056789 01 01234689 0123456789
1 5 1 1 8 6 12 0129 0123456789 01 01234689 01234689
1 5 1 1 89 016789 012 023456789 0123456789 0 0 0
1 5 1 1 9 23 012 0123456789 012345689 0 0 0
1 5 1 12 09 023456 012 0123456789 012456789 0 0 0
1 5 1 2 0 23456 012 02369 023468 01 01234689 02345678
1 5 1 2 0 6 0 3 456 01 0123456789 0123456789
1 5 1 2 0 6 0 3 6 0 01234567 012345689
1 5 1 2 0 6 01 01346789 0123456789 01 02789 012345678
1 5 1 2 0 6 1 1234567 0123456789 0 0 0
1 5 1 2 01 0126789 012 012346789 0123456789 0 0 0
1 5 1 2 123 023456789 012 0123456789 023468 01 02 08
1 5 1 2 3 456 012 012456789 01234689 0 0 0
1 5 1 2 3 6 0 012367 0123456789 01 012456789 02345689
1 5 1 2 3 6 01 012789 0123456789 02 02345 0123468
1 5 1 2 3 67 012 0123456789 0123456789 01 0236 0248
1 5 1 2 3 7 01 123456789 0123456789 0 0 0
1 5 1 2 34 078 02 01234 0123456789 01 02 08
1 5 1 2 4 0 01 01456789 0123456789 012 012346789 02468
1 5 1 2 4 0 1 1234567 0123456789 0 01 068
1 5 1 2 4 01 012 012345789 0123456789 01 0236 0248
1 5 1 2 4 1 0 0123456 0123456789 0 0 0
1 5 1 2 4 1 01 01236789 0123456789 0 0 0
1 5 1 2 4 1 12 013456789 0123456789 0 0 0
1 5 1 2 4 12 02 012345 0123456789 0 0 0
1 5 1 2 4 2 0 345678 0123456789 0 0 0
1 5 1 2 4 2 01 012389 0123456789 0 0 0
1 5 1 2 4 2 12 013456789 0123456789 0 0 0
1 5 1 2 4 2 2 1234 0123456789 012 0234569 012468
1 5 1 2 4 23 02 012345 0123456789 01 02 08
1 5 1 2 4 3 01 045689 0123456789 01 026789 0234689
1 5 1 2 4 3 1 01 0456789 012 012345689 01234678
1 5 1 2 4 3 1 123456 0123456789 01 02369 0248
1 5 1 2 4 3 12 01236789 0123456789 0 0 0
1 5 1 2 4 34 02 012345 0123456789 01 02 08
1 5 1 2 4 4 0 234567 0123456789 01 012346 02468
1 5 1 2 4 4 01 012789 0123456789 01 02 08
1 5 1 2 4 4 12 012346789 0123456789 0 0 0
1 5 1 2 4 45 02 012345 0123456789 01 02679 023468
1 5 1 2 4 5 0 0123456 0123456789 0 0 0
1 5 1 2 4 5 01 016789 0123456789 0 012 01246
1 5 1 2 4 5 1 1 6 01 0123456789 0123456789
1 5 1 2 4 5 1 1234567 0123456789 012 012349 023456789
1 5 1 2 4 5 12 012345789 0123456789 0 0 0
1 5 1 2 4 6 01 012345689 0123456789 0 0 0
1 5 1 2 4 67 012 0123456789 0123456789 0 0 0
1 5 1 2 4 7 0 0123456789 0123456789 0 0 0
1 5 1 2 4 7 01 012345679 0123456789 0 0 0
1 5 1 2 4 7 1 789 0123456789 012 012345689 01234568
1 5 1 2 4 7 12 01239 0123456789 012 0123469 02456789
1 5 1 2 4 78 02 0123456 0123456789 01 01236 012468
1 5 1 2 4 8 0 789 0234568 0 012345 0123456789
1 5 1 2 4 8 0 9 6 01 012356789 0123456789
1 5 1 2 4 8 0 9 6 12 01456789 0123456789
1 5 1 2 4 8 0 9 67 02 012345 0123456789
1 5 1 2 4 8 0 9 7 01 123456789 0123456789
1 5 1 2 4 8 0 9 78 012 0123456789 0123456789
1 5 1 2 4 8 01 09 0189 012 0123456789 012345678
1 5 1 2 4 8 1 0 123 012 0123456789 01245678
1 5 1 2 4 8 1 0 3 01 0123456789 0123456789
1 5 1 2 4 8 1 0 345 012 01234589 0123456789
1 5 1 2 45 0189 01 01234689 0123456789 01 02456789 012345678
1 5 1 2 5 1 012 0123456789 0123456789 0 0 0
1 5 1 2 5 123 012 012346789 0123456789 01 01236 02468
1 5 12 02 0125 0123456789 012 012345689 01245678 0 0 0
1 5 2 0 23 012678 01 0123456789 023456789 0 0 0
1 5 2 0 3 2345 012 0123459 0123456789 0 0 0
1 5 2 0 3 678 012 01234569 012345689 0 0 0
1 5 2 0 34 0123489 01 0123456789 024678 0 0 0
1 5 2 0 45 045678 012 0123456789 012346789 0 0 0
1 5 2 0 5 0123 01 0123456789 023456789 01 01236 02468
1 5 2 0 5 3 0 012345 012456789 01 01236 023468
1 5 2 0 5 3 012 012456789 012346789 01 01236 02468
1 5 2 0 56 0123456 012 012345679 01234689 0 0136 023468
1 5 2 0 6 2 01 012456789 0123456789 01 01236 02468
1 5 2 0 6 2345 012 01236789 0123456789 0 0 0
1 5 2 0 67 0156789 012 012345689 0123456789 0 0 0
1 5 2 0 78 0123456789 012 012345689 01234568 0 0 0
1 5 2 0 8 4 01 0123456789 0123456789 0 0 0
1 5 2 0 8 456789 012 01234569 0245689 0 0 0
1 5 2 0 8 9 01 0123456789 0123456789 01 02346 0248
1 5 2 0 8 9 12 0123456789 0123456789 0 0 0
1 5 2 01 089 0123456789 012 01234569 012345678 01 026789 02468
1 5 2 1 0 1 012 0123456789 012456789 0 0 0
1 5 2 1 0 1234 012 0234569 012456789 012 0234569 0234568
1 5 2 1 0 4 12 023456789 012346789 012 01234569 012345678
1 5 2 1 0 4 2 2345 01289 012 0123456789 012345689
1 5 2 1 01 01456789 012 01234569 012346789 01 01236 02468
1 5 2 1 1 1 01 0123456789 0123456789 0 0 0
1 5 2 1 1 1 12 0123456789 0123456789 0 0 0
1 5 2 1 1 1234 012 012345689 0123456789 01 02 08
1 5 2 1 1 45 012 012346789 0123456789 01 026789 02468
1 5 2 1 1 5 012 01234689 012345689 012 01234569 0124689
1 5 2 1 123 0123456789 012 01234569 01234678 0 0 0
1 5 2 1 3 012345 012 02345689 01234678 01 02 08
1 5 2 1 34 023456789 012 01234679 012345689 0 0 0
1 5 2 1 456 0123456789 01 012345689 02346789 0 0 0
1 5 2 1 6 0123 01 0123456789 0124568 0 0 0
1 5 2 1 67 2345689 012 0123456789 024568 0 0 0
1 5 2 1 789 01246789 012 01234689 0123456789 01 01269 023468
1 5 2 1 9 456 01 012346789 0123456789 01 02346 0248
1 5 2 12 09 0124678 012 01234569 012345678 0 0 0
1 5 2 2 012 045678 012 0123456789 02345689 0 0 0
1 5 2 2 2 678 012 0234569 0245678 012 02346789 01234678
1 5 2 2 23 089 01 0123456789 0123456789 012 0249 0248
1 5 2 2 3 0 01 0123456789 0123456789 0 0 0
1 5 2 2 3 01 012 012345789 0123456789 0 0 0
1 5 2 2 3 12 01 01234569 01234678 012 0123469 01245678
1 5 2 2 3 2 012 123456789 0123456789 0 0 0
1 5 2 2 3 23 02 02345 012345689 012 012345679 02468
1 5 2 2 3 3 01 01234569 0123456789 0 0 0
1 5 2 2 3 3456789 012 012345679 0245689 0 0 0
1 5 23 02 0345 012345689 01 012345689 01234689 0 0 0
1 5 3 0 01 016789 012 012345689 02345689 0 0 0
1 5 3 0 1 123456789 012 01234569 01245678 0 0 0
1 5 3 0 2 01234 012 012345679 0234678 0 0 0
1 5 3 0 2 456 012 012345679 01234689 0 0 0
1 5 3 0 2 6789 012 0123456789 012345689 0 0 0
1 5 3 0 23 01239 012 012345679 012346789 0 0 0
1 5 3 0 3 3 01 0123456789 012345678 0 0 0
1 5 3 0 3 34567 012 0123456789 0124689 0 0 0
1 5 3 0 34 012378 012 01234569 0123456789 0 0 0
1 5 3 0 4 345 012 0123456789 0123456789 0 0 0
1 5 3 0 4 5 0 01234567 0123456789 0 0 0
1 5 3 0 4 5 012 012789 0123456789 0 0 0
1 5 3 0 45 0156789 012 0123456789 012345678 01 01236 02468
1 5 3 0 5 123 012 0123456789 0123468 012 029 0248
1 5 3 0 5 345 01 0123456789 0123456789 0 0 0
1 5 3 0 56 045678 01 012346789 01234678 0 0 0
1 5 3 0 6 7 01 0123456789 02468 0 0 0
1 5 3 0 6 789 012 023456789 012346789 0 0 0
1 5 3 0 67 029 012 01236789 012345678 01 0269 0248
1 5 3 0 7 2 0 0123 0123456789 012 02369 0248
1 5 3 0 7 2 0 34 0123456789 012 02369 0248
1 5 3 0 7 2 0 45678 0123456789 01 0269 0248
1 5 3 0 7 2 01 012389 0123456789 01 0269 0248
1 5 3 0 7 2 1 3456 0123456789 01 0269 0248
1 5 3 0 78 02345678 012 012369 0123456789 0 0 0
1 5 3 0 8 0 0 3456789 0123456789 0 0 0
1 5 3 0 8 0 01 0123459 0123456789 0 0 0
1 5 3 0 8 0124 012 023456789 0123456789 0 0 0
1 5 3 0 89 01245689 01 012 01248 01 013456789 012456789
1 5 3 0 9 2 0 0 2 1 12345678 0123456789
1 5 3 0 9 2 0 01234 0234678 012 0123489 023456789
1 5 3 0 9 2 0 45 012346789 012 0123456789 012468
1 5 3 0 9 2 0 5 01 012 012345689 02456789
1 5 3 0 9 2 0 567 0123456789 012 012346789 02468
1 5 3 0 9 2 01 126789 0123456789 012 02689 0124568
1 5 3 0 9 23456 012 012345679 0124568 0 0 0
1 5 3 0 9 6 012 0123456789 01234678 0 0 0
1 5 3 0 9 67 012 0123456 0123456789 0 0 0
1 5 3 0 9 78 01 012346789 012345689 0 0 0
1 5 3 01 019 0123456789 012 0123689 0123456789 0 0 0
1 5 3 1 1 12 012 012345679 012345689 0 0 0
1 5 3 1 12 01234568 012 012345679 0124568 0 0 0
1 5 3 12 2459 0245678 012 0234689 02346789 012 0123469 024568
1 5 34 02 05 045 01 0123 0123456789 012 0123469 0124689
1 5 4 0 0 01 01 02456789 012456789 012 01234569 02346789
1 5 4 0 0 123 01 0123456789 0123456789 0 0 0
1 5 4 0 0 3456 012 0123456789 0123456789 0 0 0
1 5 4 0 0 6 0 0123456789 0123456789 01 01236 023468
1 5 4 0 0 6 01 012345679 0123456789 0 0 0
1 5 4 0 0 67 012 012345789 0123456789 0 01 0468
1 5 4 0 0 7 012 0123456789 0123456789 01 023689 02468
1 5 4 0 0 89 01 0123469 01245678 012 012345689 02468
1 5 4 0 01 09 012 0123456789 01245689 0 0 0
1 5 4 0 1 012 012 01234569 0123456789 01 023469 024689
1 5 4 0 1 2 01 013456789 0123456789 01 0123689 024689
1 5 4 0 1 23 012 0123456789 012345678 01 0269 028
1 5 4 0 1 3 01 123456789 0123456789 01 0679 02468
1 5 4 0 1 34 02 0124 01246789 012 0123456789 024689
1 5 4 0 1 4 0 0 12 012 0123456789 0234568
1 5 4 0 1 4 0 0 234 012 0123456789 02468
1 5 4 0 1 4 0 0 456 012 0123456789 02468
1 5 4 0 1 4 0 0 678 012 0123456789 02468
1 5 4 0 1 4 0 01 089 012 0123456789 02468
1 5 4 0 1 4 0 1 012 012 0123456789 024568
1 5 4 0 1 4 0 1 23 012 0123456789 0234678
1 5 4 0 1 4 0 1 345 012 0123456789 024568
1 5 4 0 1 4 0 1 56 012 0123456789 023468
1 5 4 0 1 4 0 1 678 012 0123456789 02468
1 5 4 0 1 4 0 12 089 012 0123456789 012468
1 5 4 0 1 4 0 2 01 012 0123456789 0234689
1 5 4 0 1 4 0 2 123 012 0123456789 023468
1 5 4 0 1 4 0 2 34 01 0123456789 023456789
1 5 4 0 1 4 0 2 45 012 0123456789 012345689
1 5 4 0 1 4 0 2 56 012 0123456789 012456789
1 5 4 0 1 4 0 2 67 012 0123456789 0234568
1 5 4 0 1 4 0 2 78 012 0123456789 02456789
1 5 4 0 1 4 0 2 89 012 012345689 012345689
1 5 4 0 1 4 0 23 09 012 0123456789 024678
1 5 4 0 1 4 0 3 012 012 0123456789 012456789
1 5 4 0 1 4 0 3 23 012 0123456789 01245678
1 5 4 0 1 4 0 3 34 012 0123456789 0245678
1 5 4 0 1 4 0 3 45 012 0123456789 01234689
1 5 4 0 1 4 0 3 56 012 0123456789 0123456789
1 5 4 0 1 4 0 3 67 012 012345679 0123456789
1 5 4 0 1 4 0 3 78 012 0123456789 012346789
1 5 4 0 1 4 0 3 89 012 0123456789 023456789
1 5 4 0 1 4 0 34 09 012 0123456789 012456789
1 5 4 0 1 4 0 4 0 012 0123456789 0123456789
1 5 4 0 1 4 0 4 01 012 0123456789 01246789
1 5 4 0 1 4 0 4 12 012 0123456789 0123456789
1 5 4 0 1 4 0 4 23 012 0123456789 0123468
1 5 4 0 1 4 0 4 345 012 012346789 02345678
1 5 4 0 1 4 0 4 56 012 0123456789 024568
1 5 4 0 1 4 0 4 678 012 0123456789 0123468
1 5 4 0 1 4 0 45 089 012 0123456789 024568
1 5 4 0 1 4 0 5 012 012 0123456789 0123468
1 5 4 0 1 4 0 5 234 012 0123456789 02468
1 5 4 0 1 4 0 5 456 012 0123456789 02468
1 5 4 0 1 4 0 5 6789 012 0123456789 02468
1 5 4 0 1 4 0 56 09 012 0123456789 02468
1 5 4 0 1 4 0 6 012 012 0123456789 02468
1 5 4 0 1 4 0 6 234 012 0123456789 02468
1 5 4 0 1 4 0 6 4 012 0123456789 02346789
1 5 4 0 1 4 0 6 45 02 0123456789 0123456789
1 5 4 0 1 4 0 6 56 012 012346789 0123456789
1 5 4 0 1 4 0 6 67 012 0123456789 023456789
1 5 4 0 1 4 0 6 78 012 0123456789 012346789
1 5 4 0 1 4 0 6 89 012 01234679 0123456789
1 5 4 0 1 4 0 67 09 012 0123456789 012456789
1 5 4 0 1 4 0 7 01 012 0123456789 0124568
1 5 4 0 1 4 0 7 12 012 012345689 012345678
1 5 4 0 1 4 0 7 23 012 0123456789 023456789
1 5 4 0 1 4 0 7 34 012 0123456789 012346789
1 5 4 0 1 4 0 7 45 012 0123456789 02456789
1 5 4 0 1 4 0 7 56 012 0123456789 0234568
1 5 4 0 1 4 0 7 67 012 0123456789 012345689
1 5 4 0 1 4 0 7 78 012 0123456789 01245678
1 5 4 0 1 4 0 7 89 012 0123456789 012345678
1 5 4 0 1 4 0 78 019 012 0123456789 01246789
1 5 4 0 1 4 0 8 12 012 0123456789 024568
1 5 4 0 1 4 0 8 234 012 0123456789 0245689
1 5 4 0 1 4 0 8 45 012 0123456789 012468
1 5 4 0 1 4 0 8 67 012 0123456789 02468
1 5 4 0 1 4 0 89 012789 012 0123456789 0124689
1 5 4 0 1 4 0 9 23456789 012 012346789 02468
1 5 4 0 1 4 01 09 019 012 0123456789 02468
1 5 4 0 1 4 1 0 123 012 0123456789 02468
1 5 4 0 1 4 1 0 345678 01 0123456789 0246789
1 5 4 0 1 4 1 01 089 012 0123456789 02468
1 5 4 0 1 4 1 1 012 012 012346789 02468
1 5 4 0 1 4 1 1 234 012 0123456789 02468
1 5 4 0 1 4 1 1 456 012 0123456789 02468
1 5 4 0 1 4 1 1 67 012 0123456789 0123468
1 5 4 0 1 4 1 12 0789 012 012346789 02468
1 5 4 0 1 4 1 2 012 012 0123456789 02468
1 5 4 0 1 4 1 2 23 012 0123456789 0245678
1 5 4 0 1 4 1 2 34 012 0123456789 0245678
1 5 4 0 1 4 1 2 456 012 0123456789 024568
1 5 4 0 1 4 1 2 678 012 0123456789 01246789
1 5 4 0 1 4 1 2 8 012 0123456789 0123456789
1 5 4 0 1 4 1 2 89 012 0123456789 023456789
1 5 4 0 1 4 1 23 09 012 0123456789 023456789
1 5 4 0 1 4 1 3 012 012 0123456789 01234678
1 5 4 0 1 4 1 3 23 012 0123456789 023456789
1 5 4 0 1 4 1 3 345 012 0123456789 024568
1 5 4 0 1 4 1 3 567 012 0123456789 0123456789
1 5 4 0 1 4 1 3 78 012 0123456789 012456789
1 5 4 0 1 4 1 3 8 012 0123456789 023456789
1 5 4 0 1 4 1 3 89 012 0123456789 0234689
1 5 4 0 1 4 1 34 09 012 0123456789 0123456789
1 5 4 0 1 4 1 4 01 012 0123456789 0245689
1 5 4 0 1 4 1 4 12 012 0123456789 01234568
1 5 4 0 1 4 1 4 23 012 0123456789 012345689
1 5 4 0 1 4 1 4 34 012 0123456789 0234568
1 5 4 0 1 4 1 4 45 012 0123456789 0123456789
1 5 4 0 1 4 1 4 56 012 0123456789 012345678
1 5 4 0 1 4 1 4 67 012 0123456789 02456789
1 5 4 0 1 4 1 4 78 012 0123456789 012346789
1 5 4 0 1 4 1 4 89 012 0123456789 012456789
1 5 4 0 1 4 1 4 9 012 0123456789 012346789
1 5 4 0 1 4 1 45 09 012 0123456789 0123456789
1 5 4 0 1 4 1 5 01 012 0123456789 012456789
1 5 4 0 1 4 1 5 12 012 0123456789 01245678
1 5 4 0 1 4 1 5 23 012 0123456789 012345678
1 5 4 0 1 4 1 5 34 012 0123456789 0123456789
1 5 4 0 1 4 1 5 45 012 0123456789 012456789
1 5 4 0 1 4 1 5 56 012 0123456789 012345689
1 5 4 0 1 4 1 5 67 012 0123456789 012346789
1 5 4 0 1 4 1 5 78 012 0123456789 02346789
1 5 4 0 1 4 1 5 89 012 0123456789 012345678
1 5 4 0 1 4 1 56 09 012 0123456789 01245689
1 5 4 0 1 4 1 6 01 012 0123456789 023456789
1 5 4 0 1 4 1 6 12 012 0123456789 012346789
1 5 4 0 1 4 1 6 23 012 0123456789 02345678
1 5 4 0 1 4 1 6 3 012 0123456789 02456789
1 5 4 0 1 4 1 6 34 012 0123456789 012345678
1 5 4 0 1 4 1 6 45 012 0123456789 012456789
1 5 4 0 1 4 1 6 56 012 0123456789 023456789
1 5 4 0 1 4 1 6 67 012 0123456789 01234568
1 5 4 0 1 4 1 6 78 012 0123456789 012345678
1 5 4 0 1 4 1 7 0123456 012 012346789 02468
1 5 4 0 1 4 1 7 6789 012 0123456789 02468
1 5 4 0 1 4 1 78 02349 012 0123456789 02468
1 5 4 0 1 4 1 89 0456789 012 0123456789 02468
1 5 4 0 1 4 1 9 01234 012 012345679 0123468
1 5 4 0 1 4 1 9 456789 012 0123456789 02468
1 5 4 0 1 4 12 09 0123459 012 0123456789 02468
1 5 4 0 1 4 2 01 023456789 012 0123456789 02468
1 5 4 0 1 4 2 12 0456789 012 0123456789 0124568
1 5 4 0 1 4 2 2 456 012 0123456789 02468
1 5 4 0 1 4 2 2 67 012 0123456789 0124689
1 5 4 0 1 4 2 2 789 012 0123456789 0234568
1 5 4 0 1 4 2 23 019 012 0123456789 02468
1 5 4 0 1 4 2 3 12 012 0123456789 02345689
1 5 4 0 1 4 2 3 234 012 0123456789 0234678
1 5 4 0 1 4 2 3 45 012 0123456789 024568
1 5 4 0 1 4 2 3 567 012 0123456789 0234568
1 5 4 0 1 4 2 3 78 012 0123456789 024568
1 5 4 0 1 4 2 3 89 012 0123456789 02468
1 5 4 0 1 4 2 34 019 012 0123456789 02468
1 5 4 0 1 4 2 4 12 012 0123456789 0234568
1 5 4 0 1 4 2 4 234 012 0123456789 02468
1 5 4 0 1 4 2 4 45 012 0123456789 024568
1 5 4 0 1 4 2 4 567 012 0123456789 024689
1 5 4 0 1 4 2 4 78 012 0123456789 02468
1 5 4 0 1 4 2 45 089 012 0123456789 024568
1 5 4 0 1 4 2 5 01 012 0123456789 0245678
1 5 4 0 1 4 2 5 234 012 012345679 0124689
1 5 4 0 1 4 2 5 45 012 0123456789 02468
1 5 4 0 1 456 012 012459 0123456789 012 012349 024689
1 5 4 0 1 6 0 23456 0123456789 01 023469 024689
1 5 4 0 1 6 01 0126789 0123456789 0 0 0
1 5 4 0 1 6 1 2345 0123456789 012 012349 02345678
1 5 4 0 1 6 12 0156789 0123456789 0 0 0
1 5 4 0 1 67 02 0123456789 0123456789 0 0 0
1 5 4 0 1 7 01 01234569 0123456789 0 0 0
1 5 4 0 1 78 012 01245789 012345678 01 0123679 0245689
1 5 4 0 1 8 0 01 02345678 012 012346789 01234678
1 5 4 0 1 8 0 1234 01245678 01 01236789 0124678
1 5 4 0 1 8 01 01456789 0123456789 01 012369 02468
1 5 4 0 1 8 12 012456789 0123456789 01 023456789 02468
1 5 4 0 1 89 02 012345689 023456789 0 0 0
1 5 4 0 12 019 012 0123456789 0123456789 0 0 0
1 5 4 0 2 1 01 0123456789 012456789 012 01269 023468
1 5 4 0 2 12 012 0123456789 02456789 01 01236 02468
1 5 4 0 2 23 012 0123456789 012456789 0 0 0
1 5 4 0 2 34 02 0124 012469 012 0123469 0123456789
1 5 4 0 2 4 0 0 123 012 012346789 0234568
1 5 4 0 2 4 0 0 4567 012 01236789 012345678
1 5 4 0 2 4 0 0 789 012 0123456789 0123456789
1 5 4 0 2 4 0 01 0129 012 0123456789 02346789
1 5 4 0 2 4 0 1 234 012 012346789 01234568
1 5 4 0 2 4 0 1 456 012 012345689 012468
1 5 4 0 2 4 0 1 678 012 0123456789 012346789
1 5 4 0 2 4 0 12 089 012 012456789 0245678
1 5 4 0 2 4 0 2 0123 012 0123456789 012345678
1 5 4 0 2 4 0 2 3456 012 02346789 012456789
1 5 4 0 2 4 0 23 06789 012 0123456789 024689
1 5 4 0 2 4 0 3 012345 012 0123456789 0124689
1 5 4 0 2 4 0 3 56789 012 0123456789 0234568
1 5 4 0 2 4 0 34 012349 012 012346789 024568
1 5 4 0 2 4 0 45 0456789 012 01245689 0245678
1 5 4 0 2 4 0 5 012345 012 012346789 023468
1 5 4 0 2 4 0 5 567 012 0123456789 02456789
1 5 4 0 2 4 0 5 789 012 01234569 023456789
1 5 4 0 2 4 0 56 0123459 01 0123456789 024678
1 5 4 0 2 4 0 6 5678 012 012346789 0124678
1 5 4 0 2 4 0 67 0189 012 0123456789 012345678
1 5 4 0 2 4 0 7 12345 012 012345679 0123456789
1 5 4 0 2 4 0 7 567 012 012345689 01234689
1 5 4 0 2 4 0 78 01789 012 0123456789 02345678
1 5 4 0 2 4 0 8 123 012 0123456789 012345678
1 5 4 0 2 4 0 8 3456789 012 012345689 01234568
1 5 4 0 2 4 0 89 012349 01 012345679 023456789
1 5 4 0 2 4 0 9 56 012 0123456789 0123456789
1 5 4 0 2 4 0 9 6789 012 012345679 02345678
1 5 4 0 2 45 01 0129 012489 012 0123456789 023456789
1 5 4 0 2 5 0 0 01 012 0123456789 012456789
1 5 4 0 2 5 0 0 12 012 0123456789 012456789
1 5 4 0 2 5 0 0 23 012 0123456789 0123456789
1 5 4 0 2 5 0 0 34 012 0123456789 01246789
1 5 4 0 2 5 0 0 45 012 0123456789 02345689
1 5 4 0 2 5 0 0 56 012 0123456789 012456789
1 5 4 0 2 5 0 0 67 012 0123456789 0123456789
1 5 4 0 2 5 0 0 78 012 0123456789 0123456789
1 5 4 0 2 5 0 0 89 012 012346789 0123456789
1 5 4 0 2 5 0 01 09 012 012345679 012345678
1 5 4 0 2 5 0 1 01 012 0123456789 0123456789
1 5 4 0 2 5 0 1 1 012 0123456789 012345689
1 5 4 0 2 5 0 1 12 012 0123456789 0123456789
1 5 4 0 2 5 0 1 23 012 0123456789 012345678
1 5 4 0 2 5 0 1 34 012 01234569 0123456789
1 5 4 0 2 5 0 1 45 012 0123456789 012345678
1 5 4 0 2 5 0 1 5 012 0123456789 0123456789
1 5 4 0 2 5 0 1 56 012 0123456789 0123456789
1 5 4 0 2 5 0 1 67 012 0123456789 012345689
1 5 4 0 2 56 01 01236 024789 012 012345679 02456789
1 5 4 0 2 6 0 0 01 012 0123456789 012345689
1 5 4 0 2 6 0 0 12 012 012345689 012345689
1 5 4 0 2 6 0 0 234 012 0123456789 012345678
1 5 4 0 2 6 0 0 45 012 012345689 012345678
1 5 4 0 2 6 0 0 56 012 0123456789 012456789
1 5 4 0 2 6 0 0 6 012 012346789 012346789
1 5 4 0 2 6 0 0 67 012 0123456789 0123456789
1 5 4 0 2 6 0 0 78 012 0123456789 0123456789
1 5 4 0 2 6 0 01 012689 012 01234569 012345689
1 5 4 0 2 6 0 1 67 012 012345689 012345689
1 5 4 0 2 6 0 1 789 012 012345679 012345689
1 5 4 0 2 6 0 12 019 012 012346789 012345678
1 5 4 0 2 6 0 2 1 012 012456789 0123456789
1 5 4 0 2 6 0 2 12 012 012345689 0123456789
1 5 4 0 2 6 0 2 23 012 012346789 023456789
1 5 4 0 2 6 0 2 34 012 012345679 0123456789
1 5 4 0 2 6 0 23 245678 012 01234689 012346789
1 5 4 0 2 6 0 3 2 0 012345 0123456789
1 5 4 0 2 6 0 3 2 01 056789 0123456789
1 5 4 0 2 6 0 3 2 1 0123456 0123456789
1 5 4 0 2 6 0 3 2 12 016789 0123456789
1 5 4 0 2 6 0 3 23 02 012345 0123456789
1 5 4 0 2 6 0 3 3 0 123456 0123456789
1 5 4 0 2 6 0 3 3 01 0126789 0123456789
1 5 4 0 2 6 0 3 3 1 234567 0123456789
1 5 4 0 2 6 0 34 03468 012 012789 0123456789
1 5 4 0 2 6 0 4 8 0 123456 0123456789
1 5 4 0 2 6 0 4 8 01 016789 0123456789
1 5 4 0 2 6 0 4 8 1 1234567 0123456789
1 5 4 0 2 6 0 4 8 12 012789 0123456789
1 5 4 0 2 6 0 4 89 02 012345 0123456789
1 5 4 0 2 6 0 4 9 0 234567 0123456789
1 5 4 0 2 6 0 4 9 01 0123789 0123456789
1 5 4 0 2 6 0 4 9 1 345678 0123456789
1 5 4 0 2 6 0 456 02469 012 0129 0123456789
1 5 4 0 2 6 0 678 024568 01 0123456 0123456789
1 5 4 0 2 6 0 89 0124678 01 0123456 0123456789
1 5 4 0 2 6 1 01 0234568 01 012346 012345689
1 5 4 0 2 67 012 012456789 0123456789 01 026 048
1 5 4 0 2 78 02 01236789 0123456789 0 0 0
1 5 4 0 2 8 1 012345678 0123456789 0 0123468 02346789
1 5 4 0 2 89 012 012345689 0123456789 01 01289 02689
1 5 4 0 23 09 012 0123456789 012345689 0 0 0
1 5 4 0 3 0 01 0123456789 0123456789 0 0 0
1 5 4 0 3 01 012 0123456789 0123456789 0 0 0
1 5 4 0 3 123456 012 02346789 02456789 0 0 0
1 5 4 0 3 67 01 0123456789 0123456789 0 0 0
1 5 4 0 3 78 012 0123456789 01245689 0 0 0
1 5 4 0 3 89 012 012345679 0123456789 0 0 0
1 5 4 0 34 09 01 023456789 0123456789 0 0 0
1 5 4 0 4 01 012 023456789 02345689 01 01236 02468
1 5 4 0 4 12 012 0124789 0123456789 01 023456789 0234568
1 5 4 0 4 23 01 023456789 0123456789 01 01236 02468
1 5 4 0 4 34 012 012346789 0123456789 01 0236 0248
1 5 4 0 4 45 01 0123456789 0123456789 01 02 08
1 5 4 0 4 5 012 023456789 0123456789 01 012369 02468
1 5 4 0 4 56 02 012345 0123456789 01 01236 02468
1 5 4 0 4 6 01 23456789 0123456789 01 0123456 012468
1 5 4 0 4 67 01 01346789 0123456789 01 012346 012468
1 5 4 0 4 7 01 2346789 0123456789 01 01234689 02468
1 5 4 0 4 7 1 23 0123456789 012 0123456789 02468
1 5 4 0 4 78 01 0345679 012345689 01 012345689 024678
1 5 4 0 4 8 01 2346789 023456789 012 012346789 02468
1 5 4 0 4 8 1 456 023456789 012 0123456789 0245689
1 5 4 0 4 8 1 678 02346789 01 012345689 01245678
1 5 4 0 4 8 1 8 0124568 012 0123456789 012345689
1 5 4 0 4 8 12 01289 0123456789 01 01234569 024678
1 5 4 0 4 89 02 0123456 0123456789 01 01236789 0245689
1 5 4 0 4 9 012 0123456789 012345678 01 026 048
1 5 4 0 45 09 02 0123456789 0123456789 01 01236 02468
1 5 4 0 5 0 12 0123469 0123456789 01 01236 0123456789
1 5 4 0 5 0 2 0 5 0 1234567 0123456789
1 5 4 0 5 0 2 0 568 01 01234789 0123456789
1 5 4 0 5 01 02 012 02345689 01 023456789 0123456789
1 5 4 0 5 1 01 123456789 023456789 01 01236789 02468
1 5 4 0 5 1 1 23456789 012456789 01 012369 02468
1 5 4 0 5 12 012 023459 012346789 012 0123456789 0123468
1 5 4 0 5 2 0 012 0123456789 012 0123689 02346789
1 5 4 0 5 2 0 234569 0123456789 012 0123469 012468
1 5 4 0 5 23 01 012346789 0123456789 01 026 048
1 5 4 0 5 34 012 0129 012468 01 0123456789 012345678
1 5 4 0 5 4 0 0 23456 01 01236789 012345678
1 5 4 0 5 4 0 0 6789 012 012345679 01246789
1 5 4 0 5 4 0 1 01234 01 0123456789 02468
1 5 4 0 5 4 0 12 045678 01 012346789 0123456789
1 5 4 0 5 4 0 2 01 012 012456789 012345678
1 5 4 0 5 4 0 2 1 0 012345 0123456789
1 5 4 0 5 4 0 2 1 01 056789 0123456789
1 5 4 0 5 4 0 2 1 1 012345 0123456789
1 5 4 0 5 4 0 2 1 12 056789 0123456789
1 5 4 0 5 4 0 2 124 012 012345 0123456789
1 5 4 0 5 4 0 2 456789 012 012345679 0123456789
1 5 4 0 5 4 0 23 019 012 012346789 0123456789
1 5 4 0 5 4 0 3 2345 012 012346789 0124689
1 5 4 0 5 4 0 3 6 012 023456789 0123456789
1 5 4 0 5 4 0 3 67 012 0123456789 0123456789
1 5 4 0 5 4 0 3 78 012 0123456789 0123456789
1 5 4 0 5 4 0 3 89 012 0123456789 0123456789
1 5 4 0 5 4 0 3 9 12 0123456789 0123456789
1 5 4 0 5 4 0 34 019 012 02345679 0123456789
1 5 4 0 5 4 0 4 1234 012 012346789 0123456789
1 5 4 0 5 4 0 4 456 012 01234679 0123456789
1 5 4 0 5 4 0 4 67 012 0123456789 01246789
1 5 4 0 5 4 0 45 678 012 0123456789 0123456789
1 5 4 0 5 4 0 5 67 012 0123456789 0123456789
1 5 4 0 5 4 0 5 7 01 123456789 023456789
1 5 4 0 5 4 0 5 78 012 012345679 0123456789
1 5 4 0 5 4 0 5 89 012 0123456789 0123456789
1 5 4 0 5 4 0 5 9 012 0123456789 0123456789
1 5 4 0 5 4 0 56 09 012 0123456789 0123456789
1 5 4 0 5 4 0 6 01 012 0123456789 0123456789
1 5 4 0 5 4 0 6 1 1 0123456789 0123456789
1 5 4 0 5 4 0 6 12 012 012345679 0123456789
1 5 4 0 5 4 0 6 2 012 0123456789 0123456789
1 5 4 0 5 4 0 6 23 012 0123456789 012456789
1 5 4 0 5 4 0 6 3 12 0123456789 0123456789
1 5 4 0 5 4 0 6 3456 012 012345689 0123456789
1 5 4 0 5 4 0 6 67 012 0123456789 0123456789
1 5 4 0 5 4 0 67 278 012 0123456789 0123456789
1 5 4 0 5 4 0 7 2 01 0123456789 0123456789
1 5 4 0 5 4 0 7 23 012 0123456789 0123456789
1 5 4 0 5 4 0 7 3 012 0123456789 0123456789
1 5 4 0 5 4 0 7 34 012 0123456789 0123456789
1 5 4 0 5 4 0 7 45 012 0123456789 0123456789
1 5 4 0 5 4 0 7 56 012 0123456789 0123456789
1 5 4 0 5 4 0 7 67 012 0123456789 0123456789
1 5 4 0 5 4 0 7 78 012 012346789 0123456789
1 5 4 0 5 4 0 78 0189 012 012345689 01234689
1 5 4 0 5 4 0 8 123 012 01234569 012345689
1 5 4 0 5 4 0 8 345 012 0123456789 023456789
1 5 4 0 5 4 0 8 56 012 012346789 0124689
1 5 4 0 5 4 0 8 678 012 01234569 0123456789
1 5 4 0 5 4 0 89 089 012 0123456789 0245689
1 5 4 0 5 4 0 9 01 01 0123456789 012345678
1 5 4 0 5 4 0 9 123 012 0123456789 0123456789
1 5 4 0 5 4 0 9 34 012 0123456789 0123456789
1 5 4 0 5 4 01 01239 0245689 01 012345679 0123456789
1 5 4 0 5 4 1 3 0 0 012345 0123456789
1 5 4 0 5 4 1 3 0 01 016789 0123456789
1 5 4 0 5 4 1 3 0123 01 012345689 0123456789
1 5 4 0 5 4 1 3 3467 01 0123456789 012345678
1 5 4 0 5 4 1 346 012478 01 012346789 0124689
1 5 4 0 5 4 1 6 23 01 0123456789 0123456789
1 5 4 0 5 4 1 6 345 012 0123456789 0123456789
1 5 4 0 5 4 1 6 56 012 0123456789 012456789
1 5 4 0 5 4 1 6 78 012 0123456789 0123468
1 5 4 0 5 4 1 67 0189 012 012346789 0123456789
1 5 4 0 5 4 1 7 12 012 0123456789 012345678
1 5 4 0 5 4 1 79 2346 012 012346789 0123456789
1 5 4 0 5 4 2 01 0234689 01 0123456 0123456789
1 5 4 0 5 4 2 12 01249 012 01234569 0123456789
1 5 4 0 5 45 012 012345689 012456789 01 0123456 01246789
1 5 4 0 5 56 012 012345689 01246789 0 012 046
1 5 4 0 5 6 1 5679 01234568 012 012345689 012468
1 5 4 0 5 67 012 0123459 0123456789 01 01269 02468
1 5 4 0 5 7 01 2345689 0123456789 012 0269 0248
1 5 4 0 5 78 012 0123456789 0123456789 01 026789 024678
1 5 4 0 5 8 012 023469 0123456789 012 01234569 01234568
1 5 4 0 5 89 02 01234568 0123456789 01 026789 02468
1 5 4 0 5 9 012 012345689 0123456789 0 0 0
1 5 4 0 56 09 012 012346789 01234568 0 0 0
1 5 4 0 6 01 012 0123459 0123456789 012 0249 0248
1 5 4 0 6 1 01 012356789 0123456789 012 01269 0248
1 5 4 0 6 1 1 345678 0123456789 012 01234569 02468
1 5 4 0 6 12 012 0123489 01245678 01 0123456789 02468
1 5 4 0 6 2 0 3 234 012 0123456789 012346789
1 5 4 0 6 2 0 3 45 012 012346789 024678
1 5 4 0 6 2 0 3 567 012 0123456789 012468
1 5 4 0 6 2 0 3 789 012 0123456789 01234689
1 5 4 0 6 2 0 34 019 012 0123456789 012468
1 5 4 0 6 2 0 4 12345 012 0123456789 024568
1 5 4 0 6 2 0 4 56789 012 0123456789 024689
1 5 4 0 6 2 0 456789 012346789 01 0123456789 02468
1 5 4 0 6 2 012 012346789 0123456789 01 09 02
1 5 4 0 6 23 012 0123456789 0123456789 0 0 0
1 5 4 0 6 34 012 0123456789 012346789 01 023469 024678
1 5 4 0 6 45 02 01234 023456789 01 026789 01245689
1 5 4 0 6 56 01 0123456789 02345678 012 012459 024678
1 5 4 0 6 6 012 0123456789 0124689 012 0234569 01245678
1 5 4 0 6 6 2 34 012345 012 01234569 012346789
1 5 4 0 6 6 2 4 67 0 0123456789 0123456789
1 5 4 0 6 6 2 4 7 01 0123456789 0123456789
1 5 4 0 6 67 02 04 0278 012 0123456789 0123456789
1 5 4 0 67 0789 01 01236789 012345678 012 0129 023468
1 5 4 0 7 01 012 01234569 0123456789 012 0124569 0234678
1 5 4 0 7 1 0 123 01456789 01 0123456789 012345678
1 5 4 0 7 12 01 0123456 0123456789 012 0246789 024678
1 5 4 0 7 23 012 0123456789 012456789 0 0 0
1 5 4 0 78 0346 012 0123456789 01245689 0 0 0
1 5 4 0 8 1 01 0123456 0123456789 01 01236 012468
1 5 4 0 8 12 012 01236789 0123456789 0 0 0
1 5 4 0 8 2 01 01789 012345678 01 01236 02468
1 5 4 0 8 2 1 123456789 012345689 01 01236 02468
1 5 4 0 8 23 02 01234678 0123456789 0 0136 012468
1 5 4 0 8 3 01 0123456789 0123456789 01 02346 024568
1 5 4 0 8 34 012 01234689 012456789 0 0 0
1 5 4 0 8 45 01 0123456789 0123456789 0 0 01
1 5 4 0 8 56 01 0126789 0123456789 01 01236 02468
1 5 4 0 8 6 01 01234569 02456789 012 01234569 0123468
1 5 4 0 8 678 012 02456789 012346789 012 012459 0124689
1 5 4 0 8 8 01 0123456789 0123456789 0 0 0
1 5 4 0 8 89 01 01234689 0123456789 01 01236 012468
1 5 4 0 89 09 012 0123456789 01245678 0 0 0
1 5 4 0 9 01 012 012346789 0123456789 0 0 0
1 5 4 0 9 1 01 0123456789 0123456789 01 01236 02468
1 5 4 0 9 12 012 012345679 0123456789 012 0249 0248
1 5 4 0 9 23 012 012345679 0123456789 0 0 0
1 5 4 0 9 3 01 056789 0123456789 01 026789 02468
1 5 4 0 9 34 01 0123456 0123456789 0 0 0
1 5 4 0 9 4 01 0126789 0123456789 0 0 0
1 5 4 0 9 45 012 012346789 0123456789 0 0 0
1 5 4 01 019 0123456 01 01234569 02345678 01 023456 024689
1 5 4 1 1 45678 012 012345679 012346789 0 0 0
1 5 4 1 12 089 012 0123456789 012345689 0 0 0
1 5 4 1 2 01246 012 012679 023456789 01 0123456 0245678
1 5 4 1 2 6 0 78 026789 01 012345679 0123456789
1 5 4 1 2456 024678 012 012345689 0123456789 012 0129 023468
1 5 4 1 79 236 01 012345689 012345689 0 0 0
1 5 4 1 9 34 012 0123456789 0123456789 0 0 0
1 5 4 1 9 4 012 0123456789 0123456789 0 0 0
1 5 4 1 9 456 012 01234689 012345678 0 0 0
1 5 4 1 9 6 12 0123456789 0123456789 01 0124569 0234689
1 5 4 1 9 67 02 01245 0123456789 012 01234569 0234568
1 5 4 1 9 7 0 23456789 0123456789 02 0125 023456
1 5 4 1 9 7 01 0129 0123456789 012 01234679 012468
1 5 4 1 9 78 01 01234569 0123456789 0 0 0
1 5 4 1 9 89 012 0123456789 0123456789 0 0 0
1 5 4 12 09 09 012 0123456789 0123456789 0 0 0
1 5 4 2 0 0 01 0123456789 0123456789 0 0 0
1 5 4 2 0 01 012 0123456789 01234678 0 0 0
1 5 4 2 0 12 01 01234589 023456789 012 01234569 0123468
1 5 4 2 0 2 01 0123456789 0123456789 0 0 0
1 5 4 2 0 23 01 0123456789 01234568 012 02456789 02468
1 5 4 2 0 3 1 345678 0123456789 0 0 0
1 5 4 2 0 34 012 01234589 0123456789 0 0 0
1 5 4 2 0 45 01 0123456789 012345689 012 02459 0123458
1 5 4 2 0 56 012 023456789 0123456789 0 0 0
1 5 4 2 0 67 012 0123456789 0123456789 0 0 0
1 5 4 2 0 7 012 012346789 0123456789 0 0 0
1 5 4 2 0 789 012 0123456789 012346789 0 0 0
1 5 4 2 0 9 012 023456789 0123456789 01 01236 02468
1 5 4 2 01 09 012 0123456789 012345689 01 01236 012468
1 5 4 2 1 01 02 012346 0123456789 01 026 048
1 5 4 2 1 1 01 01789 012456789 012 01234569 023468
1 5 4 2 1 123 012 0123456789 01245689 0 0 0
1 5 4 2 1 34 012 01236789 012345678 012 0129 023468
1 5 4 2 1 4 012 01234569 0123456789 0 0 0
1 5 4 2 1 567 012 012346789 01234568 0 0 0
1 5 4 2 1 789 012 012346789 012345678 0 0 0
1 5 4 2 12 019 012 012345689 012345678 0 0 0
1 5 4 2 2 12 01 012346789 012346789 012 01234569 02468
1 5 4 2 2 23 012 01234569 012345678 0 0 0
1 5 4 2 2 3 01 23456789 0123456789 0 0 0
1 5 4 2 23 234568 012 012346789 0124568 0 0 0
1 5 45 02 034 0126789 01 012346789 012456789 0 0 0
1 5 5 0 0 2 01 26 012348 012 0123456789 02468
1 5 5 0 0 2 1 6 3456 012 0123456789 02468
1 5 5 0 0 2 1 67 06789 012 0123456789 02468
1 5 5 0 0 2 1 7 01234 012 0123456789 02468
1 5 5 0 0 2 1 789 0245689 012 0123456789 02468
1 5 5 0 01 0123456789 012 01246789 0123456789 0 034 028
1 5 5 0 1 2345689 012 01234689 02345689 01 0256 012468
1 5 5 0 12 09 01 012345689 0123456789 0 0 0
1 5 5 0 2 0 01 0123456789 0123456789 0 0 0
1 5 5 0 2 01 012 0123456789 012345689 0 0 0
1 5 5 0 2 123456 012 0123456789 02456789 0 0 0
1 5 5 0 2 6 01 0123456789 0123456789 0 0 0
1 5 5 0 2 67 012 0123456789 0123456789 0 0 0
1 5 5 0 2 789 012 01234569 012346789 0 0 0
1 5 5 0 2 9 01 0123456789 012345678 0 0 0
1 5 5 0 23 09 012 012345679 0123456789 0 0 0
1 5 5 0 3 012 012 0123456789 012345689 0 0 0
1 5 5 0 3 234567 012 01234569 0123456789 0 0 0
1 5 5 0 34 02345789 012 012356789 0123456789 0 0 0
1 5 5 0 4 56 012 01234569 0123456789 01 02 08
1 5 5 0 4 6 12 01256789 0123456789 01 01236 0246789
1 5 5 0 45 0123456789 012 01234569 01246789 0 0 0
1 5 5 0 5 78 012 01234569 0123456789 012 02459 01248
1 5 5 0 56 089 012 0123456789 012345678 0 0 0
1 5 5 0 6 0123 012 012346789 0123456789 0 0 0
1 5 5 0 6 34 012 012345679 0123456789 01 02 08
1 5 5 0 6 456789 01 0123456789 0123456789 0 0 0
1 5 5 0 67 012349 012 01234689 012345689 0 0 0
1 5 5 0 789 0145689 012 02345679 0123456789 012 0129 0268
1 5 5 0 9 1234 01 0123456789 012456789 02 02 04
1 5 5 0 9 4 01 12345689 012346789 0 0 0
1 5 5 0 9 4 12 012346789 0123456789 0 0 0
1 5 5 01 09 0245678 012 0124569 012345689 0 0 0
1 5 5 1 0 2 01 0123456789 0123456789 01 02 08
1 5 5 1 0 2 12 03456789 0123456789 0 0 0
1 5 5 1 0 23 012 012456789 0123456789 0 0 0
1 5 5 1 0 3 12 0123456789 012345678 0 0 0
1 5 5 1 0 34567 012 012345679 012346789 01 01269 02468
1 5 5 1 01 0123789 012 012346789 0124689 0 0 0
1 5 5 1 1 34567 012 0123456789 0123456789 0 0 0
1 5 5 1 1 7 0 12345678 0123456789 01 01236 02468
1 5 5 1 1 7 01 0123489 0123456789 01 01236 02468
1 5 5 1 1 7 1 456789 0123456789 01 01236 023468
1 5 5 1 1 7 12 012349 0123456789 0 0 0
1 5 5 1 12 012345678 012 012345679 01245689 01 01236 024568
1 5 5 1 23 0123678 012 012346789 012345678 0 0 0
1 5 5 1 3 3 0 012345678 0123456789 0 0 0
1 5 5 1 3 3 012 01234689 0123456789 01 01269 024678
1 5 5 1 3 3456 012 0234569 0123456789 012 02349 024689
1 5 5 1 3 6789 012 01234689 0123456789 0 0 0
1 5 5 1 34 09 012 012346789 01245689 01 029 028
1 5 5 1 4 012345 012 01234569 02345678 0 0 0
1 5 5 1 45 0156789 012 0123456789 02468 0 0 0
1 5 5 1 5 123456 012 012345679 0123456789 0 0 0
1 5 5 1 56 01234789 012 0123456789 012346789 0 0 0
1 5 5 1 6 45 01 01234569 012345678 0 0 0
1 5 5 1 6789 012456789 01 0123469 02345678 01 023456 012468
1 5 5 1 9 0 0 01 012345678 01 012345678 0123456789
1 5 5 1 9 0 0 1 345678 01 012345679 0123456789
1 5 5 1 9 0 0 12 0189 01 0123456789 012346789
1 5 5 1 9 0 0 2 123489 01 0123456789 023456789
1 5 5 1 9 0 0 23 012349 01 01234567 0123456789
1 5 5 1 9 0 0 3 45 01 0126789 0123456789
1 5 5 1 9 0 0 3 56 01 0123456789 0123456789
1 5 5 1 9 0 0 3 678 01 01234567 0123456789
1 5 5 1 9 0 0 3 89 01 012345789 0123456789
1 5 5 1 9 0 0 34 01239 01 023456789 0123456789
1 5 5 1 9 0 0 4 3456 01 0123456789 0123456789
1 5 5 1 9 0 0 45 06789 01 0123456789 0123456789
1 5 5 1 9 0 0 5 01 01 0123456789 0123456789
1 5 5 1 9 0 0 5 12 012 023456789 0123456789
1 5 5 1 9 0 0 56 023456789 01 012345679 0123456789
1 5 5 1 9 0 0 67 0123456789 01 01234569 02346789
1 5 5 1 9 0 01 0123789 0123456789 0 0 0
1 5 5 1 9 0 12 0123456789 0123456789 0 0 0
1 5 5 1 9 01234567 012 023459 0123456789 0 0 0
1 5 5 12 09 01289 012 0123456789 0123456789 0 0 0
1 5 5 2 0 23 012 0123456789 012456789 01 023456 023468
1 5 5 2 0 345 012 012345679 012345689 01 01236 012468
1 5 5 2 01 01256789 02 0123 012345678 01 01234689 012468
1 5 5 2 1 2 0 3456 0123456789 01 01234689 0124678
1 5 5 2 1 2 01 06789 0123456789 0 013 012468
1 5 5 2 1 2 1 01 0123456789 012 012346789 012468
1 5 5 2 1 23 012 0123456789 0123456789 0 0 0
1 5 5 2 12 012345689 012 012345679 012345678 0 0 0
1 5 5 2 2 56 012 0123456789 012345689 0 0 0
1 5 5 2 2 6789 012 01234589 0123456789 01 01236 012468
1 5 5 2 23 0129 012 01246789 012346789 0 0 0
1 5 5 2 3 2 0 0134 012468 012 012345689 01234689
1 5 5 2 3 2 012 012469 012346789 01 012346 012468
1 5 5 2 34 0123456789 012 0123469 0234568 01 0256 024689
1 5 5 2 45 0123489 012 01234569 01234568 0 0 0
1 5 5 2 5 4 012 01234569 023456789 0 0 0
1 5 56 02 05 012345 012 0123456789 0123456789 0 0 0
1 5 6 0 01 012346789 012 01234679 01234678 0 01 06
1 5 6 0 1 3456789 012 0126789 0123456789 01 0236 0248
1 5 6 0 12 0129 012 01234679 012346789 0 0 0
1 5 6 0 23 023456789 012 012346789 02345678 0 0 0
1 5 6 0 3 01234567 012 023456789 024689 0 06 04
1 5 6 0 3 789 012 012345679 012345689 01 029 068
1 5 6 0 34 09 01 0123456789 0123456789 0 0 0
1 5 6 0 4 01234 012 012345689 01245689 0 0 0
1 5 6 0 4 45678 012 0123456789 0123456789 0 0 0
1 5 6 0 45 089 012 01234569 0123456789 01 01236 02468
1 5 6 0 5 01234 012 0234569 01234678 01 02689 0468
1 5 6 0 5 4 0 0123456789 0123456789 01 02346 0248
1 5 6 0 5 4 012 0123456789 0123456789 0 0 0
1 5 6 0 5 45 02 012345 012345678 012 02349 01248
1 5 6 0 5 5 01 0123456789 0123456789 0 0 0
1 5 6 0 5 5678 012 0123456789 012345689 0 0 0
1 5 6 0 5 9 01 0123456789 012346789 0 0 0
1 5 6 0 5 9 12 012356789 012345678 01 012367 012468
1 5 6 0 56 0123459 012 01234569 012345689 01 089 024678
1 5 6 0 6 567 012 012345689 0123456789 01 01236 02468
1 5 6 0 67 0789 012 0123469 012345678 0 0 0
1 5 6 0 7 0 01 0123456789 0124689 0 0 0
1 5 6 0 7 012 012 0123456789 01234689 0 0 0
1 5 6 0 78 023456789 012 0123456789 0124568 0 0 0
1 5 6 0 89 0123489 012 012346789 01234689 0 0 0
1 5 6 01 09 034678 012 0234569 0123456789 0 0 0
1 5 6 1 0 12467 012 012346789 01234689 0 0 0
1 5 6 1 0 789 012 012346789 0123456789 0 0 0
1 5 6 1 0 9 012 0123456789 0123456789 0 0 0
1 5 6 1 0 9 2 4 0456789 012 0123456789 02468
1 5 6 1 01 0129 012 0123456789 0123456789 01 023469 02468
1 5 6 1 1 2 12 0123456789 012345689 0 0 0
1 5 6 1 123 023456789 012 01234569 012346789 0 0 0
1 5 6 1 3 4 01 0123456789 0123456789 0 0 0
1 5 6 1 34 023456789 012 01234679 01234568 0 0 0
1 5 6 1 4 456 012 01234569 012346789 0 0 0
1 5 6 1 4 6789 012 01234569 0123456789 01 02 08
1 5 6 1 45 012349 012 0123456 0123456789 01 026789 02468
1 5 6 1 5 4 0 678 02346789 012 023456789 023456789
1 5 6 1 5 4 01 012389 0123456789 012 02459 023458
1 5 6 1 5 4 1 3456 023456789 012 0123456789 02345678
1 5 6 1 5 4 12 016789 0123456789 012 02459 023458
1 5 6 1 5 4 2 12 023456789 012 01234569 0234678
1 5 6 1 5 4 2 2345 012345689 012 012356789 02345689
1 5 6 12 2569 02456789 012 02456789 01234678 012 012489 0245678
1 5 6 2 2 45 01 0123456789 0123456789 0 0 0
1 5 6 2 2 5 01 01456789 0123456789 0 0 0
1 5 6 2 2 56 01 012346789 0123456789 01 012346789 02456789
1 5 6 2 2 67 012 0123456789 0123456789 0 0 0
1 5 6 2 2 7 01 0123456 0123456789 0 0 0
1 5 6 2 2 7 12 012346789 0123456789 0 0 0
1 5 6 2 2 78 012 0123456789 0123456789 0 0 0
1 5 6 2 2 89 012 012456789 0123456789 0 0 0
1 5 6 2 2 9 01 0123456789 0123456789 01 02 08
1 5 6 2 23 09 012 0123456789 0123456789 01 023467 0468
1 5 6 2 3 01 01 012345679 012345689 01 0789 012346
1 5 6 2 3 1 01 0123456789 012346789 0 06 046789
1 5 6 2 3 12 01 013456789 0123456789 01 0126789 024678
1 5 6 2 3 23 01 01234569 0123456789 0 0 0
1 5 6 2 3 3 012 012456789 0123456789 0 0 0
1 5 6 2 3 34 012 0123456789 0123456789 0 0 0
1 5 6 2 3 45 012 012345679 0123456789 0 0 0
1 5 6 2 3 56 01 012456789 023456789 01 012679 0124678
1 5 6 2 3 6 0 1236789 0123456789 012 0124679 0245689
1 5 6 2 3 67 012 0123456789 012456789 01 0569 02
1 5 6 2 3 78 01 012345678 0123456789 012 0129 024689
1 5 6 2 3 8 012 012346789 0123456789 0 0 0
1 5 6 2 3 89 012 0123456 0123456789 0 0 0
1 5 6 2 34 09 012 023456789 023456789 012 026789 02468
1 5 6 2 4 01 012 01234569 012345689 01 026789 02468
1 5 6 2 4 12 01 0123456789 012345689 01 02 08
1 5 6 2 4 23 012 01234689 0123456789 0 0 0
1 5 6 2 4 3 12 0123456789 0123456789 0 0 0
1 5 6 2 4 34 02 012345 0123456789 0 0 0
1 5 6 2 4 45 012 01234569 0123456789 0 0 0
1 5 6 2 4 5 012 0123456789 012345689 0 0 0
1 5 6 2 4 56 02 01234678 0123456789 0 0 0
1 5 6 2 4 6 012 0123456789 0123456789 0 0 0
1 5 6 2 4 67 02 0123456 0123456789 0 0 0
1 5 6 2 4 78 01 0123467 01234568 01 0123469 012345678
1 5 6 2 4 89 01 0123456789 0123456789 012 0123479 0245678
1 5 6 2 4 9 01 0123456789 0123456789 0 0 0
1 5 6 2 45 09 012 01245789 0123456789 01 0123469 0124689
1 5 6 2 5 01 01 012367 0123456789 01 01236 0124568
1 5 6 2 5 1 012 012456789 0123456789 0 0 0
1 5 6 2 5 12 012 0123456789 0123456789 0 0 0
1 5 6 2 5 23 012 012346789 0123456789 0 0 0
1 5 6 2 5 345 012 01234569 0123456789 0 0 0
1 5 6 2 5 5 01 013456789 0123456789 0 0 0
1 5 67 02 05 0125 01 01234569 012345689 0 0 0
1 5 7 0 0 2345 01 012345689 0123456789 01 01234569 023468
1 5 7 0 0 5 01 019 02456789 012 023456789 012345678
1 5 7 0 01 056789 01 012346 012345689 01 026789 02468
1 5 7 0 1 0 01 012456789 012345678 01 026789 02468
1 5 7 0 1 0 12 0123456789 0123456789 0 0 0
1 5 7 0 1 01234 012 012345689 012456789 0 0 0
1 5 7 0 1 45 02 01234567 012456789 0 0 0
1 5 7 0 1 5 01 012345789 0123456789 0 0 0
1 5 7 0 1 5 12 01236789 0123456789 0 0 0
1 5 7 0 12 056789 012 0123456789 012345678 0 0 0
1 5 7 0 2 0 01 012356789 012456789 0 0 0
1 5 7 0 2 0 1 3456789 0123456789 0 012 0123468
1 5 7 0 2 012 012 0123459 0123456789 01 012345689 02468
1 5 7 0 2 2 0 234567 0123456789 0 0 0
1 5 7 0 2 2 01 012456789 0123456789 0 0 0
1 5 7 0 2 23 012 0123456789 012456789 01 01236 02468
1 5 7 0 2 3 2 34 012345678 01 0123456789 012456789
1 5 7 0 2 3 2 4 12 01 0123456789 012456789
1 5 7 0 2 3 2 4 2 01 23456789 0123456789
1 5 7 0 2 3 2 4 23 012 01234589 0123456789
1 5 7 0 2 3 2 4 34 01 0123456789 0123456789
1 5 7 0 2 3 2 4 4 01 23456789 0123456789
1 5 7 0 2 3 2 4 45678 01 0123489 0123456789
1 5 7 0 2 345 012 0234567 012346789 01 02456 0123456789
1 5 7 0 2345 0125678 012 0123456789 0123456789 01 01236 023468
1 5 7 0 5 2 01 0123489 0123456789 0 0 0
1 5 7 0 5 2 12 0456789 0123456789 012 02346789 02468
1 5 7 0 5 2 2 012 02456789 012 012346789 02468
1 5 7 0 5 2 2 23 0123456789 01 012346 02468
1 5 7 0 5 2 2 345 012345689 01 0123469 02468
1 5 7 0 5 2345 012 0123459 0123456789 012 02469 0248
1 5 7 0 5 5 012 0123469 012345678 01 012369 02468
1 5 7 0 5 56 012 01234569 0123456789 012 023469 0248
1 5 7 0 5 6 2 01 089 012 0123456789 02468
1 5 7 0 5 6 2 123 012346 012 0123456789 02468
1 5 7 0 5 678 012 0123459 02456789 012 0123456789 02468
1 5 7 0 56 01234569 012 0123456789 02456789 0 0 0
1 5 7 0 6 6 01 0123456789 0123456789 0 0 0
1 5 7 0 6 6 1 012345678 0123456789 0 0 0
1 5 7 0 678 01236789 012 012345689 0124678 0 0 0
1 5 7 0 8 345 012 0123456789 012456789 0 0 0
1 5 7 0 89 0123456789 012 012346 02346789 0 0 0
1 5 7 0 9 6 01 123456789 0123456789 0 0 0
1 5 7 0 9 67 012 0123456789 012346789 012 012369 02468
1 5 7 01 09 01789 012 023456789 01234568 0 0 0
1 5 7 1 01 0123456789 012 012345689 01234689 0 0 0
1 5 7 1 1 2345689 01 0123456789 01234568 012 0123469 02468
1 5 7 1 1 9 01 012346789 012456789 0 03456789 0246789
1 5 7 1 1 9 12 012389 02345689 012 01234569 0123456789
1 5 7 1 12 0129 012 012345689 02456789 012 02459 02458
1 5 7 1 23 023456789 012 01234569 02346789 01 012369 02468
1 5 7 1 3 01 012 01234569 01246789 012 01234569 012345689
1 5 7 1 3 123 012 0123456789 0124568 0 0 0
1 5 7 1 3 34567 012 01234569 01245678 0 0 0
1 5 7 1 34 0123456789 012 0124569 012345689 0 0 0
1 5 7 1 45 089 01 012346789 0123456789 0 0 0
1 5 7 1 5 01234 012 012345689 0123456789 0 0 0
1 5 7 1 5 4567 01 0234567 0124568 012 023456789 012345689
1 5 7 1 5 7 12 01289 012468 01 012345679 0123456789
1 5 7 1 56 012456789 012 0123456789 0124568 012 0249 0234568
1 5 7 1 6 67 012 0123456789 0123456789 0 0 0
1 5 7 1 6 7 0 012345 0123456789 0 0 0
1 5 7 1 6 7 01 056789 0123456789 0 0 0
1 5 7 1 6 7 1 012345678 0123456789 0 0 0
1 5 7 1 6 7 12 029 023468 0 01234 0123456789
1 5 7 1 6 7 2 2 45 01 02456789 0123456789
1 5 7 1 6 7 2 2 5 0 012345 0123456789
1 5 7 1 6 7 2 2 567 01 01256789 0123456789
1 5 7 1 6 7 2 2 7 0 123456 0123456789
1 5 7 1 6 7 2 2 78 01 01236789 0123456789
1 5 7 1 6 7 2 2 8 0 345678 0123456789
1 5 7 1 6 7 2 2 8 01 012389 0123456789
1 5 7 1 6 7 2 2 8 1 345678 0123456789
1 5 7 1 6 7 2 2 89 012 012389 0123456789
1 5 7 1 6 7 2 2 9 0 345678 0123456789
1 5 7 1 6 7 2 2 9 01 012389 0123456789
1 5 7 1 6 7 2 2 9 1 345678 0123456789
1 5 7 1 6 7 2 23 09 012 012389 0123456789
1 5 7 1 6 7 2 3 0 0 345678 0123456789
1 5 7 1 6 7 2 3 0 01 012389 0123456789
1 5 7 1 6 7 2 3 0 1 345678 0123456789
1 5 7 1 6 7 2 3 01 012 012389 0123456789
1 5 7 1 6 7 2 3 1 0 345678 0123456789
1 5 7 1 6 7 2 3 1 01 012389 0123456789
1 5 7 1 6 7 2 3 1 1 345678 0123456789
1 5 7 1 6 7 2 3 1 12 012389 0123456789
1 5 7 1 6 7 2 3 12 02 012345 0123456789
1 5 7 1 6 7 2 3 2 01 23456789 0123456789
1 5 7 1 6 7 2 3 3 0 012345 0123456789
1 5 7 1 6 7 2 3 34 01 01256789 0123456789
1 5 7 1 6 7 2 3 4 0 234567 0123456789
1 5 7 1 6 7 2 3 45 01 0123789 0123456789
1 5 7 1 6 7 2 3 56 01 023456789 0123456789
1 5 7 1 6 7 2 3 6 0 012345 0123456789
1 5 7 1 6 7 2 3 67 01 01256789 0123456789
1 5 7 1 6 7 2 3 7 0 234567 0123456789
1 5 7 1 6 7 2 3 7 01 012789 0123456789
1 5 7 1 6 7 2 3 7 1 234567 0123456789
1 5 7 1 6 7 2 3 78 012 012789 0123456789
1 5 7 1 6 7 2 3 8 0 234567 0123456789
1 5 7 1 6 7 2 3 8 01 012789 0123456789
1 5 7 1 6 7 2 3 8 1 234567 0123456789
1 5 7 1 6 7 2 3 89 012 012789 0123456789
1 5 7 1 6 7 2 3 9 0 234567 0123456789
1 5 7 1 6 7 2 3 9 01 012789 0123456789
1 5 7 1 6 7 2 3 9 1 234567 0123456789
1 5 7 1 6 7 2 34 09 012 012789 0123456789
1 5 7 1 6 7 2 4 0 0 234567 0123456789
1 5 7 1 6 7 2 4 0 01 012789 0123456789
1 5 7 1 6 7 2 4 0 1 234567 0123456789
1 5 7 1 67 0123789 02 0124 012456789 012 0245789 0123456789
1 5 7 1 78 03456789 012 0123456789 02345678 0 0 0
1 5 7 1 8 012345 012 0123456 0123456789 0 0 0
1 5 7 1 89 0156789 012 012346789 0123456789 0 0 0
1 5 7 1 9 1 012 012456789 012345678 0 0 0
1 5 7 1 9 123467 02 012346 012345678 01 012369 01234568
1 5 7 1 9 7 0 6 6 01 0123456789 01245689
1 5 7 1 9 7 0 67 0123456789 012 01234569 012346789
1 5 7 12 09 0123789 012 012345689 024568 01 012346 0234689
1 5 7 2 0 34567 012 0123456789 024689 0 0 0
1 5 7 2 0123 0123456789 012 012346789 0234678 0 0 0
1 5 7 2 3 2345678 012 01234569 0123456789 01 01269 02468
1 5 7 2 3 8 012 0123456789 01245689 012 0123689 0123468
1 5 7 2 3 8 2 2 56 01 0123456789 024678
1 5 7 2 3 8 2 2 67 012 0123456789 0234568
1 5 7 2 3 8 2 2 7 01 0123456789 0234678
1 5 7 2 3 8 2 23 0789 012 0123456789 0123468
1 5 7 2 3 8 2 3 0 01 0123456789 024568
1 5 7 2 3 8 2 3 01 012 012345689 02468
1 5 7 2 3 8 2 34 012456 012 0123456789 0234689
1 5 7 2 3 89 012 0123469 0123456789 01 02 08
1 5 7 2 34 09 02 01234 0123456789 01 0123689 01246789
1 5 7 2 4 0 0 45 02456789 012 012345679 01245689
1 5 7 2 4 0 0 5 789 012 0123456789 012346789
1 5 7 2 4 0 0 56 019 012 0123456789 012456789
1 5 7 2 4 0 0 6 1234 012 0123456789 0124568
1 5 7 2 4 0 0 6 4 01 0123456789 0124689
1 5 7 2 4 0 0 6 45 012 0123459 0123456789
1 5 7 2 4 0 0 6 5 01 0123456789 012345689
1 5 7 2 4 0 0 6 5 12 0123456789 0124689
1 5 7 2 4 0 0 6 56 02 01234567 0234568
1 5 7 2 4 0 0 6 6 01 0123456789 0246789
1 5 7 2 4 0 0 6 67 012 01234589 0123456789
1 5 7 2 4 0 0 6 7 01 0123456789 012346789
1 5 7 2 4 0 0 6 7 12 0123456789 012345689
1 5 7 2 4 0 0 6 78 02 01234567 012345689
1 5 7 2 4 0 0 6 8 01 0123456789 02346789
1 5 7 2 4 0 0 6 89 012 01234589 0234568
1 5 7 2 4 0 0 6 9 01 0123456789 012346789
1 5 7 2 4 0 0 6 9 12 0123456789 01245689
1 5 7 2 4 0 0 67 09 012 0123456789 02456789
1 5 7 2 4 0 0 7 0 12 0123456789 024678
1 5 7 2 4 0 0 7 01 02 0123456 012345678
1 5 7 2 4 0 0 7 1 01 0123456789 0124689
1 5 7 2 4 0 0 7 12 012 012345789 024568
1 5 7 2 4 0 0 7 2 01 0123456789 01234568
1 5 7 2 4 0 0 7 2 12 0123456789 0123456789
1 5 7 2 4 0 0 7 23 02 012345678 023456789
1 5 7 2 4 0 0 7 3 01 0123456789 0123456789
1 5 7 2 4 0 0 7 34 012 01234589 024568
1 5 7 2 4 0 0 7 4 01 0123456789 0124568
1 5 7 2 4 0 0 7 4 12 0123456789 0245689
1 5 7 2 4 0 0 7 45 012 0123456789 024678
1 5 7 2 4 0 0 7 5 12 0123456789 0124568
1 5 7 2 4 0 0 7 56 02 012345 0123456789
1 5 7 2 4 0 0 7 6 01 0123456789 0245678
1 5 7 2 4 0 0 7 67 012 0123456789 0245678
1 5 7 2 4 0 0 7 7 01 0123456789 01245689
1 5 7 2 4 0 0 7 7 12 0123456789 012345678
1 5 7 2 4 0 0 7 78 02 0123456 0123456789
1 5 7 2 4 0 0 7 8 01 0123456789 0234568
1 5 7 2 4 0 0 7 89 012 012345789 02456789
1 5 7 2 4 0 0 7 9 01 0123456789 0124678
1 5 7 2 4 0 0 78 09 012 0123456789 0124678
1 5 7 2 4 0 0 8 0 01 0123456789 02345689
1 5 7 2 4 0 0 8 0 12 0123456789 02345689
1 5 7 2 4 0 0 8 01 02 0123456789 01234568
1 5 7 2 4 0 0 8 1 01 0123456789 012345689
1 5 7 2 4 0 0 8 12 012 01234589 02345678
1 5 7 2 4 0 0 8 2 01 0123456789 012468
1 5 7 2 4 0 0 8 23 012 0123456789 02456789
1 5 7 2 4 0 0 8 3 0 0123456789 012345689
1 5 7 2 4 0 0 8 3 12 0123456789 012345689
1 5 7 2 4 0 0 8 34 02 012345 0234689
1 5 7 2 4 0 0 8 4 01 0123456789 012456789
1 5 7 2 4 0 0 8 45 012 0123456789 012456789
1 5 7 2 4 0 0 8 5 01 0123456789 01245678
1 5 7 2 4 0 0 8 5 12 0123456789 024568
1 5 7 2 4 0 0 8 56 02 0123456789 024678
1 5 7 2 4 0 0 8 6 01 0123456789 02456789
1 5 7 2 4 0 0 8 67 02 012345 0124678
1 5 7 2 4 0 0 8 7 01 0123456789 02468
1 5 7 2 4 0 0 8 78 012 012345789 0234678
1 5 7 2 4 0 0 8 8 01 0123456789 02456789
1 5 7 2 4 0 0 8 8 12 0123456789 02345689
1 5 7 2 4 0 0 8 89 02 0123456789 01245678
1 5 7 2 4 0 0 8 9 012 0123456789 012456789
1 5 7 2 4 0 0 89 09 02 0123456 012345678
1 5 7 2 4 0 0 9 0 01 0123456789 0245689
1 5 7 2 4 0 0 9 01 012 012345789 0234678
1 5 7 2 4 0 0 9 1 01 0123456789 0234678
1 5 7 2 4 0 0 9 1 12 0123456789 023456789
1 5 7 2 4 0 0 9 12 02 012345678 02456789
1 5 7 2 4 0 0 9 2 012 0123456789 012468
1 5 7 2 4 0 0 9 23 02 0123456 0234678
1 5 7 2 4 0 0 9 3 01 0123456789 024689
1 5 7 2 4 0 0 9 34 012 01234589 0123456789
1 5 7 2 4 0 0 9 4 01 0123456789 02345689
1 5 7 2 4 0 0 9 45 012 0123456789 02456789
1 5 7 2 4 0 0 9 5 01 0123456789 02346789
1 5 7 2 4 0 0 9 5 12 0123456789 02468
1 5 7 2 4 0 01 09 025678 012 0123456789 023456789
1 5 7 2 4 0 1 0 234568 012 01234689 0123456789
1 5 7 2 4 0 1 0 89 012 0123459 0123456789
1 5 7 2 4 0 1 01 09 01 0123456789 0123456789
1 5 7 2 4 0 1 12 0123456 012 01234689 0123456789
1 5 7 2 4 0 1 2 4 1 456789 0123456789
1 5 7 2 4 0 1 234567 0123456789 012 029 012489
1 5 7 2 4 0 12 0123789 0123456789 0 0 0
1 5 7 2 4 01234567 012 0123456789 0123456789 0 0 0
1 5 7 2 45 0789 012 01236789 012468 0 0 0
1 5 7 2 5 01234 02 012345689 0123456789 0 0 0
1 5 7 2 5 4 01 23456789 0123456789 0 0 0
1 5 7 2 5 45 012 0123459 0123456789 01 02689 0468
1 5 78 02 05 012345 012 012346789 0123456789 0 0 0
1 5 8 0 0 689 01 0123456789 023456789 0 0 0
1 5 8 0 01 019 012 0123456789 0123456789 0 0 0
1 5 8 0 1 1 012 0123456789 0123456789 0 0 0
1 5 8 0 1 1234 012 0123456789 0245678 0 0 0
1 5 8 0 12 012345689 012 012346789 012345689 0 0 0
1 5 8 0 2 678 012 012345679 0123456789 0 0 0
1 5 8 0 234 012456789 012 0123456789 02345678 01 023456 023468
1 5 8 0 4 123 01 0123469 0124568 012 012346789 0123456789
1 5 8 0 4 345 012 01234569 012345678 012 01236 02468
1 5 8 0 4 56 01 023456789 0123456789 01 023469 0248
1 5 8 0 4 67 012 02459 01245678 012 012345689 0246789
1 5 8 0 45 01789 01 0123456789 012346789 01 02679 0268
1 5 8 0 5 1 01 0123456789 023456789 0 0 0
1 5 8 0 5 1 12 0123456789 0123456789 0 0 0
1 5 8 0 56 0123456789 012 0123456789 0124568 0 0 0
1 5 8 0 67 023456789 012 0123456789 012346789 0 0 0
1 5 8 0 7 01234 012 012345679 0234568 0 0 0
1 5 8 0 78 0145689 012 0123469 0123456789 0 0 0
1 5 8 0 8 1 012 0123456789 0123456789 0 0 0
1 5 8 0 8 123456 012 012345689 01234568 01 012369 0234678
1 5 8 0 8 678 01 0123469 02456789 012 01234569 024568
1 5 8 0 89 0123489 01 012345689 02456789 012 024569 02458
1 5 8 0 9 45 012 0123789 0123456789 0 0 0
1 5 8 0 9 5 01 0123456789 012345689 0 0 0
1 5 8 01 09 0156789 012 0123456789 0123468 0 0 0
1 5 8 1 0 123456 012 01236789 02346789 0 0 0
1 5 8 1 01 0123456789 012 01234569 0123456789 0 0 0
1 5 8 1 1 56 012 01234569 02346789 01 012369 0234689
1 5 8 1 1 6 01 123456789 0124689 01 01236 012468
1 5 8 1 1 6 12 01289 023456789 012 0123456789 0124689
1 5 8 1 12 06789 012 0123456 0123456789 01 012369 02468
1 5 8 1 2 012 012 012456789 0123456789 0 0 0
1 5 8 1 2 23456 01 01234689 023456789 01 01236 0234689
1 5 8 1 234 0123456789 012 02345679 01234678 012 029 0248
1 5 8 1 4 0 012 0123456789 0123456789 0 0 0
1 5 8 1 4 0123456 012 0123456789 0123456789 0 0 0
1 5 8 1 45 0123456789 012 0123456789 0123456789 0 0 0
1 5 8 1 56 01256789 012 0123456789 012345678 0 0 0
1 5 8 1 67 01234568 012 01234569 012346789 0 0 0
1 5 8 1 7 3 01 123456789 0123456789 0 0 0
1 5 8 1 7 3 12 03456789 0123456789 01 01269 024678
1 5 8 1 7 3 2 0123 012345689 0 0123456 012456789
1 5 8 1 7 3 2 3 1 01 123456789 012345689
1 5 8 1 7 34 02 03468 012345678 012 012349 0123456789
1 5 8 1 7 45 01 012345689 0123456789 012 0234569 0124568
1 5 8 1 7 5678 012 0123456789 012345678 01 02 08
1 5 8 1 78 089 012 0123456789 012345678 01 02 08
1 5 8 1 89 01234568 012 01234569 01245678 01 026789 012468
1 5 8 12 019 0123456789 012 01234569 0245678 0 0 0
1 5 8 2 12 0129 01 02346789 0123456789 0 0 0
1 5 8 2 2 234 01 012345689 0123456789 0 0 0
1 5 8 2 2 4 0 12346789 02346789 01 012369 012468
1 5 8 2 2 45678 01 012346789 012346789 0 0 0
1 5 8 2 2 89 012 012345679 0123456789 0 0 0
1 5 8 2 23 01239 012 0123456789 012346789 0 0 0
1 5 8 2 3 34 012 0123456789 012456789 01 02346 0248
1 5 8 2 34 045689 012 01234569 01245689 0 0 0
1 5 8 2 4 01234 012 0123456789 01234689 0 0 0
1 5 8 2 4 567 0 0134 024689 01 0123456789 02468
1 5 8 2 4 7 0 4 89 012 0123456789 024678
1 5 8 2 4 7 0 45 09 012 0123456789 01234568
1 5 8 2 4 7 0 5 0 12 012346789 0123456789
1 5 8 2 4 7 0 5 01 012 0123456789 0124678
1 5 8 2 4 7 0 5 12 012 0123456789 02468
1 5 8 2 4 7 0 5 23 012 01234569 01234568
1 5 8 2 4 7 0 5 3 01 0123456789 012346789
1 5 8 2 4 7 0 5 34 012 012345689 0123456789
1 5 8 2 4 7 0 5 45 012 0123456789 02468
1 5 8 2 4 78 01 01256789 012345689 012 0123469 0245678
1 5 8 2 4 8 1 34 0123456789 012 01234689 02468
1 5 8 2 4 8 1 45678 012345678 012 012345679 02468
1 5 8 2 4 8 12 01234589 0123456789 012 02369 0248
1 5 8 2 45 0124589 012 0123456789 0123456789 012 0249 01248
1 5 89 02 05 0125 012 0123456789 0123456789 0 0 0
1 5 9 0 0 2345678 012 012345689 012456789 01 02456 01248
1 5 9 0 01 089 012 0123456789 0123456789 01 029 028
1 5 9 0 1 01234 012 01236789 0123468 01 02 08
1 5 9 0 1 45678 01 01236789 012456789 01 01236 0123468
1 5 9 0 1 8 01 0123456789 012345689 012 02459 0248
1 5 9 0 1 8 12 0126789 012456789 012 01234569 0234689
1 5 9 0 12 01289 012 0123456789 0123456789 0 0 0
1 5 9 0 2 3456 01 0126789 0123456789 0 01 0248
1 5 9 0 2 6 1 2 789 012 0123456789 02468
1 5 9 0 23 01236789 012 023456789 012456789 0 0 0
1 5 9 0 34 013456789 01 0123456789 0123456789 0 0 0
1 5 9 0 4 1245678 012 01234569 01234568 01 01269 023468
1 5 9 0 4 8 1 6 2 01 0123456789 012345689
1 5 9 0 4 8 1 67 0123456789 012 0123456789 0123456789
1 5 9 0 4 89 012 023456789 0123456789 01 02346 024689
1 5 9 0 5 0123456 012 0123456789 0124568 0 0 0
1 5 9 0 56 06789 01 01369 02368 01 012346 0123456789
1 5 9 0 6 0 0 3 456 01 012346 012345678
1 5 9 0 6 0 01 12346789 0123456789 012 0123469 024568
1 5 9 0 6 01 012 0123456789 0123456789 012 02369 02468
1 5 9 0 6 123 012 01245689 01234689 012 012369 0123468
1 5 9 0 6 3 0 234 2348 012 012346789 0123456789
1 5 9 0 6 3 0 4 89 012 0123456789 0123456789
1 5 9 0 6 3 0 4 9 01 012346789 0123456789
1 5 9 0 6 3 0 45 019 012 0123456789 0123456789
1 5 9 0 6 3 0 5 12 012 0123456789 0123456789
1 5 9 0 6 3 0 5 23 012 0123456789 0123456789
1 5 9 0 6 3 01 245689 012345689 012 01234569 0234568
1 5 9 0 6 345 012 0123456789 0124689 012 01234569 0234689
1 5 9 0 6 56 012 012346789 01234568 0 0 0
1 5 9 0 67 012346789 012 0234689 012345689 01 026789 024678
1 5 9 0 7 567 01 0123456789 012346789 0 0 0
1 5 9 0 789 0123456789 012 012345679 01234678 0 0 0
1 5 9 01 09 012345689 01 01236789 0123456789 0 0 0
1 5 9 1 0 0 012 02345679 0123456789 0 0 0
1 5 9 1 0 0123456789 012 01234569 012346789 0 0 0
1 5 9 1 01 019 012 0123456789 0123468 01 02 08
1 5 9 1 1 12 012 012345679 012345689 0 0 0
1 5 9 1 1 3456 012 0123456789 0123456789 0 0 0
1 5 9 1 1 67 012 0123456789 0123456789 0 0 01
1 5 9 1 1 7 2 0123 0123456789 01 01234689 0124689
1 5 9 1 1 78 012 01234569 0123456789 01 0236 0248
1 5 9 1 12 01289 01 02345679 0234678 01 012367 023456789
1 5 9 1 2 2 12 01234569 012346789 01 0789 01245689
1 5 9 1 2 34 012 0123456789 0123456789 0 0 0
1 5 9 1 2 45 012 0123456789 0123456789 0 0 0
1 5 9 1 2 567 01 0123456789 012345689 0 0 0
1 5 9 1 2 78 012 0123456789 0123456789 0 0 0
1 5 9 1 23 012349 01 012346789 0124678 01 01269 024678
1 5 9 1 3 4 12 01239 0245689 01 023456789 01234689
1 5 9 1 3 456 012 0123456789 01234568 0 0 0
1 5 9 1 3 67 012 012345689 012346789 01 0123469 023468
1 5 9 1 34 089 012 0123456789 023456789 0 0 0
1 5 9 1 4 0123456 012 012456789 012345689 0 0 0
1 5 9 1 4 6 01 0123456789 023456789 0 0 0
1 5 9 1 4 678 01 012345678 0123456789 0 0 0
1 5 9 1 4 8 01 01234589 0123456789 0 0 0
1 5 9 1 4 8 12 0156789 0123456789 0 0 0
1 5 9 1 45 0189 012 0123456 0123456789 01 023456 02468
1 5 9 1 5 123 012 0123456789 0123456789 0 0 048
1 5 9 1 5 3 01 012349 012346789 01 0123469 02468
1 5 9 1 5 3 1 4567 0123456789 012 01234569 0124689
1 5 9 1 5 345 012 01234789 0123456789 01 023456 012468
1 5 9 1 56 0123456789 01 01234569 02345678 0 0 0
1 5 9 1 67 012789 012 0123456789 0123456789 0 0 0
1 5 9 1 7 2 012 0123456789 0123456789 0 0 0
1 5 9 1 78 023456789 012 012346789 012345689 01 02 08
1 5 9 1 8 012 012 012456789 0123456789 01 023456 012468
1 5 9 1 89 0123489 012 0123456789 012345678 0 0 0
1 5 9 1 9 456 012 012345689 012456789 01 026 08
1 5 9 1 9 67 02 012345 02345678 012 012345679 012346789
1 5 9 12 09 0123789 012 023456789 0123456789 0 0 0
1 5 9 2 0 345678 012 012345689 012345678 0 0 0
1 5 9 2 01 0123489 012 012345689 0123456789 0 0 0
1 5 9 2 1 45 012 0123456789 01245689 01 01269 012468
1 5 9 2 12 056789 012 01234569 0123456789 0 0 0
1 5 9 2 2 0 0 56789 0123456789 01 01234569 012456789
1 5 9 2 2 01 012 0123456789 0123456789 012 029 0248
1 5 9 2 2 123 012 0123456789 023456789 01 0236 0248
1 5 9 2 23 0123456789 012 02345689 01234568 0 0 0
1 5 9 2 34 012346789 012 01234679 012345678 012 02349 01245678
1 5 9 2 4 234567 012 0123456 023456789 0 0 0
1 5 9 2 4 78 012 01234569 012345689 01 01236 02468
1 5 9 2 45 01239 01 02679 01234568 0 012345 0123456789
1 5 9 2 5 3 0 0 5 01 0156789 0123456789
1 5 9 2 5 3 0 0 5 1 12345678 0123456789
1 5 9 2 5 3 0 0 5 12 01234589 0123456789
1 5 9 2 5 3 01 0123456789 012345678 02 05 045
1 5 9 2 5 34 012 0123456789 0123456789 0 0 0
1 5 9 2 5 4 01 0126789 012346789 0 012367 02456789
1 5 9 2 5 4 12 012346789 0123456789 01 0126789 02468
1 5 9 2 5 45 012 0123456789 012456789 0 0 0
1 56 09 02 05 05 012 01236789 0123456789 01 01236 024678
1 6 0 0 0 012 012 0123456789 012346789 0 0 0
1 6 0 0 0 23 012 0123456789 0123456789 0 0 0
1 6 0 0 0 3 012 012346789 0123456789 0 0 0
1 6 0 0 0 345678 012 0123459 0234568 01 01269 0124678
1 6 0 0 0 8 01 0156789 02456789 012 02369 02468
1 6 0 0 0 8 12 012346789 0123456789 012 0123679 02468
1 6 0 0 01 0123456789 012 0123469 012345689 012 029 0248
1 6 0 0 1 89 012 0123456789 023456789 0 0 0
1 6 0 0 1 9 01 01245679 012345689 012 0123469 0234689
1 6 0 0 12 09 012 012345789 012345689 0 0 0
1 6 0 0 2 0 01 0123456789 0123456789 01 02 08
1 6 0 0 2 0 12 0123456789 0123456789 01 012369 02468
1 6 0 0 2 012 02 012345 0123456789 012 0234679 0234689
1 6 0 0 2 2 01 012456789 012346789 02 0234 02568
1 6 0 0 2 2 1 234567 0123456789 012 01234689 0123468
1 6 0 0 2 2345 012 012345789 023456789 0 0 0
1 6 0 0 2 5 0 01234567 0123456789 0 0 0
1 6 0 0 2 5 01 089 02468 01 06789 0123456789
1 6 0 0 2 5 1 0 45 01 0123678 0123456789
1 6 0 0 2 5 1 0 568 012 01289 0123456789
1 6 0 0 2 5 1 12345678 012346789 0 0 0
1 6 0 0 23 05678 012 0123459 012346789 0 0 0
1 6 0 0 3 0 0 012345678 0123456789 0 0 0
1 6 0 0 3 0 01 01234589 012345689 012 02349 02489
1 6 0 0 3 0 12 012356789 012345689 0 0 0
1 6 0 0 3 012 012 0123456789 023456789 01 012689 02468
1 6 0 0 3 23 012 012345689 012456789 01 0123469 01245678
1 6 0 0 3 34 012 01236789 012345689 01 0234689 02468
1 6 0 0 34 0123456789 012 012679 0123456789 012 0249 01248
1 6 0 0 456 01234689 012 01234679 01234568 0 0 0
1 6 0 0 6 1234 012 012346789 0124689 0 0 0
1 6 0 0 67 01256789 012 0123679 012346789 0 0 0
1 6 0 0 7 23456789 012 01234569 0123456789 0 0 0
1 6 0 0 78 01239 01 012345689 012456789 0 0 0
1 6 0 0 89 0123456789 012 0123456789 0123456789 0 0 0
1 6 0 0 9 23 012 012456789 0123456789 0 0 0
1 6 0 0 9 3 01 0123456789 0123456789 0 0 0
1 6 0 01 09 03456789 012 0123456789 0124678 0 0 0
1 6 0 1 01 0123456789 012 012345679 0245678 0 0 0
1 6 0 1 1 123456789 012 01234569 0123456789 0 0 0
1 6 0 1 1 9 01 0123456789 0123456789 012 01234569 012468
1 6 0 1 12 0123456789 012 01234569 01245689 0 0 0
1 6 0 1 23 0189 01 012345679 0123456789 0 0 0
1 6 0 1 3 1 01 0123456789 0123456789 0 0 0
1 6 0 1 3 1245 012 0123456789 0123456789 0 0 0
1 6 0 1 3 67 012 0123456789 0124678 0 0 0
1 6 0 1 3 7 01 012346789 0123456789 0 0 0
1 6 0 1 34 01789 012 012345689 0124678 0 0 0
1 6 0 1 45 012345678 012 012346789 02468 0 0 0
1 6 0 1 5 123 012 01234569 0123456789 0 0 0
1 6 0 1 5678 01234568 012 012346789 024568 0 0 0
1 6 0 1 8 7 0 01234567 0123456789 0 0 0
1 6 0 1 8 7 01 01234789 0123456789 0 0 0
1 6 0 1 8 7 12 0156789 0123456789 01 01236 012468
1 6 0 1 89 01789 02 012345 012345689 0 0 0
1 6 0 1 9 1 01 013456789 0123456789 0 0 0
1 6 0 1 9 1 1 123456789 012345689 0 0 0
1 6 0 12 09 0123456789 012 012345679 012345678 0 0 0
1 6 0 2 0 12 0 012345 012345678 012 02345679 02468
1 6 0 2 0 2 01 23456 0123456789 012 012346789 012346789
1 6 0 2 0 2 1 56 01246 0 012345678 0123456789
1 6 0 2 0 2 1 6 4 01 0123456789 012456789
1 6 0 2 0 23 012 0126789 02345678 012 01234589 0234568
1 6 0 2 01 01456789 01 02345679 0123456789 012 02459 02458
1 6 0 2 1 123 012 0123456789 01245678 0 0 0
1 6 0 2 12 012345689 012 0245679 01234678 01 0123456789 023468
1 6 0 2 2 34 012 01234789 012345678 01 023469 02468
1 6 0 2 2 4 01 0123456789 0123456789 0 0 0
1 6 0 2 2 4 12 0123456789 0123456789 0 0 0
1 6 0 2 2 45 02 01234567 0123456789 0 0 0
1 6 0 2 2 5 01 0123456789 0123456789 0 0 0
1 6 0 2 2 5 12 01234789 0123456789 0 0 0
1 6 0 2 23 0156789 012 0123456789 012345689 0 0 0
1 6 0 2 3 12345678 012 0123456789 012346789 0 0 0
1 6 0 2 3 8 01 0123456789 012345678 0 0 0
1 6 0 2 34 0289 012 01234569 01234678 01 02456789 02468
1 6 0 2 4 2 0 0 123 01 023456789 01246789
1 6 0 2 4 2 0 0123 0123456789 012 012456789 024568
1 6 0 2 4 2 0 345678 012346789 012 01249 012345689
1 6 0 2 4 2 0 8 0123 01 0123456789 012346789
1 6 0 2 4 2 0 8 34 012 012346789 012345678
1 6 0 2 4 2 0 8 45 012 0123456789 0123456789
1 6 0 2 4 2 0 8 56789 012 0123456789 01246789
1 6 0 2 4 2 0 89 01239 012 012346789 0123456789
1 6 0 2 4 2 01 09 013456 012 01234569 024678
1 6 0 2 4 2 12 0129 01234689 012 01234569 0234678
1 6 0 2 4 2345678 012 01236789 0123456789 0 0 0
1 6 0 2 45 089 012 012345689 0123456789 0 0 0
1 6 0 2 5 0 01 012456789 012346789 0 0 0
1 6 0 2 5 0 1 23456789 0123456789 01 01236 023468
1 6 0 2 5 01234 012 01234569 012346789 0 0 0
1 6 01 02 05 012345 012 0123456789 023456789 0 0 0
1 6 1 0 01 0123456789 01 0123456789 02468 0 0 0
1 6 1 0 12 0126789 01 0123456789 012346789 012 029 0248
1 6 1 0 23 023456789 012 012349 012456789 01 026789 01245689
1 6 1 0 3 0 012 012346789 0123456789 01 01236 02468
1 6 1 0 3 0123456 012 0123456789 01234568 0 0 0
1 6 1 0 3 678 012 0123456789 0123456789 0 0 0
1 6 1 0 34 0123456789 012 01234569 0123456789 01 023469 0124568
1 6 1 0 4 9 0 0 3456 01 012346789 0123456789
1 6 1 0 4 9 0 01 01678 012 0123459 0123456789
1 6 1 0 4 9 0 1 1 01 0123456789 0123456789
1 6 1 0 4 9 0 1 12 012 0123456789 0123456789
1 6 1 0 4 9 01 123456789 0234689 01 012346 0123456789
1 6 1 0 45 019 012 01234569 0123456789 0 0 0
1 6 1 0 56 0123456789 012 012345679 012345689 0 0 0
1 6 1 0 6 56789 012 0123679 01245689 01 012346 0123456789
1 6 1 0 6 9 0 0 12 01 01234569 0123456789
1 6 1 0 6 9 0 0 234 01 01234569 0123456789
1 6 1 0 6 9 0 0 45 01 01234569 0123456789
1 6 1 0 6 9 0 0 56 01 01234569 0123456789
1 6 1 0 6 9 0 0 67 01 01234569 0123456789
1 6 1 0 6 9 0 0 789 01 012456789 0123456789
1 6 1 0 6 9 0 01 01234569 01 01234569 0123456789
1 6 1 0 6 9 0 1 6 01 23456789 0123456789
1 6 1 0 6 9 0 1 78 01 0123456 0123456789
1 6 1 0 6 9 0 1 89 01 0123456 0123456789
1 6 1 0 6 9 0 12 09 01 0123456 0123456789
1 6 1 0 6 9 0 2 012 01 0123456789 0123456789
1 6 1 0 6 9 0 2 2 0 123456 0123456789
1 6 1 0 6 9 0 2 23 01 0123456789 0123456789
1 6 1 0 6 9 0 23 234 01 012346 0123456789
1 6 1 0 6 9 0 3 23 01 012345679 0123456789
1 6 1 0 6 9 0 3 34 01 01234569 0123456789
1 6 1 0 6 9 0 3 45 01 01234569 0123456789
1 6 1 0 6 9 0 34 0124568 01 01245679 0123456789
1 6 1 0 6 9 0 4 89 01 02345679 0123456789
1 6 1 0 6 9 0 4 9 01 123456 0123456789
1 6 1 0 6 9 0 45 09 01 012345679 0123456789
1 6 1 0 6 9 0 5 012 01 01234569 0123456789
1 6 1 0 6 9 0 5 23 01 0123456789 0123456789
1 6 1 0 6 9 0 5 34 01 0123456 0123456789
1 6 1 0 6 9 0 5 45 01 0123456 0123456789
1 6 1 0 6 9 0 5 67 01 0123456 0123456789
1 6 1 0 6 9 0 5 789 01 012346 0123456789
1 6 1 0 6 9 0 56 09 01 012346 0123456789
1 6 1 0 6 9 0 6 01 01 0123456 0123456789
1 6 1 0 6 9 0 6 123 01 012345679 0123456789
1 6 1 0 6 9 0 6 34 01 01234569 0123456789
1 6 1 0 6 9 0 6 45 01 01234569 0123456789
1 6 1 0 6 9 0 6 56 01 012456789 0123456789
1 6 1 0 6 9 0 6 67 01 023456789 0123456789
1 6 1 0 6 9 0 6 7 0 012345 0123456789
1 6 1 0 6 9 0 6 789 01 012356789 0123456789
1 6 1 0 6 9 0 67 019 01 0123456789 0123456789
1 6 1 0 6 9 0 7 1 0 23456 0123456789
1 6 1 0 6 9 0 7 1245 01 012346789 0123456789
1 6 1 0 6 9 0 7 56 01 012345679 0123456789
1 6 1 0 6 9 0 7 67 01 012345679 0123456789
1 6 1 0 6 9 0 7 7 01 123456 0123456789
1 6 1 0 6 9 0 7 78 01 012345679 0123456789
1 6 1 0 6 9 0 7 89 01 012345679 0123456789
1 6 1 0 6 9 0 7 9 01 23456 0123456789
1 6 1 0 6 9 0 78 09 01 012345679 0123456789
1 6 1 0 6 9 0 8 012 01 01234569 0123456789
1 6 1 0 6 9 0 8 4 01 0123456 0123456789
1 6 1 0 6 9 0 8 456 01 012345679 0123456789
1 6 1 0 6 9 0 8 67 01 01234569 0123456789
1 6 1 0 6 9 0 8 78 01 01234569 0123456789
1 6 1 0 6 9 0 89 089 01 0123456 0123456789
1 6 1 0 6 9 0 9 01 01 012346 0123456789
1 6 1 0 6 9 0 9 123 01 012346 0123456789
1 6 1 0 6 9 0 9 34 01 0123456 0123456789
1 6 1 0 6 9 0 9 45 01 02345679 0123456789
1 6 1 0 6 9 0 9 56 01 01234569 0123456789
1 6 1 0 6 9 01 09 0678 01 0123456 0123456789
1 6 1 0 6 9 1 0 01 01 01234569 0123456789
1 6 1 0 6 9 1 0 12 01 01234569 0123456789
1 6 1 0 6 9 1 0 23 01 01234569 0123456789
1 6 1 0 6 9 1 0 34 01 01234569 0123456789
1 6 1 0 6 9 1 0 45 01 012345679 0123456789
1 6 1 0 6 9 1 0 56 01 01234569 0123456789
1 6 1 0 6 9 1 0 67 01 012345679 0123456789
1 6 1 0 6 9 1 0 78 01 01234569 0123456789
1 6 1 0 6 9 1 0 89 01 0123456789 0123456789
1 6 1 0 6 9 1 01 09 01 01234569 0123456789
1 6 1 0 6 9 1 1 01 01 01234569 0123456789
1 6 1 0 6 9 1 1 124 01 01234569 0123456789
1 6 1 0 6 9 1 1 456789 01 012346 0123456789
1 6 1 0 6 9 1 12 019 01 0123456 0123456789
1 6 1 0 6 9 1 2 1234 01 012346 0123456789
1 6 1 0 6 9 1 2 45 01 01234569 0123456789
1 6 1 0 6 9 1 2 567 01 01234569 0123456789
1 6 1 0 67 019 012 0234569 023456789 01 04569 0123456789
1 6 1 0 78 0123456789 012 01234569 02346789 0 0 0
1 6 1 0 8 2 012 012346789 012345689 0 0 0
1 6 1 01 089 02346789 012 012346789 012345689 0 0 0
1 6 1 1 0 45678 012 0123456789 01234689 0 0 0
1 6 1 1 01 012389 012 012346789 0123456789 01 026 048
1 6 1 1 1 345 012 0123456789 012345689 0 0 0
1 6 1 1 12 0156789 012 02346789 0123456789 0 0 0
1 6 1 1 2 123 012 0123456789 0123456789 0 0 0
1 6 1 1 2 3 1 1234569 0123456789 012 01269 024568
1 6 1 1 2 3456 012 01234569 012345678 0 0 0
1 6 1 1 2 6789 012 0123789 0123456789 0 0 0456
1 6 1 1 2 9 01 23456789 0123456789 01 0123469 024678
1 6 1 1 23 019 012 012346789 0123456789 0 0 0
1 6 1 1 3 12 012 012456789 0123456789 0 0 0
1 6 1 1 3 2 01 0123456789 012346789 0 0 0
1 6 1 1 3 23456789 012 0123456789 012346789 0 0 0
1 6 1 1 34 0123459 012 0123456789 012345689 0 0 0
1 6 1 1 4 5678 012 012345679 012346789 01 01236 02468
1 6 1 1 4 9 01 0123456789 0123456789 0 0 0
1 6 1 1 45 019 012 0123456789 012346789 0 0 0
1 6 1 1 5 123 012 0123456789 0123456789 0 0 0
1 6 1 1 5 3456789 012 0123456789 0123456789 0 0 0
1 6 1 1 6 0123 012 012345679 02345678 0 0 0
1 6 1 1 67 03456789 012 0123456789 02346789 0 0 0
1 6 1 1 7 01245689 012 0123469 012346789 01 0234569 02468
1 6 1 1 78 012456789 012 012346789 01245689 0 0 0
1 6 1 1 89 01234589 012 012346789 0123456789 0 0 0456
1 6 1 1 9 56 012 023456789 0123456789 01 01236 024568
1 6 1 1 9 789 01 01234567 0123456789 0 0 0
1 6 1 1 9 9 01 01234789 0123456789 01 01236 024678
1 6 1 1 9 9 1 45678 0123456789 012 012346789 01245678
1 6 1 12 09 0129 012 012345689 0123456789 0 0 0
1 6 1 2 0 2345 012 0123456789 0123456789 01 0236 0248
1 6 1 2 0 5678 01 012345689 0123456789 0 0 0
1 6 1 2 01 089 012 01234689 012345678 0 0 0
1 6 1 2 1 0123456 012 0123456789 0123456789 0 0 0
1 6 1 2 1 67 01 023456789 0123456789 0 0 0
1 6 1 2 1 7 012 0123456789 0123456789 0 0 0
1 6 1 2 12 01789 02 012346789 012346789 0 0 0
1 6 1 2 23 0123456789 012 0123456789 01246789 0 0 0
1 6 1 2 3 2345689 012 012345689 0123456789 0 0 0
1 6 1 2 34 0129 012 0123456789 012345678 0 0 0
1 6 1 2 4 34678 0 01234567 0123456789 0 0 0
1 6 1 2 4 8 01 012345789 0123456789 0 0 0
1 6 1 2 4 8 12 0156789 0123456789 012 0129 023468
1 6 1 2 45 089 012 01234569 012345678 0 0 0
1 6 1 2 5 01234 012 0123456789 0123456789 0 0 0
1 6 12 02 05 0145 012 0123456789 0123456789 0 0 0
1 6 2 0 0 12345678 01 023456789 0123456789 0 0 0
1 6 2 0 01 089 012 023469 0123468 01 03456789 0123456789
1 6 2 0 1 0 0 01 023456789 01 012346 0123456789
1 6 2 0 1 0 0 123 0123456789 01 02456789 0123456789
1 6 2 0 1 0 01 12345689 0123456789 01 01269 0124689
1 6 2 0 1 0 12 0123479 0123456789 0 0 0
1 6 2 0 1 01234 012 0123459 023456789 0 01 067
1 6 2 0 1 4 0 0 3456789 012 01234569 01245678
1 6 2 0 1 4 0 01 019 012 0123456789 012345689
1 6 2 0 1 4 0 1 123 012 0123456789 0123456789
1 6 2 0 1 4 0 1 345 012 0123456789 012345689
1 6 2 0 1 4 0 1 567 012 0123456789 01246789
1 6 2 0 1 4 0 1 789 012 012346789 01234568
1 6 2 0 1 4 0 12 09 012 023456789 0123456789
1 6 2 0 1 4 0 2 012 012 012345679 012456789
1 6 2 0 1 45678 01 023456789 0123456789 02 02 04678
1 6 2 0 12 01289 012 0123469 012345689 01 01236 02468
1 6 2 0 2 234567 012 012346789 023456789 0 0 0
1 6 2 0 2 7 12 012345679 0123456789 01 01236 02468
1 6 2 0 23 0123789 012 0123469 012345678 0 0 0
1 6 2 0 3 3 01 12346789 0123456789 0 0 0
1 6 2 0 3 345678 012 0123456789 0123456789 0 0 0
1 6 2 0 34 01239 012 012346789 01246789 0 0134 02345678
1 6 2 0 4 3 1 2345 012456789 01 0123456789 02468
1 6 2 0 4 34 012 01256789 0123456789 0 0 0
1 6 2 0 4 4 01 123456789 02345678 01 0123679 0123468
1 6 2 0 4 4 12 0123456789 0123456789 0 06 04
1 6 2 0 456 0123456789 012 0124569 0234568 012 026789 012345678
1 6 2 0 6 012 01 01234568 02468 0 0123 0123456789
1 6 2 0 6 2 0 8 0 01 012456789 0123456789
1 6 2 0 6 2 0 8 0 1 23456789 0123456789
1 6 2 0 6 2 0 8 01 012 0123459 0123456789
1 6 2 0 6 2 0 8 1 01 012456789 0123456789
1 6 2 0 6 2 0 8 1 12 0123456789 0123456789
1 6 2 0 6 2 0 8 12 02 0123456 0123456789
1 6 2 0 6 2 0 8 2 01 0123456789 0123456789
1 6 2 0 6 2 0 8 23 012 0123456789 0123456789
1 6 2 0 6 2 0 8 3 0 0123456789 0123456789
1 6 2 0 6 2 0 8 3 1 0123456789 0123456789
1 6 2 0 6 2 01 234589 0234678 012 0123459 0123456789
1 6 2 0 6 23456789 012 012345679 02345689 01 02689 023468
1 6 2 0 67 019 012 0123456789 0123456789 0 0 0
1 6 2 0 7 234 012 0123456789 0123456789 01 024569 02468
1 6 2 0 78 0123456789 012 0123456789 0123456789 0 0 0
1 6 2 0 89 089 012 0123469 01246789 01 01236 02468
1 6 2 0 9 0123 012 012346789 012346789 0 0 0
1 6 2 0 9 34567 012 0123456789 02456789 0 0 0
1 6 2 0 9 7 0 4 0124 01 012345689 0123456789
1 6 2 0 9 7 01 14689 024568 012 023456789 023456789
1 6 2 0 9 7 1 1 6789 012 01234569 0123456789
1 6 2 0 9 7 1 124 046789 012 023456789 0123456789
1 6 2 0 9 7 1 4 789 012 0123456789 012345689
1 6 2 0 9 7 1 45 019 01 0123456789 0123456789
1 6 2 0 9 78 012 01234569 01246789 012 0123456789 0124678
1 6 2 01 019 023456789 012 0234569 012346789 0 0 0
1 6 2 1 1 4567 012 012346789 012346789 0 0 0
1 6 2 1 12 0789 012 0123456789 0123456789 01 01269 0246
1 6 2 1 2 0 01 0123456789 01234568 012 012456789 012468
1 6 2 1 2 0 1 23 0189 01 012346789 0124678
1 6 2 1 2 0 1 3 2345 012 0123469 0246789
1 6 2 1 2 0 1 3 56789 012 012346789 023468
1 6 2 1 2 0 1 34 0123459 012 01234569 0234689
1 6 2 1 2 0 1 4 5678 012 02346789 012346789
1 6 2 1 2 0 1 45 089 012 01236789 01234568
1 6 2 1 2 0 1 5 012 012 0123456789 0123456789
1 6 2 1 2 0 1 5 2345 012 0123456789 012346789
1 6 2 1 2 0 1 5 567 012 0123456789 01245678
1 6 2 1 2 0 1 5 789 012 0123456789 01245689
1 6 2 1 2 0 1 56 019 012 0123456789 01234689
1 6 2 1 2 0 1 6 123 012 012346789 01234689
1 6 2 1 2 0 1 6 345 012 0123456789 012346789
1 6 2 1 2 0 1 6 56789 012 0123456789 024689
1 6 2 1 2 0 1 67 01239 012 01234569 024689
1 6 2 1 2 0 1 7 345 012 0123456789 0123456789
1 6 2 1 2 0 1 7 567 012 0123456789 0123456789
1 6 2 1 2 0 1 7 78 01 023456789 01246789
1 6 2 1 2 0 1 78 0123489 01 01235679 0124689
1 6 2 1 2 0 1 8 4 01 012345689 0123456789
1 6 2 1 2 0 1 8 4 12 0123456789 0123456789
1 6 2 1 2 0 1 8 45 012 012345689 0123456789
1 6 2 1 2 0 1 8 5 12 0123456789 0123456789
1 6 2 1 2 0 1 8 56 012 012345689 0123456789
1 6 2 1 2 0 1 8 6 12 0123456789 0123456789
1 6 2 1 2 0 1 8 67 012 0123456789 0123456789
1 6 2 1 2 0 1 8 7 12 0123456789 0123456789
1 6 2 1 2 0 1 8 78 02 01234567 0123456789
1 6 2 1 2 0 1 8 8 01 0123456789 0123456789
1 6 2 1 2 0 1 8 8 12 012345789 0123456789
1 6 2 1 2 0 1 89 0289 012 01234569 0123456789
1 6 2 1 2 0 1 9 23456 012 023459 0123456789
1 6 2 1 2 0 1 9 6789 012 02346789 0123456789
1 6 2 1 2 0 12 09 0129 012 012345689 0123456789
1 6 2 1 2 0 2 0 2 12 01239 0123456789
1 6 2 1 2 0 2 0 234 012 0123456789 0123456789
1 6 2 1 2 0 2 0 45 012 0123456789 0123456789
1 6 2 1 2 0 2 0 56 012 0123456789 012345689
1 6 2 1 2 0 2 0 67 012 01234569 0123456789
1 6 2 1 2 0 2 0 78 012 012345679 0123456789
1 6 2 1 2 0 2 01 0189 01 0123456789 0123456789
1 6 2 1 2 0 2 1 12 01 0123456789 0123456789
1 6 2 1 2 0 2 1 23 012 0123456789 0123456789
1 6 2 1 2 0 2 1 345 01 01234679 0123456789
1 6 2 1 2 0 2 1 5 012 0123456789 0123456789
1 6 2 1 2 0 2 1 56 02 0123456 0123456789
1 6 2 1 2 0 2 1 6 01 0123456789 0123456789
1 6 2 1 2 0 2 1 67 012 0123456789 0123456789
1 6 2 1 2 0 2 12 012789 012 0123456789 02345689
1 6 2 1 2 0 2 2 234567 01 012346789 01234689
1 6 2 1 2 0 2 23 023789 012 0123456789 0123456789
1 6 2 1 2 0 2 3 34 012 0123456789 02468
1 6 2 1 2 0 2 3 4 12 0123456789 02468
1 6 2 1 2 0 2 3 45 02 012345 0123456789
1 6 2 1 2 0 2 3 5 0 456789 0123456789
1 6 2 1 2 0 2 3 5 01 0123459 0123456789
1 6 2 1 2 0 2 3 5 12 0156789 0123456789
1 6 2 1 2 0 2 34 056 012 01234567 0123456789
1 6 2 1 2 0 2 4 0123 012 0123456789 0124678
1 6 2 1 2 0 2 4 345678 012 01234679 023456789
1 6 2 1 2 0 2 45 0189 012 0123456789 012345678
1 6 2 1 2 0 2 5 1234 012 012346789 012345678
1 6 2 1 2 012345 02 013567 0123456789 01 012369 012346789
1 6 2 1 2 5 0 78 012345689 012 0123456789 0123456789
1 6 2 1 2 567 012 0123689 012456789 012 012346 012345689
1 6 2 1 2 8 0 0 0 01 0123456789 0123456789
1 6 2 1 2 8 0 0 01 012 01234589 012345689
1 6 2 1 2 8 0 0 1 012 0123456789 0123456789
1 6 2 1 2 8 0 01234567 0123456789 012 024679 023468
1 6 2 1 2 8 01 23456789 0123456789 0 0 0
1 6 2 1 23 0189 012 0123459 0123456789 0 0 0
1 6 2 1 3 1234 01 0123456789 01234678 0 0 0
1 6 2 1 3 456 012 0123456789 0123456789 0 0 0
1 6 2 1 3 678 012 012346789 012345678 0 0 0
1 6 2 1 34 0189 012 012346789 0123456789 0 0 0
1 6 2 1 4 1 01 03456789 0123456789 0 0 0
1 6 2 1 4 1 1 123456 0123456789 01 01236 012468
1 6 2 1 4 12 012 01236789 0123456789 0 0 0
1 6 2 1 45 01234568 012 012346789 01245678 0 0 0
1 6 2 1 5 568 01 0123456 0123456789 0 0 0
1 6 2 1 5 8 01 012356789 0123456789 0 0 0
1 6 2 1 5 8 12 03456789 0123456789 0 0 0
1 6 2 1 5 89 012 012345689 0123456789 0 0 0
1 6 2 1 5 9 12 02679 01234678 0 0123456789 012346789
1 6 2 1 5 9 2 012 012345689 012 012346789 012345678
1 6 2 12 05679 0234689 012 01234569 0246789 01 0123469 0123468
1 6 2 2 0 8 0 23456789 0123468 01 0123689 0124568
1 6 2 2 0 89 01 01234689 012346789 012 0126789 02346789
1 6 2 2 01 09 012 0123456789 0123456789 0 0 0
1 6 2 2 1 01 012 0123456789 0123456789 0 0 0
1 6 2 2 1 1 0 0123456789 0245689 012 0129 0123456789
1 6 2 2 1 1 0 9 89 012 012346789 0123456789
1 6 2 2 1 1 01 0123459 012345689 01 012456789 012346789
1 6 2 2 1 12 012 0123456789 012345689 0 0 0
1 6 2 2 1 2 012 0123456789 0123456789 0 0 0
1 6 2 2 1 23 012 0123456789 0123456789 01 026 048
1 6 2 2 1 3 12 0123456789 012456789 01 01236 0234568
1 6 2 2 1 345 012 012345689 01234568 01 024569 024678
1 6 2 2 1 56 012 0123456789 01234678 0 0 0
1 6 2 2 1 67 012 0123456789 0123456789 0 0 0
1 6 2 2 1 7 01 0123456789 023456789 0 0 0
1 6 2 2 1 78 012 0123456789 0123456789 0 0 0
1 6 2 2 1 8 012 0123456789 0123456789 0 0 0
1 6 2 2 1 89 02 0123456 012345689 012 012369 02468
1 6 2 2 1 9 0 678 01234678 012 0123456789 012345689
1 6 2 2 1 9 01 012345689 02345678 012 0123469 012345678
1 6 2 2 12 09 012 0123456789 0123456789 0 0 0
1 6 2 2 2 0 012 0123456789 012456789 0 0 0
1 6 2 2 2 01 012 0123456789 0123456789 0 0 0
1 6 2 2 2 1 12 0123456789 012345678 012 02349 023468
1 6 2 2 2 12 02 0123456789 0123456789 01 01269 02468
1 6 2 2 2 2 012 0123456789 023456789 012 029 0248
1 6 2 2 2 23 02 0123456 023456789 012 0123469 02468
1 6 2 2 2 3 0 6 4 012 0123456789 0123456789
1 6 2 2 2 3 01 0123456789 0123456789 02 01234 01246789
1 6 2 2 24 0134 012 0123456789 023456789 0 0 0
1 6 2 2 4 1 01 123456789 0123456789 0 0 0
1 6 2 2 4 12 012 0123456789 012346789 0 0 0
1 6 2 2 4 234 01 01236789 012345689 01 026789 024678
1 6 2 2 4 4 01 0123456789 012345689 0 0 0
1 6 2 2 4 45 02 0123456 012345689 01 023456 024689
1 6 2 2 4 5 01 0123456789 012456789 01 01234569 0124568
1 6 2 2 4 56 012 0123456789 012345689 0 0 0
1 6 2 2 4 67 012 0123456789 012456789 0 0 0
1 6 2 2 4 7 01 0123456789 0234568 01 0123679 02346789
1 6 2 2 4 7 1 12345 02346789 012 0123469 01245689
1 6 2 2 4 78 012 0123456789 0123456789 01 0123469 02468
1 6 2 2 4 8 01 0123456789 0123456789 0 0 0
1 6 2 2 4 89 012 0123456789 0123456789 0 0 0
1 6 2 2 4 9 0 56789 01234789 012 01234679 0246789
1 6 2 2 4 9 01 0123456789 0123456789 012 01234679 0245678
1 6 2 2 45 09 012 0123456789 0123456789 0 0 0
1 6 2 2 5 0 1 012345678 01245678 01 01236 01245678
1 6 2 2 5 01 012 0123456789 012345678 01 023469 024689
1 6 2 2 5 1 012 0123456789 0123456789 0 0 0
1 6 2 2 5 12 02 01234 012345689 012 0234679 012456789
1 6 2 2 5 2 01 0123456789 012345689 0 0 0
1 6 2 2 5 23 012 01234589 0123456789 012 0129 023468
1 6 2 2 5 3 01 0123456789 012346789 0 0 0
1 6 2 2 5 3 1 34 012378 01 0123456789 0124568
1 6 2 2 5 34 012 0123456789 0123456789 01 069 02
1 6 2 2 5 4 01 0123456789 023456789 0 0 0
1 6 2 2 5 4 12 0123456789 0123456789 01 026789 012468
1 6 2 2 5 45 02 012345678 012456789 012 012349 02456789
1 6 23 02 05 0125 012 0123456789 02345678 0 0 0
1 6 3 0 0 345 0 0123 023456789 01 012345689 012468
1 6 3 0 0 5 0 345678 0123456789 012 02349 02489
1 6 3 0 0 5 01 089 0123456789 01 02346789 012468
1 6 3 0 0 5 1 012 0123456789 012 02346789 02468
1 6 3 0 0 5 1 3456 0123456789 012 0123689 02468
1 6 3 0 0 5 1 678 0123456789 012 012346789 024568
1 6 3 0 0 5 12 0189 0123456789 012 0123456789 0124689
1 6 3 0 0 567 012 012345 0123456789 0 0 0
1 6 3 0 01 0789 012 02345679 0234568 01 023469 02346789
1 6 3 0 1234 0123456789 012 01269 012345689 0 0 0
1 6 3 0 4 7 0 2345678 012456789 01 012369 01245689
1 6 3 0 4 7 01 01239 0123456789 01 0234569 0123456789
1 6 3 0 4 7 12 0123456789 0123456789 012 0246789 02468
1 6 3 0 45 0123789 012 0123456789 0123456789 0 0 0
1 6 3 0 56 013456789 012 0123456789 023456789 0 0 0
1 6 3 0 6 1 0 12345678 023456789 0 0 0
1 6 3 0 6 1 01 01234589 0123456789 0 0 0
1 6 3 0 6 1 12 01256789 0123456789 01 0269 0248
1 6 3 0 6 12346 012 0123456789 0123456789 0 0 0
1 6 3 0 6 6 1 1 8 01 02345678 0123456789
1 6 3 0 6 6789 01 0126789 012346789 012 01289 0123456789
1 6 3 0 67 01239 01 0123456789 012346789 0 0 0
1 6 3 0 7 34 01 01267 012345678 01 012345679 0123468
1 6 3 0 7 4 01 01789 0123456789 01 0123456 01234678
1 6 3 0 7 45 01 012689 0123456789 01 0269 0248
1 6 3 0 7 567 012 023456789 0123456789 01 01236 02468
1 6 3 01 0789 0126789 01 02345689 01245678 01 01236789 02468
1 6 3 1 0 2346789 01 012456789 0123456789 0 0 0
1 6 3 1 01 0249 01 012345689 0123456789 01 02 08
1 6 3 1 1 456 012 01234569 0123456789 01 02346 0248
1 6 3 1 1 6 01 236 01489 01 01234689 0123456789
1 6 3 1 1 6 1 3 234 01 0123456789 0123456789
1 6 3 1 1 6 1 3 4567 012 01256789 0123456789
1 6 3 1 1 6 1 34 012789 01 012345689 0123456789
1 6 3 1 1 6 1 45 2345678 01 023456789 012456789
1 6 3 1 1 6 1 56 012345678 01 02346789 0123456789
1 6 3 1 1 6 1 6 23 012 012345689 012346789
1 6 3 1 1 6 1 6 34 01 01236789 0123456789
1 6 3 1 1 6 1 6 45 01 012345679 0123456789
1 6 3 1 1 6 1 6 56 01 01236789 0123456789
1 6 3 1 1 6 1 6 6 1 3456789 0123456789
1 6 3 1 1 6 1 6 67 012 0123689 0123456789
1 6 3 1 1 6 1 6 78 01 013456789 0123456789
1 6 3 1 1 6 1 6 89 01 0123456789 0123456789
1 6 3 1 1 6 1 67 09 012 012345689 0123456789
1 6 3 1 1 6 1 7 012 01 012345689 0123456789
1 6 3 1 1 6 1 7 23 012 01256789 0123456789
1 6 3 1 1 6 1 7 34 012 0123469 0123456789
1 6 3 1 1 6 1 7 4 01 01236789 0123456789
1 6 3 1 1 6 1 7 45 012 0123456789 0123456789
1 6 3 1 1 6 1 7 567 01 012345679 0123456789
1 6 3 1 1 6 1 7 78 01 0126789 0123456789
1 6 3 1 1 6 1 7 89 012 012345689 0123456789
1 6 3 1 1 6 1 7 9 01 0126789 0123456789
1 6 3 1 1 6 1 78 09 01 02346789 0123456789
1 6 3 1 1 6 1 8 01 01 012689 0123456789
1 6 3 1 1 6 1 8 123 01 0123456789 0123456789
1 6 3 1 1 6 1 8 345678 01 01234689 0123456789
1 6 3 1 1 6 1 89 089 01 012345689 0123456789
1 6 3 1 1 6 1 9 0 0 123456789 0123456789
1 6 3 1 1 6 1 9 012 01 012345689 0123456789
1 6 3 1 1 6 1 9 23 012 012346789 0123456789
1 6 3 1 1 6 1 9 34 012 0123456789 0123456789
1 6 3 1 1 6 1 9 456 01 0123456789 0123456789
1 6 3 1 1 6 1 9 6789 01 025689 0123456789
1 6 3 1 1 6 12 09 09 01 0126789 0123456789
1 6 3 1 1 6 2 0 01234 01 01236789 0123456789
1 6 3 1 1 6 2 0 45 01 01234679 0123456789
1 6 3 1 1 6 2 0 5678 01 0123456789 0123456789
1 6 3 1 1 6 2 01 0189 01 012456789 0245678
1 6 3 1 1 6 2 1 12345678 01 012346789 012345678
1 6 3 1 1 6 2 12 01239 01 0123456789 0123456789
1 6 3 1 1 6 2 2 345 01 0123689 0123456789
1 6 3 1 1 6 2 2 56 01 0123689 0123456789
1 6 3 1 1 6 2 2 678 01 012346789 0123456789
1 6 3 1 1 6 2 2 89 01 012369 0123456789
1 6 3 1 1 6 2 23 012349 01 012679 0123456789
1 6 3 1 1 6 2 3 456 01 012345679 0123456789
1 6 3 1 1 6 2 34 016789 01 012346789 01246789
1 6 3 1 1 6 2 4 12 01 0123469 012456789
1 6 3 1 1 6 2 4 2345 01 012345689 0123456789
1 6 3 1 1 6 2 4 56 01 01256789 0123456789
1 6 3 1 1 6 2 45 06789 01 01234569 0123456789
1 6 3 1 1 6 2 5 0 01 01256789 0123456789
1 6 3 1 1 6 2 5 01 012 0123456789 012346789
1 6 3 1 1 6 2 5 1234 01 012456789 012456789
1 6 3 1 12 06789 012 025678 0123456789 01 01236789 02456789
1 6 3 1 2 01 01 012345689 0123456789 0 0 0
1 6 3 1 2 123 01 0123456789 0123456789 0 0 0
1 6 3 1 2 34 012 0123456789 0123456789 01 02 08
1 6 3 1 2 4567 01 012356789 0123456789 0 0 0
1 6 3 1 2 78 01 01234567 0123456789 0 0 0
1 6 3 1 2 89 01 023456789 0123456789 01 029 028
1 6 3 1 23 01245679 012 01234569 0123456789 0 0 0
1 6 3 1 3 789 012 012346789 024689 0 0123 0123456789
1 6 3 1 345 012345689 012 0234569 0245678 01 012369 0245678
1 6 3 1 5 23456 012 01234569 01246789 01 01236 012468
1 6 3 1 56 012346789 012 0123456789 023468 0 0 0
1 6 3 1 67 01456789 012 023456789 0123456789 0 0 0
1 6 3 1 7 1 01 0123459 0123456789 0 0 0
1 6 3 1 7 1 12 056789 0123456789 0 0 0
1 6 3 1 7 12 02 012345 0123456789 01 023469 024689
1 6 3 1 7 2 01 169 2346 012 012346789 01234678
1 6 3 1 7 2 1 1 345 012 0123456789 012345689
1 6 3 1 7 2 1 1 567 012 012346789 02345689
1 6 3 1 7 2 1 1 789 012 012345679 0234568
1 6 3 1 7 2 1 12 09 012 0123456789 01234568
1 6 3 1 7 2 1 2 012 012 012345689 01234678
1 6 3 1 7 2 1 2 234 012 0123456789 02345689
1 6 3 1 7 2 1 2 4567 012 0123456789 01246789
1 6 3 1 7 2 1 29 2378 012 0123456789 0245678
1 6 3 1 7 2 1 9 345 012 012346789 0123456789
1 6 3 1 7 2 1 9 5678 012 01234569 01245678
1 6 3 1 7 2 12 09 089 012 01234569 0123456789
1 6 3 1 7 2 2 0 01 012 0123456789 012345678
1 6 3 1 7 2 2 0 1234 012 012345679 02456789
1 6 3 1 7 2 2 0 456 012 012346789 02456789
1 6 3 1 7 2 2 02 45678 012 0123456789 0234568
1 6 3 1 7 2 2 2 567 012 012346789 01245678
1 6 3 1 7 2 2 2 789 012 0123456789 01234568
1 6 3 1 7 2 2 234 012456789 012 01234679 01245689
1 6 3 1 7 234567 012 01234569 012456789 01 02346 02348
1 6 3 1 7 78 012 0123456789 0124689 0 0 0
1 6 3 1 78 0189 012 0123469 0123456789 01 01234569 02468
1 6 3 1 8 1 0 456789 0123456789 012 02469 024678
1 6 3 1 8 1 01 0123459 0123456789 01 026 048
1 6 3 1 8 1 1 56789 0123456789 012 01234569 01234568
1 6 3 1 8 1 12 0129 0123456789 012 0123456789 01234568
1 6 3 1 8 1234 012 012345679 0123456789 0 0 0
1 6 3 1 89 01245689 012 01234569 02456789 01 02 08
1 6 3 1 9 2345678 012 0123456789 012346789 0 0 0
1 6 3 1 9 89 012 0123456789 012456789 0 0 0
1 6 3 12 09 019 012 012345679 012345689 0 0 0
1 6 3 2 012 0123456789 012 012345679 023456789 0 0 0
1 6 3 2 2 3 0 012345678 0123456789 0 0 0
1 6 3 2 2 3 01 012345689 0123456789 0 0 0
1 6 3 2 2 3 12 012346789 0123456789 0 0 0
1 6 3 2 2 34567 02 0123456 0123456789 0 0 0
1 6 3 2 2 7 01 0126789 0123456789 01 01236 023468
1 6 3 2 2 7 1 23456789 0123456789 0 0 0
1 6 3 2 23 012789 012 0123459 0123456789 0 0 0
1 6 3 2 3 234567 012 012345679 01234689 0 0 0
1 6 3 2 34 01234789 012 0123456789 0123456789 0 0 0
1 6 3 2 45 01456789 012 01234679 0124678 0 0 0
1 6 3 2 5 1 012 0123456789 0123456789 0 0 0
1 6 3 2 5 123 02 012345 0123456789 0 0 0
1 6 34 02 05 012345 01 0123456789 012345678 0 0 0
1 6 4 0 0 45678 012 0123456789 012346789 0 0 0
1 6 4 0 01 012345689 01 013456789 01245689 012 01234569 02468
1 6 4 0 123 0489 012 012346789 012345678 012 01234569 02468
1 6 4 0 3 01234567 01 0123456789 02345689 0 0 0
1 6 4 0 3 78 01 01234569 012345689 0 0 0
1 6 4 0 3 89 012 0123456789 012346789 01 01236789 02468
1 6 4 0 34 09 012 023456789 0123456789 01 01269 024678
1 6 4 0 4 01234 012 0123456789 0123456789 0 0 0
1 6 4 0 45 012456789 01 0256789 01234568 01 0123456 0124689
1 6 4 0 5 2 0 0123 012345678 01 012345689 02346789
1 6 4 0 5 2 0 345 0234568 012 0123456789 0124689
1 6 4 0 5 2 01 0156789 012456789 01 02689 0468
1 6 4 0 5 2345 012 012345679 0123456789 0 0 0
1 6 4 0 56 012356789 012 012345679 012456789 0 0 0
1 6 4 0 67 0123456789 01 01234689 01245689 0 0 0
1 6 4 0 7 567 01 0123456789 0123456789 0 0 0
1 6 4 0 78 012789 012 012345689 0123456789 0 0 0
1 6 4 0 8 23456 012 012345689 01245678 0 0 0
1 6 4 0 89 06789 012 012345679 012346789 0 0 0
1 6 4 0 9 0 01 012789 0123456789 01 023456 024678
1 6 4 01 09 0123456789 012 02345689 01234568 01 024569 024568
1 6 4 1 0 0 012 0123456789 0123456789 0 0 0
1 6 4 1 01 0123456789 012 01236789 012456789 0 0 0
1 6 4 1 1 2345 012 012345679 0123456789 0 0 0
1 6 4 1 1 56 012 0123456789 01234689 0 0 0
1 6 4 1 12 01236789 012 012345689 0123456789 0 0 0
1 6 4 1 23 045689 01 012369 012456789 012 0126789 0123468
1 6 4 1 3 012 012 012346789 01245678 0 0 0
1 6 4 1 3 2 0 012368 0234678 012 0124689 0124678
1 6 4 1 3 2 01 12389 02345689 012 01234689 01245678
1 6 4 1 3 2 1 345 012345689 012 0123469 0124689
1 6 4 1 3 23 012 012345689 0124689 012 012349 024678
1 6 4 1 3 4567 012 0123469 012456789 0 0 0
1 6 4 1 3 7 0 123456 0123456789 0 0 0
1 6 4 1 3 7 01 016789 0123456789 0 0 0
1 6 4 1 3 7 1 123456 0123456789 0 0 0
1 6 4 1 3 7 12 016789 0123456789 0 0 0
1 6 4 1 3 78 02 012345 0123456789 01 02 08
1 6 4 1 3 8 012 0123456789 0123456789 01 012346 02468
1 6 4 1 345 012345689 012 012346789 02345678 0 0 0
1 6 4 1 5 12 01 01236789 0245689 01 01234689 012346789
1 6 4 1 5 23 012 0123456789 012345678 0 0 0
1 6 4 1 5 3 01 23467 0123456789 01 012346789 023468
1 6 4 1 5 3 1 78 0123456789 01 012345679 023468
1 6 4 1 5 3 12 012389 0123456789 012 012345689 0124568
1 6 4 1 5 34567 012 0123456789 012346789 01 01236 023468
1 6 4 1 56 0789 012 0123456789 0124568 012 02459 02458
1 6 4 1 6 0123 012 0123456789 024568 0 0 0
1 6 4 1 6 3 012 0123456789 012345678 0 0 0
1 6 4 1 6 34 012 01234569 0123456789 0 0 0
1 6 4 1 6 456 012 0123456789 0123456789 0 0 0
1 6 4 12 016789 012456789 012 012346789 023468 0 0 0
1 6 4 2 1 4 012 0123456789 012346789 0 0 0
1 6 4 2 123 012345678 012 0123456789 0123456789 01 01236 023468
1 6 4 2 3 12345 01 012346789 012345678 0 0 0
1 6 4 2 3 56 012 0123456789 0123456789 0 0 0
1 6 4 2 3 6 01 0123456789 0123456789 0 0 0
1 6 4 2 34 0124678 012 0123456789 0123456789 0 0 0
1 6 45 02 045 01289 012 0123456789 0123456789 0 0 0
1 6 5 0 0 1 01 01234689 012456789 012 02369 02468
1 6 5 0 0 1 1 45678 0123456789 012 012369 024678
1 6 5 0 0 1 1 89 0123456789 012 02369 02468
1 6 5 0 0 1 1 9 1 1 0123456789 0123456789
1 6 5 0 0 1 1 9 12 012 0123456789 0123456789
1 6 5 0 0 1 1 9 23 012 0123456789 012345678
1 6 5 0 0 1 1 9 345 012 0123456789 0123456789
1 6 5 0 0 1 1 9 56 012 0123456789 0123456789
1 6 5 0 0 1 1 9 67 012 0123456789 0123456789
1 6 5 0 0 1 1 9 7 01 0123456789 0123456789
1 6 5 0 0 1 1 9 78 012 0123456789 01234568
1 6 5 0 0 1 1 9 8 012 0123456789 0123456789
1 6 5 0 0 1 1 9 89 02 01234567 0123456789
1 6 5 0 0 1 1 9 9 01 0123456789 0123456789
1 6 5 0 0 1 12 09 089 012 012345789 0123456789
1 6 5 0 0 1 2 01 02456789 012 0123456789 023456789
1 6 5 0 0 1 2 12 0178 01 0123456789 0123456789
1 6 5 0 0 1 2 2 12 012 0123456789 012345678
1 6 5 0 0 1 2 2 23 012 0123456789 0123456789
1 6 5 0 0 1 2 2 345 012 0123456789 012345689
1 6 5 0 0 1 2 2 56 012 012345689 0123456789
1 6 5 0 0 1 2 2 678 012 01234569 012456789
1 6 5 0 0 1 2 23 01234589 012 012346789 01246789
1 6 5 0 0 1 2 3 56789 012 01234569 012456789
1 6 5 0 0 1 2 34 019 012 0123456789 0123456789
1 6 5 0 0 1 2 4 12 012 01234569 012456789
1 6 5 0 0 1 2 4 2346 012 0123456789 012345678
1 6 5 0 0 1 2 4 67 012 0123456789 0123456789
1 6 5 0 0 1 2 4 7 012 0123456789 0123456789
1 6 5 0 0 12 012 012456789 012345678 012 012346 012345689
1 6 5 0 01 2345678 012 01234569 01234568 0 0 0
1 6 5 0 1 6 012 01269 012468 012 012345679 02345689
1 6 5 0 12 012346789 012 0123456789 01245689 0 0 0
1 6 5 0 234 012456789 012 02456789 0123456789 0 0 0
1 6 5 0 4 9 012 012789 0123456789 01 0236 0248
1 6 5 0 456 0234569 012 01234569 012345678 01 01236 023468
1 6 5 0 6 5 12 2459 02348 012 01234569 02345678
1 6 5 0 67 01256789 012 02456789 012345689 012 01234569 02345689
1 6 5 0 7 2345 012 0123456789 0123456789 0 0 0
1 6 5 0 78 0123456789 012 01234689 0123456789 0 0 0
1 6 5 0 8 4 2 01234 01234678 01 01236789 01245689
1 6 5 0 8 45 02 045 023456789 01 012345689 0245678
1 6 5 0 8 5 0 012 0123456789 012 02369 02468
1 6 5 0 8 5 0 2345 0123456789 012 02369 02468
1 6 5 0 8 5 01 056789 0123456789 012 024679 02468
1 6 5 0 8 5 1 01234 0123456789 012 023469 02468
1 6 5 0 8 5 1 45678 0123456789 012 029 0248
1 6 5 0 8 5 1 89 0123456789 012 02369 02468
1 6 5 0 8 5 12 0129 0123456789 012 0269 02468
1 6 5 0 8 5 2 234 0123456789 012 02679 02468
1 6 5 0 8 567 012 0123456789 012345678 012 01234679 012468
1 6 5 0 8 7 0 2345 0124568 012 0123456789 02456789
1 6 5 0 8 7 01 05689 0146 01 012345689 0123456789
1 6 5 0 8 7 1 012 0124 012 0123456789 023456789
1 6 5 0 8 7 1 23 45678 01 012346789 012345689
1 6 5 0 8 7 1 346 0149 012 012345689 012345678
1 6 5 0 8 7 12 012679 012456789 012 0123469 0234689
1 6 5 0 8 789 012 01234569 02345678 0 0 0
1 6 5 0 9 0 0 0 02345689 012 0123456789 012456789
1 6 5 0 9 0 0 01 0123459 012 0123456789 012345689
1 6 5 0 9 0 0 12 015678 012 01234569 02345689
1 6 5 0 9 0 0 2 123467 012 0123456789 012345689
1 6 5 0 9 0 012 0123469 01234689 01 01234569 01234678
1 6 5 0 9 01234567 012 01246789 012345689 01 012346 012346789
1 6 5 0 9 8 01 0123456789 01234689 0 0 0
1 6 5 0 9 8 12 0123456789 012345689 0 0 0
1 6 5 0 9 89 02 0123456 0123456789 0 0 0
1 6 5 0 9 9 01 0126789 0123456789 0 0345 0128
1 6 5 0 9 9 1 23456789 0123456789 01 0256 02468
1 6 5 01 09 019 012 012345679 023456789 0 0 0
1 6 5 1 0 1 0 01234567 012346789 0 0689 0248
1 6 5 1 0 1 01 0123789 0123456789 01 029 04568
1 6 5 1 0 1 12 01456789 0123456789 0 0 0
1 6 5 1 0 123456789 012 01234569 012346789 0 0 0
1 6 5 1 01 0129 012 01234569 012345689 0 0 0
1 6 5 1 12 0123456789 012 0123456789 024568 0 0 0
1 6 5 1 2 45 012 012345689 0123456789 0 0 0
1 6 5 1 23 056789 012 0123456789 0123456789 0 0 0
1 6 5 1 3 01 012 0123456789 012345689 0 0 0
1 6 5 1 34 012345678 012 01234689 0123456789 0 0 0
1 6 5 1 4 0 01 0123456789 0123456789 0 0 0
1 6 5 1 4 0 12 0123456789 0123456789 01 024569 02468
1 6 5 1 4 0123 012 01234569 012345689 0 0 0
1 6 5 1 45 0123489 012 01234569 0124689 0 0 0
1 6 5 1 5 4 01 0123456789 0123456789 0 0 0
1 6 5 1 5 4 12 01236789 0123456789 0 0 0
1 6 5 1 5 456 02 012345 0123456789 0 0 0
1 6 5 1 56 06789 01 0123456789 01234678 0 0 0
1 6 5 1 6 0123456 012 01234569 012345689 0 0 0
1 6 5 1 6 6 012 0123456789 012345678 0 0 0
1 6 5 1 67 01236789 012 0123459 0123456789 0 0 0
1 6 5 1 7 345 012 012346789 012456789 0 0 0
1 6 5 1 78 012345689 012 012345679 012345689 01 069 01246
1 6 5 1 8 567 012 01234569 01246789 01 012 0248
1 6 5 1 89 012389 01 012456789 01245678 01 02 08
1 6 5 1 9 3 01 0123456789 023456789 012 012346789 02468
1 6 5 1 9 3 1 567 023456789 012 012346789 02468
1 6 5 1 9 3 12 0124789 012346789 012 02345689 02468
1 6 5 1 9 34567 012 012456789 012346789 01 023469 024568
1 6 5 12 09 01234789 02 012345678 0123468 01 01236 02468
1 6 5 2 0 4 01 0123456789 02345689 012 0123469 0124689
1 6 5 2 01 01456789 01 012346789 012345678 01 01269 02468
1 6 5 2 1 1234 01 0123456789 01234568 0 0 0
1 6 5 2 12 0456789 012 01234569 012456789 0 0 0
1 6 5 2 2 0 1 34 0123456789 012 012345689 02468
1 6 5 2 2 0 1 45 01234689 012 0123456789 02468
1 6 5 2 2 0 1 56 0123456789 012 0123456789 02468
1 6 5 2 2 0 1 678 0246789 012 0123456789 02468
1 6 5 2 2 0 12 2389 012456789 012 0123456789 02468
1 6 5 2 2 0 2 3 2345 012 0123456789 02468
1 6 5 2 2 012 012 02345678 012456789 01 012346789 02468
1 6 5 2 2 2345 012 012346789 012345678 0 0 0
1 6 5 2 2 5 012 0123456789 012346789 0 0 0
1 6 5 2 2 5 2 12345 012468 01 012345689 0123456789
1 6 5 2 2 5 2 5 4 01 0123456789 0123456789
1 6 5 2 2 567 012 023456789 0245689 012 023456789 012456789
1 6 5 2 23 01789 02 012345 0123456789 0 0 0
1 6 5 2 3 1 01 012356789 0123456789 0 0 0
1 6 5 2 3 1 1 34567 0123456789 01 0123469 02468
1 6 5 2 3 12 012 012345789 0123456789 0 0 0
1 6 5 2 34 0123456789 012 0123456789 01245678 0 0 0
1 6 5 2 45 013456789 012 0123456789 01245689 0 0 0
1 6 5 2 5 123 012 012346789 0123456789 0 0 0
1 6 5 2 5 34 01 01234569 0123456789 012 01234569 02468
1 6 5 2 5 4 01 0123456789 0123456789 0 0 0
1 6 5 2 5 4 1 3456 012345678 0 01234567 0123456789
1 6 5 2 5 4 1 678 02345678 01 012789 0123456789
1 6 5 2 5 4 12 01234589 02345678 01 012346789 02468
1 6 56 02 05 05 0 01234567 012345689 01 01234689 0124689
1 6 6 0 0 0 01 012789 0123456789 012 012679 01234568
1 6 6 0 0 0 1 23456 0123456789 01 012679 0245678
1 6 6 0 0 0 12 06789 0123456789 012 024569 024568
1 6 6 0 0 0 2 01 012459 012 0123456789 012346789
1 6 6 0 0 01 02 012345 0123456789 01 026 048
1 6 6 0 0 1 0 123 0123456789 012 012346789 023468
1 6 6 0 0 1 0 34567 0123456789 012 0123469 0124568
1 6 6 0 0 1 01 0789 0123456789 012 0123456789 0245689
1 6 6 0 0 1 1 012 012456789 012 0123456789 0124689
1 6 6 0 0 1 1 234 012689 012 012346789 0124689
1 6 6 0 0 1 12 0456789 0123456789 012 02679 024568
1 6 6 0 0 1 2 0123 0123456789 012 0124679 024678
1 6 6 0 01 124689 02 0345 0124689 01 0123456789 023468
1 6 6 0 1 9 0 0 12 012 0123456789 012345689
1 6 6 0 1 9 0 0 23 012 0123456789 0123456789
1 6 6 0 1 9 012 012369 23468 012 0123456789 01246789
1 6 6 0 12 019 02 02345 02345689 01 01234679 012346789
1 6 6 0 2 12 012 0123456789 0123456789 0 0 0
1 6 6 0 2 3 0 01234567 0123456789 0 0 0
1 6 6 0 2 345 012 0123456789 0123456789 0 0 0
1 6 6 0 23 2568 012 0123456789 0123456789 0 0 0
1 6 6 0 3 2345678 012 023456789 0245689 0 0 0
1 6 6 0 34 089 012 012346789 01246789 0 0 0
1 6 6 0 4 01234567 012 01234679 024689 0 0 0
1 6 6 0 4 789 012 023456789 0123456789 01 01269 02468
1 6 6 0 4 9 1 456 0123456789 01 012346 0124568
1 6 6 0 4 9 1 6 2345 01 0123456789 01234678
1 6 6 0 4 9 1 6 5 012 012345679 0123456789
1 6 6 0 4 9 1 6 6 012 012345679 0123456789
1 6 6 0 4 9 1 678 0123456789 012 0123469 0234689
1 6 6 0 4 9 1 89 0123456789 01 012345 0123456789
1 6 6 0 4 9 1 9 5 01 012356789 0123456789
1 6 6 0 4 9 1 9 5 12 0123456789 023456789
1 6 6 0 4 9 12 09 0456789 012 01234569 023456789
1 6 6 0 4 9 2 0 8 01 0123456789 012345689
1 6 6 0 4 9 2 012 0123456789 012 01289 0123456789
1 6 6 0 4 9 2 234 0123456789 012 012346789 02468
1 6 6 0 45 012679 012 02345689 0124568 012 01236789 0124689
1 6 6 0 56 012389 012 0123469 0234678 01 02346789 02468
1 6 6 0 6 3 0 0 456789 012 012346789 02468
1 6 6 0 6 3 0 1 012345 012 012345689 02468
1 6 6 0 6 3 0 12 01256789 012 012345679 02468
1 6 6 0 6 3 0 2 2345689 012 012346789 02468
1 6 6 0 6 3 0 23 0129 012 0123456789 02468
1 6 6 0 6 3 012 023469 02345678 012 0123456789 02468
1 6 6 0 6 345 012 0123469 012345689 01 02689 02468
1 6 6 0 6 567 012 0123456789 012345678 0 0 0
1 6 6 0 67 0123789 012 012345689 012346789 0 0 0
1 6 6 0 7 34567 012 01234569 012345678 0 0 0
1 6 6 0 78 01789 01 012345679 0123456789 0 0 0
1 6 6 0 8 1 0 2345678 0123456789 0 0 0
1 6 6 0 8 123456 012 012346789 012456789 0 0 0
1 6 6 0 8 678 02 01234 0123456789 0 0 0
1 6 6 0 8 8 0 456789 0123456789 0 0 0
1 6 6 0 8 8 1 012345 0123456789 0 0 0
1 6 6 0 8 8 1 6789 0123456789 012 01269 0234689
1 6 6 0 8 8 12 012349 0123456789 01 01236 02468
1 6 6 0 89 012345689 012 0123456789 0123456789 0 0 0
1 6 6 0 9 6789 012 012346789 01245689 0 0 0
1 6 6 1 01 0123456789 012 0123679 01234678 0 0 0
1 6 6 1 12 0123459 012 01234679 01246789 0 0 0
1 6 6 1 234567 0123456789 012 025689 0234568 0 0 0
1 6 6 1 789 012345689 01 01236789 02456789 0 0 0
1 6 6 1 9 4567 01 0123456789 01245689 0 0 0
1 6 6 12 09 0456789 01 01256789 012345689 0 0 0
1 6 6 2 01 01269 012 012345679 012345678 0 0 0
1 6 67 02 01234 01246789 012 023469 0234678 01 023456 024568
1 6 7 0 0 1 1 45678 012456789 01 012346789 0234568
1 6 7 0 0 12345678 012 012346789 0123456789 0 0 0
1 6 7 0 0 8 0 012345 0123456789 0 0 0
1 6 7 0 0 8 01 056789 0123456789 0 0 0
1 6 7 0 01 01289 012 01234569 012456789 0 0 0
1 6 7 0 1 234567 012 023456789 0123456789 0 0 0
1 6 7 0 1 7 01 012349 0123456789 01 01236 01234678
1 6 7 0 12 01789 01 0123456789 0123456789 0 0 0
1 6 7 0 2 123 01 0456789 012345678 01 01236 0123468
1 6 7 0 2 34 01 0123456789 0123456789 0 0 0
1 6 7 0 23 045689 012 01234569 02345689 0 0 0
1 6 7 0 3 0123467 012 0123456789 0123456789 0 0 0
1 6 7 0 34 078 012 023456789 0123456789 0 0 0
1 6 7 0 4 0123456 012 01234569 012345678 0 0 0
1 6 7 0 456 4678 02 012345678 0123456789 01 01236 012468
1 6 7 0 6 45678 012 012345689 023456789 01 026 048
1 6 7 0 67 0123489 012 01234689 01234689 0 0 0
1 6 7 0 7 4567 012 012346789 01234568 01 02346 02468
1 6 7 0 7 789 01 0123456789 012346789 01 023456 024689
1 6 7 0 78 0129 012 02346789 0123456789 01 023469 0234568
1 6 7 0 8 23 012 01234679 0123456789 0 0 0
1 6 7 0 8 346 012 023479 012346789 01 012346 0234678
1 6 7 0 8 6 0 4 45 012 0123456789 012345689
1 6 7 0 8 6 0 45 0126789 01 0123456789 012345689
1 6 7 0 8 678 01 0123456789 0123456789 01 012346789 024689
1 6 7 0 8 8 012 012456789 0123456789 0 0 0
1 6 7 0 89 01289 012 0123456789 012346789 0 0 0
1 6 7 0 9 234 012 012346789 012345678 0 0 0
1 6 7 0 9 4 01 023456789 0123456789 0 0 0
1 6 7 0 9 4 12 012345679 0123456789 0 0 0
1 6 7 0 9 456789 012 012345689 0123456789 0 0 0
1 6 7 01 09 0129 012 0123456789 02456789 0 0 0
1 6 7 1 0 23 012 0123456789 012345689 0 0 0
1 6 7 1 0 3 1 123456789 0123456789 0 0 0
1 6 7 1 01 03456789 012 01234569 0123456789 0 0 0
1 6 7 1 1 012345678 012 023456789 0245678 0 0 0
1 6 7 1 12 0123489 012 012345689 0246789 0 0 0
1 6 7 1 23 01456789 012 012345679 0123468 0 0 0
1 6 7 1 3 23456 012 012346789 012345689 0 0 0
1 6 7 1 34 06789 012 0123469 012346789 0 0 0
1 6 7 1 4 012 012 0123456789 02456789 0 0 0
1 6 7 1 4 234 012 0123456789 0123456789 0 0 0
1 6 7 1 4 45678 01 012345689 0123456789 0 0 0
1 6 7 1 4 8 01 012346789 0123456789 0 0 0
1 6 7 1 4 8 1 456789 0123456789 0 0 0
1 6 7 1 45 089 012 01239 0123456789 01 02 08
1 6 7 1 5 0 01 012456789 0123456789 0 0 0
1 6 7 1 5 012345 012 01234589 012345678 0 0 0
1 6 7 1 56 056789 012 0126789 012345689 01 02 0248
1 6 7 1 6 0 0 234 012346789 012 012346789 01234568
1 6 7 1 6 0 01 0123456789 0123456789 0 0 0
1 6 7 1 6 012345 012 01236789 0123456789 0 0 0
1 6 7 1 6 67 01 0123456789 0123456789 0 0 0
1 6 7 1 6 7 1 012345678 0123456789 0 0 0
1 6 7 1 67 0789 012 012345689 0123456789 0 0 0
1 6 7 1 7 0123 01 0123469 0123456789 0 0 0
1 6 7 1 7 3 012 01234569 0123456789 0 0 0
1 6 7 1 7 3456 012 01234679 0123456789 0 0 0
1 6 7 1 7 6789 012 0123789 02345678 01 026789 02468
1 6 7 1 78 019 012 01234569 0123456789 0 0 0
1 6 7 1 8 123 012 0123456789 0123456789 0 0 0
1 6 7 1 8 34567 012 01234569 01234568 0 0 0
1 6 7 1 8 78 012 012345689 0123456789 0 0 0
1 6 7 1 89 0123489 012 0124569 012345689 012 0123469 02468
1 6 7 12 09 01236 012 0123456789 01234568 0 0 0
1 6 7 2 0 3456 012 0123456789 01246789 0 0 0
1 6 7 2 01 012789 01 012346789 0124568 012 012369 0234568
1 6 7 2 1 2 1 0 1 01 0123456789 023456789
1 6 7 2 1 2 1 0 12 012 012345689 0123456789
1 6 7 2 1 2 1 0123 02345689 012 0123456789 024568
1 6 7 2 1 23456789 012 01234569 012345678 01 01236789 02468
1 6 7 2 12 09 012 0123456789 01234568 01 01236 02468
1 6 7 2 2 01234 012 0123456789 02345689 01 02 08
1 6 7 2 2 4567 01 0123456789 012345689 012 0129 02345689
1 6 7 2 23 0789 01 0123456789 012456789 0 0 0
1 6 7 2 3 012 012 01234569 0123456789 01 01236 0123468
1 6 7 2 3 234 02 0345 0123456789 01 01236 0123468
1 6 7 2 3 456 012 0123456789 012345689 0 0 0
1 6 7 2 34 012346789 012 01234569 023468 0 0 0
1 6 7 2 4 456 012 01234569 0123456789 0 0 0
1 6 7 2 4 67 012 0123456789 0123456789 01 01236 012468
1 6 7 2 4 789 01 01234689 0123456789 01 01236 023468
1 6 7 2 4 9 01 0123456789 02346789 012 029 0248
1 6 7 2 45 09 012 0123456789 0234689 0 0 0
1 6 7 2 5 01 012 0123456789 023456789 0 0 0
1 6 7 2 5 123 01 012345678 0123456789 0 0 0
1 6 7 2 5 34 01 0123456789 0123456789 0 0 0
1 6 78 02 05 045 012 0123456789 012345689 0 0 0
1 6 8 0 0 01 012 0123456789 02468 0 0 045
1 6 8 0 0 12489 012 0123456789 023456789 01 01236 02468
1 6 8 0 01234 01234689 012 012345679 01245678 0 0 0
1 6 8 0 56 0123456 012 023456789 01246789 01 01236 02468
1 6 8 0 67 056789 012 012345679 012345678 0 0 0
1 6 8 0 7 01234567 012 0123456789 01234689 0 0 0
1 6 8 0 78 0789 012 0123456789 0123456789 0 0 0
1 6 8 0 8 01 012 0123456789 02456789 0 0 0
1 6 8 0 8 12 012 0123456789 01245689 0 0 0
1 6 8 0 8 2 01 0123456789 0123456789 0 0 0
1 6 8 0 8 2 12 012345679 0123456789 0 0 0
1 6 8 0 8 23456 012 0123456789 012456789 0 0 0
1 6 8 0 8 67 012 0123456789 023456789 01 023469 012468
1 6 8 0 8 7 0 2345 012346789 012 0123679 0123456789
1 6 8 0 8 7 01 0123456789 0123456789 0 0 0
1 6 8 0 8 78 012 0123456789 0123456789 0 0 0
1 6 8 0 89 089 012 0123456789 012468 0 0 0
1 6 8 0 9 01 012 0123456789 0123456789 0 0 08
1 6 8 0 9 123 012 012356789 0123456789 01 01236 02468
1 6 8 0 9 345 012 012346789 0123456789 0 0 0
1 6 8 01 09 056789 012 01234569 02345678 0 0 0
1 6 8 1 0 0 01 012346789 0123456789 0 0 0
1 6 8 1 0 01 012 023456789 0123456789 01 026789 024568
1 6 8 1 0 1234567 012 0123469 012345678 01 02 08
1 6 8 1 01 0123478 012 0123456789 01245689 01 02 08
1 6 8 1 1 456 012 02345679 012346789 0 0 0
1 6 8 1 12 016789 012 0123456789 02468 0 0 0
1 6 8 1 2 123456 012 0123456789 01234678 0 0 0
1 6 8 1 2 67 012 01234569 012345678 0 0 0
1 6 8 1 23 0123789 012 012346789 01245678 0 0 0
1 6 8 1 3 345 012 012456789 01234689 0 0 0
1 6 8 1 34 056789 012 0123456789 01234689 0 0 0
1 6 8 1 4 0123 012 023456789 02456789 012 0126789 02468
1 6 8 1 4 3 1 0 5 012 0123456789 012468
1 6 8 1 4 3 1 0126789 01245689 02 01234567 02468
1 6 8 1 4 3 12 029 012468 012 0123456789 02468
1 6 8 1 4 3 2 2 8 012 0123456789 01234689
1 6 8 1 4 345 012 0123456 02346789 012 0123469 012468
1 6 8 1 4 5678 012 0126789 0123456789 0 0 0
1 6 8 1 4 89 012 023456 0123456789 012 01246789 02468
1 6 8 1 45 09 012 012456789 012456789 01 0269 0468
1 6 8 1 5 01 02 012345 0123456789 01 01236 012468
1 6 8 1 5 1 01 23456789 0123456789 0 0 0
1 6 8 1 5 123 012 0123456789 0123456789 0 0 0
1 6 8 1 5 3456 012 0123456789 012346789 0 0 0
1 6 8 1 56 016789 012 0123456789 012345689 0 0 0
1 6 8 1 6 12345 012 0123469 0123456789 0 0 0
1 6 8 1 6 5678 012 01234689 012345678 0 0 0
1 6 8 1 67 0189 012 01234569 0123456789 0 0 0
1 6 8 1 7 12345 012 0123456789 012345689 0 0 0
1 6 8 1 78 015678 01 0123456789 012456789 0 0 0
1 6 8 1 8 123 012 0123456789 0234678 0 0 0
1 6 8 1 8 345 012 0123456789 0123456789 0 0 0
1 6 8 1 8 67 012 0123456789 012345689 0 0 0
1 6 8 1 8 7 01 0123456789 0123456789 0 0 0
1 6 8 1 8 7 12 012345679 0123456789 0 0 0
1 6 8 1 89 0124789 012 012345689 012345689 0 0 0
1 6 8 1 9 4 01 0123456789 01246789 0 0 0
1 6 8 1 9 45 012 012345789 02456789 012 0129 028
1 6 8 1 9 5 01 0123456789 01246789 012 0123456789 0124689
1 6 8 1 9 56 012 0123456789 01234568 0 0 0
1 6 8 1 9 6 012 0123456789 0246789 0 0 0
1 6 8 1 9 67 012 0123456789 01234568 0 0 0
1 6 8 1 9 789 012 0123456789 0123456789 0 0 0
1 6 8 1 9 9 01 0234569 0123456789 0 0 0
1 6 8 1 9 9 1 012345 0123456789 0 0 0
1 6 8 1 9 9 12 0123456789 0123456789 0 0 0
1 6 8 12 09 01239 012 0123456 012345678 0 0 0
1 6 8 2 0 345 01 0123456789 0234678 0 0 0
1 6 8 2 0 5678 012 0123456789 02456789 01 01236 02468
1 6 8 2 0 89 02 0134689 012468 012 01234569 0123456789
1 6 8 2 0 9 01 0129 0124568 012 0123456789 0123456789
1 6 8 2 0 9 1 346 01234689 01 01234569 0124568
1 6 8 2 0 9 12 0234679 01234568 012 01234689 01234689
1 6 8 2 0 9 2 45 12345678 012 012346789 02345678
1 6 8 2 01 09 02 012345 01234568 012 02456789 012345678
1 6 8 2 1 012345 012 012345689 0123456789 0 0 0
1 6 8 2 1 5 01 0123456789 023456789 0 0 0
1 6 8 2 1 567 012 012346789 0123456789 0 0 0
1 6 8 2 12 0789 012 0123456789 01245689 0 0 0
1 6 8 2 2 012 012 01234569 0123456789 01 026789 02345678
1 6 8 2 2 2 01 012345689 0123456789 0 0 0
1 6 8 2 2 2 12 012346789 0123456789 0 0 0
1 6 8 2 2 234 012 02567 0123458 012 012346789 012345689
1 6 8 2 2 45 012 0279 01234568 012 01234689 012345678
1 6 8 2 2 56 01 012345689 0123456789 0 0 0
1 6 8 2 2 67 01 0123456789 023468 01 0123469 02468
1 6 8 2 2 78 012 0123456789 023456789 0 0 0
1 6 8 2 2 8 012 0123456789 0124689 0 0 0
1 6 8 2 2 89 02 0123456 0123456789 0 0 0
1 6 8 2 23 09 012 012456789 0123456789 0 0 0
1 6 8 2 3 012 012 012346789 01245678 0 0 0
1 6 8 2 3 2 01 0123456789 012468 01 026789 02468
1 6 8 2 3 23 012 012345689 012345689 0 0 0
1 6 8 2 3 345 012 012456789 023456789 0 0 0
1 6 8 2 3 5678 012 0123456789 012345678 01 01269 02468
1 6 8 2 34 012389 012 01234569 0123456789 0 0 0
1 6 8 2 4 3 01 0123456789 0123456789 0 0 0
1 6 8 2 4 3 12 01245679 0123456789 0 0 0
1 6 8 2 4 45 012 0123456789 0123456789 0 0 0
1 6 8 2 4 5 12 03456789 0123456789 0 0 0
1 6 8 2 4 5678 012 01234689 0123456789 0 0 0
1 6 8 2 45 012389 012 012345689 012345678 0 0 0
1 6 8 2 5 345 012 012345689 01245689 0 0 0
1 6 89 02 0135 0234568 012 0124569 01234568 0 0 0
1 6 9 0 34 089 012 0123469 0123456789 012 024689 02468
1 6 9 0 4 0 01 012345689 0123456789 0 0346 02348
1 6 9 0 4 01245 012 012345679 0123456789 012 01246789 024689
1 6 9 0 4 56 012 012369 0245689 012 01234569 012345678
1 6 9 0 4 678 01 0123 0234678 01 01234569 012345678
1 6 9 0 45 089 01 02346 04678 012 0123456789 02345678
1 6 9 0 5 0 01 0126789 023456789 0 0 0
1 6 9 0 5 01 012 01234569 0123456789 0 0 0
1 6 9 0 5 123 01 01234679 0234568 01 012345679 024689
1 6 9 0 5 3 0 1 67 012 01234569 0123456789
1 6 9 0 5 3 0 1 789 012 0123456789 012345678
1 6 9 0 5 345 01 01234569 0246789 01 01234569 0234689
1 6 9 0 5 5 0 6 01 012 0123456789 012346789
1 6 9 0 5 5 0 6 123 012 0123456789 0124689
1 6 9 0 5 56 01 0126789 012346789 012 02345689 0124689
1 6 9 01 2356 0146789 012 023456789 01245678 0 0 0
1 6 9 1 3 123456 01 01235678 0123456789 01 012346 012468
1 6 9 1 3 6 01 01289 0123456789 012 01234569 0234568
1 6 9 1 3 6 1 234 0123456789 012 012369 023456789
1 6 9 1 3 6789 012 0123456789 0123456789 0 0 0
1 6 9 1 34 01239 012 012456789 0123456789 0 0 0
1 6 9 1 4 345 012 0123469 0123456789 01 02 08
1 6 9 1 4 5 01 0123469 01234678 01 012346 012345678
1 6 9 1 45 056789 012 0123456789 0124678 0 0 0
1 6 9 1 5 0 012 0123469 0123456789 0 0 0
1 6 9 1 5 012345 012 023456789 0123456789 0 0 0
1 6 9 1 5 5 01 1246789 023468 012 01234569 012345678
1 6 9 1 5 56789 012 012346789 0123456789 0 0 0
1 6 9 1 5 9 1 89 023489 012 012345679 012345678
1 6 9 1 567 0289 012 0129 01234568 01 0123456789 01245689
1 6 9 1 79 2456 01 0123456 012456789 01 01236 023468
1 6 9 1 9 6 012 012456789 012456789 01 0236 0248
1 6 9 1 9 67 012 0123456789 0123456789 0 0 0
1 6 9 12 09 012789 01 012346789 0123456789 0 0 0
1 6 9 2 0 2 012 012346789 0123456789 0 0 0
1 6 9 2 02 2345678 012 0234689 012345689 01 02678 0468
1 6 9 2 2 4 1 4567 0123456789 01 0234689 0124568
1 6 9 2 2 4567 012 02345789 012456789 012 0234679 024689
1 6 9 2 23 0123456789 012 01234569 02345678 0 0 0
1 6 9 2 3 9 01 0123456789 0123456789 01 01236 024568
1 6 9 2 3 9 12 01256789 0123456789 01 02345679 02456789
1 6 9 2 345 01245689 02 0123456 0123456789 0 0 0
1 6 9 2 5 5 01 0123456789 0123468 01 0123469 023468
1 67 09 02 05 05 012 0123456789 0124689 0 0 0
1 7 0 0 0 012 012 0123456789 0245689 0 0 0
1 7 0 0 0 2 012 0123469 02345678 01 01236 01245678
1 7 0 0 0 234567 012 0123456789 01245689 0 0 0
1 7 0 0 01 0789 012 0123456789 0123456789 01 02 08
1 7 0 0 1 0 1 2345679 012345678 01 01234689 0123456789
1 7 0 0 1 012 012 0129 023456789 012 01234679 02345678
1 7 0 0 1 2 01 0123456789 012345689 0 0 0
1 7 0 0 1 23456 012 012345679 0123456789 0 0 0
1 7 0 0 1 678 01 012346789 0123468 0 0 0
1 7 0 0 12 01239 012 023456789 0124689 0 0 0
1 7 0 0 2 3 01 012345689 012345678 012 0123469 02468
1 7 0 0 2 34 012 012346789 0124678 012 01234569 01246789
1 7 0 0 2 4567 012 012346789 012345678 0 0 0
1 7 0 0 2 789 012 01234679 012346789 0 0 0
1 7 0 0 23 0129 012 0123456789 012345689 0 0 0
1 7 0 0 3 23 012 01256789 0123456789 01 0236 0248
1 7 0 0 3 3 0 2346789 0123456789 01 01236 012468
1 7 0 0 3 3 01 0123459 0123456789 01 01236 012468
1 7 0 0 3 34 01 03456789 0123456789 01 01236 012468
1 7 0 0 3 4567 012 0123469 0123456789 01 029 028
1 7 0 0 3 789 012 01234569 0123456789 0 0 0
1 7 0 0 3 9 01 0123456789 0123456789 01 02689 012468
1 7 0 0 3 9 12 0123456789 0123456789 0 0 0
1 7 0 0 34 09 012 012345679 0123456789 01 02 08
1 7 0 0 4 01 012 023456789 0123456789 0 0 0
1 7 0 0 4 1 12 0123456789 012456789 0 0 0
1 7 0 0 4 124678 012 012345679 012345689 0 06 04
1 7 0 0 45 0189 012 0123456789 0123456789 01 0289 02468
1 7 0 0 5 1234 012 012345689 01245689 0 0 0
1 7 0 0 5 45 012 0245679 012456789 01 01236 024689
1 7 0 0 56 0156789 012 012345679 023456789 0 0 0
1 7 0 0 6 1 012 0123456789 0123456789 0 0 0
1 7 0 0 6 12 012 0123456789 0123456789 0 0 0
1 7 0 0 6 2 1 234567 0123456789 01 01236 0123468
1 7 0 0 6 2 12 02789 012345689 01 01236 0123468
1 7 0 0 6 2345 012 012345689 0123456789 0 0 0
1 7 0 0 67 056789 012 012345679 0123456789 0 0 0
1 7 0 0 7 0 01 03456789 0123456789 0 0 0
1 7 0 0 7 0 1 012345678 0123456789 0 0 0
1 7 0 0 7 012 012 0123489 02345678 01 012346 0124678
1 7 0 0 7 2 0 23456789 012346789 01 02345679 02468
1 7 0 0 7 2 12 0123456789 0123456789 0 01 06
1 7 0 0 7 234 012 012345689 0123456789 012 023469 0248
1 7 0 0 7 45 012 0123456 0123468 012 0123469 024689
1 7 0 0 7 5 12 026789 023456789 012 0123469 02468
1 7 0 0 7 56 012 023456789 0123456789 0 0 0
1 7 0 0 7 678 012 012349 0123456789 0 0 0
1 7 0 0 7 8 012 0123456789 02345689 01 02 08
1 7 0 0 7 89 012 0123456789 0245678 0 0 0
1 7 0 0 78 09 012 0123456789 0245689 0 0 0
1 7 0 0 8 0 012 0123456789 01245678 0 0 0
1 7 0 0 8 01 012 0123456789 024568 0 0 0
1 7 0 0 8 12 012 0123456789 02346789 0 0 0
1 7 0 0 8 2 012 0123456789 024568 0 0 0
1 7 0 0 8 23 012 0123456789 012456789 0 0 0
1 7 0 0 8 34 012 0123456789 0124568 0 0 0
1 7 0 0 8 4 012 0123456789 024568 0 0 0
1 7 0 0 8 45 012 0123456789 01234568 01 023469 024689
1 7 0 0 8 5678 012 01234569 0123456789 0 0 0
1 7 0 0 8 89 012 023456789 01234568 0 0 0
1 7 0 0 89 0123459 01 0123456789 023456789 0 0 0
1 7 0 0 9 678 012 0126789 0123456789 0 0 0
1 7 0 01 09 01289 012 01234569 0245689 0 0 0
1 7 0 1 0 2345 012 012345679 012456789 01 01236 012468
1 7 0 1 01 056789 012 012346789 01234678 0 0 0
1 7 0 1 1 01234 012 0123456 0123456789 0 0 0
1 7 0 1 1 4 01 0123456789 0123456789 0 0 0
1 7 0 1 1 4567 012 01236789 012345678 0 0 0
1 7 0 1 1 789 012 012345679 0123456789 01 01236 024568
1 7 0 1 12 019 01 0123456789 012345678 0 0 0
1 7 0 1 2 123 012 0123456789 01234568 0 0 0
1 7 0 1 23 0345689 012 012345689 0123456789 0 0 0
1 7 0 1 3 0 01 0123456789 012345678 01 02369 0248
1 7 0 1 3 0123 012 012346789 01246789 01 0269 0468
1 7 0 1 3 3456 012 0123456789 012345689 01 02 08
1 7 0 1 34 012456789 012 012345679 012345689 0 0 0
1 7 0 1 4 6 012 0123456789 012345689 0 0 0
1 7 0 1 4 6789 012 01234569 0123456789 0 0 0
1 7 0 1 45 09 012 0123456789 0245689 0 0 0
1 7 0 1 5 01 012 0123456789 0123468 0 0 0
1 7 0 1 56 0123456789 01 01234569 02345689 0 0 0
1 7 0 1 6 1 01 0123456789 0123456789 0 0 0
1 7 0 1 6 123 012 01234569 0123456789 0 0 0
1 7 0 1 6 34 012 01234569 012345678 0 0 0
1 7 0 1 6 45 012 0123456789 012456789 0 0 0
1 7 0 1 6 67 012 01234569 023456789 012 02456789 023468
1 7 0 1 6 78 02 01245 0123456789 01 01236 012468
1 7 0 1 6 8 0 234 0123456789 012 012345679 0124568
1 7 0 1 6 8 0 456789 0123456789 0 0 0124
1 7 0 1 6 8 0 9 6789 01 01234679 012468
1 7 0 1 6 8 01 0123459 0123456789 01 01236 02468
1 7 0 1 6 8 1 567 0123456789 012 012369 012468
1 7 0 1 6 8 1 789 0123456789 012 01234689 012468
1 7 0 1 6 8 12 012349 0123456789 01 012369 012468
1 7 0 1 6 8 2 4 012 012 0123456789 0124568
1 7 0 1 6 89 02 0134567 0123456789 012 0123469 012468
1 7 0 1 67 09 01 01234689 012346789 01 0269 0248
1 7 0 1 7 0123 012 012345689 0123456789 0 0 0
1 7 0 1 7 3456 012 0123456789 0123456789 0 06 04
1 7 0 1 7 6 1 3456789 0123456789 01 02 08
1 7 0 1 78 0456789 012 01234569 0123456789 0 0 0
1 7 0 1 8 678 012 0123456789 012345678 0 0 0
1 7 0 1 89 0189 012 01234569 0123456789 0 0 0
1 7 0 1 9 1234 012 0123456789 0246789 01 02346 0468
1 7 0 1 9 45689 012 012346789 0123456789 01 09 02
1 7 0 12 09 09 012 0123456789 0123456789 01 01236 02468
1 7 0 2 0 012 012 0123456789 0123456789 0 0 0
1 7 0 2 0 23 012 0123456789 012345678 0 0 0
1 7 0 2 0 345 012 012346789 023456789 012 024569 0248
1 7 0 2 0 567 01 0123456789 0123456789 0 0 0
1 7 0 2 01 0789 012 0123456789 0245678 0 0 0
1 7 0 2 1 0123 012 0123456789 01234689 0 0 0
1 7 0 2 1 345 012 012345679 01234689 0 0 0
1 7 0 2 1 5 012 0123456789 023456789 0 0 0
1 7 0 2 12 056789 012 02345679 01234568 0 0 0
1 7 0 2 2 01234 012 012345679 01246789 012 01234569 01234689
1 7 0 2 2 456 012 012346789 0123456789 0 0 0
1 7 0 2 2 678 012 0123456789 012456789 0 0 0
1 7 0 2 23 0189 012 0123456789 0123468 0 0 0
1 7 0 2 3 1 12 0123456789 0246789 012 0234569 012468
1 7 0 2 3 123 012 0123456789 012345678 02 04 01248
1 7 0 2 3 3456 012 0123456789 01234568 0 0 0
1 7 0 2 3 678 01 0123456789 0246789 0 0 0
1 7 0 2 3 8 12 0123456789 0245689 0 0123 02346789
1 7 0 2 3 8 2 3 23 012 01234569 0123456789
1 7 0 2 3 8 2 345 0234568 01 012456789 012456789
1 7 0 2 3 9 01 0123456789 02468 0 0 0
1 7 0 2 34 049 012 0123459 01245678 01 01236789 0123468
1 7 0 2 4 4 01 0123456789 01234568 0 0 0
1 7 0 2 4 45 012 0123456789 02345689 0 0 0
1 7 0 2 4 56 012 0123456789 02345689 0 0 0
1 7 0 2 4 6 01 0123456789 02346789 0 0 0
1 7 0 2 4 67 012 0123456789 0246789 0 0345 02468
1 7 0 2 4 7 012 0123456789 012345689 01 0269 0468
1 7 0 2 4 78 02 01345 01245689 012 01234569 012346789
1 7 0 2 4 8 0 23456789 0123456789 01 01236 02468
1 7 0 2 4 8 01 012349 012345689 01 012369 01234689
1 7 0 2 4 8 12 01456789 023456789 012 01234569 0124689
1 7 0 2 4 8 2 12 0123456789 012 0123456789 01234689
1 7 0 2 45 0189 012 012346789 012345689 012 0245689 0124689
1 7 0 2 5 1 0 1234567 01234568 012 01234569 012468
1 7 0 2 5 1 01 0789 0245678 012 0123456789 023468
1 7 0 2 5 1 1 01234 0123456789 012 0123469 0124678
1 7 0 2 5 1 1 4567 012456789 012 01234569 01234689
1 7 0 2 5 1 12 012789 0123456789 01 01234569 0124689
1 7 0 2 5 12 02 012345 0123456789 01 01236789 0123468
1 7 0 2 5 2 01 012456789 0123456789 012 026789 01246789
1 7 0 2 5 2 1 23456 0123456789 01 0123469 024568
1 7 0 2 5 234 012 012456789 012456789 01 012346 012468
1 7 0 2 5 4 012 0123456789 01245678 0 0 0
1 7 01 02 015 0124589 012 012345679 024678 0 0 0
1 7 1 0 1 567 012 0123469 01245689 0 0123456 02456789
1 7 1 0 1 7 1 2 89 012 012456789 012345678
1 7 1 0 1 7 1 34 0234689 01 01234569 0123456789
1 7 1 0 1 7 1 4 0 01 0123456789 0123456789
1 7 1 0 1 7 1 45 01248 012 0123456789 023456789
1 7 1 0 1 78 012 012345679 012345678 01 0123456 024689
1 7 1 0 12 0189 01 023456789 01234568 0 0 0
1 7 1 0 2 12 012 0123456789 012456789 0 0 0
1 7 1 0 2 2 1 01234567 0123456789 0 0 0
1 7 1 0 2 234 012 012345789 0123456789 0 0 0
1 7 1 0 2 45 012 0123456789 012346789 0 0 0
1 7 1 0 23 01235678 012 0234569 0123456789 01 01236 02468
1 7 1 0 34 02346 012 023456789 012345689 0 0 0
1 7 1 0 456 012345689 012 0123456789 01246789 0 0 0
1 7 1 0 67 012348 012 012349 0123456789 0 0346 0248
1 7 1 0 7 45 01 0469 0234 012 01234689 012345678
1 7 1 0 7 5 0 0 0 01 023456789 012345678
1 7 1 0 7 5 0 0 01248 01 01234569 012345689
1 7 1 0 7 5 0 0 8 01 0123456789 02345678
1 7 1 0 7 5 0 0 8 12 012356789 0123456789
1 7 1 0 7 5 0 0 89 02 0123456 0123456789
1 7 1 0 7 5 0 0 9 01 0123456789 02346789
1 7 1 0 7 5 0 01 09 012 012345789 02345689
1 7 1 0 7 5 0 1 0 01 0123456789 012345689
1 7 1 0 7 5 0 1 0 12 0123456789 0123456789
1 7 1 0 7 5 0 1 0126 012 0123456 0123456789
1 7 1 0 7 5 0 1 678 01 012346 012456789
1 7 1 0 7 5 0 1 8 01 0456789 0123456789
1 7 1 0 7 5 0 1 8 1 0123456 0123456789
1 7 1 0 7 5 0 1234 012489 01 012346789 0123456789
1 7 1 0 7 5 0 45 01289 01 0123456 012345678
1 7 1 0 7 5 0 5 2 01 012456789 012345689
1 7 1 0 7 5 0 5 2346 012 012456789 0123456789
1 7 1 0 7 5 0 5 6 0 123456 0123456789
1 7 1 0 7 5 0 5 678 01 012346789 0123456789
1 7 1 0 7 5 0 5 8 01 01234789 0123456789
1 7 1 0 7 5 0 5 8 12 01456789 0123456789
1 7 1 0 7 5 0 56 023489 012 0123459 012456789
1 7 1 0 7 5 0 67 24568 01 012356789 012346789
1 7 1 0 7 5 0 7 2 01 0123456789 0123456789
1 7 1 0 7 5 0 7 23 012 0123456789 012345689
1 7 1 0 7 5 0 7 3 01 0123456789 012345689
1 7 1 0 7 5 0 7 34 012 0123456789 0123456789
1 7 1 0 7 5 0 7 4 01 012345689 0123456789
1 7 1 0 7 5 0 7 4 12 0123456789 012346789
1 7 1 0 7 5 0 7 45 012 0123456789 0123456789
1 7 1 0 7 5 0 7 56 012 0123456789 012345689
1 7 1 0 7 5 0 78 012678 01 01234569 0123456789
1 7 1 0 7 5 0 89 234678 01 0123456789 0123456789
1 7 1 0 7 5 01 019 0234678 01 0123456 012345689
1 7 1 0 7 5 12 129 024678 01 01234569 0123456789
1 7 1 0 7 5 2 2 4 01 023456789 0123456789
1 7 1 0 7 5 2 2 4 1 012345678 0123456789
1 7 1 0 7 5 2 2 45 012 01234589 023456789
1 7 1 0 7 5 2 2 5 0 123456789 0123456789
1 7 1 0 7 56 02 02346789 024568 01 01234569 0123456789
1 7 1 0 789 012346789 012 012345679 024678 0 0 0
1 7 1 01 09 089 012 0123456789 024678 0 0 0
1 7 1 1 0 012 012 01234569 012468 012 02459 02489
1 7 1 1 0 2 0 012 01234568 012 02459 02489
1 7 1 1 0 2 012 0123469 012345678 012 02459 02489
1 7 1 1 0 234567 012 0123456789 0245678 012 02459 02489
1 7 1 1 012 012346789 012 0123456789 024689 0 0 0
1 7 1 1 45 2345689 012 01234679 012345678 0 0 0
1 7 1 1 56 019 012 0123456789 0123456789 0 0 0
1 7 1 1 6 12 012 012345689 0123456789 0 0 0
1 7 1 1 679 23468 012 012346789 0123456789 0 0 0
1 7 1 12 019 012345678 012 012369 0234678 0 0 0
1 7 1 2 123 0124678 012 01234569 01234568 0 0 0
1 7 12 02 0134 02345678 012 012346789 024678 01 01236789 024678
1 7 2 0 13456 01245689 01 01236 012345678 012 02459 012489
1 7 2 0 6 4 012 012346789 0123456789 0 0 0
1 7 2 0 6 45678 012 012346789 012345678 0 0 0
1 7 2 0 6 8 0 3456789 0123456789 0 0 0
1 7 2 0 6 8 1 0123456 0123456789 0 0 0
1 7 2 0 6 8 12 0126789 0123456789 0 0 0
1 7 2 0 6 89 02 012345 0123456789 0 0 0
1 7 2 0 6 9 0 3456789 0123456789 0 0 0
1 7 2 0 6 9 01 0123459 0123456789 0 0 0
1 7 2 0 6 9 12 0156789 0123456789 0 0 0
1 7 2 0 67 09 02 012345 0123456789 0 0 0
1 7 2 0 7 0 01 012456789 0123456789 0 0 0
1 7 2 0 7 0 1 23456789 0123456789 0 0 0
1 7 2 0 7 01 012 0123459 0123456789 0 0 0
1 7 2 0 7 1 01 01236789 0123456789 0 0 0
1 7 2 0 7 1 1 1234567 0123456789 0 0 0
1 7 2 0 7 1 12 0123789 0123456789 0 0 0
1 7 2 0 78 012689 012 01234569 023456789 0 0 0
1 7 2 0 8 12 01 0123456789 0123456789 0 0 0
1 7 2 0 8 2 01 0123456789 0123456789 0 0 0
1 7 2 0 8 23 012 01234569 0123456789 0 0 0
1 7 2 0 8 3 01 0123456789 0123456789 0 0 0
1 7 2 0 8 34 02 02456789 0123456789 012 0123459 0246789
1 7 2 0 8 45 01 0123456789 0123456789 0 0 0
1 7 2 0 8 56 01 01236789 0123456789 0 0 0
1 7 2 0 8 67 012 0123456789 0123456789 01 02346 0248
1 7 2 0 89 2378 012 0123456789 01234678 0 0 0
1 7 2 0 9 34 012 012346789 012345678 0 0 0
1 7 2 0 9 4 0 0123 0123456789 01 02346789 0124678
1 7 2 0 9 4 0 345678 0123456789 0 0 0
1 7 2 0 9 456 01 01289 0123456789 01 01236 023468
1 7 2 0 9 6 01 012345689 0123456789 012 023469 02489
1 7 2 0 9 6 1 0 6 01 0123456789 0123456789
1 7 2 0 9 6 1 0 6 12 0123456789 0123456789
1 7 2 0 9 6 1 0 67 02 01234567 0123456789
1 7 2 0 9 6 1 0 78 012 023456789 0123456789
1 7 2 0 9 6 1 012 012456789 01 0123456789 02345689
1 7 2 0 9 67 01 0123456789 023456789 01 01236 012468
1 7 2 0 9 78 01 012345789 0123456789 01 02689 0468
1 7 2 0 9 8 0 5 12346 01 012346789 012346789
1 7 2 0 9 8 0 567 012346789 01 01234689 01245689
1 7 2 0 9 8 01 246789 0123456789 01 0126789 01246789
1 7 2 0 9 8 12 016789 0123456789 01 023456789 0245678
1 7 2 0 9 89 012 0123456789 0123456789 0 0 0
1 7 2 01 09 029 012 01234569 0123456789 0 0 0
1 7 2 1 0 234 012 0123456789 0123456789 01 02369 0248
1 7 2 1 0 4568 012 01234569 0245678 0 0 0
1 7 2 1 01 089 012 0123456789 023456789 01 02456789 02468
1 7 2 1 1 0 0 6 4567 012 012345679 02345689
1 7 2 1 1 0 0 67 01234789 012 0123456789 012468
1 7 2 1 1 0 0 7 4567 012 0123456789 0246789
1 7 2 1 1 0 012 023456789 0123456789 01 01234589 012468
1 7 2 1 1 0 2 012 0123456789 012 0123456789 01245678
1 7 2 1 1 01 02 0123456 0123456789 01 02346 012468
1 7 2 1 1 1 0 678 0123456789 012 0123456789 0124678
1 7 2 1 1 1 01 189 01245678 01 0123456789 01245689
1 7 2 1 1 1 1 1234 0123456789 01 02345689 012345689
1 7 2 1 1 1 1 456789 0123456789 0 0 0
1 7 2 1 1 1 12 01239 0123456789 012 0126789 0124689
1 7 2 1 12 012 02 012345 0123456789 0 0 0
1 7 2 1 2 0 0 345678 0123456789 0 0 0
1 7 2 1 2 0 01 01234589 0123456789 0 0 0
1 7 2 1 2 0 12 0156789 0123456789 0 0 0
1 7 2 1 2 01 02 012345 0123456789 0 0 0
1 7 2 1 2 1 0 12345678 0123456789 0 0 0
1 7 2 1 2 1 01 01234589 0123456789 0 0 0
1 7 2 1 2 1 12 23456789 0123456789 0 0 0
1 7 2 1 23456789 012345689 01 02456789 0234689 0 0 0
1 7 2 12 019 0123456789 01 01236 012345689 01 01236 024568
1 7 2 2 1 7 0 012 012346789 012 0234689 024689
1 7 2 2 1 7 0 23 0123456789 012 0236789 0245678
1 7 2 2 1 7 0 345 0123456789 012 023469 023468
1 7 2 2 1 7 0 56 01236789 012 0123456789 01245678
1 7 2 2 1 7 01 01236789 0123456789 012 01234689 02468
1 7 2 2 1 7 1 3456 0123456789 012 0234569 02468
1 7 2 2 1 7 1 6 12346789 012 01245689 023456789
1 7 2 2 1 7 12 06789 0123456789 01 012456789 0123468
1 7 2 2 12 012478 012 01236 0123456789 0 0 0
1 7 2 2 2 4 0 456789 0123456789 0 0 0
1 7 2 2 2 4 01 0123459 0123456789 01 023456 024689
1 7 2 2 2 4 12 056789 0123456789 0 0 0
1 7 2 2 2 4 2 0123 01246789 012 012346789 02468
1 7 2 2 2 4 2 34 0123456789 012 012346789 02468
1 7 2 2 2 4 2 45 01245689 012 01234689 02468
1 7 2 2 2 45 02 015 012345678 01 012345679 02468
1 7 2 2 2 5 0 12 02346789 012 01234689 0123468
1 7 2 2 2 5 0 23 01234589 012 0123456789 02468
1 7 2 2 2 5 0 34 01256789 012 01234689 02468
1 7 2 2 2 5 0 45 0123456789 012 01234679 02468
1 7 2 2 2 5 0 56 0456789 012 01234689 02468
1 7 2 2 2 5 0 6 012345689 012 01236789 02468
1 7 2 2 2 5 0 67 012345679 012 01234689 02468
1 7 2 2 2 5 0 78 01234789 012 01234689 02468
1 7 2 2 2 5 0 89 023456789 012 0123456789 02468
1 7 2 2 2 5 0 9 3456789 012 01236789 02468
1 7 2 2 2 5 01 09 01234569 012 0123456789 02468
1 7 2 2 2 5 1 01 0123456789 012 023456789 02468
1 7 2 2 2 5 1 12 0123456789 012 0234679 02468
1 7 2 2 2 5 1 23 023456789 012 012346789 02468
1 7 2 2 2 5 1 34 012345789 012 012346789 02468
1 7 2 2 2 5 1 45 2345678 012 0123456789 02468
1 7 2 2 2 5 1 56 0189 012 012346789 02468
1 7 2 2 2 5 1 6 12345 012 0123456789 02468
1 7 2 2 2 5 1 67 01235678 012 01234689 02468
1 7 2 2 2 5 1 78 0346789 012 0123456789 02468
1 7 2 2 2 5 1 8 01234567 012 012346789 02468
1 7 2 2 2 5 1 89 01789 012 012346789 02468
1 7 2 2 2 5 1 9 123456 012 0123456789 02468
1 7 2 2 2 5 12 09 0126789 012 012346789 02468
1 7 2 2 2 5 2 01 03456789 012 01234689 02468
1 7 2 2 2 5 2 1 01234567 012 0123456789 02468
1 7 2 2 2 5 2 12 01789 012 012346789 02468
1 7 2 2 2 5 2 2 123456 012 012345689 02468
1 7 2 2 2 5 2 23 06789 012 0123456789 02468
1 7 2 2 2 5 2 3 0123 012 0123456789 0245678
1 7 2 2 2 5 2 3 3456789 012 012346789 02468
1 7 2 2 2 5 2 34 012349 012 012346789 02468
1 7 2 2 2 5 2 45 012456789 012 012345689 02468
1 7 2 2 2 56 02 05 012345 012 012346789 02468
1 7 2 2 2 6 0 01 015689 012 0123456789 02468
1 7 2 2 2 6 0 123 0123456789 012 01234679 02468
1 7 2 2 2 6 0 345 023456789 01 01234569 02468
1 7 2 2 2 6 0 567 0123456789 012 0123469 02468
1 7 2 2 2 6 0 78 023456789 012 012345689 02468
1 7 2 2 2 6 0 89 0123456789 012 01236789 0245689
1 7 2 2 2 6 01 0129 0123456789 012 0234679 024568
1 7 2 2 2 6 1 2345 0123456789 012 0123469 02468
1 7 2 2 2 6 1 5678 012345678 012 0236789 02468
1 7 2 2 2 6 12 0189 0123456789 012 0269 02468
1 7 2 2 23 2345678 012 0123456789 012456789 01 02 08
1 7 2 2 3 5678 012 0123469 012345689 0 0 0
1 7 2 2 34 0189 012 0123456789 012345678 0 0 0
1 7 2 2 4 1245 012 0123456789 0245678 0 0 0
1 7 2 2 4 5 01 0123456789 0123456789 0 0 0
1 7 2 2 4 56 012 023456789 012345689 01 02 08
1 7 2 2 4 7 01 0123456789 0123456789 0 0 0
1 7 2 2 45 278 012 0123456789 0123456789 0 0 0
1 7 2 2 5 2 0 01234567 0123456789 0 0 0
1 7 2 2 5 2 01 0123789 0123456789 0 0 0
1 7 2 2 5 2 1 345678 0123456789 0 0 0
1 7 2 2 5 2 12 0123489 0123456789 0 0 0
1 7 2 2 5 23 02 0145 0123456789 01 0269 02468
1 7 2 2 5 3 0 12 0126789 012 01234679 01245678
1 7 2 2 5 3 0 23 234 012 0123456789 012346789
1 7 2 2 5 3 0 3 2345 012 012345689 0123456789
1 7 2 2 5 3 0 3 5 012 012345689 0123456789
1 7 2 2 5 3 0 3 567 012 0123456789 012468
1 7 2 2 5 3 0 3 78 012 0123456789 02468
1 7 2 2 5 3 0 34 019 012 0123456789 02346789
1 7 2 2 5 3 0 4 123 012 0123456789 012345689
1 7 2 2 5 3 0 4 34 012 012345679 0123456789
1 7 2 2 5 3 0 4 4 01 01456789 0123456789
1 7 2 2 5 3 0 4 4 1 1234567 0123456789
1 7 2 2 5 3 0 4 4 12 01234789 0123456789
1 7 2 2 5 3 0 4 45689 012 01234569 0123456789
1 7 2 2 5 3 0 45 09 012 0123456789 0123456789
1 7 2 2 5 3 0 5 0 01 0123456789 023456789
1 7 2 2 5 3 0 5 01 012 01234589 023456789
1 7 2 2 5 3 0 5 1 01 0123456789 012345678
1 7 2 2 5 3 0 5 12 012 0123456789 0123456789
1 7 2 2 5 3 0 5 2 01 0123456789 012345689
1 7 2 2 5 3 0 5 23 012 0123456789 0123456789
1 7 2 2 5 3 0 5 3 012 0123456789 0124689
1 7 2 2 5 3 0 56 02346789 02 012345 0124678
1 7 2 2 5 3 0 6 4 012 012346789 0246789
1 7 2 2 5 3 0 6 45 02 0123456789 02345689
1 7 2 2 5 3 0 6 5 012 0123456789 012346789
1 7 2 2 5 3 0 6 56 02 01234567 02345689
1 7 2 2 5 3 0 6 6 012 012346789 023456789
1 7 2 2 5 3 0 6 67 02 0123456789 02468
1 7 2 2 5 3 0 6 7 12 0123456789 012468
1 7 2 2 5 3 0 6 78 02 012345678 0123456789
1 7 2 2 5 3 0 6 8 012 0123456789 02468
1 7 2 2 5 3 0 6 89 012 012345689 024689
1 7 2 2 5 3 0 67 09 012 0123456789 02345678
1 7 2 2 5 3 0 7 0 01 0123456789 02345689
1 7 2 2 5 3 0 7 0 12 0123456789 0123456789
1 7 2 2 5 3 0 7 01 012 0123456789 0246789
1 7 2 2 5 3 0 7 1 12 0123456789 023456789
1 7 2 2 5 3 0 7 12 012 0123456789 0234568
1 7 2 2 5 3 0 7 2 12 0123456789 0123456789
1 7 2 2 5 3 0 7 23 012 0123456789 02456789
1 7 2 2 5 3 0 7 3 12 0123456789 0234678
1 7 2 2 5 3 0 7 34 012 0123456789 0245678
1 7 2 2 5 3 0 7 4 12 0123456789 01234568
1 7 2 2 5 3 0 7 45 012 0123456789 0123456789
1 7 2 2 5 3 0 7 56 012 012345679 0123456789
1 7 2 2 5 3 0 7 6 0 123456789 0123456789
1 7 2 2 5 3 0 7 67 012 012346789 012346789
1 7 2 2 5 3 0 7 7 01 0123456789 0245689
1 7 2 2 5 3 0 7 78 012 012345789 01245678
1 7 2 2 5 3 0 7 89 012 0123456789 0124568
1 7 2 2 5 3 0 7 9 01 0123456789 0123456789
1 7 2 2 5 3 0 78 012345679 012 023456789 02468
1 7 2 2 5 3 0 89 0123456789 012 01234569 0124678
1 7 2 2 5 3 0 9 67 012 0123456789 012456789
1 7 2 2 5 3 0 9 7 01 0123456789 0123456789
1 7 2 2 5 3 0 9 78 012 012345689 0123456789
1 7 2 2 5 3 0 9 89 012 012345679 0123456789
1 7 2 2 5 3 01 09 09 012 0123456789 012456789
1 7 2 2 5 3 1 0 0 01 0123456789 0123456789
1 7 2 2 5 3 1 0 01 012 0123456789 0123456789
1 7 2 2 5 3 1 0 1 01 0123456789 023456789
1 7 2 2 5 3 1 0 12 012 0123456789 0123456789
1 7 2 2 5 3 1 0 23 012 0123456789 012346789
1 7 2 2 5 3 1 0 3 01 0123456789 0123456789
1 7 2 2 5 3 1 0 3 1 123456789 0123456789
1 7 2 2 5 3 1 0 34 02 012345 0123456789
1 7 2 2 5 3 1 0 4 01 0123456789 012346789
1 7 2 2 5 3 1 0 45 012 0123456789 023456789
1 7 2 2 5 3 1 0123 012456789 01 0123456789 01245689
1 7 2 2 5 3 1 34567 0123456789 01 0123456789 024689
1 7 2 2 5 3 1 7 6 12 0123456789 012345678
1 7 2 2 5 3 1 7 7 01 0123456789 012468
1 7 2 2 5 3 1 7 78 012 012346789 0245689
1 7 2 2 5 3 1 7 89 012 0123456789 012456789
1 7 2 2 5 3 12 0789 0123456789 012 0123459 01234568
1 7 2 2 5 3 2 012 0123456789 01 029 028
1 7 2 2 5 34 02 02345 0123456789 01 029 028
1 7 2 2 5 45 01 012345689 0123456789 012 0249 0248
1 7 2 2 5 5 012 0123456789 0123456789 01 023467 02468
1 7 2 2 5 5 2 45 019 012 0123456789 024689
1 7 23 02 05 05 02 01345678 0123468 012 01234569 024689
1 7 3 0 0 0 0 89 02345689 01 0126789 012346789
1 7 3 0 0 0 0 9 3 01 0123456789 0123456789
1 7 3 0 0 0 01 09 0345678 012 0123456789 0123456789
1 7 3 0 01 0124568 012 012456789 0123456789 0 0 0
1 7 3 0 1 6789 012 0123456789 0246789 0 0 0
1 7 3 0 12 0129 01 0123456789 0124689 0 0 0
1 7 3 0 2 2345 012 0123456789 0246789 0 0 0
1 7 3 0 2 567 012 012346789 0123456789 0 0 0
1 7 3 0 23 0789 012 0123456789 012456789 0 0 0
1 7 3 0 3 01268 012 0123456789 01245678 0 0 0
1 7 3 0 34 012349 012 012369 0123456789 0 0 0
1 7 3 0 4 4 01 1234569 023456789 012 02679 024678
1 7 3 0 4 4 12 0456789 0123456789 012 02346789 02468
1 7 3 0 4 4 2 02345 0123456789 012 01234569 02468
1 7 3 0 4 45 012 0123456 0123456789 01 01234569 02468
1 7 3 0 4 56 012 01234679 01245678 01 0123456789 02468
1 7 3 0 4 67 012 0123456789 0123456789 0 0 0
1 7 3 0 4 7 012 0123456789 0123456789 0 0 0
1 7 3 0 45 012378 012 012345679 012345678 0 0 0
1 7 3 0 5678 0123456789 012 012569 0245689 0 0 0
1 7 3 0 8 2 01 0123456789 0123456789 0 0 0
1 7 3 0 8 23 012 023456789 012345689 0 0 0
1 7 3 0 8 34 012 0123469 0123456789 0 0 0
1 7 3 0 8 4567 012 0123456789 01245689 0 0 0
1 7 3 01 26789 01245678 012 012456789 0234678 0 0 0
1 7 3 1 89 012346789 012 0124569 02345678 0 0 0
1 7 3 1 9 34 01 01269 0123456789 012 02369 02468
1 7 3 1 9 4 0 12345 012346789 012 02369 02468
1 7 3 1 9 4 01 056789 0123456789 012 02346789 0245678
1 7 3 1 9 4 1 012 024 01 0123456789 012345689
1 7 3 1 9 4 1 2 0 12 0123456789 012456789
1 7 3 1 9 4 1 2 01 02 012345 012345678
1 7 3 1 9 4 1 2 1 01 0123456789 0123456789
1 7 3 1 9 4 1 2 12 012 0123456789 01234689
1 7 3 1 9 4 1 2 2 01 0123456789 023456789
1 7 3 1 9 4 1 2 23 012 0123456789 01245678
1 7 3 1 9 4 1 2 3 01 0123456789 0123456789
1 7 3 1 9 4 1 2 3 12 0123456789 02345689
1 7 3 1 9 4 1 2 34 02 0123456789 0246789
1 7 3 1 9 4 1 2 4 012 0123456789 02345689
1 7 3 1 9 4 1 2 45 012 0123456789 024678
1 7 3 1 9 4 1 2 56 012 0123456789 01234689
1 7 3 1 9 4 1 2 6 012 0123456789 0124678
1 7 3 1 9 4 1 2 67 012 0123456789 0124678
1 7 3 1 9 4 1 2345 0123456789 012 0234569 02468
1 7 3 1 9 4 1 5678 012345689 01 012369 024678
1 7 3 1 9 45 012 012346789 0123456789 012 024569 0248
1 7 3 1 9 56 012 012345679 02345678 01 01236 023468
1 7 3 1 9 6789 012 012345679 012456789 0 0 0
1 7 3 1 9 9 012 0123456789 0123456789 0 0 0
1 7 3 12 09 0123459 012 012345689 012346789 01 029 028
1 7 3 2 0 5 0 1234 012456789 012 01234569 0234689
1 7 3 2 0 5 0 4 123 012 0123456789 0123456789
1 7 3 2 0 5 0 4 3456 012 012346789 012456789
1 7 3 2 0 5 0 4 6 012 0123456789 0123456789
1 7 3 2 0 5 0 45 06789 012 0123456789 0234678
1 7 3 2 0 5 0 5 123 012 01234689 012456789
1 7 3 2 0 5 0 5 345678 012 0123456789 024568
1 7 3 2 0 5 0 56 01289 012 0123456789 01246789
1 7 3 2 0 5 01 06789 01234689 012 0123456789 024689
1 7 3 2 0 5 1 0 01234 012 0123456789 02468
1 7 3 2 0 5 1 0 45678 012 0123456789 02468
1 7 3 2 0 5 1 01 0189 012 0123456789 024568
1 7 3 2 0 567 012 012679 012346789 01 045679 02468
1 7 3 2 0 7 01 0123456789 0123456789 0 0 0
1 7 3 2 0 78 012 0123456789 02345689 0 0 0
1 7 3 2 0 89 012 01236789 0123456789 0 034 0123
1 7 3 2 01 019 012 0123456 0123456789 01 012346 02468
1 7 3 2 1 12 01 012346789 012345678 0 0 0
1 7 3 2 1 23 01 0123456789 012345678 0 0 0
1 7 3 2 1 34 012 012346789 0123456789 0 0 0
1 7 3 2 1 45 012 0123456789 0123456789 0 0 0
1 7 3 2 12 05689 01 012346789 02345678 0 0 0
1 7 3 2 2 12 012 0123456789 0234689 0 0 0
1 7 3 2 2 23 012 012345689 0123456789 0 0 0
1 7 3 2 2 345 012 0123456789 02345678 0 0 0
1 7 3 2 2 5 01 12456789 02456789 012 0123456789 02468
1 7 3 2 2 56 012 0123456789 0123456789 01 026 048
1 7 3 2 2 6 012 012346789 0123456789 0 0 0
1 7 3 2 2 67 012 0123456789 0123456789 0 0 0
1 7 3 2 2 7 12 013456789 0123456789 0 0 0
1 7 3 2 2 789 012 01234569 0123456789 012 01234679 02468
1 7 3 2 3 0 012 012346789 0123456789 0 0 0
1 7 3 2 3 12 012 012346789 01246789 0 0 0
1 7 3 2 3 2 0 12345678 0123456789 012 02369 0248
1 7 3 2 3 2 01 012345689 0123456789 01 0269 0468
1 7 3 2 3 23 012 0123456789 0123456789 0 0 0
1 7 3 2 3 34 012 0123456789 024689 0 0 0
1 7 3 2 3 4567 012 0123456789 02346789 01 01236 02468
1 7 3 2 3 7 012 012346789 012345678 01 012346789 02468
1 7 3 2 3 789 02 0124 0123456789 012 0123456789 02468
1 7 3 2 3 9 0 2345 012489 012 0123456789 02468
1 7 3 2 3 9 01 25689 012345678 012 012346789 02468
1 7 3 2 3 9 12 012349 0123456789 012 02479 02468
1 7 3 2 34 09 012 0123456789 0123456789 01 02346 02348
1 7 3 2 4 01 012 012345679 0123456789 0 0 0
1 7 3 2 4 1 01 124689 0123456789 012 0124569 0234689
1 7 3 2 4 12 012 012345679 012345689 012 0234569 0245689
1 7 3 2 4 23 012 012346789 012456789 0 0 0
1 7 3 2 4 3 01 012389 012346789 012 0123469 024678
1 7 3 2 4 3 12 034679 012345678 012 0123456789 02468
1 7 3 2 4 34 02 023456 0123456789 01 012346 02468
1 7 3 2 4 4 012 01245689 012345689 012 01234689 02468
1 7 3 2 4 45 012 0123456789 012345689 01 0123469 024568
1 7 3 2 4 5 1 24679 0124568 01 0123469 012456789
1 7 3 2 4 56 012 0123469 0123456789 0 0 0
1 7 3 2 4 678 012 0123456789 0123456789 0 0 0
1 7 3 2 4 8 012 0123489 012456789 012 0126789 012468
1 7 3 2 4 89 012 012456789 0123456789 01 02 08
1 7 3 2 45 019 012 0123456789 012345689 0 0 0
1 7 3 2 5 12 012 0124569 0123458 012 0123456789 02468
1 7 3 2 5 2 0 6 56 012 0123456789 012346789
1 7 3 2 5 2 01 23456789 012345678 012 0123469 0234568
1 7 3 2 5 23 01 016789 0123468 012 0123456789 02468
1 7 3 2 5 3 1 1 345 012 0123456789 02468
1 7 3 2 5 3 1 1 567 012 0123456789 02468
1 7 3 2 5 3 1 1 78 012 0123456789 02468
1 7 3 2 5 3 1 12 089 012 0123456789 02468
1 7 3 2 5 3 1 2 012 012 0123456789 02468
1 7 3 2 5 3 1 2 234 012 0123456789 02468
1 7 3 2 5 34 01 01234678 024568 012 0123456789 02468
1 7 3 2 5 45 012 0123456789 0123456789 0 0 0
1 7 3 2 5 5 01 0123456789 0123456789 01 01236 024678
1 7 34 02 01235 012345689 012 02346789 01245689 0 0 0
1 7 4 0 3 4 01 23456789 02456789 012 0123469 0124689
1 7 4 0 3 45 012 0234589 0123456789 01 01236 024678
1 7 4 0 3 5 0 12 01234568 012 01234679 012345678
1 7 4 0 3 5 0 2 34 01 0123456789 0123456789
1 7 4 0 3 5 0 2345 012456789 012 0123456789 02346789
1 7 4 0 3 5 0 5678 012345678 012 02346789 01234689
1 7 4 0 3 5 012 01246789 0123456789 01 01236 02468
1 7 4 0 34 02345678 012 0123456789 012345689 0 0 0
1 7 4 0 4 6 01 012346789 012456789 01 012689 02468
1 7 4 0 4 67 012 012345789 0123456789 0 0 0
1 7 4 0 4 7 01 0123456789 012345678 0 0 0
1 7 4 0 467 046789 012 012346789 012345689 0 0 0
1 7 4 0 7 0123467 012 0123456789 0234678 0 0 0
1 7 4 01 0789 0126789 012 012346789 01234689 0 0 0
1 7 4 1 012 024689 01 0123456789 012346789 0 0 0
1 7 4 1 2 6 12 012345679 0123456789 0 0 0
1 7 4 1 2 67 012 0123456789 0123456789 01 02 08
1 7 4 1 2 78 012 0123456789 0123456789 01 026789 024678
1 7 4 1 23 0234689 012 0126789 01245689 01 01269 02468
1 7 4 1 3 6 01 123456789 0123456789 0 0 0
1 7 4 1 3 67 012 0123456789 0123456789 0 0 0
1 7 4 1 3 789 012 012346789 01246789 0 0 0
1 7 4 1 3 9 01 0123456789 0123456789 0 0 0
1 7 4 1 3 9 1 123456789 0123456789 0 0 0
1 7 4 1 34 09 012 012345679 0123456789 0 0 0
1 7 4 1 4 01 012 012345679 0123456789 0 0 0
1 7 4 1 4 12 02 034 045678 012 0123456789 02468
1 7 4 1 4 2 0 01 06789 012 0123456789 02468
1 7 4 1 4 2 0 1 012345 012 0123456789 02468
1 7 4 1 4 2 0 12 0235689 012 012346789 02468
1 7 4 1 4 2 0 23 0456789 012 0123456789 02468
1 7 4 1 4 2 0 3 01234678 012 0123456789 02468
1 7 4 1 4 2 0 34 02345689 012 0123456789 02468
1 7 4 1 4 2 0 45 0129 012 0123456789 02468
1 7 4 1 4 2 0 56 023456 012 0123456789 02468
1 7 4 1 4 2 0 67 0124678 012 0123456789 02468
1 7 4 1 4 2 0 7 234568 012 0123456789 02468
1 7 4 1 4 2 0 78 0189 012 0123456789 02468
1 7 4 1 4 2 01 089 0124568 012 0123456789 02468
1 7 4 1 4 2 1 0 012489 012 012345679 02468
1 7 4 1 4 2 1 0123 01289 012 0123456789 02468
1 7 4 1 4 2 1 3 012678 012 0123456789 02468
1 7 4 1 4 2 1 34 0234589 012 0123456789 02468
1 7 4 1 4 2 1 456 025678 012 0123456789 02468
1 7 4 1 4 2 1 6 0124568 012 0123456789 02468
1 7 4 1 4 2 1 67 01289 012 0123456789 02468
1 7 4 1 4 2 1 7 23456 012 012346789 02468
1 7 4 1 4 2 1 78 0234678 012 0123456789 02468
1 7 4 1 4 2 12 09 0245689 012 0123456789 02468
1 7 4 1 4 2 2 01 0234689 012 0123456789 02468
1 7 4 1 4 2 2 12 0234678 012 0123456789 02468
1 7 4 1 4 2 2 23 245678 012 0123456789 02468
1 7 4 1 4 2 2 34 06789 012 0123456789 02468
1 7 4 1 4 23 02 03456 0123468 012 0123469 02468
1 7 4 12 0469 02345678 012 023469 024689 01 012369 02468
1 7 4 2 01 012345678 012 0123456789 02468 0 0 0
1 7 4 2 12 0124789 012 012345679 02468 0 0 0
1 7 4 2 23 012456789 012 012346789 02468 0 0 0
1 7 4 2 3 234567 012 01234569 02468 0 0 0
1 7 4 2 34 0189 012 0123456789 02468 0 0 0
1 7 4 2 4 12345678 012 023456789 02468 0 0 0
1 7 4 2 4 89 012 0123456789 02468 0 0 0
1 7 45 02 045 01234569 012 01234689 012468 0 0 0
1 7 5 0 012 012345678 012 01234569 0123468 01 01236 024689
1 7 5 0 2 89 01 01234569 0123456789 01 01269 023468
1 7 5 0 2 9 12 01234569 012346789 012 026789 0234568
1 7 5 0 234 0129 02 012 0123456789 01 02689 024568
1 7 5 0 4 1 0 2345 0123456789 012 0123456789 01234689
1 7 5 0 4 1 0 5 5678 01 0123456789 012345689
1 7 5 0 4 1 0 56 089 012 0123456789 012346789
1 7 5 0 4 1 0 6 0123 012 01234569 01246789
1 7 5 0 4 1245 012 0123456789 01234678 01 0679 01245689
1 7 5 01 0469 0456789 012 012345679 023456789 0 06 0456
1 7 5 1 0 01 012 01234569 0123456789 012 026789 0124568
1 7 5 1 0 12 012 012345679 012345689 0 0 0
1 7 5 1 0 23 012 0123456789 012345678 0 0 0
1 7 5 1 0 3467 012 0123456789 012345678 0 0 0
1 7 5 1 01 078 012 0123456789 012456789 0 0 0
1 7 5 1 1 01 01 0123689 012346789 0 0 0
1 7 5 1 1 1234 012 02346789 012346789 01 01236 0124678
1 7 5 1 1 45678 012 012345689 012346789 0 0 0
1 7 5 1 12 01289 012 0234569 01234689 0 0 0
1 7 5 1 2 234 012 012346789 023456789 0 0 0
1 7 5 1 2 456 012 012345689 0123456789 0 0 0
1 7 5 1 2345 24678 012 023456789 023456789 0 0 0
1 7 5 1 567 0689 012 01234569 012345689 0 0 023456
1 7 5 1 7 6 1 6 89 012 0123456789 023456789
1 7 5 1 7 6 1 67 0129 012 0123456789 012346789
1 7 5 1 78 0236789 012 012456789 02345678 01 0246 048
1 7 5 1 8 34 012 01234569 0123456789 0 0 0
1 7 5 1 89 012345689 012 0123456789 0123456789 0 0 0
1 7 5 1 9 4567 012 012345679 012345689 0 0 0
1 7 5 12 09 01278 012 0123679 0123456789 0 0 0
1 7 5 2 0 3456789 012 0123456789 012345689 0 0 0
1 7 56 02 012 012345689 012 012346789 0123456789 0 067 02489
1 7 6 0 01 09 01 01234568 012468 01 012345689 0123456789
1 7 6 0 1 0 0 8 23 012 0123456789 0123456789
1 7 6 0 1 012 01 0289 0123456789 012 0123456789 012346789
1 7 6 0 12 0123456 012 0123456789 0124568 01 023 0238
1 7 6 0 2 2348 012 01234569 0123456789 01 023469 0124568
1 7 6 0 23 0189 01 012456789 0123456789 012 02459 0123489
1 7 6 0 3 1 0 1234 02345689 01 012345689 0123468
1 7 6 0 3 1 01 245679 023456789 01 01234569 01246789
1 7 6 0 3 1 1 9 7 01 23456789 0123456789
1 7 6 0 3 12 012 01234569 012456789 012 0123469 024678
1 7 6 0 34 012345689 012 012345679 0234678 012 023469 02468
1 7 6 0 4 12346 01 0234569 0123456789 0 0 0
1 7 6 0 45 278 01 0123456789 012345689 01 026789 02468
1 7 6 0 5 2 12 012489 024678 01 0123456789 012345689
1 7 6 0 5 2 2 4 89 012 012345689 0123456789
1 7 6 0 5 2 2 45 0129 012 0123456789 02345678
1 7 6 0 5 2 2 5 23 012 0123456789 0246789
1 7 6 0 5 2 2 5 3 01 0123456789 023468
1 7 6 0 5 2 2 5 345 012 0123456789 0123456789
1 7 6 0 5 23 012 01234569 0123456789 01 0236789 0124568
1 7 6 0 5 3 1 456789 0123456789 012 01234569 01234568
1 7 6 0 5 346 012 01239 0123456789 012 0123469 02468
1 7 6 0 5 6 01 123456789 0123456789 012 02349 024678
1 7 6 0 5 67 012 0123456789 0123456789 01 03469 0246
1 7 6 0 5 7 012 0123456789 012345678 0 0 0
1 7 6 0 5 78 02 012345 0123456789 012 01269 0124678
1 7 6 0 5 8 0 456 0123456789 012 02345679 01234689
1 7 6 0 56 01289 012 0123456789 0123456789 0 0 0
1 7 6 0 6 2 01 23456789 0124568 01 012345689 0123456789
1 7 6 0 6 2345 012 01234679 024568 012 012346789 0123456789
1 7 6 0 6 5 01 236789 024689 012 01236789 01245689
1 7 6 0 6 5 1 23 019 012 0123456789 023456789
1 7 6 0 6 5 1 3 123456 01 012346789 012345678
1 7 6 0 6 5 1 34 012456789 012 02456789 012345689
1 7 6 0 6 5 1 45 278 01 0123456789 0123456789
1 7 6 0 6 567 012 0234569 023468 012 0123456789 01245678
1 7 6 0 6 7 0 89 023456789 012 012346789 0123456789
1 7 6 0 6 7 0 9 01234 012 0123456789 0234678
1 7 6 0 67 23478 012 02346789 012345689 012 012346789 02345689
1 7 6 0 7 4567 012 01234569 01234678 01 02345689 01234689
1 7 6 0 789 0124789 012 0123456789 01245678 0 0 0
1 7 6 0 9 346 012 023456789 0123456789 01 01236 024568
1 7 6 0 9 67 02 01234567 0123456789 0 0 0
1 7 6 0 9 7 012 012345689 0123456789 012 02349 024678
1 7 6 0 9 78 012 0123456789 0123456789 01 01236 023468
1 7 6 0 9 89 012 01234569 012346789 01 0123679 02468
1 7 6 01 09 09 01 0123469 0246789 012 01236789 023468
1 7 6 1 0 0 01 123456 0123456789 012 023469 0248
1 7 6 1 0 0 1 6 6789 01 012345689 023468
1 7 6 1 0 0 1 678 0123456789 012 0123456789 01245689
1 7 6 1 0 01 012 01234589 0123456789 012 01234679 024678
1 7 6 1 0 1 0 56 0789 012 012346789 0234678
1 7 6 1 0 1 0 6 012 012 01234569 012345678
1 7 6 1 0 1 01 06789 0123456789 01 0126789 024678
1 7 6 1 0 12 012 01246789 0123456789 012 0129 02468
1 7 6 1 0 23 012 0123456789 01234689 0 0 0
1 7 6 1 0 34 012 0123456789 0123456789 0 0 0
1 7 6 1 0 456 012 012345679 0123456789 0 0 0
1 7 6 1 0 67 012 012346789 023456789 0 0 0
1 7 6 1 0 78 012 0123456789 012345678 01 029 028
1 7 6 1 0 89 012 0123456789 0123456789 012 01234569 02468
1 7 6 1 0 9 01 12346789 0123456789 012 012679 02468
1 7 6 1 01 019 012 012346789 012456789 01 02 08
1 7 6 1 1 1 01 0123456789 0123456789 01 01269 0245678
1 7 6 1 1 12 012 012346789 0123456789 01 0123469 02468
1 7 6 1 1 23 012 0123456789 012456789 0 0 0
1 7 6 1 1 34 012 0123456789 0123456789 01 012369 0124689
1 7 6 1 1 45 012 0123456789 012345678 012 0234569 012346789
1 7 6 1 1 56 012 01234689 0123456789 012 0234 023468
1 7 6 1 1 67 012 0123456789 0123456789 0 0 0
1 7 6 1 1 7 0 6 89 012 023456789 012346789
1 7 6 1 1 7 0 6 9 01 012345689 012345678
1 7 6 1 1 7 01 0126789 012456789 01 01234679 0234568
1 7 6 1 1 78 012 0123456789 0123456789 0 0 0
1 7 6 1 1 89 012 012345679 0123456789 01 029 028
1 7 6 1 12 09 012 0123479 0123456789 01 01236 02468
1 7 6 1 2 01 012 01236789 0123456789 0 0 0
1 7 6 1 2 1 012 0123456789 012345678 01 0236 0248
1 7 6 1 2 12 02 012345689 0123456789 0 012 012345678
1 7 6 1 2 2 0 9 6 012 123456789 012456789
1 7 6 1 2 2 012 01249 0246789 012 012345689 023456789
1 7 6 1 2 234 012 0123456789 012346789 01 02 08
1 7 6 1 2 4 012 0123456789 012345689 0 0 0
1 7 6 1 2 45 012 01234569 0123456789 0 0 0
1 7 6 1 2 56 02 0345 02456789 0 01234568 0123456789
1 7 6 1 2 6 01 056789 0123456789 01 01289 01245678
1 7 6 1 2 6 1 01245679 0123456789 01 012369 02468
1 7 6 1 2 6 12 012349 01234568 012 0123456789 01234568
1 7 6 1 2 6 2 4 234 01 01236789 0123456789
1 7 6 1 234 0678 012 04569 024568 012 0123456789 0123456789
1 7 6 1 4679 0123468 012 0123456789 0123456789 0 0 0
1 7 6 12 019 01234689 01 0126789 01245678 01 01236 012468
1 7 6 2 1 234 012 012345689 024689 0 0 0
1 7 6 2 1 45678 012 0123456789 024568 0 0 0
1 7 6 2 12 01289 012 0123456789 012456789 0 0 0
1 7 6 2 2 2 01 123456789 0124689 012 01234689 02468
1 7 6 2 2 2 1 2 12345 012 0123456789 0124678
1 7 6 2 2 2 1 2 56 012 0123456789 01234568
1 7 6 2 2 2 1 2 67 012 0123456789 0246789
1 7 6 2 2 23 012 0123456789 0123456789 012 023469 02346789
1 7 6 2 2 3456 012 012456789 0123456789 01 01236 02468
1 7 6 2 2 678 012 023456789 012345689 01 023456789 02468
1 7 6 2 3 245 01 0123456789 0123456789 01 01269 024678
1 7 6 2 3 5678 012 01245679 0123456789 0 0 0
1 7 6 2 4 01 012 023456789 012456789 0 0 0
1 7 67 02 04 01248 012 0123456789 01245678 01 012369 012468
1 7 7 0 0 012345 012 012346789 02468 0 0 0
1 7 7 0 01 056789 012 0123456789 0124689 0 0 0
1 7 7 0 1 0 012 0123456789 0124678 0 0 0
1 7 7 0 1 01 012 0123456789 0124568 0 0 0
1 7 7 0 1 12345 012 0123456789 012345678 0 0 0
1 7 7 0 12 01256 012 0123456789 023468 0 0 0
1 7 7 0 2 23 012 0123456789 0245678 0 0 0
1 7 7 0 23 2345678 012 0123456789 02456789 0 0 0
1 7 7 0 3 678 012 0123456789 0123456789 0 0 0
1 7 7 0 3 89 012 0123456789 0234568 0 0 0
1 7 7 0 34 04569 012 0123456789 012468 0 0 0
1 7 7 0 45 2678 012 0123456789 01246789 0 0 0
1 7 7 0 5 23 012 0123456789 012346789 0 0 0
1 7 7 0 5 34 012 0123456789 01234678 0 0 0
1 7 7 0 5 45 012 0123456789 0245689 0 0 0
1 7 7 0 56 023456 012 012346789 0245678 0 0 0
1 7 7 0 6 67 012 0123456789 0123456789 0 0 0
1 7 7 0 67 0789 012 0123456789 012345689 0 0 0
1 7 7 0 7 012 012 0123456789 024689 0 0 0
1 7 7 0 7 23 012 0123456789 01245689 0 0 0
1 7 7 0 7 34 012 0123456789 02345678 0 0 0
1 7 7 0 7 4568 012 0123456789 0123456789 0 0 0
1 7 7 0 78 049 012 0123456789 012345689 0 0 0
1 7 7 0 8 45 012 0123456789 012345689 0 0 0
1 7 7 0 8 56 012 0123456789 02345689 0 0 0
1 7 7 0 8 67 012 0123456789 02345678 0 0 0
1 7 7 0 8 78 012 0123456789 02345678 0 0 0
1 7 7 0 89 0189 012 0123456789 02456789 0 0 0
1 7 7 0 9 123 012 0123456789 02345678 0 0 0
1 7 7 0 9 3 12 2356789 02468 01 0123456789 0123456789
1 7 7 01 09 01346 012 012346789 0234689 01 023469 023468
1 7 7 1 0 1245 012 012346789 0123468 012 0123459 0123456789
1 7 7 1 01 25678 012 0123456789 01234568 0 0 0
1 7 7 1 12 04589 01 0123456789 01234678 0 0 0
1 7 7 1 2 5 012 0123456789 0123468 0 0 0
1 7 7 1 2 5678 012 012345689 0123456789 0 0 0
1 7 7 1 2 89 012 0123456789 02345678 0 0 0
1 7 7 1 2 9 01 0123456789 012456789 0 0 0
1 7 7 1 23 019 012 012345689 0124689 0 0 0
1 7 7 1 3 126 012 012345679 023456789 01 023456 024689
1 7 7 1 3 67 012 0123456789 01245678 01 0123469 024678
1 7 7 1 345 02345678 012 023456789 0124689 0 0 0
1 7 7 1 5 23 012 0123456789 0123456789 0 0 0
1 7 7 1 5 345 012 0123456789 023456789 0 0 0
1 7 7 1 5678 045678 012 0123456789 01234678 0 0 0
1 7 7 1 8 0124 01 0123456789 012456789 0 0 0
1 7 7 1 89 04568 012 0123456789 024689 012 0249 01248
1 7 7 1 9 0 01 09 046789 012 012346789 0123456789
1 7 7 1 9 012456 012 0123456789 023456789 01 012346 02489
1 7 7 2 0 0123 012 0123456789 02345689 0 0 0
1 7 7 2 012 01234689 012 0123456789 024678 0 0 0
1 7 7 2 2 123 012 0123456789 02346789 0 0 0
1 7 7 2 23 012345689 012 012456789 012345678 0 0 0
1 7 7 2 3 23 01 0123456789 01234568 0 0 0
1 7 7 2 3 3456 012 01234679 012345689 0 0 0248
1 7 7 2 3 67 01 012346789 012345689 01 01236 023468
1 7 7 2 3 78 012 0123456789 01245678 012 01236789 0123456789
1 7 7 2 3 8 12 023489 0123456789 012 0123456 012345689
1 7 7 2 3 89 012 0123456789 0123456789 01 0236 0248
1 7 7 2 34 019 012 01234569 0123456789 0 0 0
1 7 7 2 4 12 012 0123456789 012345678 0 0 0
1 7 7 2 4 23 012 0234569 0123456789 01 01234689 02468
1 7 7 2 4 34 012 0123456789 0123456789 0 0 0
1 7 7 2 4 456 012 023456789 012456789 01 01236 01234689
1 7 7 2 4 67 012 0123456789 012345689 0 0 0
1 7 7 2 4 789 012 0123456789 012346789 0 0 0
1 7 78 02 0145 01269 012 012345689 01234568 01 01236 024568
1 7 8 0 1 6 01 12345689 0123456789 012 02349 012345678
1 7 8 0 1 67 012 0123456789 0123456789 0 0 0
1 7 8 0 1 78 012 012346789 01246789 01 02679 02345678
1 7 8 0 1 8 1 12345 012456789 012 012369 0123468
1 7 8 0 1 8 12 0125679 02345678 0 0123456 0123456789
1 7 8 0 1 8 2 2 4 01 0123456789 012346789
1 7 8 0 1 8 2 2 45 012 012345789 012456789
1 7 8 0 1 8 2 2 5 01 0123456789 012345689
1 7 8 0 1 8 2 2 5 12 0123456789 0123456789
1 7 8 0 1 8 2 2 56 012 012345689 0123456789
1 7 8 0 1 8 2 2 67 012 0123456789 0123456789
1 7 8 0 1 8 2 2 7 01 0123456789 0123456789
1 7 8 0 1 8 2 23 0789 012 0123456789 01245678
1 7 8 0 1 8 2 3 0123456 012 0123456789 012346789
1 7 8 0 1 8 2 3 6 0 0123456789 0123456789
1 7 8 0 1 8 2 3 6 012 0123456789 0123456789
1 7 8 0 1 89 02 0134 0234678 012 0123456 023456789
1 7 8 0 1 9 0 4 0123456789 01 012345689 0123456789
1 7 8 0 1 9 0 456 023689 012 0123456789 012345689
1 7 8 0 12 09 012 01246789 02346789 01 0123456 012346789
1 7 8 0 2 0 0 345 012458 012 0123456789 01234568
1 7 8 0 2 0 012 0123456789 01245689 01 02346789 023468
1 7 8 0 2 0 2 1 012345 012 0123456789 0124678
1 7 8 0 2 01 02 0123456789 0123456789 01 02569 024678
1 7 8 0 2 1 12 0123456789 0123456789 012 0123469 02345678
1 7 8 0 2 12 012 0123456789 0123456789 01 01236 023468
1 7 8 0 2 23 012 0123456789 02345678 0 0 0
1 7 8 0 23 2348 012 012345789 0123456789 012 02456789 024568
1 7 8 0 3 2 0 345 012345689 012 01234569 0245678
1 7 8 0 3 2 01 2356789 012456789 012 01234569 0245678
1 7 8 0 3 2 1 3 567 01 0123456789 01234568
1 7 8 0 3 2 1 34 02789 01 0123456789 012456789
1 7 8 0 3 2 1 467 02345678 012 012346789 012345678
1 7 8 0 3 2 12 0789 01234678 012 0123469 024689
1 7 8 0 3 2 2 0 3456 012 0123456789 023456789
1 7 8 0 3 23 02 0123 0124678 01 0123456789 012345689
1 7 8 0 3 3 0 3 234 012 0123456789 0123456789
1 7 8 0 3 3 0 3 4 012 0123456789 012456789
1 7 8 0 3 3 0 3 45 012 0123456789 012456789
1 7 8 0 3 3 0 3 567 012 0123456789 023456789
1 7 8 0 3 3 0 3 78 012 0123456789 012345678
1 7 8 0 3 3 0 3 89 012 012345679 01245689
1 7 8 0 3 3 0 34 089 012 012345679 012345678
1 7 8 0 3 3 0 5 012 01 0123456789 01245689
1 7 8 0 3 3 0 5 23 012 012346789 0123456789
1 7 8 0 3 3 0 56789 02346789 012 012346789 012345678
1 7 8 0 3 3 01 019 01249 012 0123456789 012345689
1 7 8 0 3 3 1 1 23 01 0123456789 02346789
1 7 8 0 3 3 1 1 34567 012 0123456789 012345678
1 7 8 0 3 3 1 12346 0234678 01 012345689 012456789
1 7 8 0 3 3 1 6 0123 012 0123456789 012345678
1 7 8 0 3 3 1 6 3 012 0123456789 012346789
1 7 8 0 3 3 1 6 34567 012 0123456789 0123456789
1 7 8 0 3 3 1 678 01245678 012 0123456789 024678
1 7 8 0 3 34 012 0126789 0123456789 01 02456789 024689
1 7 8 0 3 45 012 023456789 02346789 01 0126789 0124689
1 7 8 0 345 023456789 012 0123456789 024689 0 0 0
1 7 8 0 5 7 0 6 456 012 0123456789 0123456789
1 7 8 0 5 789 012 0126789 0123456789 012 01234689 0124568
1 7 8 0 6 0123 012 01236789 01245678 012 0123469 024568
1 7 8 0 67 234 012 0123689 01246789 01 01236 012468
1 7 8 0 7 456 012 0123456789 0123456789 0 0 0
1 7 8 0 7 6789 012 01234689 02345678 01 02 08
1 7 8 0 78 01239 012 0123469 0123456789 0 0 0
1 7 8 0 8 3 0 3456789 0123456789 01 024569 02489
1 7 8 0 8 3 01 0123459 0123456789 01 01236 02468
1 7 8 0 8 3 12 0156789 0123456789 0 0 0
1 7 8 0 8 34678 012 0234567 0123456789 012 0129 02468
1 7 8 0 89 0289 01 012345789 0123456789 0 0 0
1 7 8 0 9 2 01 0156789 0123456789 0 0 0
1 7 8 0 9 2 1 1234567 0123456789 0 0 0
1 7 8 0 9 2 12 0123489 0123456789 0 0 0
1 7 8 0 9 23 02 012345 0123456789 0 0 0
1 7 8 0 9 3 01 0456789 0123456789 0 0 0
1 7 8 0 9 3 1 0123456 0123456789 0 0 0
1 7 8 0 9 3 12 01236789 0123456789 0 0 0
1 7 8 0 9 34 02 012345 0123456789 0 0 0
1 7 8 0 9 4 01 0123456789 0123456789 0 0 0
1 7 8 0 9 4 12 01456789 0123456789 0 0 0
1 7 8 0 9 45 02 012345 0123456789 0 0 0
1 7 8 0 9 5 01 0123456789 0123456789 0 0 0
1 7 8 0 9 5 12 023456789 0123456789 0 0 0
1 7 8 01 019 0245678 012 0123456 0123456789 0 0 0
1 7 8 1 123 045689 012 012346789 012468 0 0134567 0246789
1 7 8 1 3 012 01 01234569 01246789 012 0126789 02346789
1 7 8 1 3 2 0 678 01248 012 0123456789 01234689
1 7 8 1 3 2 01 01289 023456789 012 01234569 01245689
1 7 8 1 3 234 012 01249 012456789 012 0124569 0234689
1 7 8 1 3 456 012 0123456789 01234568 0 0 0
1 7 8 1 345 012346789 012 01234569 0246789 0 0 0
1 7 8 1 5 12456 012 012345689 0123456789 0 0 0
1 7 8 1 5 678 01 0123456789 0123456789 0 0 0
1 7 8 1 5 8 01 0123456789 0123456789 01 0269 0248
1 7 8 1 5 9 01 0123456789 0123456789 012 02459 02458
1 7 8 1 56 0123456789 012 02349 023468 012 023469 023468
1 7 8 1 67 09 01 023456789 0123456789 0 0 0
1 7 8 1 7 0 12 01234789 0123456789 0 0 0
1 7 8 1 7 01 02 012345 0123456789 012 01236789 024678
1 7 8 1 7 1 01 0456789 0123456789 012 012346 01234689
1 7 8 1 7 12 01 012345678 0123456789 0 0 0
1 7 8 1 7 2 12 01234589 0123456789 0 0 0
1 7 8 1 7 23 012 01235689 01234568 012 0123469 0124568
1 7 8 1 7 345 012 01234569 0123456789 02 0234 02678
1 7 8 1 7 56 01 013456789 012346789 01 01236 012468
1 7 8 1 7 6 1 2345 0234689 012 01236789 012346789
1 7 8 1 7 678 012 0123456789 012346789 0 0 0
1 7 8 1 78 02389 012 0123456789 012456789 0 0 0
1 7 8 12 089 0234568 012 012346789 01234678 01 01236 023468
1 7 8 2 0 89 012 0123456789 0123456789 0 0 0
1 7 8 2 01 09 012 02345789 0123468 01 0123456789 01246789
1 7 8 2 1 01 012 023456789 0123456789 01 03469 02456
1 7 8 2 1 1 01 01234569 0123456789 01 01269 02468
1 7 8 2 1 12 012 012345679 0123456789 01 01236 02468
1 7 8 2 1 2 012 0123456789 0123456789 0 01 06
1 7 8 2 1 23 012 0123456789 0123456789 01 023456 01234689
1 7 8 2 1 34 012 0123456789 01246789 01 0269 04568
1 7 8 2 1 45 012 012346789 0123456789 01 01236 02468
1 7 8 2 1 56 012 0123456789 0123456789 01 02346 02468
1 7 8 2 1 67 012 0123456789 02345678 0 0 0
1 7 8 2 1 78 012 0123456789 023456789 01 02 08
1 7 8 2 1 89 02 01234567 0123456789 01 01269 02468
1 7 8 2 1 9 01 12456789 023456789 012 0123456789 02468
1 7 8 2 123 023456789 012 012345689 0124678 01 02 08
1 7 8 2 3 456 012 01234689 023456789 01 023456 024689
1 7 8 2 3 6 12 012346789 0123456789 0 0 0
1 7 8 2 3 67 012 0123456789 0123456789 0 0 0
1 7 8 2 3 78 012 0123456789 0123456789 0 0 0
1 7 8 2 3 89 012 012345689 0123456789 01 01236 024689
1 7 8 2 3 9 12 012345679 0123456789 0 0 0
1 7 8 2 34 012456789 012 01234569 02456789 0 0 0
1 7 8 2 4 89 012 0123456789 0123456789 0 0 0
1 7 8 2 4 9 012 0123456789 0123456789 01 02 08
1 7 8 2 45 09 012 0123456789 0123456789 01 026789 023468
1 7 8 2 5 01 012 0123456789 012456789 01 02346 024689
1 7 8 2 5 1 012 0123456789 01234568 012 012369 0123468
1 7 8 2 5 123 012 01234569 0123456789 0 0 0
1 7 8 2 5 34 012 01234569 0123456789 0 0 0
1 7 8 2 5 45 01 023456789 0123456789 0 03 024
1 7 8 2 5 5 0 0 8 012 0123456789 0123456789
1 7 8 2 5 5 0 012345678 0123456789 012 01234689 01234568
1 7 8 2 5 5 01 0123489 0124568 01 0123456789 01246789
1 7 8 2 5 5 12 012456789 0123456789 012 0129 01245678
1 7 89 02 05 05 02 01234 0123456789 01 01236 023468
1 7 9 0 0 0 01 0123456789 0123456789 0 0 0
1 7 9 0 0 01234 012 0123456789 01234568 0 0 0
1 7 9 0 0123 0124568 012 02345689 02468 0 0123456 02456789
1 7 9 0 3 1 0 6 2 012 0123456789 012345678
1 7 9 0 34 012346 01 0123456789 0123456789 02 05 01234
1 7 9 0 4 012 01 0123456789 01245689 0 0 0
1 7 9 0 4 23 01 0123456789 0234568 0 067 024568
1 7 9 0 4 348 01 0123456789 02346789 01 0289 068
1 7 9 0 4 89 012 0123456789 01234689 0 0 0
1 7 9 0 45 09 012 0123456789 012345689 0 0 0
1 7 9 0 5 1 01 012345689 0123456789 0 0 0
1 7 9 0 56 012468 012 0123456789 012345678 0 0 0
1 7 9 0 6 01 012 0123456789 012456789 0 034 02
1 7 9 0 6 1 0 67 023456789 012 012346789 02468
1 7 9 0 6 1 01 123789 026789 012 0123456789 01245689
1 7 9 0 6 1 1 34567 0123456789 01 0269 028
1 7 9 0 6 1 12 012789 0123456789 0 0 0
1 7 9 0 6 12 012 01234569 0123456789 0 0 0
1 7 9 0 6 23 012 0123456789 02456789 0 0 0
1 7 9 0 6 3 012 0123456789 01234689 0 0 0
1 7 9 0 6789 0123456789 012 01246789 02345678 0 0 0
1 7 9 01 09 01245678 012 012346789 0124689 0 0 0
1 7 9 1 0 78 012 0123456789 0123456789 0 0 0
1 7 9 1 012 02489 012 0123456789 01246789 0 0 0
1 7 9 1 2 4567 012 0123456789 024568 0 0 0
1 7 9 1 2345 01245678 012 0123456789 024678 0 0 0
1 7 9 1 5678 0123456789 012 01234689 02468 0 0 0
1 7 9 1 89 019 012 0123456789 0123456789 0 0 0
1 7 9 12 019 0123456789 012 012346789 012345689 0 0 0
1 7 9 2 123 012345678 012 0123456789 02468 0 0 0
1 7 9 2 345 02345678 012 012346789 02468 0 0 0
1 8 0 0 06 045678 012 01234569 0123456789 0 0 0
1 8 0 0 67 02689 01 01789 012345689 012 0234569 0124689
1 8 0 0 78 01234678 012 012346789 01234678 01 01236789 02468
1 8 0 0 8 7 0 0 123456789 012 0123469 0245689
1 8 0 0 8 7 0 123456 0123456789 01 012346789 02468
1 8 0 0 8 7 0 678 0123456789 01 012346789 024689
1 8 0 0 8 7 0 89 0123459 012 0123456789 0124568
1 8 0 0 8 7 01 0129 012345689 012 012345689 0124678
1 8 0 0 8 7 1 23 012345689 01 0123456789 012456789
1 8 0 0 8 7 1 3 0123 012 0123456789 023456789
1 8 0 0 8 7 1 345 0123456789 01 0123456789 01234678
1 8 0 0 8 7 1 567 023456789 01 0234569 023456789
1 8 0 0 8 789 01 023456789 02456789 012 023469 024568
1 8 0 0 89 01239 012 0123456789 012456789 0 0 0
1 8 0 0 9 34 012 0123456789 012345678 0 0 0
1 8 0 0 9 4567 012 012345689 012345689 0 0 0
1 8 0 01 09 078 012 012346789 0123456789 0 0 0
1 8 0 1 0 01 01 0123456789 012456789 0 0 0
1 8 0 1 0 12 012 0123456789 0123456789 0 0 0
1 8 0 1 0 23 012 0123456789 0123456789 0 0 0
1 8 0 1 0 346 012 012345789 0123456789 0 0 0
1 8 0 1 0 6 01 0123456789 0123456789 0 0 0
1 8 0 1 0 6 12 0123456789 0123456789 0 0 0
1 8 0 1 0 67 02 012345 0123456789 0 0 0
1 8 0 1 0 7 01 0123456789 0123456789 0 0 0
1 8 0 1 0 7 12 0123456789 0123456789 0 0 0
1 8 0 1 0 78 02 0123456 0123456789 0 0 0
1 8 0 1 0 8 01 01236789 0123456789 0 0 0
1 8 0 1 0 8 12 0123456789 0123456789 0 0 0
1 8 0 1 0 89 012 0123456789 012456789 0 0 0
1 8 0 1 1 012 012 0123456789 0234689 0 0 0
1 8 0 1 1 234567 012 01234569 012345678 0 0 0
1 8 0 1 1 7 01 1234567 0123456789 0 0 0
1 8 0 1 1 789 012 0123456789 02456789 0 0 0
1 8 0 1 12 01245689 012 0123456789 012456789 0 0 0
1 8 0 1 23 0126789 012 01234569 012456789 0 0 0
1 8 0 1 34 02345789 012 023456789 023468 0 0 0
1 8 0 1 4 5689 012 0123456789 023456789 01 01269 0124678
1 8 0 1 4 9 0 45689 0123456789 012 01234679 023456789
1 8 0 1 4 9 01 019 0245678 012 0123456789 02346789
1 8 0 1 45 09 012 01234569 0123456789 01 012689 045689
1 8 0 1 5 0123 012 0123456789 02345678 01 012 024689
1 8 0 1 5 3 012 0123456789 012345678 0 0 0
1 8 0 1 56 02346 02 0123456 012345678 01 0126789 012468
1 8 0 1 67 3468 012 012456789 0123456789 01 0289 0248
1 8 0 1 7 8 01 0123456789 01245678 01 012345689 02468
1 8 0 1 78 089 012 023456789 0123456789 0 067 024
1 8 0 1 8 0 2 4 89 012 0123456789 0123456789
1 8 0 1 8 0 2 45 012459 012 0123456789 0123456789
1 8 0 1 8 012 012 0123456789 02456789 02 01234 02489
1 8 0 1 8 234567 012 0123456789 0245678 0 0 0
1 8 0 1 8 89 012 01234569 012345689 0 0 0
1 8 0 1 89 09 012 0123456789 012346789 0 0 0
1 8 0 1 9 01 012 012345679 023456789 0 0 0
1 8 0 12 09 01236 012 0123456789 024568 0 0 0
1 8 0 2 01 0348 01 0123456789 023456789 0 0 0
1 8 0 2 1 01 012 01246789 0123456789 0 0 0
1 8 0 2 1 1234 012 012346789 012346789 0 0 0
1 8 0 2 12 02456789 012 0123456789 01234568 0 0 0
1 8 0 2 2 23 012 012346789 0123456789 0 0 0
1 8 0 2 2 3 01 123456789 0123456789 0 0 0
1 8 0 2 23 234 012 012345679 02345678 01 023469 0245689
1 8 0 2 3 23 012 0123456789 0123456789 0 0 0
1 8 0 2 3 345 01 0123456789 0124568 01 01236789 012345678
1 8 0 2 3 5 1 56 01234689 012 0123456789 0245678
1 8 0 2 3 5 1 7 01234567 012 0123456789 02468
1 8 0 2 3 5 1 78 012789 012 02345689 024568
1 8 0 2 3 5 1 8 2345 012 0123456789 02468
1 8 0 2 3 5 1 8 5678 012 0123456789 012468
1 8 0 2 3 5 1 89 089 012 0123456789 02468
1 8 0 2 34 056 012 0129 012468 012 0123456789 0245678
1 8 0 2 4 0 1 23 0124589 012 012346789 012346789
1 8 0 2 4 0 1 345678 023456789 012 01234569 0234689
1 8 0 2 4 0 1 8 012 012 023456789 0123456789
1 8 0 2 4 0 1 89 0234568 01 0123456789 012345678
1 8 0 2 4 0 1 9 0 01 0123456789 0123456789
1 8 0 2 4 0 1 9 012 012 01234569 0123456789
1 8 0 2 4 0 1 9 2 01 0123456789 0123456789
1 8 0 2 4 0 1 9 2 12 0123456789 0123456789
1 8 0 2 4 0 1 9 23 012 0123456789 0123456789
1 8 0 2 4 0 1 9 345 012 012346789 0123456789
1 8 0 2 4 0 1 9 567 012 0123456789 0123456789
1 8 0 2 4 0 1 9 78 012 0123456789 0123456789
1 8 0 2 4 0 12 09 012489 01 0123456789 012345689
1 8 0 2 4 0 2 0 4 01 0123456789 012345678
1 8 0 2 4 0 2 0123 012456789 012 01234689 0123468
1 8 01 02 0145 012458 012 023456789 012346789 0 0 0
1 8 1 0 1 345 012 01234569 0123456789 0 0 0
1 8 1 0 123 02345678 012 01234569 012345678 01 01236 024568
1 8 1 0 3 346789 012 023456789 024678 01 012346789 0123456789
1 8 1 0 34 019 012 01234569 024568 012 01234569 0123468
1 8 1 0 4 12 012 01239 0123456789 01 01236 0124689
1 8 1 0 45 0123489 012 0123456789 024689 0 0 0
1 8 1 0 5 12 012 0123456789 0234689 0 0 0
1 8 1 0 5 23 012 0123456789 012456789 0 0 0
1 8 1 0 5 345 012 0123456789 0123468 0 0 0
1 8 1 0 5 56 012 012345679 012345689 0 0 0
1 8 1 0 5 678 012 0123456789 0123456789 0 0 0
1 8 1 0 5 89 012 0123456789 012346789 0 0 0
1 8 1 0 56 09 012 0123456789 012345678 0 0 0
1 8 1 0 6 01 012 0123456789 012345678 0 0 0
1 8 1 0 6 12 012 0123456789 012345689 0 0 0
1 8 1 0 6 23 012 0123456789 023456789 0 0 0
1 8 1 0 67 23468 012 0123456789 01246789 0 0 0
1 8 1 0 7 89 012 012346789 0123456789 0 0 0
1 8 1 0 78 0124569 012 01234569 012345689 0 0 0
1 8 1 0 89 01234568 012 012345689 012456789 0 0 0
1 8 1 01 09 023678 01 0126789 01234568 012 02345679 0234689
1 8 1 1 01 01234568 012 012346789 012345689 0 0 0
1 8 1 1 1 23 012 0123456789 012345689 0 0 0
1 8 1 1 1 34 012 0123456789 01234689 0 0 0
1 8 1 1 1 4567 012 012346789 012345678 0 0 0
1 8 1 1 1 78 012 0123456789 0234689 012 023469 024568
1 8 1 1 1 9 01 01236789 0123456789 01 02 08
1 8 1 1 12467 02489 012 0123459 02345689 0 0 0
1 8 1 1 7 4 01 012345689 0123456789 0 0 0
1 8 1 1 7 4567 012 0123456789 023456789 0 0 0
1 8 1 1 78 0478 012 0129 023456789 012 01234679 0124568
1 8 1 1 8 89 02 012345678 023456789 0 0 0
1 8 1 1 8 9 012 012345679 0123456789 0 0 0
1 8 1 1 89 019 012 0123456789 0245678 0 0 0
1 8 1 1 9 12346 012 0123456789 0234568 0 0 0
1 8 1 1 9 67 012 0123456789 012345678 0 0 0
1 8 1 1 9 789 012 01234679 02345689 012 01234689 02468
1 8 1 12 019 01245689 012 0123456789 012346789 0 0 0
1 8 1 2 1 234 01 0123456789 0123456789 0 0 0
1 8 1 2 1 4 0 345678 0123456789 0 0 0
1 8 1 2 1 4 01 012389 0123456789 0 0 0
1 8 1 2 1 4 1 456789 0123456789 0 0 0
1 8 1 2 1 4 12 012349 0123456789 0 0 0
1 8 1 2 1 45 02 012345 0123456789 0 0 0
1 8 1 2 1 5 01 0456789 0123456789 0 0 0
1 8 1 2 1 5 1 012345 0123456789 0 0 0
1 8 1 2 1 5 12 0156789 0123456789 0 0 0
1 8 1 2 1 567 012 01234569 0123456789 0 0 0
1 8 1 2 12 0234789 012 012345689 024678 0 0 0
1 8 1 2 2 4 012 0123456789 0123456789 0 0 0
1 8 1 2 2 45 012 0123456789 012345689 0 0 0
1 8 1 2 23 25678 012 0123456789 012345689 0 0 0
1 8 1 2 3 23 012 0123456789 0123456789 0 0 0
1 8 1 2 3 3456 012 0123456789 01246789 0 0 0
1 8 1 2 34 06789 012 012345679 012346789 0 0 0
1 8 2 0 01 0678 012 0123456789 012345678 0 0 0
1 8 2 0 12 02389 012 023456789 0123456789 0 0 0
1 8 2 0 23 012348 012 0123456789 0123456789 01 01236 012468
1 8 2 0 34 01234568 012 0123456789 01234568 0 0 0
1 8 2 0 4 8 0 01346 0245689 012 0123456789 0123456789
1 8 2 0 45 089 012 012346789 012345678 02 0234 024568
1 8 2 0 5 0 0 678 024568 012 012345689 0123456789
1 8 2 0 5 0 01 1245689 0245678 012 0123456789 0245678
1 8 2 0 5 012 012 0123456789 012456789 0 0 0
1 8 2 0 5 234 012 0234 012345689 01 012345679 02346789
1 8 2 0 5 45 012 012345679 0123456789 01 02346 012348
1 8 2 0 56 0123456 012 0123469 0123456789 0 0 0
1 8 2 0 67 012456789 012 012346789 0124689 0 0 0
1 8 2 0 7 789 01 0123456789 0123456789 0 0 0
1 8 2 0 789 023489 012 01234689 0123456789 0 0 0
1 8 2 01 09 456 012 012346789 01234568 0 0 0
1 8 2 1 0123 01234678 012 0123456789 01234568 0 0 0
1 8 2 1 34 01246789 012 0234569 0123456789 0 0 0
1 8 2 1 45 012456789 012 0123469 023456789 0 0 0
1 8 2 1 56 06789 012 012346789 0246789 0 0 0
1 8 2 1 6 012 01 0123456789 02345678 0 0 0
1 8 2 1 6 23 012 012346789 0123456789 0 0 0
1 8 2 1 67 2348 012 012346789 01245689 0 0 0
1 8 2 12 0789 012345689 012 01246789 024678 0 0 0
1 8 2 2 023 12345678 012 012346789 01234678 0 0 0
1 8 2 2 3 23467 012 012345679 0123456789 0 0 0
1 8 2 2 34 012789 01 0123456789 012346789 0 0 0
1 8 2 2 45 2345678 012 012345689 023468 0 0 0
1 8 2 2 5 23 01 0123456789 0123456789 0 0 0
1 8 2 2 5 3 1 8 7 01 0123456789 0123456789
1 8 2 2 5 345 012 012345689 0123456789 01 012 04568
1 8 2 2 5 5 01 012345689 0123456789 01 023456789 024678
1 8 23 02 015 02345678 012 0246789 023468 01 03456789 02456789
1 8 3 0 1345 012345678 012 01234689 024678 0 0 0
1 8 3 0 5 789 012 012346789 0124689 0 0 0
1 8 3 0 567 0123456789 012 012346789 012468 0 0 0
1 8 3 0 78 015689 012 02346789 0245678 012 0234569 01234568
1 8 3 0 8 1 12 23456789 0123456789 012 01234569 01234568
1 8 3 0 8 23 012 0123456789 02345689 0 0 0
1 8 3 0 8 3456 012 0123456789 012346789 0 0 0
1 8 3 0 8 678 012 0123456789 0123456789 0 0 0
1 8 3 0 89 089 012 012346789 01245689 01 023469 024689
1 8 3 0 9 01 02 012 0123468 012 023456789 012345689
1 8 3 0 9 1 0 134 012345689 012 01234568 012346789
1 8 3 0 9 12 01 02345679 012345678 01 012456789 023468
1 8 3 01 09 0126789 012 01234689 012456789 0 0 0
1 8 3 1 012 0123489 01 012346789 012345678 0 0 0
1 8 3 1 23 019 012 012346789 012345689 0 0 0
1 8 3 1 3 124 012 0123456789 0123456789 0 0 0
1 8 3 1 3 456 012 012345689 02346789 0 0 0
1 8 3 1 34567 01234678 012 0123469 012346789 0 0 0
1 8 3 1 7 7 0 45678 01246789 01 01234689 0123468
1 8 3 1 7 78 01 01234689 012468 01 02345679 01234689
1 8 3 1 78 0189 012 0123456789 01234678 0 0 0
1 8 3 1 8 12 01 01234679 012346789 0 012346789 01234678
1 8 3 1 89 234 01 026789 012345689 012 01234679 012468
1 8 3 12 09 0123456 012 02346789 02345689 0 0 0
1 8 3 2 012 012345678 012 01234569 01234689 0 0 0
1 8 3 2 23 234 012 0123469 01245678 0 0 0
1 8 3 2 3 2 012 0123456789 012346789 0 0 0
1 8 3 2 3 23 012 0123456789 0123456789 0 0 0
1 8 3 2 3 34 012 0123456789 012345678 0 0 0
1 8 3 2 3 45 012 0123456789 02345678 0 0 0
1 8 3 2 3 56 012 023456789 0123456789 0 0 0
1 8 3 2 3 678 012 0123456789 012456789 0 0 0
1 8 3 2 3 8 012 0123456789 0123456789 0 0 0
1 8 3 2 3 9 012 0123456789 023456789 0 0 0
1 8 3 2 34 09 012 0123456789 0123456789 0 0 0
1 8 3 2 4 0124568 012 012345679 012345678 0 0 0
1 8 34 02 05 0245 012 012345679 012345678 0 0 0
1 8 4 0 0 012 012 023456789 01234689 0 0 0
1 8 4 0 0 234 012 012345679 023456789 0 0 0
1 8 4 0 0 4567 012 012345679 01245689 0 0 0
1 8 4 0 01 0789 012 01234569 01245689 0 0 0
1 8 4 0 1 012 012 012345689 012345678 0 0 0
1 8 4 0 1 234567 012 012345679 01234568 0 0 0
1 8 4 0 12 01234789 012 012345679 01246789 0 0 0
1 8 4 0 2 45 012 0123456789 012345678 0 0 0
1 8 4 0 2 5 12 0123456789 023456789 0 0 0
1 8 4 0 2 56 012 012345689 012345689 0 01346789 02468
1 8 4 0 2 6 1 0 45 012 012345679 012456789
1 8 4 0 2 6 1 0 56 012 012346789 01234568
1 8 4 0 2 6 1 0 67 012 0123456789 02345678
1 8 4 0 2 67 012 0123456789 02345678 012 02349 02468
1 8 4 0 2 7 01 01234689 02456789 012 01234569 0124689
1 8 4 0 2 78 012 012456789 012456789 02 045 029
1 8 4 0 2 8 01 023456789 012345689 01 01236 02468
1 8 4 0 2 8 12 0123456789 02345678 01 01236 02468
1 8 4 0 2 89 02 012345 0245689 0 0 0
1 8 4 0 2 9 01 0123456789 01234678 0 01234 0123456789
1 8 4 0 2 9 1 4 45 012 01234569 0123456789
1 8 4 0 2 9 1 4 56 01 0123456789 0123456789
1 8 4 0 2 9 1 4 67 012 0123456789 012456789
1 8 4 0 23 019 012 012345679 01246789 012 024569 0234568
1 8 4 0 345 0128 012 0123456789 01234568 0 0 0
1 8 4 0 5 0 012 012345679 02345678 01 01234569 012456789
1 8 4 0 5 0 2 5 34 012 0123456789 012345689
1 8 4 0 5 01 02 05 04567 012 0123456789 012456789
1 8 4 0 5 1 01 0123456789 0123456789 0 0 0
1 8 4 0 56 012346 012 0124569 0123456789 012 0249 0248
1 8 4 0 6 23 01 01234689 02345689 012 023456789 02468
1 8 4 0 67 2345 012 0123456789 0123468 01 0123456789 02468
1 8 4 0 78 0123456 012 012346789 012346789 0 0 0
1 8 4 0 8 45 012 0123456789 0123456789 0 0 0
1 8 4 0 8 56 012 0123456789 012346789 0 0 0
1 8 4 0 8 67 012 012345679 01234689 0 0 0
1 8 4 0 89 23478 012 0234679 01234678 01 02346789 012345678
1 8 4 0 9 4 0 012 0123456789 012 02456789 024678
1 8 4 0 9 4 0 2345 012345678 012 012346789 023468
1 8 4 0 9 4 0 56 0346789 01 012346789 0123468
1 8 4 0 9 4 0 6789 0234678 012 012345689 01245689
1 8 4 0 9 4 01 09 0789 012 0123456789 02468
1 8 4 0 9 4 1 0 012 012 0123456789 024689
1 8 4 0 9 4 1 0 2345 012 0123456789 01246789
1 8 4 0 9 4 1 0 5678 012 0123456789 01234568
1 8 4 0 9 4 1 01 089 012 012345689 023468
1 8 4 0 9 4 1 1 012345 012 0123456789 0234689
1 8 4 0 9 4 1 1 56789 012 012345679 01234568
1 8 4 0 9 4 1 2 012 012 01246789 024678
1 8 4 0 9 4 1 2 2345 012 0123456789 01245678
1 8 4 0 9 4 1 2 567 012 0123456789 012345678
1 8 4 0 9 45 012 012456789 012345678 012 012346 02468
1 8 4 01 09 012345678 012 012345679 01245678 01 012369 0123468
1 8 4 1 0 4 1 7 7 012 0123456789 0123456789
1 8 4 1 0 4 1 7 789 012 012346789 0123456789
1 8 4 1 0 4 1 78 012346789 012 01234569 0123456789
1 8 4 1 0 4 1 8 8 01 012356789 0123456789
1 8 4 1 0 4 1 8 89 012 012346789 0123456789
1 8 4 1 0 4 1 8 9 01 023456789 0123456789
1 8 4 1 0 4 1 89 09 01 012345679 0123456789
1 8 4 1 0 4 1 9 01 012 0123456789 0123456789
1 8 4 1 0 4 1 9 1 01 0123456789 0123456789
1 8 4 1 0 4 1 9 12 012 0123456789 0123456789
1 8 4 1 0 4 1 9 2 01 0123456789 0123456789
1 8 4 1 0 4 1 9 2 12 0123456789 0123456789
1 8 4 1 0 4 1 9 23 012 01234569 0123456789
1 8 4 1 0 4 1 9 3 12 0123456789 0123456789
1 8 4 1 0 4 1 9 34 02 0123456789 0123456789
1 8 4 1 0 4 1 9 4 012 0123456789 0123456789
1 8 4 1 0 4 1 9 45 02 012345 0123456789
1 8 4 1 0 4 1 9 5 01 0123456789 0123456789
1 8 4 1 0 4 1 9 56 012 0123456789 012456789
1 8 4 1 0 4 1 9 6 01 0123456789 0123456789
1 8 4 1 0 4 1 9 6 12 0123456789 0123456789
1 8 4 1 0 4 1 9 67 02 01234567 0123456789
1 8 4 1 0 4 1 9 7 01 0123456789 0123456789
1 8 4 1 0 4 1 9 7 12 01236789 0123456789
1 8 4 1 0 4 1 9 78 02 01234567 0123456789
1 8 4 1 0 4 1 9 8 01 12456789 0123456789
1 8 4 1 0 4 1 9 89 012 012345679 0123456789
1 8 4 1 0 4 1 9 9 01 0123456789 0123456789
1 8 4 1 0 4 12 09 09 012 0123456789 0123456789
1 8 4 1 0 4 2 0 012 01 01236789 0123456789
1 8 4 1 0 4 2 0 2 012 012346789 0123456789
1 8 4 1 0 4 2 0 23 012 0123456789 0123456789
1 8 4 1 0 4 2 0 34 012 0123456789 0123456789
1 8 4 1 0 4 2 0 4 01 0123456789 0123456789
1 8 4 1 0 4 2 0 4 12 0123456789 0123456789
1 8 4 1 0 4 2 0 45 02 0123456789 0123456789
1 8 4 1 0 4 2 0 5 012 01236789 0123456789
1 8 4 1 0 4 2 0 56 012 012345689 0123456789
1 8 4 1 0 4 2 0 67 012 0123456 01234568
1 8 4 1 0 4 2 0 78 012 0123456789 0123456789
1 8 4 1 0 4 2 0 8 01 0123456789 0123456789
1 8 4 1 0 4 2 0 89 012 012345689 0123456789
1 8 4 1 0 4 2 01 09 012 0123456789 0123456789
1 8 4 1 0 4 2 1 0 012 01246789 0123456789
1 8 4 1 0 4 2 1 0123 012 0123456789 023456789
1 8 4 1 0 4 2 1 34 012 0123456789 0123456789
1 8 4 1 0 4 2 1 456 012 0123456789 0123456789
1 8 4 1 0 4 2 1 6 012 0123456789 0123456789
1 8 4 1 0 4 2 1 6789 012 01234569 0123456789
1 8 4 1 0 4 2 12 019 012 0123456789 0123456789
1 8 4 1 0 4 2 2 1234 012 012346789 0123456789
1 8 4 1 0 4 2 2 4 01 0123456789 0123456789
1 8 4 1 0 4 2 2 456 012 012345679 0123456789
1 8 4 1 0 4 2 2 67 012 0123456789 0123456789
1 8 4 1 0 4 2 23 0178 012 012346789 0123456789
1 8 4 1 0 4 2 3 1 012 012456789 0123456789
1 8 4 1 0 45 02 0134 01234678 012 01234569 0246789
1 8 4 1 0 5 0 123 0123456789 01 0123679 023456789
1 8 4 1 0 5 0 345 0123456789 012 0234569 0245678
1 8 4 1 0 5 0 56 012456 012 01234569 012345689
1 8 4 1 0 5 0 6 4 01 0123456789 0123456789
1 8 4 1 0 5 0 6 45 012 012456789 0123456789
1 8 4 1 0 5 0 6 5 0 0123456789 0123456789
1 8 4 1 0 5 0 6 5 12 012346789 0123456789
1 8 4 1 0 5 0 678 01256789 012 012345689 0123456789
1 8 4 1 0 5 0 8 0 01 012345689 0123456789
1 8 4 1 0 5 0 8 01 01 0123456789 0123456789
1 8 4 1 0 5 0 8 1 01 0123456789 0123456789
1 8 4 1 0 5 0 89 0124568 012 012346789 0123456789
1 8 4 1 0 5 01 012349 0123456789 012 023459 01234678
1 8 4 1 0 5 1 4 012345678 012 012456789 012346789
1 8 4 1 0 5 1 456 012456789 01 023456789 012345689
1 8 4 1 0 5 1 6 78 012 0123456789 012345689
1 8 4 1 0 5 1 678 0123456789 01 01234569 01246789
1 8 4 1 0 5 12 089 023456789 012 02345689 023456789
1 8 4 1 0 5 2 01 0239 01 012346789 0123456789
1 8 4 1 0 5 2 12 023456789 012 012345679 0123456789
1 8 4 1 0 5 2 2 2 01 0123456789 0123456789
1 8 4 1 0 5 2 2 23 01 012345679 0123456789
1 8 4 1 0 5 2 234 0234568 012 012345679 0123456789
1 8 4 1 0 56 02 0345 023456789 012 012345679 02456789
1 8 4 1 0 67 01 012356 024678 012 0123456789 02468
1 8 4 1 0 7 0 345 014568 012 0123456789 02468
1 8 4 1 0 7 0 568 012346 012 012345679 02468
1 8 4 1 0 7 0 89 024689 012 0123456789 02468
1 8 4 1 0 7 01 09 023459 012 0123456789 02468
1 8 4 1 0 7 1 0123 0245678 012 0123456789 02468
1 8 4 1 0 7 1 3 789 012 0123456789 02468
1 8 4 1 0 7 1 345 0145689 012 0123456789 02468
1 8 4 1 0 7 1 5 1234 012 0123456789 02468
1 8 4 1 0 7 1 5 45678 012 012346789 02468
1 8 4 1 0 7 1 56 0124689 012 0123456789 02468
1 8 4 1 0 7 1 678 0678 012 0123456789 02468
1 8 4 1 0 7 1 8 012489 012 0123456789 02468
1 8 4 1 0 7 1 89 0129 012 0123456789 02468
1 8 4 1 0 7 1 9 234567 012 012346789 02468
1 8 4 1 0 7 12 09 012789 012 012346789 02468
1 8 4 1 0 7 2 0 234 012 0123456789 02468
1 8 4 1 0 7 2 0 4567 012 0123456789 02468
1 8 4 1 0 7 2 0 789 012 0123456789 02468
1 8 4 1 0 7 2 01 019 012 0123456789 02468
1 8 4 1 0 7 2 1 1234 012 0123456789 02468
1 8 4 1 0 7 2 1 456 012 0123456789 02468
1 8 4 1 0 7 2 1 678 012 0123456789 02468
1 8 4 1 0 7 2 12 089 012 0123456789 02468
1 8 4 1 0 7 2 2 0123 012 0123456789 02468
1 8 4 1 0 7 2 2 345 012 0123456789 02468
1 8 4 1 0 7 2 2 678 012 0123456789 02468
1 8 4 1 0 7 2 23 089 012 0123456789 02468
1 8 4 1 0 7 2 3 0123 012 0123456789 02468
1 8 4 1 0 7 2 3 3456 012 012346789 02468
1 8 4 1 012 0278 02 034 0678 012 0123456789 02468
1 8 4 1 2 0 0 012345678 0123456789 012 02349 0248
1 8 4 1 245 0124568 012 01236789 01234689 0 0 0
1 8 4 1 5 01234 012 01234569 0123456789 0 0 0
1 8 4 1 5 45 012 012345689 0123456789 0 0 0
1 8 4 1 5 5 12 0123456789 0123456789 0 0 0
1 8 4 1 5 56789 012 0123456789 01234568 0 0 0
1 8 4 1 56 049 012 012346789 0123456789 0 0 0
1 8 4 1 6 4 2 345 02345678 0 012345 0123456789
1 8 4 1 6 4568 012 012356 0124568 012 01234569 01234568
1 8 4 1 67 089 01 012345679 012345678 02 05 05
1 8 4 1 7 01 012 02349 0123468 012 01234569 0124689
1 8 4 1 7 124 012 012346789 012345678 01 0123456789 02346789
1 8 4 1 7 4 01 0123456789 0123456789 0 0 0
1 8 4 1 7 4567 012 0123456789 01234678 01 02346789 023468
1 8 4 1 7 789 012 0123456789 0123456789 012 023469 02348
1 8 4 1 78 012349 012 012346789 01245689 0 0 0
1 8 4 1 8 456 012 0123456789 012345678 0 0 0
1 8 4 1 8 6789 01 012345689 01245678 0 0 0
1 8 45 01 089 0129 012 01234569 0123456789 01 01269 0124678
1 8 5 0 0 0 0 1 234 012 0123456789 012346789
1 8 5 0 0 0 0 1 4 01 0123456789 0123456789
1 8 5 0 0 0 0 12 0456789 012 01234579 0123456789
1 8 5 0 0 0 0 2 0 01 0123456789 0123456789
1 8 5 0 0 0 0 2 0 12 0456789 0123456789
1 8 5 0 0 0 0 2 01 02 012345 0123456789
1 8 5 0 0 0 0 23 0123456789 01 012345689 0123456789
1 8 5 0 0 0 0 34 0123456789 01 0123456 0123456789
1 8 5 0 0 0 0 4 2 01 012345789 0123456789
1 8 5 0 0 0 0 4 2 12 012356789 0123456789
1 8 5 0 0 01 01 0246 012348 012 0123456 0123456789
1 8 5 0 0 1 0 0123 0123456789 01 012346789 0246789
1 8 5 0 0 1 0 456 0123456789 01 01234689 012345678
1 8 5 0 0 1 0 6 23 012 0123456789 023456789
1 8 5 0 0 1 0 6789 0123456789 012 012349 012345678
1 8 5 0 0 1 01 012349 0123456789 0 0 0
1 8 5 0 0 1 1 456 012346789 012 0123456789 01246789
1 8 5 0 0 1 1 67 045689 01 012345679 023456789
1 8 5 0 0 1 1 78 0123456789 012 01245789 012456789
1 8 5 0 0 1 1 89 0123456789 012 01234569 012345678
1 8 5 0 0 1 12 0129 0123456789 01 01234689 012346789
1 8 5 0 0 1 2 2 67 012 0123456789 012346789
1 8 5 0 0 1 2 2345 0123456789 012 012459 01234568
1 8 5 0 0 12 02 05 0458 012 0123456789 0123456789
1 8 5 0 0 2 01 0123456789 012345689 0 0 0
1 8 5 0 0 23 012 0123456789 02346789 0 0 0
1 8 5 0 0 3 01 0123456789 0234568 01 02689 012468
1 8 5 0 0 3 12 01289 0124689 01 0123456 012345678
1 8 5 0 0 3 2 2 2 012 0123456789 023456789
1 8 5 0 0 34 02 0123456 01234568 02 01234 0234568
1 8 5 0 0 4 01 0126789 02346789 01 012345678 02456789
1 8 5 0 0 4 1 2 4567 012 0123456789 012456789
1 8 5 0 0 4 1 2345678 02346789 012 012346789 0246789
1 8 5 0 0 45 012 01234589 012345678 01 023456789 02468
1 8 5 0 0 5 0 2345678 023456789 01 024569 0245689
1 8 5 0 0 5 01 0123459 0123456789 01 026789 02345689
1 8 5 0 0 56 012 0123456789 012345689 01 0234569 02468
1 8 5 0 0 6 01 0123456789 0123456789 01 026789 02468
1 8 5 0 0 67 012 0123456789 012345689 0 0 0
1 8 5 0 0 7 01 0123456789 0123456789 0 0 0
1 8 5 0 0 7 12 0123456789 0123456789 0 0 0
1 8 5 0 0 78 012 0123456789 012346789 01 01236 024689
1 8 5 0 0 8 12 0123456789 012345678 0 0 0
1 8 5 0 0 89 02 012345 0123456789 01 012346789 012345678
1 8 5 0 0 9 01 0123456789 0123456789 0 0 0
1 8 5 0 01 09 012 01234589 01234568 012 012346789 02468
1 8 5 0 1 0 0 0123456789 012346789 012 0124679 023468
1 8 5 0 1 0 01 01234569 02456789 01 023456 02345678
1 8 5 0 1 0 1 6 4 01 0123456789 0123456789
1 8 5 0 1 0 1 6 4567 012 012346789 0123456789
1 8 5 0 1 0 12 0126789 01246789 012 0126789 01234689
1 8 5 0 1 01 02 012345 012345678 0 0123468 0245678
1 8 5 0 1 1 0 456 0123468 012 012345689 02345678
1 8 5 0 1 1 0 67 2345678 012 01234689 0123456789
1 8 5 0 1 1 01 0123456789 0123456789 02 04 0248
1 8 5 0 1 12 012 01234569 012456789 0 0 0
1 8 5 0 1 2 01 0126789 023456789 012 0234569 01234568
1 8 5 0 1 2 1 23456 01246789 012 023456789 01246789
1 8 5 0 1 23 012 0123456789 01234568 0 012 0123456789
1 8 5 0 1 3 0 01234567 023456789 01 023456 02345678
1 8 5 0 1 3 01 012345689 012456789 012 01269 02468
1 8 5 0 1 34 012 0123456789 02345678 0 0 0
1 8 5 0 1 4 01 0123456789 0123456789 0 0 0
1 8 5 0 1 45 012 0123459 012346789 01 01269 023468
1 8 5 0 1 5 01 0123456789 0123456789 01 02369 02468
1 8 5 0 1 56 012 0123456789 012456789 01 0123469 024689
1 8 5 0 1 6 0 012345678 0123456789 01 0234569 02468
1 8 5 0 1 6 012 0123456789 0123456789 0 0 0
1 8 5 0 1 67 02 01234567 0123456789 0 0 0
1 8 5 0 1 7 012 0123456789 0123456789 0 0 0
1 8 5 0 1 78 02 012345 0245689 0 01234 01234689
1 8 5 0 1 8 0 1 2 01 012456789 0123456789
1 8 5 0 1 8 0 1 23 012 0123456789 012456789
1 8 5 0 1 8 01 0123456789 0123468 01 04569 0278
1 8 5 0 1 8 1 67 0248 01 013456789 0123456789
1 8 5 0 1 8 1 7 2 12 0123456789 0123456789
1 8 5 0 1 8 1 7 23 02 012345678 012345678
1 8 5 0 1 8 1 7 3 01 0123456789 0123456789
1 8 5 0 1 8 1 7 34 012 01234589 0123456789
1 8 5 0 1 8 1 7 4 01 0123456789 0123456789
1 8 5 0 1 8 1 7 4 12 012456789 0123456789
1 8 5 0 1 8 1 7 45 02 012345 0123456789
1 8 5 0 1 8 1 7 5 01 01256789 0123456789
1 8 5 0 1 8 1 7 5 12 0123456789 0123456789
1 8 5 0 1 8 12 012789 01234568 02 012345 012456789
1 8 5 0 1 8 2 23 01234568 0 0123456 0123456789
1 8 5 0 1 89 02 012345 0123456789 01 026789 023456789
1 8 5 0 1 9 01 01256789 01234678 012 0123679 024568
1 8 5 0 1 9 12 0123456789 0123456789 012 02459 02348
1 8 5 0 1 9 2 3 12345 012 0123456789 02468
1 8 5 0 12 09 02 012345 012345678 012 02346789 0123468
1 8 5 0 2 0 01 0123456789 0123456789 012 0123469 02468
1 8 5 0 2 01 012 0123456789 01245689 0 0 0
1 8 5 0 2 1 01 0123456789 0123456789 0 0 0
1 8 5 0 2 1 12 016789 012346789 01 012345679 0234678
1 8 5 0 2 1 2 123 02345678 012 012346789 0124678
1 8 5 0 2 12 012 0123456789 0123456789 0 0 0
1 8 5 0 2 2 12 0123456789 01234689 01 012346 02468
1 8 5 0 2 23 02 012345678 0123456789 0 0 0
1 8 5 0 2 3 012 0123456789 0123456789 0 0 0
1 8 5 0 2 34 02 0123456 0123456789 01 02 08
1 8 5 0 2 4 01 0123456789 0123456789 0 0 0
1 8 5 0 2 4 12 012389 02345678 01 0123456789 02468
1 8 5 0 2 45 02 012345 01245689 01 012345679 01234689
1 8 5 0 2 5 0 2 8 01 0123456789 0123456789
1 8 5 0 2 5 0 2 8 12 01236789 0123456789
1 8 5 0 2 5 0 2 89 02 0123456789 0123456789
1 8 5 0 2 5 0 2 9 12 0123469 0123456789
1 8 5 0 2 5 0 23456789 012345689 012 0123456 0123456789
1 8 5 0 2 5 01 01234569 02345678 01 0123456789 0234568
1 8 5 0 2 5 12 06789 012345689 012 0123456789 02456789
1 8 5 0 2 56 02 012345 012345678 01 01236 01245689
1 8 5 0 2 6 01 0123456789 0123456789 012 029 02348
1 8 5 0 2 6 1 123456 012345689 01 012345689 0124678
1 8 5 0 2 67 012 0123456789 0123456789 0 0 0
1 8 5 0 2 7 01 0123456789 0123456789 0 0 0
1 8 5 0 2 7 12 0123456789 012346789 01 0169 0246
1 8 5 0 2 78 02 01234567 0123456789 01 0236 0248
1 8 5 0 2 8 01 0123456789 0123456789 01 026 048
1 8 5 0 2 89 012 012345789 0123456789 01 01236 012468
1 8 5 0 2 9 01 0123456789 0123456789 0 0123 0124678
1 8 5 0 2 9 1 0123456 0123456789 01 01236789 012468
1 8 5 0 2 9 12 016789 0123456789 012 012346789 02468
1 8 5 0 23 09 02 0123456789 0123456789 01 0236 0248
1 8 5 0 3 0 01 012345679 0123456789 012 02349 012489
1 8 5 0 3 01 012 012345789 02346789 012 02346789 024568
1 8 5 0 3 1 01 0123456789 0123456789 01 01236 024568
1 8 5 0 3 12 012 0123456789 01234689 0 0 0
1 8 5 0 3 2 01 0123456789 0123456789 01 01236 02468
1 8 5 0 3 2 12 0123456789 0124678 012 02679 024568
1 8 5 0 3 23 012 0123456789 0123456789 0 0 0
1 8 5 0 3 3 12 0123456789 0123456789 01 01236 012468
1 8 5 0 3 34 02 012345 012345678 01 0126789 0124568
1 8 5 0 3 4 01 0123456789 0123456789 01 01269 012468
1 8 5 0 3 4 1 456789 01245689 012 0123456789 0123456789
1 8 5 0 3 45 012 0123459 012345678 012 0124569 024568
1 8 5 0 3 5 01 0123456789 0123456789 01 012346 024689
1 8 5 0 3 5 1 1234 024678 01 0123456789 0123456789
1 8 5 0 3 5 1 4 0 12 0123456789 012345689
1 8 5 0 3 5 1 4 01 012 0123456789 0123456789
1 8 5 0 3 5 1 4 12 012 0123456789 0123456789
1 8 5 0 3 5 1 4 2 01 0123456789 0123456789
1 8 5 0 3 5 1 4 23 012 0123456789 0123456789
1 8 5 0 3 5 1 45678 023468 012 01234569 0123456789
1 8 5 0 3 5 12 01234589 01234568 012 0124569 01234678
1 8 5 0 3 56 012 0123456789 0123456789 01 02 08
1 8 5 0 3 6 12 0123456789 0123456789 0 0 0
1 8 5 0 3 67 02 012345678 0123456789 0 0 0
1 8 5 0 3 7 012 0123456789 012345689 0 0 0
1 8 5 0 3 7 2 123 0123468 01 01234569 0234689
1 8 5 0 3 78 02 0123456789 012456789 0 0 01
1 8 5 0 3 8 01 09 0234678 012 0123456789 01234689
1 8 5 0 3 8 1 012345678 012345689 012 0129 01246789
1 8 5 0 3 89 012 01234589 012456789 0 0 0
1 8 5 0 3 9 01 0123456789 0123456789 01 01236 02468
1 8 5 0 34 09 012 0123456789 012345678 0 0 0
1 8 5 0 4 0 01 0123456789 012456789 012 0249 02468
1 8 5 0 4 0 12 0123456789 012345678 012 029 0234568
1 8 5 0 4 01 02 012345 01234568 012 01234569 012345678
1 8 5 0 4 1 0 45678 012346789 012 023456789 0123456789
1 8 5 0 4 1 012 0123456789 01245689 0 0 0
1 8 5 0 4 12 02 012345 02345689 012 0124689 02468
1 8 5 0 4 2 01 0123456789 01234568 0 012 01245678
1 8 5 0 4 23 012 0123456789 0123456789 01 0236 0248
1 8 5 0 4 3 01 0123456789 0123456789 0 0 0
1 8 5 0 4 3 12 0456789 0123456789 012 02345689 0124568
1 8 5 0 4 34 02 0123456 0123456789 01 023456 02468
1 8 5 0 4 4 01 0123456789 02346789 01 01236789 01245689
1 8 5 0 4 45 012 0123456789 02345678 01 01236789 024689
1 8 5 0 4 5 0 01 045689 012 012346 012345689
1 8 5 0 4 5 0 1 01 012 0123456789 0123456789
1 8 5 0 4 5 0 1 1 01 012356789 0123456789
1 8 5 0 4 5 0 12 0123456 012 0123456789 012345689
1 8 5 0 4 5 01 0123456789 023456789 01 01236 023468
1 8 5 0 4 5 12 0123456789 0123456789 01 0126 0468
1 8 5 0 4 56 02 01234567 0123456789 01 0236 0248
1 8 5 0 4 6 012 0123456789 012345678 0 0 0
1 8 5 0 4 67 02 01234567 012346789 0 0 0
1 8 5 0 4 7 01 0123456789 0123456789 012 029 024568
1 8 5 0 4 78 012 012345789 0123456789 0 0 0
1 8 5 0 4 8 0 345678 0124568 01 01234679 0234568
1 8 5 0 4 8 012 0123456789 012345678 0 0 0
1 8 5 0 4 89 02 012345 0124689 01 023456789 0234568
1 8 5 0 4 9 01 0123456789 012345689 012 023469 02468
1 8 5 0 4 9 12 0123456789 0123456789 0 067 024678
1 8 5 0 45 09 02 01234567 02456789 012 012789 02345689
1 8 5 0 5 0 012 0123456789 012346789 0 0 0
1 8 5 0 5 01 02 01234567 0123456789 0 0 0
1 8 5 0 5 1 012 0123456789 0123456789 0 0 0
1 8 5 0 5 12 02 012345 023456789 01 02345679 0124689
1 8 5 0 5 2 01 0123456789 012346789 0 0 0
1 8 5 0 5 23 012 01234589 0123456789 0 0 0
1 8 5 0 5 3 01 0123456789 01246789 01 023456 012468
1 8 5 0 5 3 12 0123456789 01246789 012 02345689 012468
1 8 5 0 5 34 012 0123456789 0123456789 0 0 0
1 8 5 0 5 4 12 03456789 012346789 01 012369 0234689
1 8 5 0 5 4 2 123 0124689 01 0123456789 012345678
1 8 5 0 5 45 02 012345678 01234678 01 02456789 0124678
1 8 5 0 5 5 012 0123456789 02345689 0 0 0
1 8 5 0 5 56 02 01234567 0123456789 012 02459 0234568
1 8 5 0 5 6 01 0123456789 0123456789 01 01236 02468
1 8 5 0 5 67 012 01234589 0123456789 012 01234569 02345678
1 8 5 0 5 7 0 01234567 012456789 01 01234689 023468
1 8 5 0 5 7 012 0123456789 01246789 0 0 0
1 8 5 0 5 78 02 0123456789 012346789 01 01236 02468
1 8 5 0 5 8 12 0123456789 012456789 0 0 0
1 8 5 0 5 89 012 0123456789 0124689 0 0 0
1 8 5 0 56 09 012 0123456789 0123456789 0 0 0
1 8 5 0 6 0 0 0123 0124689 012 012345689 02468
1 8 5 0 6 0 01 013456789 012456789 012 02346789 02468
1 8 5 0 6 0 12 0123456789 012456789 0 0 0
1 8 5 0 6 01 012 0123456789 012456789 0 0 0
1 8 5 0 6 1 12 0123456789 012346789 01 026789 023468
1 8 5 0 6 12 012 0123456789 012345689 0 0 0
1 8 5 0 6 2 12 0123456789 012345678 0 0 0
1 8 5 0 6 23 02 012345 0123456789 01 0123689 012468
1 8 5 0 6 3 01 01236789 023456789 012 0123469 02468
1 8 5 0 6 34 012 0123456789 0123456789 0 0 0
1 8 5 0 6 4 0 01234 0123456789 012 012346789 023468
1 8 5 0 6 4 01 0123456789 0123456789 01 023469 02468
1 8 5 0 6 45 012 0123456789 01234689 0 0 0
1 8 5 0 6 5 01 012346789 0123456789 01 02 08
1 8 5 0 6 5 12 01256789 01234568 0 01234567 01245678
1 8 5 0 6 5 2 2 1234 012 0123456789 01246789
1 8 5 0 6 56 02 0123456 01234568 012 0249 0124568
1 8 5 0 6 6 01 01234789 0123456789 01 02679 0246789
1 8 5 0 6 6 1 4 3489 012 012346789 012345678
1 8 5 0 6 6 12 0123456789 0123456789 01 024569 02468
1 8 5 0 6 67 012 0123456789 0123456789 0 0 0
1 8 5 0 6 7 1 23 089 012 0123456789 0123456789
1 8 5 0 6 78 012 0123456789 012346789 01 02456 0468
1 8 5 0 6 8 0 0123 0123468 0 0123456789 012346789
1 8 5 0 6 8 0 345 0234678 012 0123456789 012456789
1 8 5 0 6 8 01 0123456789 023456789 0 013468 012468
1 8 5 0 6 8 1 567 0234568 012 012346789 024678
1 8 5 0 6 8 12 01234589 0123456789 01 01236 02468
1 8 5 0 6 9 0 0123456789 012346789 01 02346 0246789
1 8 5 0 6 9 01 01239 012346789 012 012345679 02346789
1 8 5 0 6 9 1 3456789 0123456789 012 0126789 0234689
1 8 5 0 67 09 02 012345 012345678 012 029 02468
1 8 5 0 7 0 01 0123456789 012456789 0 0 0
1 8 5 0 7 0 12 09 012456 01 012345679 0123456789
1 8 5 0 7 01 02 012345 012345678 012 0279 0123468
1 8 5 0 7 1 0 45678 012456789 012 01234679 024689
1 8 5 0 7 1 012 0123456789 012456789 01 023469 02468
1 8 5 0 7 12 02 0123456 023456789 0 0 0
1 8 5 0 7 2 01 0123456789 012346789 01 01236 02468
1 8 5 0 7 23 012 012345679 012345689 0 0 0
1 8 5 0 7 3 01 0123456789 0123456789 0 013 012468
1 8 5 0 7 34 012 01234589 0123456789 01 0236 0248
1 8 5 0 7 4 01 0123456789 0123456789 012 012349 02468
1 8 5 0 7 45 012 0123456789 012345689 01 02689 0468
1 8 5 0 7 5 0 23456 012345689 01 0123456789 012456789
1 8 5 0 7 5 01 0123456789 0123456789 01 01236 02468
1 8 5 0 7 56 012 012345789 0123456789 012 0269 0248
1 8 5 0 7 6 0 123456789 0123456789 01 0236 0248
1 8 5 0 7 6 012 0123456789 0123456789 01 026 048
1 8 5 0 7 67 02 0123456 012345678 01 012346 02468
1 8 5 0 7 7 0 67 012348 01 0123456789 012456789
1 8 5 0 7 7 01 012789 0123456789 012 012369 01246789
1 8 5 0 7 7 1 23456789 012346789 01 01236 012468
1 8 5 0 7 78 012 0123456789 0123456789 0 0 0
1 8 5 0 7 8 012 0123456789 0123456789 0 0 0
1 8 5 0 7 89 02 012345678 0123456789 0 0 0
1 8 5 0 7 9 012 0123456789 0123456789 0 0 0
1 8 5 0 78 09 02 0123456 0123456789 01 01236 02468
1 8 5 0 8 0 0 789 01234689 0 0123456 0123456789
1 8 5 0 8 0 01 019 0246789 012 01246789 0123456789
1 8 5 0 8 0 12 0123456789 023456789 0 0 0
1 8 5 0 8 01 02 0123456 0124678 0 012345 012456789
1 8 5 0 8 1 01 01236789 0123456789 01 025689 02468
1 8 5 0 8 1 12 0456789 0123456789 01 023469 012468
1 8 5 0 8 12 02 012345 012456789 012 02469 0248
1 8 5 0 8 2 01 0123456789 02345689 01 02 08
1 8 5 0 8 23 012 012345679 012345689 0 0 0
1 8 5 0 8 3 01 0123456789 012456789 01 0123679 024568
1 8 5 0 8 34 012 0123456789 012345689 01 02 08
1 8 5 0 8 4 0 1 6789 012 0123456789 012456789
1 8 5 0 8 4 01 0123456789 0123456789 02 045 028
1 8 5 0 8 4 1 5 267 012 01234679 0123456789
1 8 5 0 8 4 12 0123456789 0123456789 02 045 01234568
1 8 5 0 8 45 02 045 012348 012 012346789 012346789
1 8 5 0 8 5 0 0123456 01234568 012 012346789 0123456789
1 8 5 0 8 5 01 0126789 02346789 012 01234569 0124678
1 8 5 0 8 5 12 03456789 024689 012 0123469 012456789
1 8 5 0 8 5 2 012345 0123456789 012 012345679 012346789
1 8 5 0 8 56 02 0123456 0123456789 01 0123689 02468
1 8 5 0 8 6 01 0123456789 012345678 0 0 0
1 8 5 0 8 67 012 0123459 012345678 01 02 08
1 8 5 0 8 7 01 0123456789 0123456789 0 0 0
1 8 5 0 8 78 012 012345789 0123456789 0 0 0
1 8 5 0 8 8 01 0123456789 01234689 01 01236 012468
1 8 5 0 8 89 012 0123456789 012345678 0 0 0
1 8 5 0 8 9 01 0123456789 0123456789 0 0 0
1 8 5 0 8 9 12 01456789 0245689 012 01234569 0123468
1 8 5 0 89 09 02 012345 0124689 01 012346789 012345689
1 8 5 0 9 0 01 0123456789 01234689 01 01236 02468
1 8 5 0 9 01 012 0123456789 023456789 0 01234 0246
1 8 5 0 9 1 0 0123 01234689 012 012345679 0123468
1 8 5 0 9 1 01 0123456789 0123456789 012 012345679 012468
1 8 5 0 9 12 012 0123456789 023456789 0 0 0
1 8 5 0 9 2 0 01234567 01245678 012 01269 01234689
1 8 5 0 9 2 01 012389 02345678 01 0123456789 023468
1 8 5 0 9 2 12 03456789 012346789 01 01236789 0124568
1 8 5 0 9 23 02 012345 0123456789 012 02459 012348
1 8 5 0 9 3 0 0123 02345678 012 012346789 01234689
1 8 5 0 9 3 01 03456789 012456789 01 0123456789 023468
1 8 5 0 9 3 1 12345678 0123456789 012 02346789 024568
1 8 5 0 9 34 012 01234589 0123456789 01 012345689 02468
1 8 5 0 9 4 01 0123456789 0123456789 0 012 02345678
1 8 5 0 9 4 1 0 8 01 0123456789 0123456789
1 8 5 0 9 4 1 01234 01245689 01 012345679 0123456789
1 8 5 0 9 4 1 4 1 01 2345678 0123456789
1 8 5 0 9 4 1 456789 012346789 012 0124689 01234689
1 8 5 0 9 4 1 9 1 12 0123459 0123456789
1 8 5 0 9 4 1 9 12345 012 013456789 023456789
1 8 5 0 9 4 12 012349 0123456789 01 012346789 01234568
1 8 5 0 9 4 2 4 12348 012 012345689 02346789
1 8 5 0 9 45 012 0123456789 0123456789 0 0 0
1 8 5 0 9 5 12 0123456789 0123456789 01 026789 0124568
1 8 5 0 9 56 02 012345 0123456789 012 012369 02468
1 8 5 0 9 6 01 0123456789 012345689 012 01246789 023468
1 8 5 0 9 67 012 0123456789 0123456789 0 0 0
1 8 5 0 9 7 01 0123456789 0123456789 0 0 0
1 8 5 0 9 78 012 0123456789 0123456789 0 0 0
1 8 5 0 9 8 01 0123456789 012345678 0 0 0
1 8 5 0 9 8 12 0123456789 0123456789 0 0 0
1 8 5 0 9 89 02 012345 01234568 012 0123456789 02468
1 8 5 0 9 9 0 23 245678 012 0123456789 02468
1 8 5 0 9 9 01 0123456789 0123456789 01 024569 024568
1 8 5 01 09 09 012 0123456789 0123456789 01 02 08
1 8 5 1 0 0 01 0123456789 012346789 0 012369 024689
1 8 5 1 0 0 1 12 0234568 012 01234569 0123456789
1 8 5 1 0 0 1 3456789 0123456789 012 023456789 023456789
1 8 5 1 0 0 12 09 012468 01 0123469 012345678
1 8 5 1 0 0 2 0 89 012 01234569 012345678
1 8 5 1 0 0 2 0 9 01 012456789 0123456789
1 8 5 1 0 0 2 01 019 012 012346789 012456789
1 8 5 1 0 01 02 012345 012345689 012 0123469 02468
1 8 5 1 0 1 0 123 012345689 012 012345679 0123456789
1 8 5 1 0 1 01 0123456789 012456789 012 02349 02489
1 8 5 1 0 1 12 0123456789 012346789 01 01234569 023468
1 8 5 1 0 12 012 0123456789 023456789 0 0 0
1 8 5 1 0 2 12 0123456789 0123456789 0 0 0
1 8 5 1 0 23 02 012345 012345689 01 0123469 01234689
1 8 5 1 0 3 01 0123456789 01245689 012 0236789 012468
1 8 5 1 0 3 12 0123456789 01234689 01 012346 02468
1 8 5 1 0 34 02 01234567 012346789 012 01234569 0245689
1 8 5 1 0 4 01 0123789 0123456789 012 0123469 01234678
1 8 5 1 0 4 1 3 67 01 023456789 0123456789
1 8 5 1 0 4 1 3456789 0123456789 012 01234679 024689
1 8 5 1 0 45 012 0123459 0123456789 0 0 0
1 8 5 1 0 5 012 0123456789 012345689 0 0 0
1 8 5 1 0 56 02 01234567 012346789 01 01236789 02468
1 8 5 1 0 6 01 0123789 0123456789 01 0245679 01245678
1 8 5 1 0 67 012 0123456789 0123456789 0 0 0
1 8 5 1 0 7 01 0123456789 023456789 0 0 0
1 8 5 1 0 7 1 3456789 0246789 012 0123456789 012346789
1 8 5 1 0 7 1 9 234 012 012345679 012345689
1 8 5 1 0 78 012 0123459 0123456789 02 02345 024568
1 8 5 1 0 8 01 0123456789 012456789 01 01236 0124678
1 8 5 1 0 8 12 0123456789 0123456789 01 01245689 024678
1 8 5 1 0 89 02 01234567 012345689 01 01236 02468
1 8 5 1 0 9 012 0123456789 012346789 0 0 0
1 8 5 1 01 09 02 0123456789 012345689 012 02459 02458
1 8 5 1 1 0 01 0123459 02345689 01 012345689 01245678
1 8 5 1 1 01 012 0123456789 012345689 0 0 0
1 8 5 1 1 1 01 0123456789 0123456789 0 0 0
1 8 5 1 1 1 12 0123789 012345689 012 02459 0245678
1 8 5 1 1 12 012 0123456789 012345689 0 0 0
1 8 5 1 1 2 1 0123 012468 01 01236 0123456789
1 8 5 1 1 2 1 3 2 0 345678 0123456789
1 8 5 1 1 2 1 3 234 01 0123689 0123456789
1 8 5 1 1 2 1 3 45 01 012369 0123456789
1 8 5 1 1 2 12 0123456789 012345689 01 0126 04568
1 8 5 1 1 23 02 0125 0124689 012 01234569 02345678
1 8 5 1 1 3 0 23456789 0234568 012 012346789 02468
1 8 5 1 1 3 1 0123 023456789 01 012346789 012345678
1 8 5 1 1 3 1 34 01789 012 0123456789 012456789
1 8 5 1 1 3 1 4 1 01 0123456789 012345689
1 8 5 1 1 3 1 4 1 12 012345789 0123456789
1 8 5 1 1 34 012 0123456789 012346789 0 0 0
1 8 5 1 1 4 01 0123456789 0123456789 0 03 02
1 8 5 1 1 4 1 3456789 0123456789 01 02456 0123456789
1 8 5 1 1 45 012 0123459 0123456789 01 02 08
1 8 5 1 1 5 01 0123456789 012345689 01 029 028
1 8 5 1 1 56 012 0123456789 0123456789 0 0 0
1 8 5 1 1 6 0 345 0234678 01 0123456789 01245689
1 8 5 1 1 6 01 056789 012346789 01 0123456789 02468
1 8 5 1 1 6 1 01234567 0123456789 01 012345679 0123468
1 8 5 1 1 67 012 012345789 012345689 0 0 0
1 8 5 1 1 7 01 0123456789 0123456789 0 0 0
1 8 5 1 1 7 12 0123456789 023456789 01 01236 012468
1 8 5 1 1 78 012 0123456789 0123456789 0 0 0
1 8 5 1 1 8 12 0123456789 012456789 01 02 08
1 8 5 1 1 89 02 012345678 012345678 01 02689 012468
1 8 5 1 1 9 01 0123456789 0123456789 0 012 0245678
1 8 5 1 12 09 012 0123459 0123456789 01 02346 0248
1 8 5 1 2 0 01 0123456789 012346789 01 02346 024568
1 8 5 1 2 01 012 0123456789 012345678 01 0269 0248
1 8 5 1 2 1 0 2 5 01 0123456789 0123456789
1 8 5 1 2 1 0 2 5 12 0123459 0123456789
1 8 5 1 2 1 0 2345678 012456789 012 02345679 012345689
1 8 5 1 2 1 01 0123456789 0123456789 0 0 0
1 8 5 1 2 1 12 01234789 02456789 01 01234569 023456789
1 8 5 1 2 12 02 012345 0123456789 01 01236789 01234568
1 8 5 1 2 2 01 013456789 02345689 012 023456789 02468
1 8 5 1 2 2 1 12345678 012345678 012 012369 024689
1 8 5 1 2 2 12 01289 012456789 012 01234689 0123468
1 8 5 1 2 23 02 01234567 012345678 01 01269 024678
1 8 5 1 2 3 01 01789 02345689 012 0123456789 023468
1 8 5 1 2 3 12 0123456789 012346789 01 0123469 024678
1 8 5 1 2 34 02 0123456789 023456789 0 0 0
1 8 5 1 2 4 01 012345679 0123456789 01 02346789 024678
1 8 5 1 2 45 012 012345689 012345678 0 0 0
1 8 5 1 2 5 01 0123456789 0123456789 0 0 0
1 8 5 1 2 56 012 01234569 0123456789 0 0 0
1 8 5 1 2 6 01 0123456789 0123456789 0 0 0
1 8 5 1 2 67 012 0123456789 0123456789 0 0 0
1 8 5 1 2 7 01 0123456789 0123456789 0 0 0
1 8 5 1 2 78 012 0123456789 0123456789 01 02 08
1 8 5 1 2 8 01 0123456789 012345689 0 0 0
1 8 5 1 2 8 12 0123456789 012456789 01 012679 012468
1 8 5 1 2 89 02 01235 012456789 012 01234679 02468
1 8 5 1 2 9 01 0123456789 012345678 01 0246789 02468
1 8 5 1 2 9 12 0123456789 012345689 012 0249 0248
1 8 5 1 23 09 02 012345678 0123456789 01 0269 02468
1 8 5 1 3 0 01 0123456789 012345689 012 012369 024568
1 8 5 1 3 0 12 01234789 0123456789 01 0123469 02468
1 8 5 1 3 01 02 012345 02345678 01 01234679 024678
1 8 5 1 3 1 012 0123456789 012456789 01 01236 02468
1 8 5 1 3 12 02 01234567 0123456789 0 0 0
1 8 5 1 3 2 01 0123456789 012456789 0 0 0
1 8 5 1 3 23 012 0123456789 0123456789 0 0 0
1 8 5 1 3 3 012 0123456789 023456789 0 0 0
1 8 5 1 3 34 02 0123456 0123456789 012 0249 0248
1 8 5 1 3 4 0 6789 0246789 012 012346789 02468
1 8 5 1 3 4 1 0123 0123456789 012 0123469 024689
1 8 5 1 3 4 12 0123456789 0123456789 01 01236 02468
1 8 5 1 3 45 02 01234567 0123456789 0 0 0
1 8 5 1 3 5 01 012789 023456789 012 0123456789 012456789
1 8 5 1 3 5 12 023456789 012346789 012 0126789 02468
1 8 5 1 3 56 02 01234567 012345689 0 012 02346
1 8 5 1 3 6 01 0123456789 012345678 01 0236 0248
1 8 5 1 3 67 012 0123459 0123456789 01 02346 024689
1 8 5 1 3 7 01 0123456789 023456789 01 023469 024689
1 8 5 1 3 7 12 0123456789 0123456789 0 0 0
1 8 5 1 3 78 02 015 024678 0 01234 0123456789
1 8 5 1 3 8 0 1 7 0 456789 0123456789
1 8 5 1 3 8 0 1 7 01 012349 0123456789
1 8 5 1 3 8 0 12345 012456789 01 0345679 0123456789
1 8 5 1 3 8 01 0123456789 01246789 012 0123569 0245678
1 8 5 1 3 8 12 012456789 0123456789 012 012346 024568
1 8 5 1 3 89 02 01234567 012345678 01 0236 0248
1 8 5 1 3 9 01 012345789 0123456789 01 0123456 02468
1 8 5 1 3 9 12 0156789 0123456789 01 0123679 02468
1 8 5 1 34 09 02 012345 012456789 01 012346 01245678
1 8 5 1 4 0 01 0123456789 0123456789 01 012345689 023468
1 8 5 1 4 0 1 1234 0246789 01 0123456789 012345689
1 8 5 1 4 0 12 01456789 0123456789 012 01289 01245678
1 8 5 1 4 01 02 012345 0123456789 012 02459 0248
1 8 5 1 4 1 0 34567 023456789 012 0123456789 02468
1 8 5 1 4 1 01 0123456789 012456789 012 01234679 02468
1 8 5 1 4 1 12 012346789 023456789 012 02349 0234678
1 8 5 1 4 12 02 012345 0123456789 012 01234569 01234568
1 8 5 1 4 2 0 345678 01234689 01 01234679 0124568
1 8 5 1 4 2 01 01289 012345689 012 01236789 02468
1 8 5 1 4 2 1 345678 012345678 012 0123469 0234568
1 8 5 1 4 2 12 012389 0246789 012 023456789 02468
1 8 5 1 4 2 2 34 01234678 012 0123456789 012345689
1 8 5 1 4 2 2 4 12 012 023456789 0123456789
1 8 5 1 4 23 02 01234567 0234678 012 02456789 0123456789
1 8 5 1 4 3 012 0123456789 0123456789 0 0 0
1 8 5 1 4 34 02 012345 0123456789 01 0236789 012456789
1 8 5 1 4 4 0 012345678 0123456789 012 012369 02345678
1 8 5 1 4 4 0 89 012456789 012 0123456789 0123456789
1 8 5 1 4 4 012 0123456789 0123456789 012 02349 01248
1 8 5 1 4 45 02 01234567 012346789 0 0 0
1 8 5 1 4 5 012 0123456789 0123456789 0 0 0
1 8 5 1 4 56 02 012345 012345678 012 01234569 0124678
1 8 5 1 4 6 01 0123456789 0123456789 01 012369 02468
1 8 5 1 4 6 12 01256789 02345678 01 026789 012345689
1 8 5 1 4 6 2 234 0123456789 012 01234569 01234568
1 8 5 1 4 67 02 012345678 0123456789 01 0236 0248
1 8 5 1 4 7 012 0123456789 023456789 01 01236 023468
1 8 5 1 4 78 02 0123456 02345678 012 029 02468
1 8 5 1 4 8 01 01789 012346789 01 01234569 01234678
1 8 5 1 4 8 1 1 2345 012 012346789 01234678
1 8 5 1 4 8 12 0123456789 012456789 012 023456 0124568
1 8 5 1 4 89 02 0123456789 0123456789 0 0 0
1 8 5 1 4 9 1 0123456789 0123456789 0 0 0
1 8 5 1 45 09 012 0123459 0123456789 01 029 023468
1 8 5 1 5 0 01 0123456789 0123456789 012 02469 0248
1 8 5 1 5 0 12 0123456789 0123456789 012 01234679 02468
1 8 5 1 5 01 02 012345 012456789 01 012346789 02468
1 8 5 1 5 1 01 0123456789 0246789 012 02349 02468
1 8 5 1 5 1 1 012345678 0123456789 01 012369 0245678
1 8 5 1 5 12 012 01234589 023456789 012 01234569 0234568
1 8 5 1 5 2 0 01234567 012345689 01 01236 0123468
1 8 5 1 5 2 012 0123456789 012345689 0 0 0
1 8 5 1 5 23 02 012345 0124678 012 01234689 012345678
1 8 5 1 5 3 01 0123456789 012345689 01 012 068
1 8 5 1 5 3 1 456 01234689 01 012346 012346789
1 8 5 1 5 3 12 06789 012346789 012 023456789 01234689
1 8 5 1 5 34 012 0123456789 02345678 0 0 0
1 8 5 1 5 4 12 0123456789 0123456789 0 0 0
1 8 5 1 5 45 02 012345678 0123456789 01 01236 02468
1 8 5 1 5 5 01 0123456789 0123456789 0 0 0
1 8 5 1 5 56 012 01234589 0123456789 01 023469 02468
1 8 5 1 5 6 01 0123456789 0123456789 01 01236 02468
1 8 5 1 5 6 1 1234567 012345689 012 0123469 023468
1 8 5 1 5 67 012 012345789 012345689 01 023469 0124689
1 8 5 1 5 7 0 123456789 0123456789 01 026789 02468
1 8 5 1 5 7 01 0123456789 0123456789 01 0289 0268
1 8 5 1 5 78 012 01234589 012456789 0 0 0
1 8 5 1 5 8 01 0123456789 0123456789 01 026789 02468
1 8 5 1 5 89 012 0123456789 0123456789 01 0123456 02468
1 8 5 1 5 9 0 0 123 012 0123456789 01234568
1 8 5 1 5 9 0 012345 02345689 01 02346789 023456789
1 8 5 1 5 9 01 0123456789 0123456789 0 0 0
1 8 5 1 5 9 12 01256789 0123456789 01 012369 023468
1 8 5 1 56 09 02 02345 0123456789 01 01234569 023468
1 8 5 1 6 0 0 012345678 0123456789 012 026789 02468
1 8 5 1 6 0 01 0123456789 012345678 01 023 023468
1 8 5 1 6 0 12 0123459 012456789 01 012456789 012456789
1 8 5 1 6 1 0 0123456789 0123456789 0 0 0
1 8 5 1 6 1 012 0123456789 012346789 012 029 0248
1 8 5 1 6 12 02 012345678 012345689 0 0 0
1 8 5 1 6 2 01 0123456789 0123456789 01 0234679 012468
1 8 5 1 6 2 12 012345789 023456789 0 012346 02345678
1 8 5 1 6 2 2 5 2 012 012346789 0123456789
1 8 5 1 6 2 2 5 3 01 0123456789 0123456789
1 8 5 1 6 2 2 5 34 012 01234569 012456789
1 8 5 1 6 2 2 5 45 012 0123456789 024678
1 8 5 1 6 2 2 5 5 012 0123456789 023468
1 8 5 1 6 23 02 0123456789 0123456789 012 0123456 02468
1 8 5 1 6 3 1 012345678 01234689 01 01234689 02468
1 8 5 1 6 34 012 01234589 012345678 0 0134 0268
1 8 5 1 6 4 0 5678 02346789 012 012346789 0124678
1 8 5 1 6 4 01 0123456789 012345689 01 01236 012468
1 8 5 1 6 45 012 012345679 0123456789 0 0 0
1 8 5 1 6 5 01 0123456789 0123456789 012 029 024568
1 8 5 1 6 56 012 012345789 0123456789 0 0 0
1 8 5 1 6 6 01 0123456789 012345678 012 0129 024689
1 8 5 1 6 6 12 0123456789 0123456789 01 02679 0268
1 8 5 1 6 67 02 012345678 0123456789 01 023456 02468
1 8 5 1 6 7 012 0123456789 012346789 01 02 08
1 8 5 1 6 78 02 02345 01234568 01 01234569 0234678
1 8 5 1 6 8 0 012345 01246789 012 0123456789 0124678
1 8 5 1 6 8 01 0123456789 0123456789 0 0 0
1 8 5 1 6 89 012 0123456789 0123456789 0 0 0
1 8 5 1 6 9 01 0123456789 0123456789 0 0 0
1 8 5 1 6 9 12 0123456789 012345678 01 01236 02456789
1 8 5 1 6 9 2 3 6 01 0123456789 012456789
1 8 5 1 67 09 02 012345 0123456789 012 012459 0245689
1 8 5 1 7 0 01 0123456789 0123456789 01 02 08
1 8 5 1 7 0 12 0456789 023456789 01 0123469 023468
1 8 5 1 7 01 02 012345678 012345678 0 0 0
1 8 5 1 7 1 012 0123456789 0123456789 01 026 048
1 8 5 1 7 12 02 012345 02345689 01 01236 024568
1 8 5 1 7 2 01 0123456789 0123456789 0 0 0
1 8 5 1 7 23 012 0123456789 0123456789 0 0 0
1 8 5 1 7 3 01 0123456789 0123456789 01 01236 012468
1 8 5 1 7 3 1 2345678 01246789 012 01234569 012345678
1 8 5 1 7 34 012 01234589 0123456789 0 0 0
1 8 5 1 7 4 01 0123456789 0123456789 0 0 0
1 8 5 1 7 4 1 567 01246789 01 0123469 012345678
1 8 5 1 7 4 12 01234789 02345689 01 0123469 01234678
1 8 5 1 7 45 02 012345678 0123456789 01 01236 012468
1 8 5 1 7 5 01 01234589 012345689 01 0123469 0123456789
1 8 5 1 7 56 012 0123456789 023456789 0 0 0
1 8 5 1 7 6 01 01236789 0123456789 012 0124569 0124568
1 8 5 1 7 6 12 0123456789 02345678 01 01236 012468
1 8 5 1 7 67 02 01234567 0123456789 01 012369 024678
1 8 5 1 7 7 01 0123456789 0123456789 0 067 024568
1 8 5 1 7 7 12 0123789 0123456789 01 0123689 0124678
1 8 5 1 7 78 02 012345678 01246789 01 01236789 0124689
1 8 5 1 7 8 012 0123456789 0123456789 0 0 0
1 8 5 1 7 89 02 012345678 012345678 0 0 0
1 8 5 1 7 9 01 0123456789 0123456789 0 0 0
1 8 5 1 78 09 012 0123459 0123456789 012 0249 0248
1 8 5 1 8 0 01 0123456789 012345689 0 0 0
1 8 5 1 8 0 12 0123456789 0123456789 012 02349 024689
1 8 5 1 8 01 012 0123456789 0123456789 01 026789 02468
1 8 5 1 8 1 12 0123456789 0123456789 0 0 0
1 8 5 1 8 12 02 0125 0124568 012 012346789 02346789
1 8 5 1 8 2 0 2 123 012 01234689 024568
1 8 5 1 8 2 0 23456789 0123456789 012 026789 02468
1 8 5 1 8 2 1 012345 023456789 0 034689 02345678
1 8 5 1 8 23 012 0123456789 0246789 01 023469 012468
1 8 5 1 8 3 01 013456789 023456789 01 012346 02348
1 8 5 1 8 3 1 12345678 01245689 012 01236789 02345678
1 8 5 1 8 3 12 01289 01234689 012 012459 0123456789
1 8 5 1 8 34 02 0123456 0123456789 02 01234 01234678
1 8 5 1 8 4 0 678 0123456789 012 0236789 0245678
1 8 5 1 8 4 01 0123459 0123456789 012 0123459 0124568
1 8 5 1 8 4 12 0123456789 0123456789 01 02456 024689
1 8 5 1 8 45 012 0123456789 0123456789 0 0 0
1 8 5 1 8 5 12 0123456789 0123456789 01 01269 024678
1 8 5 1 8 56 02 012345 0123456789 01 023456 02468
1 8 5 1 8 6 0 45678 02456789 012 0123456789 012345689
1 8 5 1 8 6 01 0123456789 0123456789 012 02349 0123489
1 8 5 1 8 67 012 0123459 0123456789 01 02 08
1 8 5 1 8 7 01 0123456789 012345689 0 036 024
1 8 5 1 8 7 1 5 234 01 0123456789 0123456789
1 8 5 1 8 7 12 012356789 0123456789 012 02349 024678
1 8 5 1 8 78 02 012345 0123456789 0 0 0
1 8 5 1 8 8 01 012356789 0123456789 01 023456 023468
1 8 5 1 8 8 12 01456789 0123456789 01 01236789 0123468
1 8 5 1 8 89 02 012345 0123456789 012 0289 012345689
1 8 5 1 8 9 01 0123456789 0123456789 01 02 08
1 8 5 1 8 9 12 0123456789 0123456789 012 01269 0268
1 8 5 1 89 09 02 015 01456789 012 012346789 0123456789
1 8 5 1 9 0 0 1 1 01 01456789 0123456789
1 8 5 1 9 0 0 123 012456789 01 01234569 0123456789
1 8 5 1 9 0 01 013456789 0123456789 01 012346 012468
1 8 5 1 9 0 12 0123456789 0123456789 01 01236 023468
1 8 5 1 9 01 012 0123456789 012456789 0 0 0
1 8 5 1 9 1 12 0123456789 012346789 012 02459 02348
1 8 5 1 9 12 02 012345 012345678 012 02349 0248
1 8 5 1 9 2 01 0123456789 0123456789 0 0 0
1 8 5 1 9 2 12 0123456789 0123456789 0 0 0
1 8 5 1 9 23 02 01234567 012456789 012 029 024568
1 8 5 1 9 3 01 0123456789 0123456789 01 029 028
1 8 5 1 9 34 012 01234589 0123456789 0 0 0
1 8 5 1 9 4 01 0123456789 0123456789 01 02 08
1 8 5 1 9 4 1 45678 0123456789 012 012346789 02468
1 8 5 1 9 4 12 0189 02456789 012 012346789 02468
1 8 5 1 9 45 02 012345 01246789 01 01236789 02468
1 8 5 1 9 5 01 013456789 012456789 0 06789 0245678
1 8 5 1 9 5 12 0123456789 02456789 01 0124569 02468
1 8 5 1 9 5 2 23 0123458 012 0123456789 0123456789
1 8 5 1 9 56 02 012345 0123456789 02 045 0234568
1 8 5 1 9 6 01 0123456789 0123456789 01 02346 0248
1 8 5 1 9 6 12 012456789 0124689 01 01234569 0234689
1 8 5 1 9 67 02 012345 0124568 012 0123456789 024678
1 8 5 1 9 7 01 0123456789 0123456789 0 0 0
1 8 5 1 9 7 1 3456789 012345689 012 0123469 0245678
1 8 5 1 9 78 02 012345 0123456789 012 023469 024568
1 8 5 1 9 8 01 013456789 012456789 01 02469 0248
1 8 5 1 9 8 12 0123456789 0234568 012 026789 0246789
1 8 5 1 9 89 02 012345 012345689 012 023456789 02468
1 8 5 1 9 9 01 0123456789 012456789 0 0 0
1 8 5 1 9 9 1 67 024678 012 012345679 0123456789
1 8 5 12 09 09 012 01234589 0123456789 012 0249 0248
1 8 5 2 0 0 0 123 01245689 012 01236789 01234568
1 8 5 2 0 0 0 3 67 012 0123456789 012456789
1 8 5 2 0 0 0 3 78 01 0123456789 012345689
1 8 5 2 0 0 0 3456789 01234689 012 0123469 024678
1 8 5 2 0 0 01 0129 012345689 012 0123456789 01234568
1 8 5 2 0 0 12 023456789 0123456789 01 01236 02468
1 8 5 2 0 01 02 012345 0123456789 012 02349 02345689
1 8 5 2 0 1 0 12345678 0123456789 0 0 0
1 8 5 2 0 1 01 0129 02345689 012 0123469 0123456789
1 8 5 2 0 1 1 234567 0123456789 01 01236789 0124678
1 8 5 2 0 12 012 012345789 012345689 012 0246789 02468
1 8 5 2 0 2 01 0123456789 0123456789 0 01368 012468
1 8 5 2 0 2 1 012345678 012345689 012 01234689 02468
1 8 5 2 0 23 012 01234589 0123456789 0 0 0
1 8 5 2 0 3 01 03456789 0123456789 01 01236 012345678
1 8 5 2 0 3 12 0123456789 0123456789 0 0 0
1 8 5 2 0 34 02 012345 01246789 012 012456789 0234568
1 8 5 2 0 4 01 01256789 012345689 01 0123456 0245678
1 8 5 2 0 4 12 0123456789 0123456789 01 026 048
1 8 5 2 0 45 012 0123456789 0123456789 0 0 0
1 8 5 2 0 5 12 0123456789 0123456789 0 0 0
1 8 5 2 0 56 02 012345 0123456789 01 026789 023468
1 8 5 2 0 6 01 0123456789 012346789 012 02459 024678
1 8 5 2 0 6 12 012456789 024568 0 0123456 023456789
1 8 5 2 0 6 2 2 6 01 0123456789 0123456789
1 8 5 2 0 6 2 2 6 12 0156789 0123456789
1 8 5 2 0 6 2 2345 01246789 02 012345 0123456789
1 8 5 2 0 67 02 01235 012345689 012 01234569 0245689
1 8 5 2 0 7 01 0123456789 023456789 0 0 0
1 8 5 2 0 78 012 0123456789 023456789 0 0 0
1 8 5 2 0 8 01 0123456789 0123456789 01 023469 023468
1 8 5 2 0 8 12 023456789 012345689 01 026789 024689
1 8 5 2 0 89 02 012345 0123456789 01 012369 012468
1 8 5 2 0 9 01 0123456789 012345689 0 0 0
1 8 5 2 01 09 012 0123456789 0123456789 0 0 0
1 8 5 2 1 0 01 0123456789 0123456789 0 0 0
1 8 5 2 1 01 012 0123456789 0123456789 0 0 0
1 8 5 2 1 1 01 0123456789 0123456789 0 0 0
1 8 5 2 1 1 12 0123456789 0123456789 0 01 0234678
1 8 5 2 1 12 02 012345 02456789 01 01234569 01234689
1 8 5 2 1 2 01 0123456789 0123456789 0 0 0
1 8 5 2 1 2 12 0123456789 0123456789 0 0 0
1 8 5 2 1 23 02 012345 0123456789 01 012689 0234568
1 8 5 2 1 3 01 0123456789 012345689 0 0 0
1 8 5 2 1 34 012 01234589 012345689 0 0 0
1 8 5 2 1 4 01 0456789 0123456789 012 02349 024678
1 8 5 2 1 4 12 0123456789 0123456789 012 02349 02489
1 8 5 2 1 45 012 0123456789 023456789 0 0 0
1 8 5 2 1 5 12 0123456789 012345689 01 023469 02468
1 8 5 2 1 56 02 012345 0123456789 01 02346 0248
1 8 5 2 1 6 01 0123456789 0123456789 0 0 0
1 8 5 2 1 6 12 0123456789 012346789 012 02459 02348
1 8 5 2 1 67 02 0123456 0123456789 01 01236 0234689
1 8 5 2 1 7 01 0126789 0123456789 01 0123469 0234689
1 8 5 2 1 7 12 0123456789 0123456789 0 0 0
1 8 5 2 1 78 02 01234567 0123456789 01 026789 024568
1 8 5 2 1 8 01 0123456789 0123456789 0 0 0
1 8 5 2 1 89 012 012345789 012456789 01 01236 02468
1 8 5 2 1 9 01 0123456789 0123456789 0 0 0
1 8 5 2 12 09 012 0123456789 0123456789 0 0 0
1 8 5 2 2 0 01 0123456789 01234689 0 0 0
1 8 5 2 2 0 12 0123456789 012456789 0 0 0
1 8 5 2 2 01 012 0123456789 0123456789 0 0 0
1 8 5 2 2 1 1 012345678 01234568 012 02349 012456789
1 8 5 2 2 12 012 01234589 0123456789 012 026789 02468
1 8 5 2 2 2 01 0123456789 0123456789 0 0 01
1 8 5 2 2 2 12 0123456789 012346789 01 01236789 02345689
1 8 5 2 2 23 02 012345 0123456789 012 0129 012468
1 8 5 2 2 3 0 345678 0123456789 012 012346789 02468
1 8 5 2 2 3 01 0123456789 012345689 012 01269 02468
1 8 5 2 2 3 12 0123489 0123456789 02 01234 012345689
1 8 5 2 2 34 02 012345678 012346789 012 0129 023468
1 8 5 2 2 4 012 0123456789 023456789 0 0 0
1 8 5 2 2 45 02 01234567 0123456789 0 0 0
1 8 5 2 2 5 01 0123456789 0123456789 0 0345 02348
1 8 5 2 2 5 12 01236789 0123456789 01 025689 023468
1 8 5 2 2 56 012 0123456789 023456789 0 0 0
1 8 5 2 2 6 1 012345678 012345678 0 03468 024568
1 8 5 2 2 6 12 0123489 0123456789 01 01245689 0245678
1 8 5 2 2 67 012 0123456789 0123456789 0 0 0
1 8 5 2 2 7 1 012345678 0123456789 0 013456 024678
1 8 5 2 2 7 1 8 012 012 0123456789 0124689
1 8 5 2 2 7 12 0123489 0123456789 01 0123469 0234678
1 8 5 2 2 78 012 0123456789 0123456789 0 0 0
1 8 5 2 2 8 1 234567 01234689 012 01236789 0234689
1 8 5 2 2 89 012 012345789 0123456789 0 0 0
1 8 5 2 2 9 01 0123456789 0123456789 0 0 0
1 8 5 2 2 9 12 0123456789 0123456789 0 0 0
1 8 5 2 23 09 02 015 01248 0 0123456789 0123456789
1 8 5 2 3 0 0 1 2 12 0123456789 01234689
1 8 5 2 3 0 0 1234567 0123456789 02 02345 02345689
1 8 5 2 3 0 01 01234789 0123456789 01 0123456 0245689
1 8 5 2 3 0 12 0123456789 0123456789 0 0 0
1 8 5 2 3 01 02 012345 0123456789 01 01234569 01246789
1 8 5 2 3 1 01 0123456789 0123456789 0 0 0
1 8 5 2 3 1 12 0123456789 0123456789 01 02 08
1 8 5 2 3 2 0 012345 012345678 012 01236789 024689
1 8 5 2 3 2 01 01256789 0123456789 01 01236 024689
1 8 5 2 3 2 12 0123456789 023456789 01 02689 0468
1 8 5 2 3 23 02 0123456789 0123456789 0 0 0
1 8 5 2 3 3 12 0123456789 0123456789 0 0 0
1 8 5 2 3 34 02 012345 0123456789 01 0234569 0124568
1 8 5 2 3 4 01 0123456789 0123456789 0 0 0
1 8 5 2 3 4 12 0123456789 0123456789 01 01236 012468
1 8 5 2 3 45 02 012345 0123456789 01 01236 0123456789
1 8 5 2 3 5 0 45678 0123456789 012 0129 02345678
1 8 5 2 3 5 01 012349 0123456789 01 023456789 02345678
1 8 5 2 3 5 1 456789 02456789 012 0123469 024678
1 8 5 2 3 56 012 0123459 0123456789 0 0 0
1 8 5 2 3 6 01 0123456789 0123456789 01 01236 0123468
1 8 5 2 3 6 12 0123456789 01234678 012 029 0248
1 8 5 2 3 67 02 012345678 012345689 012 02 048
1 8 5 2 3 7 01 0123456789 0123456789 01 01234689 02468
1 8 5 2 3 78 012 012345789 0123456789 0 0 0
1 8 5 2 3 8 01 0123456789 0123456789 0 0 0
1 8 5 2 3 8 12 0123456789 0123456789 0 0 0234
1 8 5 2 3 89 02 01245 012345689 012 012346789 01245678
1 8 5 2 3 9 01 0123456789 02346789 01 01236789 024678
1 8 5 2 3 9 1 1234 0123456789 012 0234689 023468
1 8 5 2 3 9 1 4567 012345689 012 01234569 012345689
1 8 5 2 34 09 012 012345789 0123456789 01 024569 0234568
1 8 5 2 4 0 01 0123456789 023456789 0 0 0
1 8 5 2 4 0 12 0123456789 012456789 0 0 0
1 8 5 2 4 0 2 45 23458 012 0123456789 0124689
1 8 5 2 4 1 01 0123456789 0123456789 01 0236 0248
1 8 5 2 4 1 12 0123456789 0123456789 0 0 0
1 8 5 2 4 12 02 012345 012345678 012 0123469 0246789
1 8 5 2 4 2 01 012356789 023456789 01 0234569 01245689
1 8 5 2 4 2 12 0123456789 023456789 012 0129 028
1 8 5 2 4 23 02 02345 0123456789 012 01234569 0123468
1 8 5 2 4 3 0 012345 0123456789 012 012345689 024689
1 8 5 2 4 3 01 0123456789 012456789 01 02679 0268
1 8 5 2 4 3 12 012356789 012345689 01 012679 0124678
1 8 5 2 4 34 02 012345 0123456789 01 01236 02468
1 8 5 2 4 4 01 0123456789 012456789 0 0 0
1 8 5 2 4 45 012 0123456789 0123456789 0 0 0
1 8 5 2 4 5 0 012345 0123456789 01 01234689 023468
1 8 5 2 4 5 0 56789 01234568 012 0123469 01234568
1 8 5 2 4 5 01 0123456789 012345678 01 0126789 024689
1 8 5 2 4 56 012 0123459 0123456789 0 012 0246789
1 8 5 2 4 6 0 4 1 012 23456789 0123456789
1 8 5 2 4 6 01 0123456789 012345689 02 05 04
1 8 5 2 4 6 1 6789 02468 01 012346789 012345678
1 8 5 2 4 67 012 0123459 012346789 01 02346789 02468
1 8 5 2 4 7 0 0123456 012456789 01 01236 01234678
1 8 5 2 4 7 01 012346789 0123456789 01 01236 023468
1 8 5 2 4 7 12 01256789 012456789 01 012346789 02468
1 8 5 2 4 7 2 23 0189 012 0123456789 02456789
1 8 5 2 4 7 2 345 0123468 01 0123456789 0245689
1 8 5 2 4 78 012 0123456789 0123456789 0 0 0
1 8 5 2 4 8 12 03456789 0123456789 01 01236 024568
1 8 5 2 4 89 02 012345 012456789 01 02679 012468
1 8 5 2 4 9 01 0123456789 0123456789 0 0 0
1 8 5 2 4 9 12 01234589 0123456789 012 0234689 023468
1 8 5 2 45 09 012 0123456789 0123456789 0 0 0
1 8 5 2 5 0 12 0123456789 012456789 0 0 0
1 8 5 2 5 01 02 012345 0123456789 012 029 024678
1 8 5 2 5 1 0 34567 01245689 012 012346789 024689
1 8 5 2 5 1 012 0123456789 0123456789 0 0 0
1 8 5 2 5 1 2 234 012345689 012 01234569 0123468
1 8 5 2 5 12 02 01245 0123456789 012 012346789 02456789
1 8 5 2 5 2 01 0123456789 02345678 0 0 0
1 8 5 2 5 23 012 0123456789 0123456789 0 0136 0246
1 8 5 2 5 3 0 012345678 0123456789 01 0129 02468
1 8 5 2 5 3 01 0189 01246789 012 0123469 0124678
1 8 5 2 5 3 1 12 0123489 012 012345689 012346789
1 8 5 2 5 3 12 0123456789 0123456789 01 0169 0246
1 8 5 2 5 34 02 012345 0123456789 012 01246789 01245678
1 8 5 2 5 4 0 12345 0123456789 012 012346789 0124678
1 8 5 2 5 4 0 5678 023456789 01 01234689 0123468
1 8 5 2 5 4 012 0123456789 0123456789 0 0 0
1 8 5 2 5 45 02 012345 0123456789 012 0126789 0124568
1 8 5 2 5 5 0 12345678 0123456789 02 01245 024568
1 8 5 2 5 5 01 0123456789 0123456789 0 0 0
1 8 56 02 05 05 012 0123456789 0123456789 01 02679 024568
1 8 6 0 0 01 012 012346 0123456789 012 0126789 0245678
1 8 6 0 0 1 1 345 0123456789 012 023469 01234689
1 8 6 0 0 12 012 012345679 012345689 012 023469 0124568
1 8 6 0 0 23 012 012345679 01245678 01 0123679 012468
1 8 6 0 0 345 012 0123456789 012346789 01 01236 02468
1 8 6 0 01 05689 012 01234569 012456789 0 0 0
1 8 6 0 1 012345 012 012456789 01234689 0 0 0
1 8 6 0 12 01245678 012 012456789 023456789 0 0 0
1 8 6 0 23 012789 012 01234569 01245689 012 01269 02468
1 8 6 0 3 23 012 012456789 0123456789 0 0 0
1 8 6 0 3 34678 012 0123456789 0123456789 0 0 0
1 8 6 0 34 01289 01 012345689 0123456789 0 0 0
1 8 6 0 4 2 012 012346789 0123456789 0 0 0
1 8 6 0 4 2346 012 0123456789 023456789 0 0 0
1 8 6 0 4 67 012 0123456789 0245689 0 0 0
1 8 6 0 45 678 012 0123456789 0123456789 0 0 0
1 8 6 0 56 04678 01 0126789 01234678 012 012346789 02468
1 8 6 0 6 4 0 0123 012345678 012 0123456789 02468
1 8 6 0 6 45 01 012345679 023456789 012 01236 024689
1 8 6 0 678 025678 012 012345689 02456789 0 0 0
1 8 6 0 8 01 012 012346789 01234568 0 0 0
1 8 6 0 8 12 012 0123456789 0245689 0 0 0
1 8 6 0 8 23 012 0123456789 012346789 0 0 0
1 8 6 0 8 34 012 0123456789 0246789 0 0 0
1 8 6 0 8 456 012 0123456789 02345689 0 0 0
1 8 6 0 8 6 012 0123456789 012456789 0 0 0
1 8 6 0 8 67 012 0123456789 0123456789 0 0 0
1 8 6 0 89 01234789 012 0123456789 024689 0 0 0
1 8 6 0 9 456 012 012346789 0123456789 01 0269 0468
1 8 6 01 09 012346789 012 01234569 0234568 0 0 0
1 8 6 1 01 0234689 012 012346789 012345689 0 0 0
1 8 6 1 12 01289 012 0123456789 012345678 0 0 0
1 8 6 1 2 2345 012 0123456789 0124568 0 0 0
1 8 6 1 234 04568 012 0123456789 0246789 0 0 0
1 8 6 1 4 56 01 0123456789 012345689 0 0 0
1 8 6 1 4 67 012 0123456789 023456789 0 0 0
1 8 6 1 4 7 012 0123456789 0123456789 0 0 0
1 8 6 1 45 0123789 012 01234689 0234568 0 0 0
1 8 6 1 56 0346789 012 012345679 01246789 0 0 0
1 8 6 1 6 01246789 012 01236789 0234689 0 0 0
1 8 6 1 7 0126 012 0123456789 02345689 0 0 0
1 8 6 1 7 678 012 01234569 012345689 0 0 0
1 8 6 1 7 8 01 0123456789 012345689 0 0 0
1 8 6 1 78 0289 012 0123456789 012345689 0 0 0
1 8 6 1 8 23 012 0123456789 023468 0 0 0
1 8 6 1 8 3489 012 0123456789 023456789 0 0 0
1 8 6 1 89 019 012 0123456789 01234568 01 02689 0468
1 8 6 1 9 234 012 0123456789 01234689 0 0 0
1 8 6 1 9 45 012 0123456789 023456789 0 0 0
1 8 6 12 09 0234689 012 0123456789 0245678 0 0 0
1 8 6 2 01 019 012 0123456789 012346789 0 0 0
1 8 6 2 1 126 012 01234569 0123456789 0 0 0
1 8 6 2 1 789 012 0123456789 023456789 0 0 0
1 8 6 2 12 023459 012 012345689 01234568 0 0 0
1 8 6 2 2 56 012 0123456789 01234678 0 0 0
1 8 6 2 23 2678 012 0123456789 0124689 0 0 0
1 8 6 2 3 23 012 0123456789 012345678 0 0 0
1 8 6 2 3 34 012 0123456789 0123456789 0 0 0
1 8 6 2 3 45 012 012345689 02346789 0 0 0
1 8 6 2 3 567 012 0123456789 024689 0 0 0
1 8 6 2 34 012345678 012 012346789 0124568 0 0 0
1 8 6 2 4 789 012 0123456789 01234689 0 0 0
1 8 6 2 45 09 012 0123456789 024678 012 0123679 0245689
1 8 6 2 5 01 012 0123456789 02345678 012 023469 02468
1 8 6 2 5 1 012 0123456789 0124689 0 0 0
1 8 67 02 05 012 012 012346789 0234678 0 0 0
1 8 7 0 01 02345678 012 012346789 02468 0 0 0
1 8 7 0 1 456 012 012346789 0123468 0 0 0
1 8 7 0 1 6789 012 0123456789 02345678 0 0 0
1 8 7 0 123 012489 012 01234689 0123468 012 02346789 01234678
1 8 7 0 3 1 0 01 02456789 012 0123456789 01245678
1 8 7 0 34 012346 012 0123456789 023456789 0 0 0
1 8 7 0 4 1 01 012345689 0123456789 0 0 0
1 8 7 0 4 1 12 012456789 0123456789 0 0 0
1 8 7 0 4 1234568 012 023456789 023456789 0 0 0
1 8 7 0 45 0239 012 0123456789 0124689 0 0 0
1 8 7 0 56 034568 012 012345679 01234689 0 0 0
1 8 7 0 6 012 012 012346789 023456789 0 0 0
1 8 7 0 6 23 012 0123456789 0123456789 0 0 0
1 8 7 0 67 2345678 012 0123456789 02346789 0 0 0
1 8 7 0 78 0346789 012 012346789 023468 0 0 0
1 8 7 0 8 45 012 0123456789 024678 012 0129 02468
1 8 7 0 8 67 012 012346789 02345678 0 0 0
1 8 7 0 89 24578 012 0123456789 0123456789 0 0 0
1 8 7 01 09 01256 012 012346789 012456789 0 0 0
1 8 7 1 0 234567 012 0123456789 012468 0 0 0
1 8 7 1 01 0789 012 0123456789 012346789 0 0 0
1 8 7 1 12 012678 012 0123456789 012346789 0 0 0
1 8 7 1 2 01234 012 012345679 0123468 0 0 0
1 8 7 1 23 045678 012 0123456789 02468 0 01234 0123468
1 8 7 1 34 0123456 012 02569 0234689 012 0123456789 0234568
1 8 7 1 456 012345689 01 0123679 0245678 0 0 0
1 8 7 1 67 1234568 012 012346789 0123456789 0 0 0
1 8 7 1 78 046789 012 0123456789 012345678 0 0 0
1 8 7 1 8 45 012 0123456789 012456789 0 0 0
1 8 7 1 8 567 012 0123456789 023456789 0 0 0
1 8 7 1 8 78 012 0123459 0123456789 01 026 048
1 8 7 1 8 8 012 012456789 0123456789 012 02469 0248
1 8 7 1 8 89 02 012345 012345678 01 024569 02468
1 8 7 1 8 9 01 013456789 0123456789 0 0 0
1 8 7 1 8 9 1 12345678 0123456789 0 0 0
1 8 7 1 8 9 12 012389 0123456789 012 0123469 02468
1 8 7 1 89 09 02 012345 0123456789 01 0245679 02468
1 8 7 1 9 0 01 0123456789 0123456789 0 0 0
1 8 7 1 9 0 12 0123456789 0123456789 0 0 0
1 8 7 1 9 01 02 0123456 0123456789 01 069 0456
1 8 7 1 9 123456 01 01269 012468 01 012346789 012456789
1 8 7 12 019 01234678 012 01234679 01234568 0 06 04
1 8 7 2 1 4 0 0 01245 012 012346789 0123456789
1 8 7 2 1 4568 01 01236 012456789 012 023456789 01246789
1 8 7 2 12 012346789 012 012369 012345678 0 0 0
1 8 7 2 234 01246789 01 0123456789 0124568 0 01 089
1 8 7 2 4 4568 012 012345689 0123456789 01 01236 02468
1 8 7 2 4 8 0 46789 012456789 01 0123456 02345689
1 8 7 2 4 89 012 01234679 02346789 01 012346 01245678
1 8 7 2 4 9 0 01 012346789 012 0123456789 023468
1 8 7 2 4 9 0 123 012345689 01 01236789 024568
1 8 7 2 4 9 0 345 012456789 012 02346789 0245678
1 8 7 2 4 9 0 567 02345678 01 012346789 024568
1 8 7 2 4 9 01 012389 023456789 01 0123456789 02468
1 8 7 2 45 019 012 02345679 0123456789 01 012 0689
1 8 7 2 5 1 0 0 012 01 0123456789 0124568
1 8 7 2 5 1 0 0 2 012 0123456789 012345689
1 8 7 2 5 1 0 0 23 012 0123456789 0123456789
1 8 7 2 5 1 0 012 012345689 012 01234569 024568
1 8 7 2 5 12 012 012346789 01245689 012 012369 024689
1 8 7 2 5 2 01 012345689 0123456789 012 01234569 012456789
1 8 7 2 5 23 012 0123456789 012345678 0 0 0
1 8 7 2 5 3 012 012456789 012345678 01 02678 012456789
1 8 7 2 5 34 02 01345 012345689 012 0123456789 012345689
1 8 78 02 05 045 012 0123456789 012345678 0 06 04568
1 8 8 0 0 0123 012 012345689 0123456789 01 02789 0268
1 8 8 0 01 345678 012 01234569 01234678 0 0 0
1 8 8 0 123 0123456789 012 0123469 0246789 01 02679 02689
1 8 8 0 34 01256789 012 012369 0234678 01 0126789 02468
1 8 8 0 4 2 01 01345689 0246789 012 012346789 02468
1 8 8 0 4 2 1 2456789 012456789 012 012345679 02468
1 8 8 0 4 23 012 012349 0123456789 012 01234569 0246789
1 8 8 0 4 3 0 01 02346789 012 01234679 01234568
1 8 8 0 4 34567 012 0123469 0245689 01 012689 012468
1 8 8 0 45 01234789 012 012346789 02468 0 0 0
1 8 8 0 5 456789 012 012346789 023456789 0 0 0
1 8 8 0 56 049 012 0123456789 0123456789 0 0 0
1 8 8 0 6 4 1 23456 012346789 012 012346789 01234689
1 8 8 0 6 45 012 0123456789 0123456789 02 034 089
1 8 8 0 6 56 012 0123456789 0123456789 01 026789 024568
1 8 8 0 6 678 012 0123456789 0123456789 0 0 0
1 8 8 0 67 029 0 01234 0123456789 01 012679 0234568
1 8 8 0 7 2 01 012456789 0123456789 0 0 0
1 8 8 0 7 23 012 0234569 0123456789 0 0 0
1 8 8 0 7 34 012 02346789 0123456789 0 0 0
1 8 8 0 7 4 12 0123456789 012345689 01 01234689 02468
1 8 8 0 7 45 012 012346789 0123456789 01 023469 02468
1 8 8 0 789 0245678 012 01234569 0123456789 0 0 0
1 8 8 0 9 2 01 0123456789 01246789 01 023456 012456789
1 8 8 0 9 23 012 012345789 0123456789 01 02346789 024568
1 8 8 0 9 3 01 0123456789 0123456789 0 034 028
1 8 8 0 9 34 012 01234789 01234678 01 0245689 0124689
1 8 8 0 9 4 012 0123456789 012345689 01 026789 024689
1 8 8 0 9 45 012 0123456789 0123456789 0 0 0
1 8 8 0 9 5 1 45 012345678 012 01234569 0245689
1 8 8 01 19 256 012 0123456789 023456789 012 024689 012468
1 8 8 1 1 234 012 012456789 0123456789 0 0 0
1 8 8 1 1 4 12 0129 0234689 012 0123456789 02468
1 8 8 1 1 4 2 1 23456 012 012346789 02468
1 8 8 1 1 4 2 12 0789 012 0123456789 02468
1 8 8 1 1 45 02 0269 012346 012 01234569 024689
1 8 8 1 1 56 01 0123459 0123456789 01 0123 0268
1 8 8 1 1 6789 012 012345679 012346789 01 026 048
1 8 8 1 1 9 01 012456789 0123456789 01 01236 02468
1 8 8 1 12 019 012 012345689 0123456789 0 01234 01234678
1 8 8 1 2 1 0 3 3456 012 01234569 0123456789
1 8 8 1 2 1 0 3 6 01 0123456789 012346789
1 8 8 1 2 1 0 3 6 12 0123456789 0123456789
1 8 8 1 2 1 0 3 678 012 0123456789 0123456789
1 8 8 1 2 1 0 34 012489 012 0123469 0123456789
1 8 8 1 2 1 0 4 8 0 1234567 0123456789
1 8 8 1 2 1 0 4 8 01 0123789 0123456789
1 8 8 1 2 1 0 4 89 012 01234569 0123456789
1 8 8 1 2 1 0 456 0126789 012 01234569 012346789
1 8 8 1 2 123 012 0123456789 01234678 02 02 04
1 8 8 1 2 34 012 01234569 0123456789 01 02346 02468
1 8 8 1 2 45 012 012345689 012456789 01 01234689 0124689
1 8 8 1 2 5 01 12345689 0123456789 012 0123469 02468
1 8 8 1 2 56 012 01236789 0123456789 01 02689 0245689
1 8 8 1 2 678 012 01234569 02345678 012 0123469 024568
1 8 8 1 23 089 01 0123456789 012456789 01 023469 012468
1 8 8 1 3 0 12 013456789 0123456789 0 0 0
1 8 8 1 3 012 012 012345 0123456789 0 0 0
1 8 8 1 3 2 12 056789 0123456789 0 0 0
1 8 8 1 3 23 012 0123456 0123456789 012 029 0248
1 8 8 1 3 3456 01 023456789 0123456789 0 0 0
1 8 8 1 3 67 012 0123456789 02346789 01 02689 024568
1 8 8 1 34 01234789 012 0123456789 01245678 0 0 0
1 8 8 1 456 01245689 012 01236789 012345678 01 026789 02456789
1 8 8 1 6 234 01 0123456789 012346789 012 02679 02468
1 8 8 1 6 4 012 0123456789 012456789 012 012369 023468
1 8 8 1 6 45 02 012345 01234689 012 01234569 02346789
1 8 8 1 6 5 0 0 23456 012 0123456789 012345678
1 8 8 1 6 5 0 01 012678 012 0123456789 024689
1 8 8 1 6 5 0 12 01789 012 01234569 023456789
1 8 8 1 6 5 0 2 1245 01 0123456789 0123456789
1 8 8 1 6 5 0 2 5 012 012346789 012345689
1 8 8 1 6 5 01 023456789 0245678 012 023456789 0246789
1 8 8 1 6 5 1 0123 0123489 012 012346789 0234689
1 8 8 1 6 5 1 3 234 01 0123456789 02345689
1 8 8 1 6 5 1 34 0456789 012 012345679 024689
1 8 8 1 6 56 01 02346789 0124568 01 02346789 0245689
1 8 8 1 67 06789 012 0123456789 0124678 0 0 0
1 8 8 1 7 0 01 0123456789 023456789 01 0123469 01245689
1 8 8 1 7 012 012 012345679 023456789 01 012 012348
1 8 8 1 7 2 12 0123459 0123456789 01 012 01248
1 8 8 1 78 234567 012 01234569 0123456789 01 01236 024568
1 8 8 1 89 078 02 012345 0123456789 0 0 0
1 8 8 1 9 01 012 012369 0123456789 012 01234679 02468
1 8 8 1 9 1 01 012345689 0123456789 01 02689 0468
1 8 8 12 09 01268 012 0123456789 01234689 0 0 0
1 8 8 2 0 89 012 012345689 0123456789 0 0 0
1 8 8 2 01 09 012 012345689 0123456789 0 0 0
1 8 8 2 1 01 012 012345679 023456789 0 0 0
1 8 8 2 1 12 012 01234569 0123456789 0 0 0
1 8 8 2 1 23 012 01234569 0123456789 01 01269 024678
1 8 8 2 1 3 012 0123456789 0123456789 01 02 08
1 8 8 2 1 34 012 012345689 0123456789 0 0 0
1 8 8 2 1 4 1 012 0123456789 01 0123456789 01234678
1 8 8 2 1 4 1 2345 0123456789 01 01236789 01234678
1 8 8 2 1 4 12 012569 023456789 01 012345689 0234689
1 8 8 2 1 45 02 01234567 0123456789 0 0 0
1 8 8 2 12 0456 012 012345689 0123456789 0 0 0
1 8 8 2 2 567 01 0123456789 0123456789 0 0 0
1 8 8 2 2 78 012 012346789 0123456789 01 0269 0468
1 8 8 2 23 0189 01 01256789 0245689 0 0123 0246789
1 8 8 2 3 1 01 012345679 0123456789 01 01236 012468
1 8 8 2 3 123 012 012346789 0123456789 0 0 0
1 8 8 2 3 34 012 012346789 01234678 012 023456789 02345678
1 8 8 2 3 456789 01 0123456789 0123468 012 012346 024689
1 8 8 2 34 09 01 0123456789 0123456789 0 0 0
1 8 8 2 4 0 012 012469 0123456789 01 0123456 02345678
1 8 8 2 4 01 02 01234 0123456789 01 01234689 02468
1 8 8 2 4 1 0 345678 012345689 01 0123456 01245678
1 8 8 2 4 1 01 0123456789 0123456789 0 0123 01246
1 8 8 2 4 1 12 01245789 0123456789 01 0269 02468
1 8 8 2 4 12456 012 012345689 0123456789 0 0 0
1 8 8 2 4 67 012 012345679 023456789 0 0 0
1 8 8 2 45 02789 012 0123469 0123456789 0 0 0
1 8 8 2 5 234 012 01234569 012456789 0 03 02
1 8 8 2 5 4 01 01256789 02345689 012 0123469 01234678
1 8 8 2 5 45 012 0234567 0123456789 01 026789 02468
1 8 8 2 5 5 12 01234789 0123456789 0 0 0
1 8 89 02 05 015 012 0123456789 0123456789 0 0 0
1 8 9 0 01 012489 012 012346789 01245689 0 0 0
1 8 9 0 12 01234568 012 01234689 01246789 01 01236 024678
1 8 9 0 23 012345689 012 012346789 02468 0 0 0
1 8 9 0 3 56789 012 012345689 01234678 0 0 0
1 8 9 0 345 01245689 012 012346789 0245678 0 0 0
1 8 9 0 5 01 012 0123456789 0124689 0 0 0
1 8 9 0 567 01234568 012 0123456789 02468 0 0 0
1 8 9 0 78 01245678 012 012346789 01245689 0 0 0
1 8 9 0 8 45 012 012345689 01246789 0 0 0
1 8 9 0 89 05689 012 012345689 0123456789 0 0 0
1 8 9 0 9 01 012 012346789 01245678 01 01236 012468
1 8 9 01 019 012345678 012 0123456789 024568 0 0 0
1 8 9 1 12 03456 012 0123456789 0123468 012 0249 01248
1 8 9 1 2 56 012 01234569 023456789 0 0 0
1 8 9 1 2 67 012 0123456789 0245689 0 0 0
1 8 9 1 234 0123456789 012 0234689 024568 0 0 0
1 8 9 1 45678 01246789 012 0234569 0123456789 0 0 0
1 8 9 1 89 01234568 012 012345689 01234568 0 0 0
1 8 9 1 9 34 012 0123456789 012456789 0 0 0
1 8 9 1 9 45 012 012345689 012345689 0 0 0
1 8 9 1 9 56 012 0123456789 01245689 0 0 0
1 8 9 1 9 67 01 0123456789 012345689 0 0 0
1 8 9 1 9 789 012 0234679 012346789 01 01236 02468
1 8 9 1 9 9 01 012346789 012345678 0 0 0
1 8 9 12 09 019 012 0123456789 01246789 0 0 0
1 8 9 2 0 12 012 0123456789 012345689 012 012369 0123468
1 8 9 2 0 23 02 01234678 0123456789 012 02346 02468
1 8 9 2 0 3 01 01234589 0123456789 012 02469 0234678
1 8 9 2 0 3 1 56789 0123456789 012 01234569 024689
1 8 9 2 0 34 012 0123459 0123456789 01 01236 02468
1 8 9 2 01 023456789 012 01234679 01234568 0 0 0
1 8 9 2 1 45 012 0123456789 023456789 0 0 0
1 8 9 2 1 56 012 012345679 012345689 0 0 0
1 8 9 2 1 678 012 0123456789 0123456789 0 0 0
1 8 9 2 1 8 012 0123456789 012456789 0 0 0
1 8 9 2 1 89 012 0123456789 01246789 0 0 0
1 8 9 2 12 09 012 012345689 0123456789 01 0236 0248
1 8 9 2 2 01 012 0123456789 012346789 01 02 08
1 8 9 2 23 1234 012 01234569 012456789 0 0 0
1 8 9 2 34 01234678 012 0234569 01234678 0 0 0
1 8 9 2 4 67 02 01234 0123456789 012 01245689 0234689
1 8 9 2 4 7 01 01256789 01246789 012 0124569 0123456789
1 8 9 2 4 7 1 234678 012346789 012 012346789 012456789
1 8 9 2 4 7 12 01234589 0123456789 01 01689 024568
1 8 9 2 45 02345789 012 02356789 0234568 012 0245679 01234568
1 89 09 02 05 015 012 0123456789 0123456789 01 02 08
1 9 0 0 0 12 01 01236789 0123456789 01 01236 02468
1 9 0 0 0 234 012 012346789 01234568 01 01236789 0234678
1 9 0 0 0 45 012 0123456789 01245678 01 01236 02468
1 9 0 0 0 56 012 0123456789 012345689 0 0 0
1 9 0 0 0 67 02 02467 012348 012 0123456789 024689
1 9 0 0 0 7 0 78 045678 012 012346789 02468
1 9 0 0 0 78 012 012346789 012456789 012 01236 024678
1 9 0 0 0 8 012 012456789 012456789 0 0 0
1 9 0 0 0 89 012 0123456789 02345678 0 0 0
1 9 0 0 01 09 01 0123456789 0123456789 0 0 0
1 9 0 0 1 012 012 0123456789 01246789 0 0 0
1 9 0 0 1 23 012 0123456789 0123456789 0 0 0
1 9 0 0 1 4 01 0123469 0123456789 0 0 0
1 9 0 0 12 023456 012 0123456789 01234678 0 0 0
1 9 0 0 2345 01245678 012 0123456789 0234568 0 0 0
1 9 0 0 5 23 012 0123456789 0123456789 0 0 0
1 9 0 0 5 34567 012 0123456789 012346789 0 0 0
1 9 0 0 56 078 012 0123456789 0123456789 0 0 0
1 9 0 0 6 0 012 012345679 0123456789 01 01234569 02468
1 9 0 0 6 01 02 01234568 0123456789 0 0 0
1 9 0 0 6 12345678 012 0123456789 012456789 0 0 0
1 9 0 0 78 012345678 012 01245689 012345689 0 0 0
1 9 0 0 8 0123 01 0123456789 0234678 0 0 0
1 9 0 0 8 34 01 0123456789 012456789 01 01269 024568
1 9 0 0 8 456 012 0123456789 012345678 01 023 028
1 9 0 0 8 6 0 345678 012345678 012 0234679 02468
1 9 0 0 8 67 01 02345689 012345689 012 02345679 02468
1 9 0 0 8 789 01 012345679 02345689 012 0249 0248
1 9 0 0 8 9 012 0123456789 024678 0 0 0
1 9 0 0 89 09 012 0123456789 023456789 0 0 0
1 9 0 0 9 01 012 0123456789 0123456789 0 0 0
1 9 0 0 9 123 012 0123456789 012456789 0 0 0
1 9 0 0 9 34 012 012346789 012456789 01 024 0458
1 9 0 0 9 456 01 01246789 012345689 01 01234569 0124678
1 9 0 0 9 6 012 012345689 0123456789 0 0 0
1 9 0 0 9 678 012 0126789 0123456789 01 01236 024568
1 9 0 0 9 8 1 23 0129 012 0123456789 012468
1 9 0 0 9 8 1 3 34 012 0123456789 012345678
1 9 0 0 9 8 1 34 0145689 012 0123456789 01234689
1 9 0 0 9 8 1 4 1234567 012 0123456789 012468
1 9 0 0 9 8 1 45 023456789 01 0123456789 0123468
1 9 0 0 9 8 1 567 012346789 012 012346789 024568
1 9 0 0 9 8 12 0789 01246789 012 0123456789 02468
1 9 0 0 9 89 02 012345678 012346789 0 013 026
1 9 0 01 09 029 012 012345689 0123456789 01 026 048
1 9 0 1 0 23 012 0123689 0234678 01 023456789 02468
1 9 0 1 0 3 1 0 0123456 012 0123456789 02468
1 9 0 1 0 3 1 01 012346789 012 0123456789 02468
1 9 0 1 0 3 1 12 01234589 012 0123456789 02468
1 9 0 1 0 3 12 023456789 0123456789 01 0236789 02468
1 9 0 1 0 34 012 0123456789 0123456789 0 0 0
1 9 0 1 0 45 012 023456789 023456789 01 012369 023468
1 9 0 1 0 56 012 0123456789 02345678 01 012 01268
1 9 0 1 0 67 012 01234679 01234689 012 01234569 01234568
1 9 0 1 0 78 012 0123456789 012345689 0 0 0
1 9 0 1 0 89 012 0123456789 0123456789 01 023469 02468
1 9 0 1 01 09 012 012346789 01245689 01 0269 0468
1 9 0 1 1 01 012 0123456789 0123456789 0 0 0
1 9 0 1 1 12 01 0123456789 012456789 0 0 0
1 9 0 1 1 23 012 0123456789 01234568 0 0 0
1 9 0 1 1 34 012 0123489 01234568 012 0245679 012468
1 9 0 1 1 45 012 0123456789 012346789 01 01269 012468
1 9 0 1 1 5 012 0123456789 0123456789 012 0126789 024568
1 9 0 1 12 056789 012 023456789 012346789 012 0129 023468
1 9 0 1 2 01 012 012345679 012346789 0 0 0
1 9 0 1 2 123 012 0123456789 0123456789 01 01269 0246789
1 9 0 1 2 3 0 01 024568 01 012456789 0123456789
1 9 0 1 2 3 01 12346789 01246789 012 0123469 023456789
1 9 0 1 2 34 012 0123456789 0123456789 012 0123469 0245678
1 9 0 1 2 4567 012 012345679 0123456789 0 0 0
1 9 0 1 23 01789 012 012456789 02345689 01 026789 0245678
1 9 0 1 34 012678 012 012345679 01234689 0 0 0
1 9 0 1 4 123 01 0123456789 012345678 0 0 0
1 9 0 1 4 3456 012 0123456789 012346789 0 0 0
1 9 0 1 4 6 01 012346789 0123456789 0 0 0
1 9 0 1 4 67 012 0123456789 012345689 0 0 0
1 9 0 1 45 0789 012 0123456789 0123456789 0 0 0
1 9 0 1 5 0 01 0123456789 0123456789 0 0 0
1 9 0 1 5 01 012 0123456789 0123456789 0 0 0
1 9 0 1 5 12 01 0123456789 0123456789 0 0 0
1 9 0 1 5 23 012 0123456789 0123456789 01 02346 0248
1 9 0 1 5 346 012 0123456789 023456789 0 0 0
1 9 0 1 5 67 012 0123456789 023456789 0 0 0
1 9 0 1 5 78 012 012345689 02345678 0 0 0
1 9 0 1 5 8 01 0123456789 02346789 0 0 0
1 9 0 1 5 89 02 012345678 012345689 0 0 0
1 9 0 1 567 0145689 012 01234689 01234568 0 0 0
1 9 0 1 78 0126 01 0123456789 023456789 0 0 0
1 9 0 1 8 012 01 0123456789 0123456789 0 0 0
1 9 0 1 8 2345 012 012345689 012345678 0 0 0
1 9 0 1 8 5 12 0123456789 023456789 0 0 0
1 9 0 1 8 567 02 012345 0123456789 0 0 0
1 9 0 1 8 7 01 0123456789 0123456789 0 0 0
1 9 0 1 89 2678 012 012456789 012345678 0 0 0
1 9 0 1 9 6 01 0123456789 0123456789 01 0234569 024689
1 9 0 1 9 6789 012 0123456789 0123456789 0 0 0
1 9 0 12 09 012346789 012 01234569 023456789 0 0 0
1 9 0 2 1 012 012 023456789 023456789 0 06 04
1 9 0 2 1 2 0 6789 0123456789 01 01234679 02468
1 9 0 2 1 234 012 012346789 02345689 012 012369 02468
1 9 0 2 1 45 012 0123456789 0123456789 0 0 0
1 9 0 2 1 56 012 012345679 0123456789 0 0 0
1 9 0 2 1 6 012 012345679 0123456789 0 0 0
1 9 0 2 1 67 012 0123456789 0123456789 0 0 0
1 9 0 2 12 078 012 012345689 0123456789 0 0 0
1 9 0 2 2 012456 012 012346789 012345678 01 02 08
1 9 0 2 2 678 012 0123456789 01234689 0 0 0
1 9 0 2 234 01289 01 0126789 023456789 0 0 0
1 9 0 2 4 1 012 012346789 0123456789 0 0 0
1 9 0 2 4 12 02 012345 012346789 01 0123469 02468
1 9 0 2 4 2 01 012356789 0123456789 012 0234569 02468
1 9 0 2 4 2 1 3456 0123456789 01 023456789 01234678
1 9 0 2 4 2 1 6 678 012 0123456789 0123456789
1 9 0 2 4 2 1 678 0123456789 01 0234569 0234678
1 9 0 2 45 0234589 012 01234689 012345689 01 026789 024568
1 9 01 02 05 012456 012 0123456789 0245678 0 0 0
1 9 1 0 0 67 012 0123456789 012345678 0 0 0
1 9 1 0 0123 02346789 012 0123456789 02468 0 0 0
1 9 1 0 3 678 012 0123456789 023456789 0 0 0
1 9 1 0 45 01234568 012 012346789 0234678 0 0 0
1 9 1 0 5689 024568 01 0126 0123456789 01 01236 0123468
1 9 1 0 9 6 0 234567 0123456789 012 029 0248
1 9 1 0 9 6 01 0123789 0123456789 0 0 0
1 9 1 0 9 6 1 345678 0123456789 01 01236 02468
1 9 1 0 9 6 12 0189 0123456789 012 0123469 012468
1 9 1 0 9 6 2 12345 0123456789 01 01236 02345689
1 9 1 01 09 016789 012 0123456789 023456789 0 0 0
1 9 1 1 0 1 0 0123456 0123456789 0 0 0
1 9 1 1 0 1 01 016789 0123456789 0 0 0
1 9 1 1 0 1 1 123456 0123456789 01 0234569 02468
1 9 1 1 0 1 12 06789 0123456789 012 012349 02468
1 9 1 1 0 1 2 012345 0123456789 01 012469 023468
1 9 1 1 0 123 012 012345689 012345678 01 01236 02468
1 9 1 1 012 012456789 012 0123469 02456789 0 0 0
1 9 1 1 23456 0246789 012 012345689 02345689 0 0 0
1 9 1 12 016789 012345678 012 01234689 02468 0 0 0
1 9 1 2 12 023456789 012 012346789 02468 0 0 0
1 9 1 2 23 234678 012 01234569 01234689 01 01236 02468
1 9 1 2 3 4 0 013678 0234568 012 012346789 01234568
1 9 1 2 3 4 01 289 01234568 012 0123456789 01234678
1 9 1 2 3 5678 012 0123456789 02456789 0 0 0
1 9 1 2 34 0189 012 0123456789 02468 0 0 0
1 9 1 2 4 12 012 0123456789 01234568 0 0 0
1 9 1 2 45 2348 012 0123456789 02468 0 0 0
1 9 12 02 05 034 012 0123456789 0123456789 0 0 0
1 9 2 0 0 01 012 012345689 0123456789 0 0 0
1 9 2 0 0 123 012 0123456789 0123456789 0 0 0
1 9 2 0 0 345 012 0123456789 0123456789 0 0 0
1 9 2 0 0 5 0 123456 0123456789 0 0 0
1 9 2 0 0 5 01 012346789 0123456789 0 0 0
1 9 2 0 0 5 12 012345679 0123456789 0 0 0
1 9 2 0 0 56 012 0123456789 0123456789 0 0 0
1 9 2 0 0 678 012 012345789 0123456789 01 02 08
1 9 2 0 0 8 01 1245689 0123456789 01 01236 02468
1 9 2 0 0 8 12 012356789 0123456789 01 01236 0123468
1 9 2 0 01 01289 012 01234569 0123456789 0 0 0
1 9 2 0 1 2 0 2345678 0123456789 0 0 0
1 9 2 0 1 2 01 01234589 0123456789 0 0 0
1 9 2 0 1 2 12 01256789 0123456789 0 0 0
1 9 2 0 1 23456 02 02345678 0123456789 0 067 024568
1 9 2 0 1 6 01 01234589 0123456789 01 01236789 0124689
1 9 2 0 1 678 012 02456789 0123456789 0 0 0
1 9 2 0 1 89 012 0123456789 0123456789 0 0 0
1 9 2 0 1 9 12 03456789 0123456789 01 02 08
1 9 2 0 12 09 012 01234569 0123456789 01 02 08
1 9 2 0 2 0123 012 0123456789 0123456789 0 0 0
1 9 2 0 2 3 01 0123456789 0123456789 0 0 0
1 9 2 0 2 34 012 012346789 0123456789 0 0 0
1 9 2 0 2 45 01 012345 0123456789 01 02 08
1 9 2 0 2 5 01 0123456789 0123456789 0 0 0
1 9 2 0 2 56 012 01234789 012456789 0 0 0
1 9 2 0 2 6 01 012345689 0123456789 0 0 0
1 9 2 0 2 67 012 012345679 0123456789 0 0 0
1 9 2 0 2 78 012 0123456789 02456789 0 0 0
1 9 2 0 23 089 012 0123456789 0123456789 0 0 0
1 9 2 0 3 0 01 012346789 0123456789 0 0 0
1 9 2 0 3 01 012 0123456789 0123456789 0 0 0
1 9 2 0 3 1 0 01234567 0123456789 01 01236 024689
1 9 2 0 3 1 01 0123789 0123456789 0 0 0
1 9 2 0 3 1 1 3456789 0123456789 0 0 0
1 9 2 0 3 123 012 0123459 0123456789 0 0 0
1 9 2 0 3 3 01 01234689 0123456789 0 0 0
1 9 2 0 3 3 1 12345678 0123456789 0 0 0
1 9 2 0 3 34 012 01234589 0123456789 0 0 0
1 9 2 0 3 4 01 012456789 0123456789 0 0 0
1 9 2 0 3 45 012 012349 0123456789 0 0 0
1 9 2 0 3 5 0 3456789 0123456789 01 01236 02468
1 9 2 0 3 5 01 0123456789 0123456789 0 0 0
1 9 2 0 3 5 12 01234589 0123456789 0 0 0
1 9 2 0 3 56 02 012345 0123456789 0 0 0
1 9 2 0 3 6 01 0156789 0123456789 0 0 0
1 9 2 0 3 6 1 12345678 0123456789 0 0 0
1 9 2 0 3 6 12 0123489 0123456789 0 0 0
1 9 2 0 34 06789 012 012345 0123456789 0 0 0
1 9 2 0 4 0 01 0123456789 0123456789 0 0 0
1 9 2 0 4 0 12 012356789 0123456789 012 012469 02468
1 9 2 0 4 01 02 012345 012456789 012 0123456789 0124689
1 9 2 0 4 1 012 0123456789 012346789 0 0 0
1 9 2 0 4 12 02 012345 0123456789 01 02 08
1 9 2 0 4 2 01 03456789 0123456789 0 0 0
1 9 2 0 4 2 12 0123456789 0123456789 0 0 0
1 9 2 0 4 23 012 0123456 0123456789 01 023469 02468
1 9 2 0 4 3 12 0126789 0123456789 0 0 0
1 9 2 0 4 34 02 012345 0123456789 0 0 0
1 9 2 0 4 456 012 012456789 0123456789 0 0 0
1 9 2 0 4 6 01 0123456789 01234689 01 023456 0246789
1 9 2 0 4 67 012 012346789 0123456789 0 0 0
1 9 2 0 4 78 012 012456789 012345678 012 0249 0248
1 9 2 0 4 8 01 012346789 0123456789 012 0246 0468
1 9 2 0 4 8 12 0123456789 0123456789 01 01236 02468
1 9 2 0 4 89 02 012345 0123456789 0 0 0
1 9 2 0 4 9 01 123456789 0123456789 0 0 0
1 9 2 0 45 09 01 0123456789 0123456789 0 0 0
1 9 2 0 5 01 012 01234569 012345689 0 0 0
1 9 2 0 5 12 012 023456789 012345689 0 0 0
1 9 2 0 5 2 01 012456789 012346789 0 0 0
1 9 2 0 5 2 12 01256789 0123456789 0 0 0
1 9 2 0 5 23 012 0123456789 0123456789 0 0 0
1 9 2 0 5 34 01 0123456789 0123456789 0 0 0
1 9 2 0 5 4 01 01236789 0123456789 0 0 0
1 9 2 0 5 4 12 012456789 0123456789 0 0 0
1 9 2 0 5 45 02 012345 0123456789 0 0 0
1 9 2 0 5 5 01 01256789 0123456789 0 0 0
1 9 2 0 5 5 12 023456789 0123456789 0 0 0
1 9 2 0 5 56 02 012345 0123456789 0 0 0
1 9 2 0 5 6 0 1234567 0123456789 01 02 08
1 9 2 0 5 6 01 01234789 0123456789 01 02 08
1 9 2 0 5 6 12 023456789 0123456789 0 0 0
1 9 2 0 5 67 012 01234569 0123456789 01 02679 02468
1 9 2 0 5 78 012 012345689 012456789 0 0 0
1 9 2 0 5 8 1 0123456789 0123456789 0 0 0
1 9 2 0 56 0189 012 01234569 0123456789 0 0 0
1 9 2 0 6 12 012 0123456789 012345689 0 0 0
1 9 2 0 6 234 012 0123456789 0123456789 0 0 0
1 9 2 0 6 4 12 012345679 0123456789 01 01236 02468
1 9 2 0 6 45 02 0123456789 0123456789 0 0 0
1 9 2 0 6 5 01 0123456789 0123456789 0 0 0234
1 9 2 0 6 5 12 089 0234568 012 012345689 0123456789
1 9 2 0 6 56 02 012345 0123456789 0 0 0
1 9 2 0 6 67 01 0123456789 0123456789 0 0 0
1 9 2 0 6 7 0 1234567 0123456789 0 0 0
1 9 2 0 6 7 01 0123789 0123456789 0 0 0
1 9 2 0 6 7 12 0456789 0123456789 01 02 08
1 9 2 0 6 78 02 012345 0123456789 0 0 0
1 9 2 0 6 8 01 0123456789 0123456789 0 0 0
1 9 2 0 6 8 12 0456789 0123456789 0 0 0
1 9 2 0 6 89 02 012345 0123456789 0 0 0
1 9 2 0 6 9 01 012346789 0123456789 01 026789 023468
1 9 2 0 67 09 012 0123456789 0123456789 0 0 0
1 9 2 0 7 0 1 23456 0123456789 012 02346789 02468
1 9 2 0 7 0 12 01236789 0123456789 0 0 0
1 9 2 0 7 01 02 012345 0123456789 0 0 0
1 9 2 0 7 1 0 3456789 0123456789 0 0 0
1 9 2 0 7 1 01 01234569 0123456789 0 0 0
1 9 2 0 7 1 12 016789 0123456789 0 0 0
1 9 2 0 7 12 012 01234569 0123456789 01 0245 02348
1 9 2 0 7 23 012 012459 012345678 01 02345689 02345678
1 9 2 0 7 3 0 0123456 0123456789 0 0 0
1 9 2 0 7 3 012 012346789 0123456789 0 0 0
1 9 2 0 7 345 012 01234569 0123456789 0 0 0
1 9 2 0 7 5 0 12345678 0123456789 01 023 028
1 9 2 0 7 5 01 01234589 012456789 01 034569 02468
1 9 2 0 7 5 12 012356789 0123456789 01 02346 0248
1 9 2 0 7 56 012 0123456789 0123456789 0 0 0
1 9 2 0 7 6 1 234567 0123456789 0 0 0
1 9 2 0 7 6 12 012345789 0123456789 0 0 0
1 9 2 0 7 67 02 012345678 0123456789 0 0 0
1 9 2 0 7 7 01 0123456789 0123456789 0 0 0
1 9 2 0 7 78 012 0123456789 02456789 0 0 0
1 9 2 0 78 089 012 0123456789 0123456789 0 0345 02689
1 9 2 0 8 0 0 12 01245678 012 012456789 0123456789
1 9 2 0 8 0 0 23456789 0123456789 0 0 0
1 9 2 0 8 01 012 0123456789 012345689 0 0 0
1 9 2 0 8 1 01 0123456789 0123456789 0 0 0
1 9 2 0 8 12 012 0123456789 0123456789 0 0 0
1 9 2 0 8 2 01 0123456789 0123456789 0 0 0
1 9 2 0 8 2 12 012345679 0123456789 0 0 0
1 9 2 0 8 23 012 012456789 0123456789 0 0 0
1 9 2 0 8 3 12 01234679 0123456789 0 0 0
1 9 2 0 8 34 02 01234567 0123456789 0 0 0
1 9 2 0 8 4 01 012456789 0123456789 0 0 0
1 9 2 0 8 4 12 01234679 0123456789 01 01269 02468
1 9 2 0 8 45 012 0123456789 0123456789 01 026 048
1 9 2 0 8 56 012 0123456789 0123456789 0 0 0
1 9 2 0 8 6 01 0123456789 0123456789 0 0 0
1 9 2 0 8 6 1 01234567 0123456789 0 0 0
1 9 2 0 8 678 012 0123459 0123456789 0 0 0
1 9 2 0 8 8 01 0456789 0123456789 0 0 0
1 9 2 0 8 8 1 123456789 0123456789 0 0 0
1 9 2 0 89 0189 012 0123459 0123456789 0 0 0
1 9 2 0 9 1 01 0123456789 0123456789 01 02 08
1 9 2 0 9 1 12 012346789 0123456789 0 0 0
1 9 2 0 9 12 012 0123456789 0123456789 0 0 0
1 9 2 0 9 2 1 1234567 0123456789 0 0 0
1 9 2 0 9 23 012 0123489 0123456789 0 0 0
1 9 2 0 9 3 01 0123456789 0123456789 0 0 0
1 9 2 0 9 34 012 01234589 0123456789 0 0 0
1 9 2 0 9 4 01 01456789 0123456789 0 0 0
1 9 2 0 9 4 12 01245679 0123456789 0 0 0
1 9 2 0 9 45 02 0123456789 0123456789 0 0 0
1 9 2 0 9 56 01 012345679 0123456789 0 0 0
1 9 2 0 9 6 01 0123456789 023456789 0 0 0
1 9 2 0 9 678 012 0123459 0123456789 0 0 0
1 9 2 0 9 89 01 012456789 0124568 01 01234569 0234678
1 9 2 0 9 9 1 4 6 01 0123456789 0123456789
1 9 2 01 09 09 01 0124569 0123456789 02 01234 012456789
1 9 2 1 0 0 01 023456789 0123456789 0 0 0
1 9 2 1 0 0 1 012345678 0123456789 012 029 0248
1 9 2 1 0 0 12 0123489 0123456789 0 0 0
1 9 2 1 0 01 02 01234567 0123456789 0 0 02
1 9 2 1 0 1 01 01234789 0123456789 01 01236 02468
1 9 2 1 0 1 1 456789 0123456789 012 02459 0248
1 9 2 1 0 12 012 012345689 0123456789 0 0 0
1 9 2 1 0 2 012 02456789 0123456789 0 0 0
1 9 2 1 0 23 02 012345 0123456789 0 0 0
1 9 2 1 0 3 01 012345689 012345678 0 0 0
1 9 2 1 0 3 1 12345 012345678 01 0126789 0245678
1 9 2 1 0 34 012 0123456789 012345689 0 0 0
1 9 2 1 0 4 0 2345678 0123456789 0 0 0
1 9 2 1 0 4 01 0123456789 0123456789 0 0 0
1 9 2 1 0 45 012 0123456789 0123456789 0 0 0
1 9 2 1 0 567 012 012345679 012345689 0 0 0
1 9 2 1 0 7 01 01234569 0123456789 0 0 0
1 9 2 1 0 7 12 023456789 0123456789 0 0 0
1 9 2 1 0 78 02 012345 0123456789 0 0 0
1 9 2 1 0 8 01 01256789 0123456789 01 01236 023468
1 9 2 1 0 8 12 023456789 0123456789 012 023469 02468
1 9 2 1 0 89 02 012345 0123456789 01 023469 024568
1 9 2 1 0 9 0 1234 0123456789 012 0123456789 02468
1 9 2 1 0 9 0 456789 0123456789 02 034 028
1 9 2 1 0 9 01 0123459 0123456789 0 0 0
1 9 2 1 0 9 12 01256789 0123456789 0 0 0
1 9 2 1 01 09 012 012345689 0123456789 0 0 0
1 9 2 1 1 01 012 012345679 0123456789 0 0 0
1 9 2 1 1 1 01 012345689 0123456789 0 0 0
1 9 2 1 1 12 012 01234569 0123456789 0 0 0
1 9 2 1 1 2 01 023456789 0123456789 0 0 0
1 9 2 1 1 2 1 123456 012345689 012 0123456789 024689
1 9 2 1 1 2 12 012346789 0123456789 012 01236 02468
1 9 2 1 1 2345 012 0123456789 012345678 0 0 0
1 9 2 1 1 5 012 0123456789 0123468 012 029 01248
1 9 2 1 1 5678 012 0123456789 01246789 0 0 0
1 9 2 1 1 89 01 01234679 01245689 01 026789 024568
1 9 2 1 12 019 012 01234569 012345689 0 0 0
1 9 2 1 2 1 0 1234567 0123456789 0 0 0
1 9 2 1 2 1 01 01234789 0123456789 0 0 0
1 9 2 1 2 1 12 0456789 0123456789 0 0 0
1 9 2 1 2 12 02 012345 0123456789 0 0 0
1 9 2 1 2 2 012 0123456789 012456789 0 0 0
1 9 2 1 2 234 02 012345 0123456789 0 0 0
1 9 2 1 2 4 01 012345689 0123456789 0 0 0
1 9 2 1 2 4 12 023456789 0123456789 0 0 0
1 9 2 1 2 456 012 012345 0123456789 0 0 0
1 9 2 1 2 67 01 0123456789 0123456789 01 01236 024568
1 9 2 1 2 789 012 012349 0123456789 0 03 024
1 9 2 1 23 09 01 012456789 0123456789 01 02346 0468
1 9 2 1 3 01 01 01234569 012345678 0 0 0
1 9 2 1 3 1 01 01236789 0123456789 0 0 0
1 9 2 1 3 1 12 0123456789 0123456789 0 0 0
1 9 2 1 3 12 02 0123456 0123456789 0 0 0
1 9 2 1 3 2 012 0126789 0123456789 0 0 0
1 9 2 1 3 23 02 012345 0123456789 0 0 0
1 9 2 1 3 3 0 234567 0123456789 0 01 0248
1 9 2 1 3 3 01 012789 0123456789 012 012369 02468
1 9 2 1 3 34 012 0123456789 0123456789 0 0 0
1 9 2 1 3 45 012 0123456789 0123456789 0 0 0
1 9 2 1 3 5 01 0123489 0123456789 0 0 0
1 9 2 1 3 5 12 0156789 0123456789 0 0 0
1 9 2 1 3 56 02 012345 0123456789 0 0 0
1 9 2 1 3 6 01 023456789 0123456789 0 0 0
1 9 2 1 3 67 01 0123456789 0123456789 0 0 0
1 9 2 1 3 7 01 0123456789 0123456789 0 0 0
1 9 2 1 3 7 12 0123456789 0123456789 0 0 0
1 9 2 1 3 78 012 0123456789 0123456789 0 0 0
1 9 2 1 3 8 1 012345678 0123456789 0 0 0
1 9 2 1 3 8 12 012389 0123456789 01 01236 012468
1 9 2 1 3 89 02 012345 0123456789 0 0 0
1 9 2 1 3 9 01 12346789 0123456789 0 0 0
1 9 2 1 3 9 12 012456789 0123456789 0 0 0
1 9 2 1 34 09 02 012345678 012345678 0 0 0
1 9 2 1 4 01 012 012345689 012456789 0 0 0
1 9 2 1 4 1 01 0123456789 0123456789 0 0 0
1 9 2 1 4 12 02 012345 0123456789 01 02 08
1 9 2 1 4 234 012 01234569 0123456789 01 02 08
1 9 2 1 4 4 01 0123456789 0123456789 01 01236 012468
1 9 2 1 4 45 01 0123456789 0123456789 0 0 0
1 9 2 1 4 5 12 0123456789 012345678 01 02346 023468
1 9 2 1 4 6 01 01234569 0123456789 0 0 0
1 9 2 1 4 6 1 2345678 0123456789 0 0 0
1 9 2 1 4 6 12 0123459 0123456789 0 0 0
1 9 2 1 4 67 02 0123456 0123456789 0 0 0
1 9 2 1 4 7 01 123456789 0123456789 0 0 0
1 9 2 1 4 7 12 0123456789 0123456789 0 0 0
1 9 2 1 4 78 012 0123456789 0123456789 0 0 0
1 9 2 1 4 8 12 012346789 0123456789 0 0 0
1 9 2 1 4 89 02 012345 0123456789 0 0 0
1 9 2 1 4 9 01 0456789 0123456789 0 0 0
1 9 2 1 4 9 12 01234569 0123456789 0 0 0
1 9 2 1 45 09 02 012345 0123456789 01 01236 01245678
1 9 2 1 5 0 0 012345678 0123456789 0 0 0
1 9 2 1 5 0 01 01234589 0123456789 01 02 08
1 9 2 1 5 0 12 0126789 0123456789 0 0 0
1 9 2 1 5 01 012 012345689 0123456789 0 0 0
1 9 2 1 5 1 12 012346789 012346789 012 012369 024689
1 9 2 1 5 12 02 0123456 0123456789 0 0 0
1 9 2 1 5 2 01 01236789 0123456789 0 0 0
1 9 2 1 5 2 12 03456789 0123456789 0 0 0
1 9 2 1 5 23 02 012345 0123456789 012 023469 024678
1 9 2 1 5 3 01 0123456789 0123456789 0 0 0
1 9 2 1 5 3 1 0123456 0123456789 0 0 0
1 9 2 1 5 3 12 012456789 0123456789 0 0 0
1 9 2 1 5 34 02 01234567 0123456789 0 0 0
1 9 2 1 5 4 012 012346789 0123456789 012 01234569 0124568
1 9 2 1 5 45 012 0123456789 0123456789 0 0 0
1 9 2 1 5 56 01 0123456789 0123456789 0 0 0
1 9 2 1 5 6 12 023456789 0123456789 0 0 0
1 9 2 1 5 6 2 012345 0123456789 0 0 0
1 9 2 1 5 7 0 012345 0123456789 012 01234569 02468
1 9 2 1 5 7 01 23456789 0123456789 0 0 0
1 9 2 1 5 78 01 0123456789 0123456789 0 0 0
1 9 2 1 5 89 012 01234589 0123456789 0 0 0
1 9 2 1 5 9 01 012346789 0123456789 0 0 0
1 9 2 1 56 09 012 012346789 0123456789 0 0 0
1 9 2 1 6 0 0 23456789 0123456789 0 0 0
1 9 2 1 6 0 01 0123459 0123456789 01 029 028
1 9 2 1 6 0 12 01236789 0123456789 0 0 0
1 9 2 1 6 01 02 01345678 0123456789 0 0 0
1 9 2 1 6 1 012 0123456789 0123456789 0 0 0
1 9 2 1 6 12 02 0123456789 0123456789 01 026789 02468
1 9 2 1 6 2 12 0123456789 01246789 0 0 0
1 9 2 1 6 3 01 0123456 012345678 012 0123456789 0124568
1 9 2 1 6 345 012 012346789 0123456789 01 01236 024678
1 9 2 1 6 5 0 0123456 0123456789 0 0 0
1 9 2 1 6 5 01 0126789 0123456789 0 0 0
1 9 2 1 6 5 12 023456789 0123456789 0 0 0
1 9 2 1 6 56 02 012345 0123456789 0 0 0
1 9 2 1 6 6 01 0123456789 0123456789 01 0269 0468
1 9 2 1 6 6 12 0123456789 0123456789 01 029 028
1 9 2 1 6 679 012 0123456789 0123456789 0 0 0
1 9 2 1 67 09 012 0123456789 012346789 0 0 0
1 9 2 1 7 01 01 012345689 0123456789 01 026789 02468
1 9 2 1 7 12 012 012369 0123456789 0 0 0
1 9 2 1 7 23 02 01234567 0123456789 0 013456 02468
1 9 2 1 7 3 01 01789 0123456789 01 01234689 02468
1 9 2 1 7 345 01 0123456789 012345689 01 01236 02468
1 9 2 1 7 5 0 012345678 0123456789 01 0123469 02468
1 9 2 1 7 5 01 123456789 012456789 01 01234569 02468
1 9 2 1 7 56 012 012345789 012345678 0 0 0
1 9 2 1 7 6 01 0123456789 0123456789 0 0 0
1 9 2 1 7 6 12 0123456789 0123456789 0 0 0
1 9 2 1 7 67 02 012345 0123456789 0 0 0
1 9 2 1 7 7 0 234567 0123456789 01 02 08
1 9 2 1 7 7 01 01234789 0123456789 0 0 0
1 9 2 1 7 78 01 01456789 0123456789 0 0 0
1 9 2 1 7 8 0 12 01245678 012 0123456789 0123456789
1 9 2 1 7 8 0 2 8 01 012456789 0123456789
1 9 2 1 7 8 0 2 89 012 012345679 012345689
1 9 2 1 7 8 0 2 9 01 012345789 0123456789
1 9 2 1 7 8 0 2 9 12 016789 0123456789
1 9 2 1 7 8 0 234 0246789 012 012345689 012456789
1 9 2 1 7 8 0 4 45 012 01234569 01234568
1 9 2 1 7 8 0 4 5 01 0123456789 02345678
1 9 2 1 7 8 0 4 5 12 023456789 012456789
1 9 2 1 7 8 0 4 56 012 0123456789 012456789
1 9 2 1 7 8 0 456 02345678 012 01234689 0124689
1 9 2 1 7 8 0 6 8 01 0123456789 0123468
1 9 2 1 7 8 0 6 8 12 0123456789 012345689
1 9 2 1 7 8 0 6 89 02 01234567 012456789
1 9 2 1 7 8 0 6 9 01 0123456789 012346789
1 9 2 1 7 8 0 67 09 012 0123459 0123456789
1 9 2 1 7 8 0 7 0 01 0123456789 0234678
1 9 2 1 7 8 0 7 01 012 01234789 01246789
1 9 2 1 7 8 0 7 1 01 0123456789 023456789
1 9 2 1 7 8 0 7 12 012 0123456789 0245678
1 9 2 1 7 8 0 7 2 012 0123456789 023456789
1 9 2 1 7 8 0 7 23 012 0123456789 012456789
1 9 2 1 7 8 0 7 34 012 01234569 01245689
1 9 2 1 7 8 0 7 45 012 0123456789 012456789
1 9 2 1 7 8 0 7 5 01 0123456789 01245689
1 9 2 1 7 8 0 7 56 012 012345679 0123456789
1 9 2 1 7 8 0 7 678 01 023456 0123456789
1 9 2 1 7 8 0 78 089 01 0123456789 01234678
1 9 2 1 7 8 0 8 0 012 0123456789 012456789
1 9 2 1 7 8 0 8 01 02 012345 0123456789
1 9 2 1 7 8 0 8 1 01 0123456789 0123456789
1 9 2 1 7 8 0 8 12 012 0123456789 0245689
1 9 2 1 7 8 0 8 2 012 0123456789 012346789
1 9 2 1 7 8 0 8 23 012 0123456789 0123456789
1 9 2 1 7 8 0 8 34 012 0123456789 024689
1 9 2 1 7 8 0 8 4 01 0123456789 012456789
1 9 2 1 7 8 0 8 45 012 0123456789 0124568
1 9 2 1 7 8 0 8 5 12 0123456789 0123468
1 9 2 1 7 8 0 8 56 012 0123456789 012346789
1 9 2 1 7 8 0 8 6 12 0123456789 0123456789
1 9 2 1 7 8 0 8 67 012 0123456789 02345689
1 9 2 1 7 8 0 89 2345678 012 012345679 02468
1 9 2 1 7 8 0 9 6 01 23456789 012345678
1 9 2 1 7 8 0 9 67 012 012345679 024689
1 9 2 1 7 8 0 9 7 01 0123456789 023468
1 9 2 1 7 8 0 9 78 012 01234569 02345678
1 9 2 1 7 8 0 9 8 01 0123456789 02345678
1 9 2 1 7 8 0 9 89 012 0123456789 02346789
1 9 2 1 7 8 0 9 9 01 0123456789 01234568
1 9 2 1 7 8 01 09 049 012 0123456789 02468
1 9 2 1 7 8 1 0 4 01 0123456789 024689
1 9 2 1 7 8 1 0 45 012 0123456789 012468
1 9 2 1 7 8 1 0 5 01 0123456789 0234568
1 9 2 1 7 8 1 0 56 012 0123456789 02468
1 9 2 1 7 8 1 0 6 01 0123456789 02346789
1 9 2 1 7 8 1 0 6 12 0123456789 023456789
1 9 2 1 7 8 1 0 7 01 0123456789 0234678
1 9 2 1 7 8 1 0 7 12 013456789 0123456789
1 9 2 1 7 8 1 0 78 012 0123456789 012345689
1 9 2 1 7 8 1 0 8 12 0123456789 023456789
1 9 2 1 7 8 1 0 89 012 0123456789 0124568
1 9 2 1 7 8 1 01 09 012 0123456789 024568
1 9 2 1 7 8 1 1 0 01 0123456789 01234689
1 9 2 1 7 8 1 1 01 012 0123456789 01245689
1 9 2 1 7 8 1 1 1 01 0123456789 0123456789
1 9 2 1 7 8 1 12 0126789 012 0123456789 02468
1 9 2 1 7 8 1 2 0 01 0123456789 0123456789
1 9 2 1 7 8 1 2 01 012 0123456789 0123456789
1 9 2 1 7 8 1 2 1 01 0123456789 0123456789
1 9 2 1 7 8 1 2 1 12 0123456789 0245689
1 9 2 1 7 8 1 23 12345678 012 0123469 02468
1 9 2 1 7 8 1 345 0123456789 012 01236789 023456789
1 9 2 1 7 8 12 0156789 0123456789 02 02 04678
1 9 2 1 7 8 2 1234 012345678 0 0123456 0234568
1 9 2 1 7 8 2 4 0 01 0123456789 01234568
1 9 2 1 7 8 2 4 01 012 01234589 012456789
1 9 2 1 7 8 2 4 1 01 0123456789 0234689
1 9 2 1 7 8 2 4 12 012 0123456789 024689
1 9 2 1 7 8 2 4 2 012 0123456789 012345678
1 9 2 1 7 8 2 4 23 02 012345678 01246789
1 9 2 1 7 8 2 4 3 012 0123456789 012456789
1 9 2 1 7 8 2 4 34 02 0123456 012345678
1 9 2 1 7 8 2 4 4 01 0123456789 02468
1 9 2 1 7 8 2 4 45 012 0123459 012346789
1 9 2 1 7 8 2 4 5 01 0123456789 02468
1 9 2 1 7 8 2 4 56 012 012345679 02468
1 9 2 1 7 8 2 4 6 012 0123456789 01246789
1 9 2 1 7 8 2 4 67 02 012345 0123456789
1 9 2 1 7 8 2 4 7 01 0123456789 01245678
1 9 2 1 7 8 2 4 78 012 0123456789 0234678
1 9 2 1 7 8 2 4 8 012 012456789 012345689
1 9 2 1 7 8 2 4 89 02 0123456 012346789
1 9 2 1 7 8 2 4 9 01 0123456789 0123456789
1 9 2 1 7 8 2 45 09 012 0123459 0123456789
1 9 2 1 7 8 2 5 0 01 0123456789 012456789
1 9 2 1 7 8 2 5 01 012 0123456789 02345678
1 9 2 1 7 8 2 5 1 12 0123456789 02346789
1 9 2 1 7 8 2 5 12 012 0123456789 0245678
1 9 2 1 7 8 2 5 23 012 012345689 0124568
1 9 2 1 7 8 2 5 34 012 012345679 02456789
1 9 2 1 7 8 2 5 4 01 0123456789 012456789
1 9 2 1 7 8 2 5 4 12 0123456789 023456789
1 9 2 1 7 8 2 5 45 012 0123456789 01234678
1 9 2 1 78 023489 012 0256789 0245678 012 0123459 023468
1 9 2 1 8 45 012 0123456789 023456789 01 0246 048
1 9 2 1 8 56 012 0123456789 01245689 0 0 0
1 9 2 1 8 67 01 023456789 0123456789 01 02346789 0245689
1 9 2 1 8 78 012 01234569 0123456789 0 0 0
1 9 2 1 8 8 0 123456 0123456789 012 02349 0234678
1 9 2 1 8 8 01 016789 0123456789 0 0 0
1 9 2 1 8 8 1 234567 0123456789 0 034 024568
1 9 2 1 8 8 12 012345789 0123456789 01 026 048
1 9 2 1 8 89 02 012345 0123456789 0 0 0
1 9 2 1 8 9 01 01256789 0123456789 0 0 0
1 9 2 1 8 9 1 23456789 0123456789 0 0 0
1 9 2 1 89 09 012 0123459 0123456789 0 0 0
1 9 2 1 9 0 0 01234567 0123456789 0 0 0
1 9 2 1 9 0 01 0123456789 0123456789 0 0 0
1 9 2 1 9 012 012 01234589 0123456789 0 0 0
1 9 2 1 9 23 01 0123456 0123456789 01 024569 024568
1 9 2 1 9 3 01 01456789 0123456789 01 02 08
1 9 2 1 9 3 1 123456 0123456789 01 0123469 02468
1 9 2 1 9 3 12 0126789 0123456789 0 0 0
1 9 2 1 9 345 012 01234679 0123456789 01 01236 02468
1 9 2 1 9 5 0 3456 0123456789 012 02456789 02345689
1 9 2 1 9 5 01 012346789 0123456789 0 0 0
1 9 2 1 9 5 12 012456789 0123456789 0 0 0
1 9 2 1 9 56 012 012345678 012345678 0 0 0
1 9 2 1 9 67 012 0123456789 0123456789 0 0 0
1 9 2 1 9 7 01 123459 0123456789 01 0123678 0124689
1 9 2 1 9 7 1 56 089 01 0123456789 0123456789
1 9 2 1 9 7 12 0126789 0123456789 01 012 0248
1 9 2 1 9 78 012 0123456789 0123456789 0 0 0
1 9 2 1 9 8 12 023456789 012456789 01 01236789 012468
1 9 2 12 09 089 012 0123456789 012345689 0 0 0
1 9 2 2 0 0123 012 0123456789 012345678 01 02346 0248
1 9 2 2 0 3 01 012345689 0123456789 0 0 0
1 9 2 2 0 3 12 01456789 0123456789 0 0 0
1 9 2 2 0 34 012 0123456789 0123456789 0 0 0
1 9 2 2 0 456 012 01234569 012456789 0 0 0
1 9 2 2 0 6 0 23456789 0123456789 0 0 0
1 9 2 2 0 6 01 01234569 0123456789 0 0 0
1 9 2 2 0 6 12 0126789 0123456789 0 0 0
1 9 2 2 0 67 02 012345 0123456789 0 0 0
1 9 2 2 0 7 01 01456789 0123456789 0 0 0
1 9 2 2 0 7 1 12345678 0123456789 0 0 0
1 9 2 2 0 78 012 0123459 0123456789 0 0 01
1 9 2 2 0 8 0 0 123456 012 0123456789 0123456789
1 9 2 2 0 8 01 0123456789 0123456789 01 02 08
1 9 2 2 0 89 02 012 0124678 012 0123456789 012345689
1 9 2 2 01 09 01 0123456 0123456789 012 02349 024568
1 9 2 2 1 01 012 0123456789 0123456789 0 0 0
1 9 2 2 1 1234 012 01234569 0123456789 0 0 0
1 9 2 2 1 456 012 012345689 012345678 0 0 0
1 9 2 2 1 678 012 012346789 012456789 0 0 0
1 9 2 2 1 89 012 012346789 01246789 0 0 0
1 9 2 2 12 0129 012 023456789 0123456789 0 0 0
1 9 2 2 2 23 01 0123469 012456789 01 023456 024568
1 9 2 2 2 3 01 01234569 0123456789 0 0 0
1 9 2 2 2 345 012 023456789 012346789 01 02 08
1 9 2 2 2 5 01 012345679 0123456789 0 0 0
1 9 2 2 2 567 012 0123456789 01245678 0 0 0
1 9 2 2 2 78 012 0123456789 012345689 01 02346 01248
1 9 2 2 2 89 01 0126789 0123456789 0 0 0
1 9 2 2 2 9 01 0123689 0123456789 01 0123469 01234689
1 9 2 2 2 9 12 0123456789 012456789 01 023469 012469
1 9 2 2 3 0 01 0136789 0123456789 012 0129 024568
1 9 2 2 3 01 012 01234679 0123456789 02 01234 0246789
1 9 2 2 3 1 0 23456 0123456789 012 0123469 012345678
1 9 2 2 3 1 01 01236789 012346789 0 0 0
1 9 2 2 3 1 12 03456789 0123456789 0 0 0
1 9 2 2 3 12 02 012345 0123456789 0 0 0
1 9 2 2 3 2 01 0123456789 0123456789 0 0 0
1 9 2 2 3 23 01 026789 0234689 012 01234569 023456789
1 9 2 2 3 3 1 9 34 012 0123456789 012456789
1 9 2 2 3 3 1 9 56 012 01234679 012345689
1 9 2 2 3 3 1 9 67 01 0123456789 0123456789
1 9 2 2 3 3 1 9 789 012 0123456789 0123456789
1 9 2 2 3 3 12 09 019 012 0123456789 012345678
1 9 2 2 3 3 2 0 12 012 012346789 0123456789
1 9 2 2 3 3 2 0 2345 012 0123456789 012346789
1 9 2 2 3 34 02 02 01245678 012 02345679 012345689
1 9 2 2 3 4 0 123456789 0123456789 01 02346 024678
1 9 2 2 3 4 01 0123459 0123456789 0 0 0
1 9 2 2 3 4 12 01256789 0123456789 0 0 0
1 9 2 2 3 45 012 0123456789 0123456789 0 0 0
1 9 2 2 3 56 012 01236789 012456789 0 0 0
1 9 2 2 3 6 012 012456789 01245678 01 01236 024689
1 9 2 2 3 67 02 0123456789 0123456789 01 023469 0248
1 9 2 2 3 78 012 0123459 0123456789 01 0269 0248
1 9 2 2 3 8 012 0245679 01245689 01 0123469 01234689
1 9 2 2 34 089 012 0123469 0123456789 012 01234569 012468
1 9 2 2 4 0 1 012345 023456789 012 0126789 02468
1 9 2 2 4 01 012 0123456789 0123456789 01 02 08
1 9 2 2 4 123 01 012346789 0123456789 01 01236 012468
1 9 2 2 4 34 012 0123456789 0123456789 0 0 0
1 9 2 2 4 45 012 0123456789 0123456789 0 0 0
