LMAX=12
TOTAL_VALUES=1000000
P=500
PARTITIONS=2000
0 0 1 0 012 0123456789 012 0123456789 0123456789 012 0123456789 0123456789
0 0 1 0 234567 0123456789 012 0123456789 0123456789 012 0123456789 0123456789
0 0 1 012 0126789 0123456789 012 0123456789 0123456789 012 0123456789 0123456789
0 0 1 2 0123 023456789 012 0123456789 0123456789 012 0123456789 0123456789
0 0 12 02 01345 0123456789 012 0123456789 0123456789 012 02459 02489
0 0 2 0 1 678 012 0123456789 0123456789 012 0123456789 0123456789
0 0 2 0 12 089 012 0123456789 0123456789 012 0123456789 0123456789
0 0 2 0 2 0123 012 0123456789 0123456789 012 0123456789 0123456789
0 0 2 0 2345 0234678 012 0123456789 0123456789 012 0123456789 0124689
0 0 2 0 56789 012346789 012 0123456789 0123456789 012 0123456789 0123456789
0 0 2 012 0123456789 0123456789 012 0123456789 0123456789 01 0123456789 0123456789
0 0 23 02 05 02345 012 0123456789 0123456789 012 0123456789 0123456789
0 0 3 01 01234689 01234568 012 0123456789 0123456789 012 0123456789 01245689
0 0 3 1 67 012456789 012 0123456789 0123456789 01 023456 02468
0 0 34 012 02479 01234568 012 0123456789 0123456789 012 0123456789 012456789
0 0 4 0 01 012345689 012 0123456789 0123456789 012 0123456789 0123456789
0 0 4 0 123 012456789 012 0123456789 0123456789 012 0123456789 0123456789
0 0 4 0 345 0123456789 012 0123456789 0123456789 012 0123456789 0123456789
0 0 4 0 56 0345689 012 0123456789 0123456789 012 0123456789 0123456789
0 0 4 0 6 8 0 3456 02346789 012 0123456789 0123456789
0 0 4 0 6 8 0 67 01234589 012 0123456789 0123456789
0 0 4 0 6 89 01 0123456789 012345678 012 0123456789 0123456789
0 0 4 0 6 9 12 0123789 0123456789 012 0123456789 0123456789
0 0 45 012 0123456789 0123456789 012 0123456789 0123456789 012 0123456789 0123456789
0 0 5 0 01 0123489 012 0123456789 0123456789 012 0123456789 0123456789
0 0 5 0 123 0123456789 012 0123456789 0123456789 012 0123456789 0123456789
0 0 5 0 34 012345689 012 0123456789 0123456789 012 0123456789 0123456789
0 0 5 0 45 23568 012 0123456789 0123456789 012 0123456789 0123456789
0 0 5 0 5 346789 012 0123456789 0123456789 012 0123456789 0123456789
0 0 5 0 56 0129 012 0123456789 0123456789 012 012345679 0123456789
0 0 5 0 6 2 0 456 012456789 012 0123456789 0123456789
0 0 5 0 678 023456789 01 0123456789 0123456789 012 0123456789 0123456789
0 0 5 01 01289 0123456789 012 0123456789 0123456789 012 0123456789 01234568
0 0 5 1 23 023459 012 0123456789 0123456789 012 0123456789 0123456789
0 0 5 1 345 012345689 012 0123456789 0123456789 012 012345689 0123456789
0 0 5 1 5 456789 012 0123456789 0123456789 012 0123456789 0123456789
0 0 5 1 567 0123456789 012 0123456789 0123456789 012 0123456789 0123456789
0 0 5 1 78 089 012 0123456789 0123456789 012 0123456789 0123456789
0 0 5 1 8 0123 012 0123456789 0123456789 012 0123456789 012345689
0 0 5 1 8 34678 012 0123456789 0123456789 012 0123456789 0123456789
0 0 5 1 89 01245689 012 0123456789 0123456789 012 0123456789 0123456789
0 0 5 12 0129 0123456789 012 0123456789 0123456789 012 0123456789 0123456789
0 0 5 2 2345 0123456789 012 0123456789 0123456789 012 0123456789 012345689
0 0 5 2 5 2345 012 0123456789 0123456789 012 0123456789 0123456789
0 0 56 02 0123456 0123456789 012 0123456789 0123456789 012 0123456789 0123456789
0 0 678 012 0123456789 0123456789 012 0123456789 0123456789 0 0 0
0 0 8 0 01 0123456789 012 0123456789 0123456789 0 0 0
0 0 8 0 12 023456789 012 0123456789 0123456789 0 0 0
0 0 8 0 2 0123456 012 0123456789 0123456789 01 0123679 02468
0 0 8 0 2 6789 012 0123456789 0123456789 012 0123456789 0123456789
0 0 8 0 2 9 12 0123679 012345689 012 0123456789 0123456789
0 0 8 0 23 0123459 012 0123456789 0123456789 012 0123456789 0123456789
0 0 8 0 34 056789 012 0123456789 0123456789 01 0234569 0245678
0 0 8 0 4 01234 012 0123456789 0123456789 012 0123456789 0123456789
0 0 8 0 4 45678 012 0123456789 0123456789 012 0123456789 0123456789
0 0 8 012 023456789 012345689 012 0123456789 0123456789 012 0123456789 0123456789
0 0 8 2 012 0123456789 012 0123456789 0123456789 012 0123456789 0123456789
0 0 8 2 234 0123456789 012 0123456789 0123456789 012 0123456789 0123456789
0 01 1289 012 0123456789 0123456789 012 0123456789 0123456789 012 0123456789 012345689
0 1 2 0 012 0123456789 012 0123456789 0123456789 01 01234569 02468
0 1 2 0 3456 0123456789 012 0123456789 0123456789 01 02679 02468
0 1 2 01 0123456789 0123456789 012 0123456789 0123456789 01 023469 02468
0 1 2 1 567 0123456789 012 0123456789 0123456789 0 0 0
0 1 2 12 0789 0123456789 012 0123456789 0123456789 0 0 0
0 1 2 2 0123 0123456789 012 0123456789 0123456789 012 0123456789 023468
0 1 23 02 01234 0123456789 012 0123456789 0123456789 01 012346789 012456789
0 1 3 0 3 4 0 0123 0123456789 012 0123456789 0123456789
0 1 3 0 3 4 012 0123456789 0123456789 012 023469 0234568
0 1 3 01 03456789 0123456789 012 0123456789 0123456789 012 0123456789 02468
0 1 3 1 0 45 012 0123456789 0123456789 012 0123456789 02468
0 1 3 1 0 56 012 0123456789 0123456789 012 0123456789 0123456789
0 1 3 1 0 67 012 0123456789 0123456789 012 0123456789 0123456789
0 1 3 12 012345679 0123456789 012 0123456789 0123456789 012 0123456789 0123456789
0 1 34 02 02345 02456789 012 0123456789 0123456789 01 023469 024689
0 1 4 0 0123 0123456789 012 0123456789 0123456789 012 0123456789 0123456789
0 1 4 01 01234569 0123456789 012 0123456789 0123456789 01 0123456789 0123456789
0 1 4 12 0234569 0123456789 012 0123456789 0123456789 012 012345689 02456789
0 1 45 012 0123456789 0123456789 012 0123456789 0123456789 01 01234569 0124678
0 1 5 1 56789 0123456789 012 0123456789 0123456789 012 0123456789 012345689
0 1 5 12 01239 0123456789 012 0123456789 0123456789 012 0123456789 0123456789
0 1 56 02 0345 012345689 012 0123456789 0123456789 012 0123456789 0123456789
0 1 67 012 0123456789 0123456789 012 0123456789 0123456789 01 012369 01234689
0 1 7 0 0 0 0 0123 0123456789 012 0123456789 0123456789
0 1 7 0 0 01 01 0123456789 0123456789 012 0123456789 0123456789
0 1 7 0 0123456 0123456789 012 0123456789 0123456789 01 0123456789 01234568
0 1 7 0 67 0123456789 012 0123456789 0123456789 012 012345689 02468
0 1 7 0 78 012345679 012 0123456789 0123456789 012 0123456789 02456789
0 1 7 01 01289 0123456789 012 0123456789 0123456789 012 0123456789 0123456789
0 1 7 12 23456789 0123456789 012 0123456789 0123456789 012 026789 02468
0 1 78 02 0123456 0123456789 012 0123456789 0123456789 012 012345679 01234689
0 1 8 01 0123456789 0123456789 012 0123456789 0123456789 01 012345689 012456789
0 1 8 1 567 01234568 012 0123456789 0123456789 0 0 0
0 1 8 12 01234789 02345689 012 0123456789 0123456789 0 0 0
0 12 089 012 01234569 0123456789 012 0123456789 0123456789 012 012369 0234678
0 2 0 0 3456789 0123456789 012 0123456789 0123456789 01 012369 02468
0 2 0 01 0123459 0123456789 012 0123456789 0123456789 01 01236 023468
0 2 0 1 5678 012345678 012 0123456789 0123456789 0 0 0
0 2 0 12 012389 0123456789 012 0123456789 0123456789 01 0269 0248
0 2 0123 02 01345 0123456789 012 0123456789 0123456789 012 0123456789 0123456789
0 2 3 0 1 2345689 012 0123456789 0123456789 012 0123456789 0123456789
0 2 3 0 23 0246789 012 0123456789 0123456789 01 0123456 01245678
0 2 3 0 3 23 012 0123456789 0123456789 012 0123456789 0123456789
0 2 3 0 3 345678 012 0123456789 0123456789 012 0123456789 0123456789
0 2 3 0 34 01289 012 0123456789 0123456789 012 0123456789 0123456789
0 2 3 0 4 2345 012 0123456789 0123456789 012 0123456789 0123456789
0 2 3 0 4 56789 012 0123456789 0123456789 012 0123456789 0123456789
0 2 3 0 45 01234569 012 0123456789 0123456789 012 01234569 012345678
0 2 3 0 5 6789 012 0123456789 0123456789 012 0123456789 0123456789
0 2 3 0 567 0123456789 012 0123456789 0123456789 01 023689 02468
0 2 3 0 789 0123456789 012 0123456789 0123456789 012 0123456789 0123456789
0 2 3 0 9 1234567 012 0123456789 0123456789 012 0123456789 0123456789
0 2 3 01 0129 0123456789 012 0123456789 0123456789 012 0123456789 02468
0 2 3 1 23 0189 012 0123456789 0123456789 012 0123469 02345689
0 2 3 1 3 123 012 0123456789 0123456789 012 012345689 012345689
0 2 3 1 3 3456 012 0123456789 0123456789 012 0123456789 0123456789
0 2 3 1 3 6789 012 0123456789 0123456789 01 01234569 023468
0 2 3 1 34 0129 012 0123456789 0123456789 01 012369 023468
0 2 3 1 4 2345 012 0123456789 0123456789 012 02345689 02348
0 2 3 1 4 567 012 0123456789 0123456789 012 0123456789 0123456789
0 2 3 1 45 0789 012 0123456789 0123456789 012 01234569 02456789
0 2 3 1 5 01234 012 0123456789 0123456789 012 023469 0234678
0 2 3 1 5 456789 012 0123456789 0123456789 012 02345689 024678
0 2 3 1 56 01239 012 0123456789 0123456789 012 0123456789 012345689
0 2 3 1 6 34567 012 0123456789 0123456789 012 012345679 0123456789
0 2 3 1 67 01789 012 0123456789 0123456789 012 012345679 0123456789
0 2 3 1 7 123456 012 0123456789 0123456789 012 0124569 02468
0 2 3 1 78 06789 012 0123456789 0123456789 01 0123679 0124689
0 2 3 1 8 012345 012 0123456789 0123456789 012 0123456789 0245689
0 2 3 1 89 056789 012 0123456789 0123456789 01 02 08
0 2 3 1 9 0123456 012 0123456789 0123456789 012 0123456789 0123456789
0 2 3 12 09 01236789 012 0123456789 0123456789 012 0123469 024678
0 2 3 2 0 3456789 012 0123456789 0123456789 012 0123469 0123456789
0 2 3 2 01 012349 012 0123456789 0123456789 012 0123456789 012345689
0 2 3 2 1 456789 012 0123456789 0123456789 012 0123456789 0123456789
0 2 3 2 12 01234569 012 0123456789 0123456789 01 01234689 01234689
0 2 3 2 23 016789 012 0123456789 0123456789 012 0123469 02345678
0 2 3 2 3 1234567 012 0123456789 0123456789 012 0123456789 01246789
0 2 3 2 34 046789 012 0123456789 0123456789 012 0123456789 0123456789
0 2 3 2 45 01789 012 0123456789 0123456789 012 0123456789 0123456789
0 2 3 2 5 12345 012 0123456789 0123456789 012 0123456789 0123468
0 2 3 2 5 5 0 123 0123456789 012 0123456789 02468
0 2 3 2 5 5 0 34 0123456789 012 0123456789 02468
0 2 3 2 5 5 0 456 0123456789 012 0123456789 02468
0 2 3 2 5 5 0 678 0123456789 012 0123456789 02468
0 2 3 2 5 5 01 089 0123456789 012 0123456789 02468
0 2 34 02 012345 0123456789 012 0123456789 0123456789 012 0123456789 0123456789
0 2 4 01 056789 0123456789 012 0123456789 0123456789 012 0123456789 0123456789
0 2 4 1 012345 0123456789 012 0123456789 0123456789 012 0123469 0245689
0 2 4 12 0156789 0123456789 012 0123456789 0123456789 01 0123456789 012345689
0 2 4 2 1234 0123456789 012 0123456789 0123456789 012 0123469 0124689
0 2 4567 012 01234569 0123456789 012 0123456789 0123456789 012 01234569 01234689
0 2 7 01 013456789 0123456789 012 0123456789 0123456789 012 0123456789 0123456789
0 2 7 1 12 0123456789 012 0123456789 0123456789 012 0123456789 0123456789
0 2 7 12 23456789 0123456789 012 0123456789 0123456789 01 0269 0468
0 23 01789 012 012356 0123456789 012 0123456789 0123456789 012 0123456789 0123456789
0 3 1 0 12 023456 012 0123456789 0123456789 012 0123456789 0123456789
0 3 1 0 234 012456789 012 0123456789 0123456789 012 0123456789 0123456789
0 3 1 0 45 2345678 012 0123456789 0123456789 012 0123456789 0123456789
0 3 1 0 5 789 012 0123456789 0123456789 012 012346789 01234568
0 3 1 01 01235689 02456789 012 0123456789 0123456789 012 02369 02468
0 3 1 1 34 012345678 012 0123456789 0123456789 012 0123456789 024568
0 3 1 1 4567 012345689 012 0123456789 0123456789 012 0123456789 0123456789
0 3 1 12 0789 012345678 012 0123456789 0123456789 01 01234689 0124689
0 3 1 2 01 0123789 012 0123456789 0123456789 012 0123456789 0123456789
0 3 1 2 12 0123456789 012 0123456789 0123456789 012 0123456789 0123456789
0 3 12 02 012345 012345689 012 0123456789 0123456789 012 0123456789 0123456789
0 3 2 01 056789 0123456789 012 0123456789 0123456789 012 0123456789 0123456789
0 3 2 1 0 56789 012 0123456789 0123456789 012 0123456789 0123456789
0 3 2 1 01 029 01 0123456789 0123456789 012 0123456789 0123456789
0 3 2 1 1 2 1 34 0123456789 012 0123456789 0123456789
0 3 2 1 1 2 1 456 012456789 012 0123456789 0123456789
0 3 2 1 1 2 1 67 0123456789 012 0123456789 0123456789
0 3 2 1 1 2 1 78 0123456789 012 0123456789 0123456789
0 3 2 1 1 2 12 089 012346789 012 0123456789 0123456789
0 3 2 1 1 2 2 012 0123456789 012 0123456789 0123456789
0 3 2 1 1 234 012 0123456789 0123456789 012 0123456789 0123456789
0 3 2 1 1 4 0 678 0123456789 012 0123456789 0123456789
0 3 2 1 1 4 01 089 01234568 012 0123456789 0123456789
0 3 2 1 1 4 1 01 2345678 012 0123456789 0123456789
0 3 2 1 1 45 012 0123456789 0123456789 012 0123456789 0123456789
0 3 2 1 1 5 0 3456789 012345678 012 0123456789 0123456789
0 3 2 1 1 567 01 012346789 0123456789 012 0123456789 0123456789
0 3 2 1 123 0124789 012 0123456789 0123456789 012 0123456789 0123456789
0 3 234 012 023456789 0123456789 012 0123456789 0123456789 012 0123456789 0123456789
0 3 4 0 0123456789 0123456789 012 0123456789 0123456789 012 0123456789 0123456789
0 3 4 0 9 6789 012 0123456789 0123456789 012 0123456789 0123456789
0 3 4 01 09 01239 012 0123456789 0123456789 012 0123456789 0123456789
0 3 4 1 0 3 12 03456789 0123456789 012 0123456789 0123456789
0 3 4 1 01 012345678 012 0123456789 0123456789 012 0123456789 0123456789
0 3 4 1 12 0456789 012 0123456789 0123456789 012 0123456789 0123456789
0 3 4 1 2 7 12 0129 0123456789 012 0123456789 02468
0 3 4 1 234 01236789 012 012345689 0123456789 012 0123456789 0123456789
0 3 4 1 4 3 1 01 0123456789 012 0123456789 0123456789
0 3 4 1 4 34 01 0123469 0123456789 012 0123456789 0123456789
0 3 4 1 4 4 01 0129 0123456789 012 0123456789 0123456789
0 3 4 1 45678 0123456789 012 0123456789 0123456789 012 0123456789 0123456789
0 3 45 012 0123456789 0123456789 012 0123456789 0123456789 012 0123456789 0123456789
0 3 5 01 0123456789 0123456789 012 0123456789 0123456789 012 0123456789 0123456789
0 3 5 12 01239 0123456789 012 01234569 0123456789 012 0123456789 0123456789
0 3 56 02 012345 0123456789 012 0123456789 0123456789 012 0123456789 0123456789
0 3 6 01 013456789 012346789 012 0123456789 0123456789 012 0123456789 0123456789
0 3 6 12 012345679 0123456789 012 0123456789 0123456789 0 0 0
0 3 67 02 01245 0123456789 012 0123456789 0123456789 012 0123456789 0123456789
0 3 7 0 012 012456789 012 0123456789 0123456789 012 0123456789 012345678
0 3 7 0 2345 0123456789 012 0123456789 0123456789 012 0123456789 012345689
0 3 7 0 5678 0123456789 012 0123456789 0123456789 012 0123456789 0123456789
0 3 7 01 0129 0123456789 012 0123456789 0123456789 012 0123456789 0123456789
0 3 7 1 2345 012346789 012 0123456789 0123456789 012 012346789 012456789
0 3 7 12 056789 0123456789 012 0123456789 0123456789 012 0123456789 0123456789
0 3 7 2 0123 0123456789 012 0123456789 0123456789 012 0123456789 0123456789
0 3 7 2 345 0123456789 012 0123456789 0123456789 01 0123456789 0123456789
0 3 78 02 015 023456789 012 0123456789 0123456789 012 0123456789 0123456789
0 3 8 0 12 0123456789 012 0123456789 0123456789 012 0123456789 012345678
0 3 8 0 2 345678 012 012346789 0123456789 012 0123456789 0123456789
0 3 8 0 23 012345689 012 0123456789 0123456789 012 0123456789 0123456789
0 3 8 0 34 0123456789 012 0123456789 0123456789 012 0123456789 012345689
0 3 8 0 45 012345789 012 0123456789 0123456789 012 0123456789 01245689
0 3 8 0 56 056789 012 0123456789 0123456789 012 0123456789 0123456789
0 3 8 0 6 012345678 012 0123456789 0123456789 012 0123469 02468
0 3 8 0 67 0123489 012 0123456789 0123456789 012 0123456789 0123456789
0 3 8 0 7 456789 012 0123456789 0123456789 012 0123456789 0123456789
0 3 8 0 78 012345679 012 0123456789 0123456789 012 0123456789 024678
0 3 8 0 89 0123789 012 0123456789 0123456789 012 0123456789 02456789
0 3 8 0 9 345678 012 0123456789 0123456789 012 0123456789 02468
0 3 8 01 09 089 012 0123456789 0123456789 012 0123456789 012346789
0 3 8 1 0 0123 012 0123456789 0123456789 012 0123456789 0123456789
0 3 8 1 0 3456 012 0123456789 0123456789 012 0123456789 012345689
0 3 8 1 01 06789 012 0123456789 0123456789 012 0123456789 0246789
0 3 8 1 1 012 012 0123456789 0123456789 012 0123456789 0123456789
0 3 8 1 1 23456789 012 0123456789 0123456789 012 0123456789 0123456789
0 3 8 1 12 019 012 0123456789 0123456789 012 0123456789 0123456789
0 3 8 1 2 1 0 67 016789 012 0123456789 0123456789
0 3 8 1 2 1 0 78 01234568 012 0123456789 0123456789
0 3 8 1 2 1 01 0189 0123456789 012 0123456789 0123456789
0 3 8 1 2 1234 012 0123456789 0123456789 012 0123456789 0123456789
0 3 8 1 2 456789 012 0123456789 0123456789 012 0123456789 0123456789
0 3 8 1 23 0123459 012 0123456789 0123456789 012 0123456789 0123456789
0 3 8 1 34 012345678 012 0123456789 0123456789 012 0123456789 012346789
0 3 8 1 45 0123456789 012 0123456789 0123456789 01 01236789 012346789
0 3 8 1 567 0123456789 012 0123456789 0123456789 012 01234569 02345689
0 3 8 1 78 012789 012 0123456789 0123456789 012 0123456789 0123456789
0 3 8 1 89 0123456789 012 0123456789 0123456789 012 0123456789 0123456789
0 3 8 12 019 0123456789 012 0123456789 0123456789 01 023456 02468
0 3 8 2 1234 023456789 012 0123456789 0123456789 01 01236 02468
0 3 8 2 4 0123456 012 0123456789 0123456789 012 0123456789 0123456789
0 3 89 02 045 0123456789 012 0123456789 0123456789 012 012346789 02468
0 3 9 01 0123469 0123456789 012 0123456789 0123456789 012 012346789 01234689
0 34 09 01 0123456789 0123456789 012 0123456789 0123456789 012 0123456789 02468
0 4 0 0 678 0123456789 012 0123456789 0123456789 012 0123456789 02468
0 4 0 0 89 06789 012 012346789 0123456789 012 0123456789 0123456789
0 4 0 0 9 012345 012 0123456789 0123456789 012 012346789 02468
0 4 0 0 9 56789 012 0123456789 0123456789 012 0123456789 02468
0 4 0 0 9 9 01 0123456789 0123456789 012 0123456789 02468
0 4 0 01 09 01239 012 0123456789 0123456789 012 012346789 02468
0 4 0 1 0 34 012 0123456789 0123456789 012 012346789 02468
0 4 0 1 012 0123456789 012 0123456789 0123456789 01 02679 02468
0 4 01 012 0123456789 0123456789 012 0123456789 0123456789 012 02346789 02468
0 4 1 0 0123456 0123456789 012 0123456789 0123456789 012 0123456789 0123456789
0 4 1 0 67 012345678 012 0123456789 0123456789 012 0123456789 0123456789
0 4 1 01 1789 0123456789 012 0123456789 0123456789 012 0123456789 0123456789
0 4 1 1 1234567 0123456789 012 0123456789 0123456789 012 0123456789 0123456789
0 4 1 1 7 34 012 0123456789 0123456789 012 0123456789 0123456789
0 4 1 1 7 45 012 0123456789 0123456789 012 0123456789 0123456789
0 4 1 1 78 0156789 012 0123456789 0123456789 012 0123456789 0123456789
0 4 1 1 8 123456789 012 0123456789 0123456789 012 0123456789 0123456789
0 4 1 12 089 0123456789 012 0123456789 0123456789 012 0123456789 0123456789
0 4 1 2 0 2345678 012 0123456789 0123456789 012 0123456789 0123456789
0 4 1 2 012 0123456789 012 0123456789 0123456789 012 0123456789 0123456789
0 4 1 2 234 0123456789 012 0123456789 0123456789 012 012345689 0123456789
0 4 12 02 01345678 0123456789 012 0123456789 0123456789 012 0123456789 0123456789
0 4 23 012 012456789 0123456789 012 0123456789 0123456789 01 0123469 0234689
0 4 3 1 01234 0123456789 012 0123456789 0123456789 012 0123456789 0123456789
0 4 3 1 456 0123456789 012 0123456789 0123456789 012 01234689 012345689
0 4 3 12 0126789 0123456789 012 0123456789 0123456789 012 0123456789 02468
0 4 3 2 2 456789 012 0123456789 0123456789 012 0123456789 01245689
0 4 3 2 234 0126789 012 0123456789 0123456789 012 0123456789 0123456789
0 4 3 2 4 0123456 012 0123456789 0123456789 012 0123456789 0123456789
0 4 3 2 45 016789 012 0123456789 0123456789 012 0123456789 0123456789
0 4 3 2 5 12345 012 0123456789 0123456789 012 0123456789 0123456789
0 4 34 02 01235 0123456789 012 0123456789 0123456789 012 012345689 0123456789
0 4 4 0 3 012 012 0123456789 0123456789 012 0123456789 0123456789
0 4 4 0 3456 0123456789 012 0123456789 0123456789 012 0123456789 0123456789
0 4 4 0 6 123 012 0123456789 0123456789 012 0123456789 0123456789
0 4 4 01 01236789 0123456789 012 0123456789 0123456789 012 0123456789 0123468
0 4 45 012 023456789 0123456789 012 0123456789 0123456789 012 012346789 0123468
0 4 5 0 0 345678 012 0123456789 0123456789 012 01234569 012345689
0 4 5 0 01 0189 012 0123456789 0123456789 012 0123456789 0123456789
0 4 5 0 1 123 012 0123456789 0123456789 012 0123456789 0123456789
0 4 5 0 13 234568 012 0123456789 0123456789 012 012345689 012346789
0 4 5 0 3 89 012 0123456789 0123456789 012 0123456789 0123456789
0 4 5 0 345 012345689 012 0123456789 0123456789 01 0123679 024689
0 4 5 0 56 012456789 012 0123456789 0123456789 01 012369 02468
0 4 5 0 6 234567 012 0123456789 0123456789 012 0123456789 0123456789
0 4 5 0 67 01234789 012 0123456789 0123456789 012 0123456789 012456789
0 4 5 0 78 012456789 012 0123456789 0123456789 012 0123456789 0123456789
0 4 5 0 8 2345 012 0123456789 0123456789 012 01234569 0123456789
0 4 5 0 8 5678 012 0123456789 0123456789 012 0123456789 012345678
0 4 5 0 89 089 012 0123456789 0123456789 012 0123456789 01234678
0 4 5 0 9 0123 012 0123456789 0123456789 012 0123456789 0123456789
0 4 5 0 9 345 012 0123456789 0123456789 012 0123456789 0123456789
0 4 5 01 19 23456 012 0123456789 0123456789 012 0123456789 012456789
0 4 5 1 12 056789 012 0123456789 0123456789 012 0123456789 012346789
0 4 5 1 2 0123456 012 0123456789 0123456789 012 0123456789 012345689
0 4 5 1 23 06789 012 0123456789 0123456789 012 0123456789 0123456789
0 4 5 1 3 012 012 0123456789 0123456789 012 0123456789 0123456789
0 4 5 1 3 2345 012 0123456789 0123456789 012 0123456789 0123456789
0 4 5 1 3 567 012 0123456789 0123456789 012 0123456789 0123456789
0 4 5 1 34 0789 012 0123456789 0123456789 012 0123456789 0123456789
0 4 5 1 4 01 012 0123456789 0123456789 012 0123456789 0123456789
0 4 5 1 4 1234 012 0123456789 0123456789 012 012346789 01234689
0 4 5 1 4 4567 012 0123456789 0123456789 012 0123456789 012345678
0 4 5 1 45 0789 012 0123456789 0123456789 012 012346789 0123456789
0 4 5 1 5 012 012 0123456789 0123456789 012 0123456789 0123456789
0 4 5 1 5 234 012 0123456789 0123456789 012 0123456789 01234678
0 4 5 1 5 4567 012 0123456789 0123456789 012 0123456789 0123456789
0 4 5 1 56 0789 012 0123456789 0123456789 012 0123456789 0123456789
0 4 5 1 6 0123456 012 0123456789 0123456789 0 0 0
0 4 5 1 67 0126789 012 0123456789 0123456789 012 0123456789 02345678
0 4 5 1 7 2345678 012 0123456789 0123456789 0 0 0
0 4 5 1 78 012389 012 0123456789 0123456789 012 0249 0248
0 4 5 1 8 3456789 012 0123456789 0123456789 012 012345689 01245678
0 4 5 1 89 0123459 012 0123456789 0123456789 012 0124569 02345678
0 4 5 1 9 56789 012 0123456789 0123456789 01 012346789 012456789
0 4 5 12 09 0123459 012 0123456789 0123456789 012 0123456789 0124568
0 4 5 2 012 012345678 012 0123456789 0123456789 012 0123456789 012345689
0 4 5 2 23 0156789 012 0123456789 0123456789 01 0123456 023468
0 4 5 2 3 1234567 012 0123456789 0123456789 012 02459 02456789
0 4 5 2 345 01789 012 0123456789 0123456789 012 0123456789 012345689
0 4 56 02 05 012345 012 0123456789 0123456789 012 0123456789 0123456789
0 4 6 0 01 0123456789 012 0123456789 0123456789 012 0123456789 012456789
0 4 6 0 1 789 012 0123456789 0123456789 012 0123456789 0123456789
0 4 6 0 12 019 012 0123456789 0123456789 012 0123456789 0123456789
0 4 6 0 23 0123456789 012 0123456789 0123456789 012 012346789 01245689
0 4 6 0 3 123 012 0123456789 0123456789 012 0123456789 0123456789
0 4 6 0 3 3 0 78 0123456789 012 0123456789 0123456789
0 4 6 0 34 0123456789 012 0123456789 0123456789 012 0123456789 0123456789
0 4 6 01 0456789 0123456789 012 0123456789 0123456789 012 012345679 012346789
0 4 6 1 01234 0123456789 012 0123456789 0123456789 012 0123456789 0123456789
0 4 6 1 4567 0123456789 012 0123456789 0123456789 012 0123456789 02345689
0 4 6 1 789 0123456789 012 0123456789 0123456789 012 0123456789 0123456789
0 4 6 1 9 3 01 01234569 0123456789 012 0123456789 0123456789
0 4 6 12 09 02346789 012 0123456789 0123456789 012 0123456789 0123456789
0 4 6 2 012 0123456789 012 0123456789 0123456789 012 0123456789 0123456789
0 4 6 2 23 0123456789 012 0123456789 0123456789 012 012345679 02345689
0 4 6 2 34 0123456789 012 0123456789 0123456789 012 0123456789 0123456789
0 4 6 2 45 012345789 012 0123456789 0123456789 012 0123456789 0123456789
0 4 67 02 012345678 0123456789 012 0123456789 0123456789 012 012345679 02345678
0 4 78 012 0123456789 0123456789 012 0123456789 0123456789 012 0123456789 012468
0 4 8 012 02469 0123456789 012 0123456789 0123456789 01 012369 02468
0 4 89 02 012345 0123456789 012 0123456789 0123456789 012 0123456789 01234568
0 4 9 0 4567 012345678 012 0123456789 0123456789 01 0123456789 0123456789
0 4 9 01 0789 0123456789 012 0123456789 0123456789 0 0 0
0 4 9 12 012345679 0123456789 012 0123456789 0123456789 01 0123469 02468
0 4 9 2 123 0123456789 012 0123456789 0123456789 012 0123456789 0123456789
0 45 09 02 0345 0123456789 012 0123456789 0123456789 012 0123456789 0123456789
0 5 0 0 0123 0123456789 012 0123456789 0123456789 01 0123456789 012346789
0 5 0 0 3456789 0123456789 012 0123456789 0123456789 0 0 0
0 5 0 01 019 0123456789 012 0123456789 0123456789 012 0123456789 0123456789
0 5 0 1 12 0156789 012 0123456789 0123456789 012 0123456789 0123456789
0 5 0 1 24567 0123456789 012 0123456789 0123456789 0 0 0
0 5 0 12 079 0123456 012 0123456789 0123456789 0 0 0
0 5 0 2 01 45678 012 0123456789 0123456789 01 02679 012468
0 5 0 2 12 012345689 012 0123456789 0123456789 01 023469 02468
0 5 0 2 23 0126789 012 0123456789 0123456789 0 0 0
0 5 0 2 3 2345678 012 0123456789 0123456789 0 0 0
0 5 01 02 0134 012345689 012 0123456789 0123456789 012 0123456789 0123456789
0 5 1 0 1 0 0 01 0123456789 012 0123456789 0123456789
0 5 1 0 1 0 0 1 23456789 012 0123456789 0123456789
0 5 1 0 1 0 0 12 012345679 012 0123456789 0123456789
0 5 1 0 1 0 0 23 2345678 012 0123456789 0123456789
0 5 1 0 1 0 0 34 0123456789 012 0123456789 0123456789
0 5 1 0 1 012345 01 0124569 0123456789 012 0123456789 0123456789
0 5 1 0 1234 023456789 012 0123456789 0123456789 012 0123456789 0123456789
0 5 1 0 45678 0123456789 012 0123456789 0123456789 012 0123456789 0123456789
0 5 1 01 01289 0123456789 012 0123456789 0123456789 012 0123456789 023456789
0 5 1 1 2345 0123456789 012 0123456789 0123456789 012 0123456789 0123456789
0 5 1 1 567 01234689 012 0123456789 0123456789 012 0123456789 0123456789
0 5 1 1 789 0245689 012 0123456789 0123456789 012 0123456789 0123456789
0 5 1 12 0123459 012345689 012 0123456789 0123456789 012 0123456789 0123456789
0 5 12 02 012345678 012345678 012 0123456789 0123456789 012 0123456789 0123456789
0 5 2 0 89 0234568 012 0123456789 0123456789 012 0123456789 0123456789
0 5 2 0 9 345 012 0123456789 0123456789 012 0123456789 0123456789
0 5 2 0 9 567 012 0123456789 0123456789 012 0123456789 012346789
0 5 2 0 9 7 012 0123456789 0123456789 012 0123456789 02468
0 5 2 0 9 78 02 0123456789 0123456789 012 0123456789 02468
0 5 2 0 9 8 012 012456789 0123456789 012 0123456789 02468
0 5 2 01 09 0189 012 0123456789 0123456789 012 0123456789 02468
0 5 2 1 0 123 012 0123456789 0123456789 012 0123456789 02468
0 5 2 1 0 34567 012 0123456789 0123456789 012 012369 02468
0 5 2 1 01 012789 012 0123456789 0123456789 012 0123469 02468
0 5 2 1 12 012345689 012 0123456789 0123456789 012 0123456789 0123456789
0 5 2 1 2 234568 012 0123456789 0123456789 012 0123456789 0123456789
0 5 2 12 0123456789 0123456789 012 0123456789 0123456789 012 012346789 024689
0 5 234 012 0123456 0123456789 012 0123456789 0123456789 012 0123456789 0123456789
0 5 4 0 3 678 012 0123456789 0123456789 012 0123456789 0123456789
0 5 4 012 0123456789 0123456789 012 0123456789 0123456789 012 0123456789 012345689
0 5 45 012 0123456789 0123456789 012 0123456789 0123456789 012 0123456789 0123456789
0 5 567 012 0123456789 0123456789 012 0123456789 0123456789 01 012346 024678
0 5 7 0 789 0123456789 012 0123456789 0123456789 012 012346789 012345678
0 5 7 01 0129 0123456789 012 0123456789 0123456789 012 0123456789 0123456789
0 5 7 1 234 012345689 012 0123456789 0123456789 012 0123456789 0123456789
0 5 7 1 456789 0123456789 012 0123456789 0123456789 01 0123456789 0123456789
0 5 78 012 01234569 0123456789 012 0123456789 0123456789 012 0123456789 012456789
0 5 8 01 0126789 0123456789 012 0123456789 0123456789 01 01234569 012345678
0 5 8 1 23 2345678 012 0123456789 0123456789 012 0123456789 0123456789
0 5 8 1 345 0123456789 012 0123456789 0123456789 012 0123456789 0123456789
0 5 8 12 016789 0123456789 012 0123456789 0123456789 0 0 0
0 5 8 2 123 0123456789 012 0123456789 0123456789 012 0123456789 0123456789
0 5 89 02 012345 0123456789 012 0123456789 0123456789 0 0 0
0 5 9 01 012345689 0123456789 012 0123456789 0123456789 012 0123456789 01234678
0 5 9 1 23456 0123456789 012 0123456789 0123456789 012 0123469 02345678
0 56 09 012 0123456789 0123456789 012 0123456789 0123456789 012 0123456789 012345678
0 6 01 012 0123459 0123456789 012 0123456789 0123456789 01 01236789 02345689
0 6 1 0 1 3456789 012 0123456789 0123456789 012 0123456789 0123456789
0 6 1 0 1234 0123456789 012 0123456789 0123456789 012 01234569 012345689
0 6 1 0 4567 0123456789 012 0123456789 0123456789 012 01234569 0123456789
0 6 1 01 0789 0123456789 012 0123456789 0123456789 0 0 0
0 6 1 1 01 0123456789 012 0123456789 0123456789 012 01234679 012346789
0 6 1 1 12345 0123456789 012 0123456789 0123456789 012 012679 02468
0 6 1 1 5678 0123456789 012 0123456789 0123456789 0 0 0
0 6 1 12 0123489 0123456789 012 0123456789 0123456789 012 01234679 01245678
0 6 12 02 045 0123456789 012 0123456789 0123456789 012 0123456789 0123456789
0 6 2 0 012 0123456789 012 0123456789 0123456789 012 0123456789 0123456789
0 6 2 0 2 23 012 0123456789 0123456789 012 0123456789 0123456789
0 6 2 0 2 3 01 0123456789 0123456789 012 0123456789 024678
0 6 2 0 2 3 12 0123456789 0123456789 012 0123456789 02345678
0 6 2 0 234 023456789 012 0123456789 0123456789 012 0123456789 0123456789
0 6 2 0 4 0 01 012789 0123456789 012 0123456789 0123456789
0 6 2 0 45 012345689 012 0123456789 0123456789 012 0123456789 0123456789
0 6 2 0 56 012345678 012 0123456789 0123456789 012 0123456789 0123456789
0 6 2 0 6 7 012 0123456789 0123456789 012 0123456789 0123456789
0 6 2 0 67 012789 012 0123456789 0123456789 012 0123456789 0123456789
0 6 2 0 78 0123456789 012 0123456789 0123456789 012 0123456789 012345678
0 6 2 0 89 0123456789 012 0123456789 0123456789 012 0123456789 02346789
0 6 2 01 09 0123456789 012 0123456789 0123456789 012 0123456789 012345689
0 6 2 1 01 012349 012 0123456789 0123456789 012 0123456789 0123456789
0 6 2 1 1 45 012 012456789 0123456789 012 0123456789 0123456789
0 6 2 1 1 5 0 123 012345678 012 0123456789 0123456789
0 6 2 1 1 5 0 34 0123789 012 0123456789 0123456789
0 6 2 1 1 5 0 4 345678 012 0123456789 0123456789
0 6 2 1 1 5 0 45 0123456789 012 0123456789 0123456789
0 6 2 1 1 5 01 0156789 0123456789 012 0123456789 0123456789
0 6 2 1 1 5 1 12 0123456789 012 0123456789 0123456789
0 6 2 1 1 5 1 2 789 012 0123456789 0123456789
0 6 2 1 1 5 1 23 012345679 012 0123456789 0123456789
0 6 2 1 1 5 1 34 012789 012 0123456789 0123456789
0 6 2 1 1 5 1 4 234567 012 0123456789 0123456789
0 6 2 1 1 5 1 45 0123789 012 0123456789 0123456789
0 6 2 1 1 5 1 5 3456789 012 0123456789 0123456789
0 6 2 1 1 5 1 56 01234569 012 0123456789 0123456789
0 6 2 1 1 5 1 67 016789 012 0123456789 0123456789
0 6 2 1 1 5 1 7 123456 012 0123456789 0123456789
0 6 2 1 1 5 1 78 016789 012 0123456789 0123456789
0 6 2 1 1 5 1 8 12345 012 0123456789 0123456789
0 6 2 1 1 5 1 89 056789 012 0123456789 0123456789
0 6 2 1 1 5 1 9 01234567 012 0123456789 0123456789
0 6 2 1 1 5 12 09 012789 012 0123456789 0123456789
0 6 2 1 1 5 2 0 2345678 012 0123456789 0123456789
0 6 2 1 12 0156789 012 012345689 0123456789 012 0123456789 0123456789
0 6 2 1 23 0123456789 012 0123456789 0123456789 012 0123456789 0123456789
0 6 2 1 34 0345689 012 0123456789 0123456789 012 0123456789 0123456789
0 6 2 1 45 0123456789 012 0123456789 0123456789 012 0123456789 0123456789
0 6 2 1 5 23456789 012 01234569 01245689 012 0123456789 0123456789
0 6 2 1 567 0123456789 012 0123456789 0123456789 012 0123456789 0123456789
0 6 2 1 78 0456789 012 0123456789 0123456789 012 0123456789 012345678
0 6 2 1 8 01234 012 0123456789 0123456789 012 0123456789 0123456789
0 6 2 1 8 456 012 0123456789 0123456789 012 0123456789 02468
0 6 2 1 8 67 012 0123456789 0123456789 012 0123456789 02468
0 6 2 12 089 012346789 012 0123456789 0123456789 012 0123456789 012468
0 6 2 2 0 012345 012 0123456789 0123456789 012 0123456789 0123456789
0 6 2 2 0 56789 012 0123456789 0123456789 012 0123456789 0123456789
0 6 2 2 01 09 01 01236789 0123456789 012 0123456789 0123456789
0 6 2 2 1 0123456 012 0123456789 0123456789 012 0123456789 0123456789
0 6 2 2 1 6 12 234569 0123456789 012 0123456789 0123456789
0 6 2 2 1234 0123456789 012 0123456789 0123456789 012 0123456789 0123456789
0 6 23 02 01234567 0123456789 012 0123456789 0123456789 012 023456789 02456789
0 6 3 0 789 0123456789 012 0123456789 0123456789 012 0123456789 0123456789
0 6 3 01 019 0123456789 012 0123456789 0123456789 012 012346789 0124689
0 6 3 1 1234 0123456789 012 0123456789 0123456789 012 0123456789 012346789
0 6 3 1 4 1 12 0129 0123456789 012 0123456789 0123456789
0 6 3 1 45 0123456789 012 0123456789 0123456789 012 012346789 012456789
0 6 3 1 56 0123456789 012 0123456789 0123456789 012 0123456789 01234689
0 6 3 12 0679 0123456789 012 0123456789 0123456789 012 0123456789 024689
0 6 3 2 01 0123456789 012 0123456789 0123456789 012 0123456789 0123456789
0 6 3 2 1 8 01 0123456789 0123456789 012 0123456789 0123456789
0 6 3 2 12 089 012 0123456789 0123456789 012 0123456789 0123456789
0 6 3 2 2 0 01 2346789 0123456789 012 0123456789 0123456789
0 6 3 2 2 01 012 0234689 0123456789 012 0123456789 0123456789
0 6 3 2 2 12 012 0123456789 0123456789 012 0123456789 0123456789
0 6 3 2 2 23 012 0123456789 0123456789 012 0123456789 0123456789
0 6 3 2 2 34567 012 0123456789 0123456789 012 0123456789 0123456789
0 6 3 2 23 0123456789 012 0123456789 0123456789 012 023456789 023468
0 6 3 2 34 0123459 012 0123456789 0123456789 012 0123456789 0123456789
0 6 34 02 045 0123456789 012 0123456789 0123456789 012 0123456789 012346789
0 6 4 0 0 1234567 012 0123456789 0123456789 012 0123456789 0123456789
0 6 4 0 01 0123456789 012 0123456789 0123456789 012 0123456789 0123456789
0 6 4 0 12 06789 012 0123456789 0123456789 012 0123456789 0123456789
0 6 4 0 23 0123456789 012 0123456789 0123456789 012 012345679 012345689
0 6 4 0 3 123456789 012 0123456789 0123456789 012 0123456789 012345689
0 6 4 0 34 01234569 012 0123456789 0123456789 012 0123456789 0123456789
0 6 4 0 4 6789 012 0123456789 0123456789 012 0123456789 012345678
0 6 4 0 456 0123456789 012 0123456789 0123456789 012 0123456789 02346789
0 6 4 0 6 2 012 0123456789 0123456789 012 0123456789 0123456789
0 6 4 0 67 0123456789 012 0123456789 0123456789 012 0123456789 0123456789
0 6 4 0 7 12345 012 0123456789 0123456789 012 0123456789 0123456789
0 6 4 0 78 0123456789 012 0123456789 0123456789 012 0123456789 01234678
0 6 4 0 89 06789 012 0123456789 0123456789 012 0123456789 0123456789
0 6 4 01 09 0123456789 012 0123456789 0123456789 012 012346789 012456789
0 6 4 1 01 0125678 012 0123456789 0123456789 012 0123456789 0234689
0 6 4 1 1 234567 012 0123456789 0123456789 012 0123456789 0123456789
0 6 4 1 12 01234789 012 0123456789 0123456789 012 0123456789 0123456789
0 6 4 1 2 45 012 0123456789 0123456789 012 0123456789 0123456789
0 6 4 1 2 5 0 012 0123456789 012 0123456789 0123456789
0 6 4 1 2 5 0 2 2345678 012 0123456789 0123456789
0 6 4 1 2 5 01 0123456789 0123456789 012 0123456789 0123456789
0 6 4 1 23 0123456789 012 0123456789 0123456789 012 0123456789 02345689
0 6 4 1 34 06789 012 0123456789 0123456789 012 0123456789 0123456789
0 6 4 1 4567 0123456789 012 0123456789 0123456789 01 0679 02468
0 6 4 1 78 0123456789 012 0123456789 0123456789 012 0123456789 0124678
0 6 4 12 089 012345689 012 0123456789 0123456789 01 0269 0468
0 6 4 2 0 12345678 012 0123456789 0123456789 012 0123456789 0123456789
0 6 4 2 0 89 012 0123456789 0123456789 012 0123456789 0123456789
0 6 4 2 01 019 012 0123456789 0123456789 012 0123456789 0123456789
0 6 4 2 1 1 01 0123456789 0123456789 012 0123456789 0123456789
0 6 4 2 1 12 012 0123456789 0123456789 012 0123456789 0123456789
0 6 4 2 1 23 012 0123456789 0123456789 012 0123456789 0123456789
0 6 4 2 1 34 012 0123456789 0123456789 012 0123456789 0123456789
0 6 4 2 1 45 012 0123456789 0123456789 012 0123456789 0123456789
0 6 4 2 1 5 01 0123456789 0123456789 012 0123456789 0123456789
0 6 4 2 123 0123456789 012 0123456789 0123456789 012 0123456789 0123456789
0 6 4 2 3 345 012 0123456789 0123456789 012 0123456789 0123456789
0 6 4 2 34 0156789 012 0123456789 0123456789 012 0123456789 0123456789
0 6 45 02 045 012345678 012 0123456789 0123456789 012 012346789 024568
0 6 5 0 012 0123456789 012 0123456789 0123456789 012 012345679 0123456789
0 6 5 0 234 0123456789 012 0123456789 0123456789 01 01236 024689
0 6 5 0 4 12345689 012 0123456789 0123456789 012 0123456789 0123456789
0 6 5 0 456 0123456789 012 0123456789 0123456789 012 0123456789 01234689
0 6 5 0 6789 0123456789 012 0123456789 0123456789 01 01234569 012468
0 6 5 0 9 6789 012 0123456789 0123456789 012 0123456789 01234568
0 6 5 01 019 012346789 012 0123456789 0123456789 012 0123456789 0123456789
0 6 5 1 12 0123456789 012 0123456789 0123456789 012 012349 024689
0 6 5 1 2345 0123456789 012 0123456789 0123456789 01 02346 0234568
0 6 5 1 567 0123456789 012 0123456789 0123456789 012 01234569 01245689
0 6 5 1 7 5 0 0123 0123456789 012 0123456789 0123456789
0 6 5 1 789 0123456789 012 0123456789 0123456789 012 0123456789 0123456789
0 6 5 12 09 0123456789 012 0123456789 0123456789 012 0123456789 0123456789
0 6 5 2 01234 0123456789 012 0123456789 0123456789 01 0123456789 012346789
0 6 56 02 045 0123456789 012 0123456789 0123456789 012 0123456789 0124568
0 6 6 0 0 7 1 345678 0123456789 012 0123456789 012346789
0 6 6 0 012 0126789 012 0123456789 0123456789 012 0123456789 0123456789
0 6 6 0 2 2 012 0123456789 0123456789 012 0123456789 0123456789
0 6 6 0 23 023456789 012 0123456789 0123456789 012 0123456789 0123456789
0 6 6 0 34 0123456789 012 0123456789 0123456789 012 012346789 0234568
0 6 6 0 4 56 012 0123456789 0123456789 012 0123456789 0123456789
0 6 6 0 4 6 01 0126789 0123456789 012 0123456789 0123456789
0 6 6 0 4 6 12 0123456789 0123456789 012 0123456789 012345689
0 6 6 0 4 678 012 0123456789 0123456789 012 0123456789 0123456789
0 6 6 0 4 8 1 4567 0123456789 012 0123456789 0123456789
0 6 6 0 45 0123489 012 0123456789 0123456789 012 0123456789 0123456789
0 6 6 0 5 4 01 01234569 0123456789 012 0123456789 012345678
0 6 6 0 567 0123456789 012 0123456789 0123456789 012 0123456789 0123456789
0 6 6 0 78 0123456789 012 0123456789 0123456789 012 0123456789 012346789
0 6 6 0 89 01234568 012 0123456789 0123456789 012 0123456789 0123456789
0 6 6 01 09 023456789 012 0123456789 0123456789 012 01234569 0124568
0 6 6 1 0 0123 012 0123456789 0123456789 012 0123456789 0123456789
0 6 6 1 01 03489 012 012345689 0123456789 012 0123456789 0123456789
0 6 6 1 1 0 01 0123456789 0123456789 012 0123456789 0123456789
0 6 6 1 1 0123456789 012 0123456789 0123456789 012 0123456789 023456789
0 6 6 1 123 0123456789 012 0123456789 0123456789 012 0123456789 0123456789
0 6 6 1 345 0123456789 012 0123456789 0123456789 012 0246789 01234689
0 6 6 1 567 0123456789 012 0123456789 0123456789 012 023456789 0123456789
0 6 6 1 7 12345689 012 0123456789 0123456789 012 0123456789 0123456789
0 6 6 1 789 0123456789 012 0123456789 0123456789 012 012345679 0123468
0 6 6 1 9 34567 012 0123456789 0123456789 012 0123456789 0123456789
0 6 6 1 9 7 1 6 234567 012 0123456789 0123456789
0 6 6 1 9 7 1 67 02345789 012 0123456789 0123456789
0 6 6 1 9 78 012 0123456789 0123456789 012 0123456789 0123456789
0 6 6 12 09 0123456789 012 0123456789 0123456789 012 0123456789 0123456789
0 6 6 2 01 012346789 012 0123456789 0123456789 012 0123456789 0123456789
0 6 6 2 12 0123456789 012 0123456789 0123456789 012 0123456789 0123456789
0 6 6 2 234 0123456789 012 0123456789 0123456789 012 0123456789 0245689
0 6 6 2 4 123456789 012 0123456789 0123456789 012 0123456789 0123456789
0 6 67 02 0145 0123456789 012 0123456789 0123456789 012 0123456789 023456789
0 6 7 0 1 456 012 012345679 0123456789 012 0123456789 0123456789
0 6 7 0 1 67 012 0123456789 0123456789 012 0123456789 0123456789
0 6 7 0 1 7 012 0123456789 0123456789 012 0123456789 0123456789
0 6 7 0 12345 0123456789 012 0123456789 0123456789 012 0123456789 02346789
0 6 7 0 567 0123456789 012 0123456789 0123456789 012 01234679 01234568
0 6 7 0 789 0123456789 012 0123456789 0123456789 012 0123456789 0123456789
0 6 7 01 01239 0123456789 012 0123456789 0123456789 0 0 0
0 6 7 1 345 0123456789 012 0123456789 0123456789 012 012346789 01245689
0 6 7 1 569 023456789 012 0123456789 0123456789 012 0123456789 0123456789
0 6 7 12 09 0129 012 0123456789 0123456789 012 0123456789 012456789
0 6 7 2 0 2345678 012 0123456789 0123456789 012 0123456789 0123456789
0 6 7 2 01 01234589 012 0123456789 0123456789 012 0123456789 012456789
0 6 7 2 12 056789 012 0123456789 0123456789 012 0123456789 0123456789
0 6 7 2 2 0 1 345 0123456789 012 0123456789 0123456789
0 6 7 2 2 0123456 012 0123456789 0123456789 012 0123456789 0123456789
0 6 7 2 23 0123456789 012 0123456789 0123456789 012 012345679 0123456789
0 6 78 02 0123456 0123456789 012 0123456789 0123456789 012 0123456789 02456789
0 6 8 01 012346789 0123456789 012 0123456789 0123456789 01 01236789 0124678
0 6 8 1 456 02345678 012 0123456789 0123456789 012 0123456789 0123456789
0 6 8 1 6 6 01 0123456789 0123456789 012 0123456789 0123456789
0 6 8 1 6 6 12 01236789 0123456789 012 0123456789 0123456789
0 6 8 1 67 016789 012 0123456789 0123456789 012 0123456789 0123456789
0 6 8 12 0123789 0123456789 012 0123456789 0123456789 012 01234569 023456789
0 6 89 02 0345 0123456789 012 0123456789 0123456789 012 0123456789 0123456789
0 6 9 0 0 3 0 1234567 0123456789 012 0123456789 0123456789
0 6 9 0 0 3456789 012 0123456789 0123456789 012 0123456789 0123456789
0 6 9 0 01 0123456789 012 0123456789 0123456789 012 0236789 023468
0 6 9 0 12 0123456789 012 0123456789 0123456789 012 012345689 0124568
0 6 9 0 23 0189 012 0123456789 0123456789 012 0123456789 0123456789
0 6 9 0 3 1 0 56789 0123456789 012 0123456789 0123456789
0 6 9 0 3 1 01 0123469 0123456789 012 0123456789 0123456789
0 6 9 0 34 0123456789 012 0123456789 0123456789 012 0256789 023468
0 6 9 0 45 023456789 012 0123456789 0123456789 012 0123456789 0123456789
0 6 9 0 5 0123456789 012 0123456789 0123456789 012 0123456789 0245689
0 6 9 0 56 01239 012 0123456789 0123456789 012 0123456789 0123456789
0 6 9 0 6 3456789 012 0123456789 0123456789 012 0123456789 0123456789
0 6 9 0 678 0123456789 012 0123456789 0123456789 012 0123456789 0123456789
0 6 9 0 89 012456789 012 0123456789 0123456789 012 0123456789 01246789
0 6 9 01 09 012345678 012 0123456789 0123456789 012 0123456789 0123456789
0 6 9 1 0123456 0123456789 012 0123456789 0123456789 012 0123456789 023456789
0 6 9 1 6 4567 012 0123456789 0123456789 012 0123456789 0123456789
0 6 9 1 67 0789 012 0123456789 0123456789 012 0123456789 0123456789
0 6 9 1 7 01234 012 0123456789 0123456789 012 0123456789 0123456789
0 6 9 1 789 0123456789 012 0123456789 0123456789 012 0123456789 0123456789
0 6 9 1 9 23456 012 0123456789 0123456789 012 0123456789 0123456789
0 67 09 012 012349 0123456789 012 0123456789 0123456789 01 02346789 0246789
0 7 0 0 3 56789 012 0123456789 0123456789 012 0123456789 0124568
0 7 0 0 3456 0123456789 012 0123456789 0123456789 012 012346789 01245678
0 7 0 01 012345689 0123456789 012 0123456789 0123456789 0 0 0
0 7 0 12 23456789 0123456789 012 0123456789 0123456789 0 0 0
0 7 01 02 0145 012345678 012 0123456789 0123456789 012 0123456789 0123456789
0 7 1 0 1234 0123456789 012 0123456789 0123456789 012 0123456789 01234568
0 7 1 012 0123456789 0123456789 012 0123456789 0123456789 0 0 0
0 7 12 02 01245 0123456789 012 0123456789 0123456789 01 01234569 024568
0 7 2 0 1 34 012 0123456789 0123456789 012 0123456789 0123456789
0 7 2 0 1 4 12 09 056789 012 0123456789 0123456789
0 7 2 0 1 4 2 0 01234 012 0123456789 0123456789
0 7 2 0 1 4 2 01 045689 012 0123456789 0123456789
0 7 2 0 1 4 2 1 01234 012 0123456789 0123456789
0 7 2 0 1 4 2 1 45678 012 0123456789 0123456789
0 7 2 0 1 4 2 12 01289 012 0123456789 0123456789
0 7 2 0 1 4 2 23 023489 012 0123456789 0123456789
0 7 2 0 1 4 2 3 34567 012 0123456789 0123456789
0 7 2 0 1 4 2 34 023789 012 0123456789 0123456789
0 7 2 0 1 4 2 45 2348 012 0123456789 0123456789
0 7 2 0 12 012456789 012 0123456789 0123456789 012 0123456789 0123456789
0 7 2 0 2 23456789 012 0123456789 0123456789 012 0123456789 0123456789
0 7 2 0 23 012349 012 0123456789 0123456789 012 0123456789 0123456789
0 7 2 0 345 0123456789 012 0123456789 0123456789 01 0123456789 012345678
0 7 2 0 5 2 0 123 0123456789 012 0123456789 0123456789
0 7 2 0 5 2 0 345 01245689 012 0123456789 0123456789
0 7 2 0 5 2 0 5 2345689 012 0123456789 0123456789
0 7 2 0 5 23456 012 0123456789 0123456789 012 0123456789 0123456789
0 7 2 01 0156789 0123456789 012 0123456789 0123456789 012 012346789 01245678
0 7 2 1 1234567 0123456789 012 0123456789 0123456789 012 012345689 01246789
0 7 2 12 01234789 0123456789 012 0123456789 0123456789 01 01234569 0234689
0 7 234 02 045 0123456789 012 0123456789 0123456789 012 012345679 0124678
0 7 4 0 013 0123456789 012 0123456789 0123456789 012 012456789 01234689
0 7 4 0 34 0123456789 012 0123456789 0123456789 0 0 0
0 7 4 0 45678 0123456789 012 0123456789 0123456789 012 0123456789 0123456789
0 7 4 01 0189 0123456789 012 0123456789 0123456789 012 0123456789 0123456789
0 7 4 1 1 23456 012 0123456789 0123456789 012 012346789 0123456789
0 7 4 1 1 6789 012 0123456789 0123456789 012 0123456789 0123456789
0 7 4 1 12 012349 012 0123456789 0123456789 012 0123456789 0123456789
0 7 4 1 2 45 02 01234 0123456789 012 0123456789 0123456789
0 7 4 1 2 5 0 45 01289 012 0123456789 0123456789
0 7 4 1 2 5 01 0156789 0123456789 012 0123456789 0123456789
0 7 4 1 2 5 12 0123456789 0123456789 012 0123456789 0123456789
0 7 4 1 2 5 2 45 0123456789 012 0123456789 0123456789
0 7 4 1 2346789 0123456789 012 0123456789 0123456789 012 0123456789 0123456789
0 7 4 1 9 9 1 345678 0123456789 012 0123456789 012346789
0 7 4 1 9 9 12 012389 0123456789 012 0123456789 01234678
0 7 4 12 09 019 012 0123456789 0123456789 012 0123456789 01234689
0 7 4 2 01 0123456789 012 0123456789 0123456789 01 012679 024689
0 7 4 2 12 0456789 012 0123456789 0123456789 012 0123456789 0123456789
0 7 4 2 2345 0123456789 012 0123456789 0123456789 012 0123456789 0123456789
0 7 45 012 0123456789 0123456789 012 0123456789 0123456789 012 0123469 02468
0 7 5 12 0123456789 0123456789 012 0123456789 0123456789 0 0 0
0 7 56 02 012345 0123456789 012 0123456789 0123456789 01 02 08
0 7 6 0 134567 0123456789 012 0123456789 0123456789 012 0123456789 0123456789
0 7 6 0 7 4 0 2345 0123456789 012 0123456789 0123456789
0 7 6 0 7 4 01 056789 0123456789 012 0123456789 0123456789
0 7 6 0 7 45678 012 0123456789 0123456789 012 0123456789 0123456789
0 7 67 012 0123456789 0123456789 012 0123456789 0123456789 01 01234689 02468
0 7 7 0 2345 0123456789 012 0123456789 0123456789 012 01234569 0246789
0 7 7 0 56 045678 012 0123456789 0123456789 012 0123456789 0123456789
0 7 7 0 6 7 0 789 0123456789 012 0123456789 0123456789
0 7 7 0 67 0789 012 0123456789 0123456789 012 0123456789 0123456789
0 7 7 0 7 012345 012 0123456789 0123456789 012 0123456789 0123456789
0 7 7 0 7 567 012 0123456789 0123456789 012 0123456789 0123456789
0 7 7 0 7 78 01 01789 0123456789 012 0123456789 012456789
0 7 7 0 78 012345689 012 0123456789 0123456789 012 0123456789 01234568
0 7 7 0 89 0123789 012 0123456789 0123456789 012 0123456789 0123456789
0 7 7 01 09 3456789 012 0123456789 0123456789 012 0123456789 0123456789
0 7 7 12 01234679 012346789 012 0123456789 0123456789 012 0123456789 0123456789
0 7 7 2 23 0123456789 012 0123456789 0123456789 012 0123456789 0123456789
0 7 7 2 34 012356789 012 0123456789 0123456789 012 0123456789 0123456789
0 7 78 02 01245 023456789 012 0123456789 0123456789 012 0123456789 0123456789
0 7 8 0 234 012456789 012 0123456789 0123456789 012 01234689 012456789
0 7 8 01 0456789 0123456789 012 0123456789 0123456789 012 0123456789 012345678
0 7 8 1 0123 012345689 012 0123456789 0123456789 012 012345679 0123456789
0 7 8 1 34 01236789 012 0123456789 0123456789 012 0123456789 012456789
0 7 8 1 45 234568 012 0123456789 0123456789 012 0123456789 0123456789
0 7 8 1 5 56 012 012346789 0123456789 012 0123456789 0123456789
0 7 8 1 567 0123456789 012 0123456789 0123456789 012 0123456789 012345689
0 7 89 012 012346789 0123456789 012 0123456789 0123456789 012 01234569 0123456789
0 7 9 1 012 0123456789 012 0123456789 0123456789 012 01234569 01234689
0 7 9 1 23 2345678 012 0123456789 0123456789 012 0123456789 0123456789
0 7 9 1 34 012789 012 0123456789 0123456789 012 0123456789 0123456789
0 78 09 01 046789 012345678 012 0123456789 0123456789 012 0123456789 0124568
0 8 0 0 123456 0123456789 012 0123456789 0123456789 012 0123456789 0123456789
0 8 0 0 6 567 012 012346789 0123456789 012 0123456789 0123456789
0 8 0 0 67 0123456789 012 0123456789 0123456789 012 0123456789 012345689
0 8 0 0 7 678 012 012346789 0123456789 012 0123456789 0123456789
0 8 0 0 78 0189 012 0123456789 0123456789 012 0123456789 0123456789
0 8 0 0 8 1234 012 0123456789 0123456789 012 0123456789 0123456789
0 8 0 0 89 0456789 012 0123456789 0123456789 012 0123456789 0123456789
0 8 0 0 9 01234 012 0123456789 0123456789 012 0123456789 0123456789
0 8 0 0 9 456 012 0123456789 0123456789 012 0123456789 0123456789
0 8 0 01 012459 012345678 012 0123456789 0123456789 012 0123456789 0123456789
0 8 0 1 56 0456789 012 012346789 0123456789 012 0123456789 0123456789
0 8 0 1 6 9 01 0123456789 0123456789 012 0123456789 02468
0 8 0 1 6 9 12 0123456789 0123456789 012 0123456789 02468
0 8 0 12 01236789 0123456789 012 0123456789 0123456789 012 0123456789 0124689
0 8 0 2 3 1 012 0123456789 0123456789 012 0123456789 0123456789
0 8 0 2 3 123456789 012 0123456789 0123456789 012 0123456789 0123456789
0 8 0 2 3 9 1 3456 0123456789 012 0123456789 0123456789
0 8 0 2 3 9 1 6789 0123456789 012 0123456789 0123456789
0 8 0 2 3 9 12 0129 0123456789 012 0123456789 0123456789
0 8 0 2 34 0129 012 0123456789 0123456789 012 0123456789 0123456789
0 8 0 2 4 23456 012 0123456789 0123456789 012 0123456789 0123456789
0 8 0 2 45 016789 012 0123456789 0123456789 012 0123456789 0123456789
0 8 0 2 5 123 012 0123456789 0123456789 012 0123456789 023456789
0 8 01 02 05 012345 012 0123456789 0123456789 012 0123456789 0123456789
0 8 1 0 01 0123456789 012 0123456789 0123456789 01 0123456789 0123456789
0 8 1 0 1 6789 012 0123456789 0123456789 012 0123456789 0123456789
0 8 1 0 12 0123456789 012 0123456789 0123456789 012 0123456789 02456789
0 8 1 0 2345 012456789 012 0123456789 0123456789 012 0123456789 0123456789
0 8 1 0 56789 0123456789 012 0123456789 0123456789 012 0123456789 0123456789
0 8 1 0 9 012345 012 0123456789 0123456789 012 0123456789 0123456789
0 8 1 01 1269 012345678 012 0123456789 0123456789 012 0123456789 0123456789
0 8 1 1 67 012389 012 0123456789 0123456789 012 0123456789 0123456789
0 8 1 1 789 0123456789 012 0123456789 0123456789 012 012345679 0123456789
0 8 1 12 019 0123489 012 0123456789 0123456789 012 0123456789 0123456789
0 8 12 02 012345 0123456789 012 0123456789 0123456789 012 0123456789 012345678
0 8 2 0 2 123 012 0123456789 0123456789 01 01236789 012468
0 8 2 0 2 3456 012 0123456789 0123456789 01 01236 024678
0 8 2 0 23 026789 012 0123456789 0123456789 012 0123456789 012345678
0 8 2 0 34 0189 012 0123456789 0123456789 012 0123456789 0123456789
0 8 2 0 46789 012456789 012 0123456789 0123456789 012 0123456789 0123456789
0 8 2 01 09 0129 012 0123456789 0123456789 012 0123456789 0123456789
0 8 2 1 01 012345689 012 0123456789 0123456789 012 0123456789 0123456789
0 8 2 1 12 0236789 012 0123456789 0123456789 012 0123456789 0123456789
0 8 2 1 2 3489 012 0123456789 0123456789 012 0123456789 0123456789
0 8 2 1 23 01234569 012 0123456789 023456789 012 0123456789 0123456789
0 8 2 1 34 0123456789 012 0123456789 0123456789 012 0123456789 01246789
0 8 2 1 45 012389 012 0123456789 0123456789 012 0123456789 0123456789
0 8 2 1 56 012345689 012 0123456789 0123456789 012 0123456789 023456789
0 8 2 1 6789 0123456789 012 0123456789 0123456789 012 0123456789 0123456789
0 8 2 1 9 56789 012 0123456789 0123456789 012 0123456789 0123456789
0 8 2 12 0129 0123456789 012 0123456789 0123456789 012 0123456789 0123456789
0 8 23 02 01236789 012346789 012 0123456789 0123456789 012 0123456789 0123456789
0 8 3 01 019 012346789 012 0123456789 0123456789 012 0123456789 0123456789
0 8 3 1 123 0123456789 012 0123456789 0123456789 012 0123456789 0123456789
0 8 3 1 34 012345789 012 0123456789 0123456789 012 0123456789 012346789
0 8 3 1 4 5 0 01234 0123456789 012 0123456789 0123456789
0 8 3 1 45 0156789 012 0123456789 0123456789 012 0123456789 0123456789
0 8 3 1 56 012456789 012 0123456789 0123456789 012 0123456789 0123456789
0 8 3 12 016789 0123456789 012 0123456789 0123456789 012 0123456789 0123456789
0 8 3 2 12 0123456789 012 0123456789 0123456789 01 0123456789 0123456789
0 8 3 2 234 0123456789 012 0123456789 0123456789 012 0123456789 0123456789
0 8 3 2 4 1 12 01236789 0123456789 012 0123456789 0123456789
0 8 34 02 014 0123456789 012 0123456789 0123456789 012 0123456789 0123456789
0 8 4 0 1 4 0 1234567 0123456789 012 0123456789 0124568
0 8 4 0 1 456 012 0123456789 0123456789 012 0123456789 0123456789
0 8 4 0 1 6 01 012369 0123456789 012 0123456789 0123456789
0 8 4 0 1 6 1 678 0123456789 012 0123456789 02468
0 8 4 0 123 012346789 012 0123456789 0123456789 012 0123456789 012346789
0 8 4 0 3 234567 012 0123456789 0123456789 012 0123456789 0123456789
0 8 4 0 34 0123456789 012 0123456789 0123456789 012 0123456789 01245689
0 8 4 01 01456789 0123456789 012 0123456789 0123456789 012 0123456789 0123456789
0 8 4 1 1 6 1 3456789 0123456789 012 0123456789 0123456789
0 8 4 12 012679 012345678 012 0123456789 0123456789 012 0123456789 0123456789
0 8 4 2 0123 02345678 012 0123456789 0123456789 012 0123456789 0123456789
0 8 4 2 34 0123456789 012 0123456789 0123456789 01 01234569 012345678
0 8 45 02 0145 0123456789 012 0123456789 0123456789 012 0123456789 012345678
0 8 5 0 123 0123456789 012 0123456789 0123456789 012 0123456789 0123456789
0 8 5 0 346789 0123456789 012 0123456789 0123456789 012 012345679 02345689
0 8 5 01 09 023456789 012 0123456789 0123456789 012 0123456789 0123456789
0 8 5 1 01 0123456789 012 0123456789 0123456789 012 012346789 012468
0 8 5 1 12 0123489 012 0123456789 0123456789 012 0123456789 0123456789
0 8 5 1 23 0123456789 012 0123456789 0123456789 012 0123456789 0123456789
0 8 5 1 345 0123456789 012 0123456789 0123456789 01 012369 0124689
0 8 5 1 5678 02345689 012 0123456789 0123456789 012 0123456789 0123456789
0 8 5 1 89 0123456789 012 0123456789 0123456789 012 0123456789 0124678
0 8 5 12 09 0123456789 012 0123456789 0123456789 012 0123456789 0123456789
0 8 5 2 012 0123456789 012 0123456789 0123456789 012 0123456789 0123456789
0 8 5 2 234 023456789 012 0123456789 0123456789 012 0123456789 0123456789
0 8 56 02 0345 0123456789 012 0123456789 0123456789 012 012346789 0245678
0 8 6 0 3456 0123456789 012 0123456789 0123456789 012 0123456789 0123456789
0 8 6 01 0689 01234568 012 0123456789 0123456789 012 012345689 0123456789
0 8 6 1 012 01246789 012 0123456789 0123456789 012 012345689 0123456789
0 8 67 012 0123456789 0123456789 012 0123456789 0123456789 012 0123456789 0123456789
0 8 7 0 9 8 012 123456789 0123456789 012 0123456789 0123456789
0 8 7 01 019 0123456789 012 0123456789 0123456789 012 0123456789 01245678
0 8 7 1 1 9 0 789 0123456789 012 0123456789 0123456789
0 8 7 1 12 09 012 0123456789 0123456789 012 0123456789 012456789
0 8 7 12 0123469 0123456789 012 0123456789 0123456789 012 012345689 0123456789
0 8 7 2 23 0123456789 012 0123456789 0123456789 012 0123456789 0123456789
0 8 7 2 34 01236789 012 0123456789 0123456789 012 0123456789 0123456789
0 8 7 2 4 345 012 0123456789 0123456789 012 0123456789 0123456789
0 8 7 2 4 5 2 3 2345 012 0123456789 0123456789
0 8 7 2 45 056789 012 0123456789 0123456789 012 0123456789 0123456789
0 8 78 02 03568 01234567 012 0123456789 0123456789 012 0123456789 0123456789
0 8 8 01 01234589 0123456789 012 0123456789 0123456789 012 0123456789 0123456789
0 8 8 12 0569 0123456789 012 0123456789 0123456789 01 0123689 02345689
0 8 8 2 01 0123456789 012 0123456789 0123456789 012 012346789 0123456789
0 8 8 2 12 0123456789 012 0123456789 0123456789 01 0123456789 012346789
0 8 89 02 012345 0123456789 012 0123456789 0123456789 012 0246789 02468
0 8 9 0 123 0123456789 012 0123456789 0123456789 012 0123456789 012345678
0 8 9 0 3 012 012 0123456789 0123456789 012 0123456789 0123456789
0 8 9 0 3 23456 012 0123456789 0123456789 012 0123456789 01234678
0 8 9 0 3 6789 012 0123456789 0123456789 012 0123456789 0123456789
0 8 9 0 34 012349 012 0123456789 0123456789 012 012345689 024678
0 8 9 0 4 4567 012 0123456789 0123456789 012 0123456789 0123456789
0 8 9 01 045689 0123456789 012 0123456789 0123456789 012 0123456789 0123456789
0 8 9 1 01 012346789 012 0123456789 0123456789 01 02 08
0 8 9 1 1234 012456789 012 0123456789 0123456789 012 0123456789 0123456789
0 8 9 1 4 9 1 23 0123456789 012 0123456789 0123456789
0 8 9 1 4 9 1 34 01234569 012 0123456789 0123456789
0 8 9 1 4 9 1 4567 0123456789 012 0123456789 0123456789
0 8 9 1 4 9 1 78 01236789 012 0123456789 0123456789
0 8 9 1 4 9 1 8 3456789 012 0123456789 0123456789
0 8 9 1 4567 0123456789 012 0123456789 0123456789 012 0123456789 0123456789
0 8 9 1 78 0245678 012 0123456789 0123456789 012 0123456789 0123456789
0 8 9 12 089 012456789 012 0123456789 0123456789 012 0123456789 01234689
0 8 9 2 0 234567 012 0123456789 0123456789 012 0123456789 0123456789
0 8 9 2 01 0123789 012 0123456789 0123456789 012 0123456789 0123456789
0 8 9 2 12 0123456789 012 0123456789 0123456789 012 0123456789 0123456789
0 8 9 2 23 0123456789 012 0123456789 0123456789 012 0123456789 0123456789
0 8 9 2 345 01246789 012 0123456789 0123456789 012 0123456789 0123456789
0 89 09 02 012345678 012345678 012 0123456789 0123456789 012 0123456789 0123456789
0 9 0 01 012389 0123456789 012 0123456789 0123456789 012 0123456789 012346789
0 9 0 12 23456789 0123456789 012 0123456789 0123456789 012 0123456789 0123456789
0 9 01 02 0123456789 0123456789 012 0123456789 0123456789 012 0123456789 012345678
0 9 1 01 09 0123456789 012 0123456789 0123456789 012 0123456789 0123456789
0 9 1 1 012 012346789 012 0123456789 0123456789 012 0123456789 0123456789
0 9 1 1 23 0123456789 012 0123456789 0123456789 012 0123456789 0123456789
0 9 1 1 34 0123456789 012 0123456789 0123456789 012 0123456789 0123456789
0 9 1 1 45678 012456789 012 0123456789 0123456789 012 0123456789 012346789
0 9 1 1 89 01256789 012 0123456789 0123456789 012 0123456789 0123456789
0 9 1 1 9 2345 012 0123456789 0123456789 012 0123456789 0123456789
0 9 1 1 9 567 012 0123456789 0123456789 01 0123456789 0123456789
0 9 1 1 9 789 012 0123456789 0123456789 012 012346789 012346789
0 9 1 12 09 0129 012 0123456789 0123456789 012 0123456789 0123456789
0 9 1 2 0 2345 012 0123456789 0123456789 012 0123456789 0123456789
0 9 1 2 0 5678 012 0123456789 0123456789 012 012346789 02345678
0 9 1 2 01 089 012 0123456789 0123456789 012 0123469 0123456789
0 9 1 2 1 012 012 0123456789 0123456789 012 0123456789 0123456789
0 9 1 2 1 2345 012 0123456789 0123456789 012 012346789 012456789
0 9 1 2 1 567 012 0123456789 0123456789 012 012346789 012345689
0 9 1 2 12 0789 012 0123456789 0123456789 012 0123456789 012345678
0 9 1 2 2 0123 012 0123456789 0123456789 012 01234569 012345689
0 9 1 2 2 3456 012 0123456789 0123456789 012 0123456789 0124689
0 9 1 2 2 678 012 0123456789 0123456789 012 0123456789 0123456789
0 9 1 2 23 0189 012 0123456789 0123456789 012 0234679 02468
0 9 1 2 3 12345 012 0123456789 0123456789 01 01236789 0246789
0 9 1 2 3 567 012 0123456789 0123456789 012 012346789 0123456789
0 9 1 2 3 789 012 0123456789 0123456789 012 0123456789 023456789
0 9 1 2 4 01234 012 0123456789 0123456789 012 0123456789 012456789
0 9 12 02 01345 01245678 012 0123456789 0123456789 01 0123469 0123468
0 9 2 0 345 0123456789 012 0123456789 0123456789 012 0123456789 0123456789
0 9 2 0 56 0123456 012 0123456789 0123456789 012 0123456789 0123456789
0 9 2 0 6 0123489 012 0123456789 0123456789 012 0123456789 0123456789
0 9 2 01 016789 0123456789 012 0123456789 0123456789 012 0123456789 01245689
0 9 2 1 12 01345689 012 0123456789 0123456789 012 0123456789 01234678
0 9 2 1 234 0123468 012 0123456789 0123456789 012 0123456789 012346789
0 9 2 12 0123456789 0123456789 012 0123456789 0123456789 012 0123456789 012456789
0 9 2 2 45 0123456789 012 0123456789 0123456789 012 0123456789 0123456789
0 9 23 02 0356789 0123456789 012 0123456789 0123456789 012 0123456789 0123456789
0 9 3 01 019 0123456789 012 0123456789 0123456789 012 0123456789 02345678
0 9 3 1 12 013456789 012 0123456789 0123456789 012 0123456789 02346789
0 9 3 1 2345 012345678 012 0123456789 0123456789 012 0123456789 0123456789
0 9 3 1 567 0123456789 012 0123456789 0123456789 012 0123456789 0123456789
0 9 3 1 78 012456789 012 0123456789 0123456789 012 01234569 0246789
0 9 3 1 8 01234567 012 0123456789 0123456789 012 0123456789 0123456789
0 9 34 01 0189 0126789 012 0123456789 0123456789 012 0123456789 0123456789
0 9 4 0 12 01236789 012 0123456789 0123456789 012 0123456789 0123456789
0 9 4 0 2 3 01 0123489 0123456789 012 0123456789 0123456789
0 9 4 0 2 345 012 0123456789 0123456789 012 0123456789 0123456789
0 9 4 0 23 0156789 012 0123456789 0123456789 012 0123456789 0123456789
0 9 4 0 34 0123456 012 0123456789 0123456789 012 0123456789 0123456789
0 9 4 01 0456789 0123456789 012 0123456789 0123456789 012 01234679 01234568
0 9 4 1 012 012345689 012 0123456789 0123456789 012 0123456789 0123456789
0 9 4 1 23 012456789 012 0123456789 0123456789 01 0123456789 0123456789
0 9 4 1 4 012 012 0123456789 0123456789 012 0123456789 0123456789
0 9 4 1 4 2 01 09 01289 012 0123456789 0123456789
0 9 4 1 4 2 1 01 023456789 012 0123456789 0123456789
0 9 4 1 4 2 1 123456789 0123456789 012 0123456789 0123456789
0 9 4 1 45 2345678 012 0123456789 0123456789 012 01234569 0123456789
0 9 4 1 5678 012346789 012 0123456789 0123456789 012 0123456789 0123456789
0 9 4 1 89 0123456789 012 0123456789 0123456789 012 0123456789 0123456789
0 9 4 12 0129 01246789 012 0123456789 0123456789 012 0123456789 0123456789
0 9 4 2 23 0123456789 012 0123456789 0123456789 012 0123456789 0123456789
0 9 4 2 34 0123456789 012 0123456789 0123456789 012 0123456789 0123456789
0 9 45 02 012345 0123456789 012 0123456789 0123456789 012 024569 012489
0 9 5 0 345678 0123456789 012 0123456789 0123456789 01 023456 024678
0 9 5 01 089 02345678 012 0123456789 0123456789 012 0123456789 0123456789
0 9 5 1 01 012456789 012 0123456789 0123456789 012 0123456789 0123456789
0 9 5 1 123 0123489 012 0123456789 0123456789 01 0123456789 0123456789
0 9 5 1 34 01456789 012 0123456789 0123456789 012 0123456789 0123456789
0 9 5 1 456 0123456789 012 0123456789 0123456789 012 02345679 01234689
0 9 5 1 67 012456789 012 0123456789 0123456789 012 0123456789 0123456789
0 9 5 1 78 0123456789 012 0123456789 0123456789 012 0123456789 012456789
0 9 5 12 0189 012345689 012 0123456789 0123456789 012 0123456789 012345678
0 9 56 02 012 0123456789 012 0123456789 0123456789 012 0123456789 012345678
0 9 6 0 1234 0123456789 012 0123456789 0123456789 012 01234569 0124568
0 9 6 0 4 45 01 0134789 0123456789 012 0123456789 0123456789
0 9 6 0 456 0125678 012 0123456789 0123456789 012 0123456789 0123456789
0 9 67 012 0123456789 0123456789 012 0123456789 0123456789 012 01234569 0124568
0 9 78 012 0123456789 0123456789 012 0123456789 0123456789 01 0236 0248
0 9 8 01 0789 06789 012 0123456789 0123456789 012 0123456789 0123456789
0 9 8 1 012 012346789 012 0123456789 0123456789 012 0123456789 012345689
0 9 8 1 23 02456789 012 0123456789 0123456789 012 0123456789 012456789
0 9 8 1 34567 0123456789 012 0123456789 0123456789 012 012346789 0123456789
0 9 89 01 01236789 0123456789 012 0123456789 0123456789 012 0123456789 024568
0 9 9 0 8 2 0 1 012345 012 0123456789 0123456789
0 9 9 0 8 2 01 12345678 0123456789 012 0123456789 0123456789
0 9 9 0 8 23 01 0689 023456789 012 0123456789 0123456789
0 9 9 0 8 3 0 6789 012489 012 0123456789 0123456789
0 9 9 0 8 3 01 019 0123456789 012 0123456789 0123456789
0 9 9 0 8 3 1 1 23456789 012 0123456789 0123456789
0 9 9 01 0123456789 0123456789 012 0123456789 0123456789 012 0123456789 0123456789
01 09 09 012 01234689 0123456789 012 0123456789 0123456789 012 0123456789 0123456789
1 0 01 012 0123459 0123456789 012 0123456789 0123456789 01 0234689 0123468
1 0 1 0 56789 0123456789 012 0123456789 0123456789 012 0123456789 0245678
1 0 1 012 01234679 0123456789 012 0123456789 0123456789 012 0123456789 0123456789
1 0 12 02 012345 012345678 012 0123456789 0123456789 012 0123456789 0123456789
1 0 2 0 23456 0123456789 012 0123456789 0123456789 012 0123456789 0123456789
1 0 2 01 0126789 0246789 012 0123456789 0123456789 012 0123456789 0123456789
1 0 2 1 23 0123459 012 0123456789 0123456789 012 0123456789 0123456789
1 0 2 1 34567 012345678 012 0123456789 0123456789 012 0123456789 0123456789
1 0 2 12 0789 0123456789 012 0123456789 0123456789 012 012345679 012345678
1 0 2 2 01 016789 012 0123456789 0123456789 01 012346 0123456789
1 0 2 2 1 1234 012 0123456789 0123456789 012 0123456789 0123456789
1 0 2 2 1 56789 012 0123456789 0123456789 012 0123456789 0123456789
1 0 2 2 12 0129 012 0123456789 0123456789 012 0123456789 0123456789
1 0 2 2 23 0123456789 012 0123456789 0123456789 012 0123456789 0123456789
1 0 23 02 0345 012345689 012 0123456789 0123456789 012 0123456789 0234689
1 0 3 0 0 45 012 0123456789 0123456789 012 0123456789 0123456789
1 0 3 0 0 56789 012 0123456789 0123456789 01 0234689 023468
1 0 3 0 01 01239 012 0123456789 0123456789 012 01234569 023456789
1 0 3 0 1 3456 012 0123456789 0123456789 01 0123456789 01234568
1 0 3 0 1 6789 012 0123456789 0123456789 012 0123456789 0123456789
1 0 3 0 12 01239 012 0123456789 0123456789 012 0123456789 0123456789
1 0 3 0 2 34567 012 0123456789 0123456789 012 0123456789 012456789
1 0 3 0 23 01789 012 0123456789 0123456789 012 0123456789 0123456789
1 0 3 0 3 12345678 012 0123456789 0123456789 012 0123456789 0123456789
1 0 3 0 34 012389 012 0123456789 0123456789 01 01234689 012468
1 0 3 0 4 345678 012 0123456789 0123456789 012 0123456789 0123456789
1 0 3 0 45 01289 012 0123456789 0123456789 012 0123456789 0123456789
1 0 3 0 5 23456 012 0123456789 0123456789 012 0123456789 0123456789
1 0 3 0 56 016789 012 0123456789 0123456789 01 0123456789 012346789
1 0 3 0 6 123456 012 0123456789 0123456789 012 0123456789 0123456789
1 0 3 0 67 06789 012 0123456789 0123456789 012 0123456789 023456789
1 0 3 0 7 0123 012 0123456789 0123456789 012 0123456789 0123456789
1 0 3 0 7 34567 012 0123456789 0123456789 012 0123456789 01245689
1 0 3 0 78 01789 012 0123456789 0123456789 012 0123456789 0123456789
1 0 3 0 8 1234 012 0123456789 0123456789 012 0123456789 0123456789
1 0 3 0 8 4567 012 0123456789 0123456789 012 0123456789 0123456789
1 0 3 0 89 01789 012 0123456789 0123456789 012 0123456789 0123456789
1 0 3 0 9 123456 012 0123456789 0123456789 01 012345679 012346789
1 0 3 0 9 6789 012 0123456789 0123456789 012 0123456789 0123456789
1 0 3 01 09 0129 012 0123456789 0123456789 012 0123456789 012345678
1 0 3 1 0 23456 012 0123456789 0123456789 012 0123456789 0123456789
1 0 3 1 0 6789 012 0123456789 0123456789 012 0123456789 023456789
1 0 3 1 01 01239 012 0123456789 0123456789 012 01234569 02456789
1 0 3 1 1 3456 012 0123456789 0123456789 012 0123456789 0123456789
1 0 3 1 1 6789 012 0123456789 0123456789 012 0123456789 0123456789
1 0 3 1 12 01239 012 0123456789 0123456789 012 0123456789 0123456789
1 0 3 1 2 34567 012 0123456789 0123456789 012 01234569 012345678
1 0 3 1 23 01789 012 0123456789 0123456789 01 0123456789 012345689
1 0 3 1 3 12345 012 0123456789 0123456789 012 012369 012345689
1 0 3 1 3 5678 012 0123456789 0123456789 012 0123456789 0123456789
1 0 3 1 34 089 012 0123456789 0123456789 012 0123456789 0123456789
1 0 3 1 4 01 012 0123456789 0123456789 012 0123456789 0123456789
1 0 3 1 4 1234 012 0123456789 0123456789 012 01234569 0234689
1 0 3 1 4 4567 012 0123456789 0123456789 012 0123456789 0123456789
1 0 3 1 4 789 012 0123456789 0123456789 012 0123456789 0123456789
1 0 3 1 45 0129 012 0123456789 0123456789 012 0123456789 0123456789
1 0 3 1 5 234 012 0123456789 0123456789 012 0123456789 0123456789
1 0 3 1 5 4567 012 0123456789 0123456789 01 012369 01245678
1 0 3 1 5 789 012 0123456789 0123456789 012 012346789 012456789
1 0 3 1 56 0129 012 0123456789 0123456789 012 0123456789 0123456789
1 0 3 1 6 2345 012 0123456789 0123456789 012 012345689 012345689
1 0 3 1 6 5678 012 0123456789 0123456789 012 01234679 012346789
1 0 3 1 67 0189 012 0123456789 0123456789 01 0123456 01234689
1 0 3 1 7 123 012 0123456789 0123456789 012 0123456789 0123456789
1 0 3 1 7 3456 012 0123456789 0123456789 012 0123456789 0123456789
1 0 3 1 7 6789 012 0123456789 0123456789 012 0123456789 012345678
1 0 3 1 78 0129 012 0123456789 0123456789 01 0236 0248
1 0 3 1 8 23456 012 0123456789 0123456789 012 0123456789 0123456789
1 0 3 1 8 6789 012 0123456789 0123456789 01 01236 02468
1 0 3 1 89 012349 012 0123456789 0123456789 0 0 0
1 0 3 1 9 45678 012 0123456789 0123456789 012 0123456789 0123456789
1 0 3 12 09 012389 012 0123456789 0123456789 012 0123456789 0123456789
1 0 3 2 0 34567 012 0123456789 0123456789 012 0123456789 0123456789
1 0 3 2 01 01789 012 0123456789 0123456789 012 0123456789 0123456789
1 0 3 2 1 1234 012 0123456789 0123456789 012 0123456789 0123456789
1 0 3 2 1 456789 012 0123456789 0123456789 01 0123456789 0123456789
1 0 3 2 12 012349 012 0123456789 0123456789 012 0123456789 0123456789
1 0 3 2 2 45678 012 0123456789 0123456789 012 0123456789 0123456789
1 0 3 2 23 01289 012 0123456789 0123456789 012 012346789 0123456789
1 0 3 2 3 23456 012 0123456789 0123456789 012 0123456789 012456789
1 0 3 2 34 016789 012 0123456789 0123456789 01 0123456789 01246789
1 0 3 2 4 1234 012 0123456789 0123456789 012 0123456789 0123456789
1 0 3 2 4 4567 012 0123456789 0123456789 012 0123456789 0123456789
1 0 3 2 45 0789 012 0123456789 0123456789 012 0123456789 0123456789
1 0 3 2 5 0123 012 0123456789 0123456789 012 0123469 012345689
1 0 34 02 0125 012345678 012 0123456789 0123456789 01 0123456789 0123456789
1 0 4 0 2 8 0 01 01234589 012 0123456789 0123456789
1 0 4 0 2 8 0 12 012345678 012 0123456789 0123456789
1 0 4 0 2 8 0 23 01456789 012 0123456789 0123456789
1 0 4 0 2 8 0 34 0123456789 012 0123456789 0123456789
1 0 4 0 2 8 0 45 0123456789 012 0123456789 0123456789
1 0 4 0 2 8 0 56 0123456789 012 0123456789 0123456789
1 0 4 0 2 8 0 678 012346789 012 0123456789 0123456789
1 0 4 0 2 8 0 89 0123456789 012 0123456789 0123456789
1 0 4 0 2 8 01 09 0123456789 012 0123456789 0123456789
1 0 4 0 2 8 1 012 0123456789 012 0123456789 0123456789
1 0 4 0 2 8 1 23 0123456789 012 0123456789 0123456789
1 0 4 0 2 8 1 34 023456789 012 0123456789 0123456789
1 0 4 0 2 8 1 4 0123 012 0123456789 0123456789
1 0 4 0 2 8 1 4 3456789 012 0123456789 0123456789
1 0 4 0 2 8 1 45 012349 012 0123456789 0123456789
1 0 4 0 2 8 1 5 45678 012 0123456789 0123456789
1 0 4 0 2 8 1 56 01289 012 0123456789 0123456789
1 0 4 0 2 8 1 6 2345 012 0123456789 0123456789
1 0 4 0 2 8 1 67 0156789 012 0123456789 0123456789
1 0 4 0 2 8 1 7 123456 012 0123456789 0123456789
1 0 4 0 2 8 1 78 016789 012 0123456789 0123456789
1 0 4 0 2 8 1 8 123456 012 0123456789 0123456789
1 0 4 0 2 8 1 89 0126789 012 0123456789 0123456789
1 0 4 0 2 8 1 9 234567 012 0123456789 0123456789
1 0 4 0 2 8 12 09 012789 012 0123456789 0123456789
1 0 4 0 2 8 2 0 234567 012 0123456789 0123456789
1 0 4 0 2 8 2 01 012789 012 0123456789 0123456789
1 0 4 0 2 8 2 1 234567 012 0123456789 0123456789
1 0 4 0 2 8 2 12 012789 012 0123456789 0123456789
1 0 4 0 2 8 2 2 234567 012 0123456789 0123456789
1 0 4 0 2 8 2 23 012789 012 0123456789 0123456789
1 0 4 0 2 8 2 3 345678 012 0123456789 0123456789
1 0 4 0 2 8 2 34 012389 012 0123456789 0123456789
1 0 4 0 2 8 2 4 345678 012 0123456789 0123456789
1 0 4 0 2 8 2 45 012389 012 0123456789 0123456789
1 0 4 0 2 89 012 0123456789 0123456789 012 0123456789 0123456789
1 0 4 0 2 9 1 4 0123456 012 0123456789 0123456789
1 0 4 0 2 9 1 45 012345678 012 0123456789 0123456789
1 0 4 0 23 09 01 0234569 0246789 012 0123456789 0123456789
1 0 4 0 3 0 1 3 2345 012 0123456789 0123456789
1 0 4 0 3 0 1 3456 0124568 012 0123456789 0123456789
1 0 4 0 3 0 1 6 123 012 0123456789 0123456789
1 0 4 0 3 0 1 6 3456 012 0123456789 0123456789
1 0 4 0 3 0 1 6 678 012 0123456789 0123456789
1 0 4 0 3 0 1 67 0189 012 0123456789 0123456789
1 0 4 0 3 0 1 7 123467 012 0123456789 0123456789
1 0 4 0 3 0126 01 0123456789 0123456789 012 0123456789 0123456789
1 0 4 0 34 01234678 012 0123456789 0123456789 012 0123456789 0123456789
1 0 4 0 4 4 0 1 12345678 012 0123456789 0123456789
1 0 4 0 4 4 0 12 012389 012 0123456789 0123456789
1 0 4 0 4 4 0 23 012345689 012 0123456789 0123456789
1 0 4 0 4 4 0 3 345678 012 0123456789 0123456789
1 0 4 0 4 4 0 34 01234589 012 0123456789 0123456789
1 0 4 0 4 4 0 45 012356789 012 0123456789 0123456789
1 0 4 0 4 4 0 5 3456789 012 0123456789 0123456789
1 0 4 0 4 4 01 01256789 0123456789 012 0123456789 0123456789
1 0 4 0 4 4 12 01239 012346789 012 0123456789 0123456789
1 0 4 0 4 4567 012 012345689 0123456789 012 0123456789 0123456789
1 0 4 0 467 0123456789 012 0123456789 0123456789 012 0123456789 0123456789
1 0 4 0 789 0123456789 012 0123456789 0123456789 012 01234569 01245689
1 0 4 01 09 0123456789 012 0123456789 0123456789 012 01234569 01245678
1 0 4 1 012 0123456789 012 0123456789 0123456789 012 0123456789 0123456789
1 0 4 1 23 012346789 012 0123456789 0123456789 012 0123456789 0123456789
1 0 4 1 3 4 01 0789 06789 012 0123456789 0123456789
1 0 4 1 3 4 1 0 01234568 012 0123456789 0123456789
1 0 4 1 3 4 12 0123456789 0123456789 012 0123456789 0123456789
1 0 4 1 3 45 02 034 0123456789 012 0123456789 0123456789
1 0 4 1 3 5 0 0 234567 012 0123456789 0123456789
1 0 4 1 3 5 01 0123456 012456789 012 0123456789 0123456789
1 0 4 1 3 5 12 0123456789 0123456789 012 0123456789 01234678
1 0 4 1 3 5 2 24 0123456 012 0123456789 0123456789
1 0 4 1 34 05689 012 012345689 0123456789 012 0123456789 0123456789
1 0 4 1 4 01234 012 0123456789 0123456789 012 0123456789 0123456789
1 0 4 1 45 012456789 012 0123456789 0123456789 012 0123456789 0123456789
1 0 4 1 56 023456789 012 0123456789 0123456789 012 0123456789 0123456789
1 0 4 1 6 0 1 345 0123456789 012 0123456789 0123456789
1 0 4 1 6 012345 012 0123456789 0123456789 012 0123456789 0123456789
1 0 4 1 679 012356789 012 0123456789 0123456789 0 0 0
1 0 4 12 09 012345689 012 0123456789 0123456789 012 0123456789 0123456789
1 0 4 2 01 0126789 012 0123456789 0123456789 012 0123456789 0123456789
1 0 4 2 12 012345689 012 0123456789 0123456789 012 0123456789 0123456789
1 0 4 2 23 02345678 012 0123456789 0123456789 012 0123456789 012345678
1 0 4 2 3 2345678 012 0123456789 0123456789 01 0123456789 0123456789
1 0 4 2 34 0123489 012 0123456789 0123456789 012 0123456789 0123456789
1 0 4 2 45 0456789 012 0123456789 0123456789 012 0123456789 012345689
1 0 4 2 5 012 012 0123456789 0123456789 012 0123456789 0123456789
1 0 4 2 5 234 012 0123456789 0123456789 012 0123456789 0123456789
1 0 4 2 5 45 012 0123456789 0123456789 012 0123456789 0123456789
1 0 45 02 015 056 012 012345789 0123456789 012 0123456789 0123456789
1 0 5 0 12 016789 01 0123456789 0123456789 012 0123456789 0123456789
1 0 5 0 2 12345 012 0123456789 0123456789 012 0123456789 0123456789
1 0 5 01 123456789 0123456789 012 0123456789 0123456789 012 0123456789 0123456789
1 0 56 012 0123459 012345689 012 0123456789 0123456789 012 0123456789 0123456789
1 0 6 01 0123456789 0123456789 012 0123456789 0123456789 01 023469 024678
1 0 6 12 0126789 0123456789 012 0123456789 0123456789 012 0123456789 0123456789
1 0 67 02 012345 0123456789 012 0123456789 0123456789 01 01236 012468
1 0 7 01 012346789 0123456789 012 0123456789 0123456789 012 012346789 0246789
1 0 7 1 45 0123489 012 0123456789 0123456789 012 0123456789 012456789
1 0 7 1 56 045689 012 0123456789 0123456789 012 0123456789 0123456789
1 0 7 1 6 012 012 0123456789 0123456789 012 0123456789 0123456789
1 0 7 1 67 01234678 012 0123456789 0123456789 012 0123456789 0123456789
1 0 7 1 78 01345689 012 0123456789 0123456789 012 01234679 012345678
1 0 7 1 89 012346789 012 0123456789 0123456789 012 0123456789 0123456789
1 0 78 012 01234569 0123456789 012 0123456789 0123456789 012 012456789 0245689
1 0 8 01 23456789 0123456789 012 0123456789 0123456789 0 0 0
1 0 8 1 56 01239 012 0123456789 0123456789 012 0123456789 024568
1 0 8 1 6 345678 012 0123456789 0123456789 012 0123456789 012468
1 0 8 1 67 089 012 01234569 0123456789 012 0123456789 0123456789
1 0 8 1 7 0 2 23 016789 012 0123456789 0123456789
1 0 8 1 7 0 2 3 12345 012 0123456789 0123456789
1 0 8 1 7 0 2 3 5678 012 0123456789 0123456789
1 0 8 1 7 0 2 345 012489 012 0123456789 0123456789
1 0 8 1 7 0124567 012 0123456789 0123456789 012 0123456789 0123456789
1 0 8 1 7 7 0 3 2345 012 0123456789 0123456789
1 0 8 1 7 7 0 3 5678 012 0123456789 0123456789
1 0 89 012 023456789 012346789 012 0123456789 0123456789 012 0123456789 0123456789
1 0 9 0 67 012346789 012 0123456789 0123456789 012 0123456789 012346789
1 0 9 01 0789 02345678 012 0123456789 0123456789 012 0123456789 0123456789
1 0 9 1 0 56 012 01234569 0123456789 012 0123456789 0123456789
1 0 9 1 012 0126789 012 0123456789 0123456789 012 0123456789 0234678
1 0 9 1 2467 0123456789 012 0123456789 0123456789 012 012346789 02468
1 0 9 1 789 0123456789 012 0123456789 0123456789 012 0123456789 0123456789
1 0 9 12 09 012389 012 0123456789 0123456789 012 0123456789 0123456789
1 0 9 2 023 0123456789 012 0123456789 0123456789 01 01236 02468
1 0 9 2 3 23456789 012 0123456789 0123456789 012 0123456789 0123456789
1 0 9 2 345 0123456789 012 0123456789 0123456789 012 0123456789 0123456789
1 0 9 2 5 12345 012 0123456789 0123456789 012 0123456789 024568
1 1 0 0 01234 0123456789 012 0123456789 0123456789 0 0 0
1 1 0 01 0123456789 0123456789 012 0123456789 0123456789 012 012346789 012346789
1 1 0 12 01236789 0123456789 012 0123456789 0123456789 012 012345689 023456789
1 1 01 02 0123456 0123456789 012 0123456789 0123456789 01 01236 024568
1 1 1 01 016789 0123456789 012 0123456789 0123456789 012 0123456789 0123456789
1 1 12 012 0123456789 0123456789 012 0123456789 0123456789 01 01236789 012456789
1 1 2 0 1234567 0123456789 012 0123456789 0123456789 0 0 0
1 1 2 01 01789 0123456789 012 0123456789 0123456789 012 0123456789 0123456789
1 1 2 1 12346789 0123456789 012 0123456789 0123456789 012 0123456789 0123456789
1 1 2 12 019 023456789 012 0123456789 0123456789 012 0123456789 0123456789
1 1 23 02 01234 0123456789 012 0123456789 0123456789 012 0123456789 0123456789
1 1 3 0 23456 0123456789 012 0123456789 0123456789 012 0123456789 0123456789
1 1 3 01 0123456789 0123456789 012 0123456789 0123456789 012 0123456789 012345678
1 1 34 012 012459 012346789 012 0123456789 0123456789 012 012369 024568
1 1 4 0 23456 0123456789 012 0123456789 0123456789 012 0123456789 0123456789
1 1 4 01 016789 01246789 012 0123456789 0123456789 012 01234569 01234568
1 1 4 1 1234 0123456789 012 0123456789 0123456789 012 0123456789 0123456789
1 1 4 1 469 01234689 012 0123456789 0123456789 012 0123456789 0123456789
1 1 4 12 019 023456789 012 0123456789 0123456789 012 0123456789 0123456789
1 1 45 02 012345 0123456789 012 0123456789 0123456789 0 0 0
1 1 5 0 345678 0123456789 012 0123456789 0123456789 012 0123456789 0123456789
1 1 5 01 0189 012346789 012 0123456789 0123456789 012 0123456789 012345689
1 1 5 1 1234567 0123456789 012 0123456789 0123456789 012 0234569 0245689
1 1 5 12 012345789 0123456789 012 0123456789 0123456789 012 0123456789 0246789
1 1 56 02 012345 0123456789 012 0123456789 0123456789 01 0123456789 02456789
1 1 6 0 56789 0123456789 012 0123456789 0123456789 012 0123456789 0123456789
1 1 6 01 0129 0123456789 012 0123456789 0123456789 0 0 0
1 1 6 12 023456789 0123456789 012 0123456789 0123456789 01 02345689 0234689
1 1 6 2 01245 0123456789 012 0123456789 0123456789 012 0123456789 0123456789
1 1 67 02 015 01234568 012 0123456789 0123456789 012 0123456789 0123456789
1 1 7 0 123456 0123456789 012 0123456789 0123456789 012 01234689 0234678
1 1 7 0 678 0123456789 012 0123456789 0123456789 0 0 0
1 1 7 01 089 0123456789 012 0123456789 0123456789 01 0234569 01234568
1 1 7 1 01234567 0123456789 012 0123456789 0123456789 01 01234569 024689
1 1 78 01 012346789 0123456789 012 0123456789 0123456789 012 0123456789 012456789
1 1 8 01 01289 0123456789 012 0123456789 0123456789 0 0 0
1 1 8 1 234567 0123456789 012 0123456789 0123456789 012 0123456789 0123456789
1 1 8 12 01789 0123456789 012 0123456789 0123456789 012 01234569 012346789
1 1 89 02 012345 0123456789 012 0123456789 0123456789 012 012346789 0123456789
1 1 9 0 1234 0123456789 012 0123456789 0123456789 012 0123456789 0123456789
1 1 9 0 45678 0123456789 012 0123456789 0123456789 012 023469 0248
1 1 9 01 01234589 0123456789 012 0123456789 0123456789 01 023456 0123468
1 1 9 12 02345679 0123456789 012 0123456789 0123456789 012 0123456789 023456789
1 12 09 02 0125 023456789 012 0123456789 0123456789 012 0123456789 0123456789
1 2 0 0 2345678 0123456789 012 0123456789 0123456789 012 0123456789 0123456789
1 2 0 01 12389 0123456789 012 0123456789 0123456789 012 0123456789 0123456789
1 2 0 12 01234569 0123456789 012 0123456789 0123456789 01 01234569 012345689
1 2 0 2 23 0123456789 012 0123456789 0123456789 0 0 0
1 2 01 02 012345 0123456789 012 0123456789 0123456789 012 0123456789 0234689
1 2 1 0 4567 0123456789 012 0123456789 0123456789 012 0123456789 012456789
1 2 1 01 01234789 0123456789 012 0123456789 0123456789 012 012346789 012346789
1 2 1 12 0456789 0123456789 012 0123456789 0123456789 012 0123456789 0123456789
1 2 1 2 023 0123456789 012 0123456789 0123456789 0 0 0
1 2 1 2 34 0123456789 012 0123456789 0123456789 012 0129 02345678
1 2 12 02 045 012345678 012 0123456789 0123456789 012 0123456789 0123456789
1 2 2 0 0134567 0123456789 012 0123456789 0123456789 012 012345679 0234568
1 2 2 01 01234789 0123456789 012 0123456789 0123456789 01 0123456789 0123456789
1 2 2 1 45 02456789 012 0123456789 0123456789 012 0123456789 0123456789
1 2 2 1 567 0123456789 012 0123456789 0123456789 012 0123456789 0123456789
1 2 2 12 012789 0123456789 012 0123456789 0123456789 0 0 0
1 2 23 02 012345 0123456789 012 0123456789 0123456789 012 0234569 024689
1 2 3 01 03456789 0123456789 012 0123456789 0123456789 012 0123456789 0123456789
1 2 3 1 012345 0123456789 012 0123456789 0123456789 012 0123456789 0123456789
1 2 3 12 056789 0123456789 012 0123456789 0123456789 012 0123456789 0123456789
1 2 3 2 012345 0123456789 012 0123456789 0123456789 01 01234569 0234678
1 2 34 02 01235 0123456789 012 0123456789 0123456789 012 012679 02345678
1 2 4 01 012346789 0123456789 012 0123456789 0123456789 01 0123679 0123468
1 2 4 1 2345679 0123456789 012 0123456789 0123456789 012 0123456789 0123456789
1 2 4 12 0123459 0123456789 012 0123456789 0123456789 012 012345679 0123456789
1 2 45 02 0123456 0123456789 012 0123456789 0123456789 012 0123469 0234689
1 2 5 012 012346789 0123456789 012 0123456789 0123456789 012 0123469 023468
1 2 5 2 012345 0123456789 012 0123456789 0123456789 01 0123456789 0123456789
1 2 56 012 0123456789 012345689 012 0123456789 0123456789 012 0123456789 0123456789
1 2 68 02 012345 0123456789 012 0123456789 0123456789 01 01236 02468
1 2 8 0 1234567 0123456789 012 0123456789 0123456789 012 0123456789 02345689
1 2 8 0 789 012345678 01 0123456789 0123456789 012 0123456789 012345678
1 2 8 01 0129 0123456789 012 0123456789 0123456789 012 0123456789 012456789
1 2 8 1 234567 0123456789 012 0123456789 0123456789 012 0123456789 012345678
1 2 8 12 01234789 0123456789 012 0123456789 0123456789 012 0123456789 012345678
1 2 8 2 4 1 0 01 0123456789 012 0123456789 0123456789
1 2 89 02 0145 0123456789 012 0123456789 0123456789 012 0123456789 0123456789
1 2 9 0 12345678 0123456789 012 0123456789 0123456789 012 01234569 01234678
1 2 9 01 012389 0123456789 012 0123456789 012346789 012 0123456789 0123456789
1 2 9 1 3 4 0 3 456789 012 0123456789 0123456789
1 2 9 1 3 4 0 34 01239 012 0123456789 0123456789
1 2 9 1 3 4 0 4 3456 012 0123456789 0123456789
1 2 9 1 3 4 0 45 016789 012 0123456789 0123456789
1 2 9 1 3 4 0 5 12345 012 0123456789 0123456789
1 2 9 1 3 4 0 5 56789 012 0123456789 0123456789
1 2 9 1 3 4 0 56 0129 012 0123456789 0123456789
1 2 9 1 3 4 0 678 0123456789 012 0123456789 0123456789
1 2 9 1 3 4 0 8 012345 012 0123456789 0123456789
1 2 9 1 3 4 0 8 56789 012 0123456789 0123456789
1 2 9 1 3 4 0 89 0129 012 0123456789 0123456789
1 2 9 1 3 4 0 9 2345 012 0123456789 0123456789
1 2 9 1 3 4 01 09 056789 012 0123456789 0123456789
1 2 9 1 3 4 1 0 012345 012 0123456789 0123456789
1 2 9 1 3 4 1 01 056789 012 0123456789 0123456789
1 2 9 1 3 4 1 1 01234567 012 0123456789 0123456789
1 2 9 1 3456 0123456789 012 0123456789 0123456789 012 0123456789 0123456789
1 2 9 12 0126789 0123456789 012 0123456789 0123456789 012 01234569 02345678
1 2 9 2 2345 0123456789 012 0123456789 0123456789 012 0123456789 0123456789
1 2 9 2 5 0 0 0 1234567 012 0123456789 0123456789
1 2 9 2 5 0 0 01234567 0123456789 012 0123456789 0123456789
1 23 09 02 05 012345 012 0123456789 0123456789 012 0123456789 0123456789
1 3 0 0 01234 0123456789 012 0123456789 0123456789 012 0123456789 012346789
1 3 0 0 4 1 01 0123456789 0123456789 012 0123456789 0123456789
1 3 0 0 4 123456789 012 0123456789 0123456789 012 0123456789 012468
1 3 0 0 456789 0123456789 012 0123456789 0123456789 012 0123456789 012345689
1 3 0 01 019 0123456789 012 0123456789 0123456789 012 0123456789 0123456789
1 3 0 1 1 7 0 012345 0123456789 012 0123456789 0123456789
1 3 0 1 12345 0123456789 012 0123456789 0123456789 012 0123456789 0123456789
1 3 0 1 56789 0123456789 012 0123456789 0123456789 01 01236 02345678
1 3 0 12 012349 0123456789 012 0123456789 0123456789 012 0123456789 0123456789
1 3 0 2 4 4 012 0123456789 0123456789 012 0123456789 0123456789
1 3 01 02 045 0123456789 012 0123456789 0123456789 012 0123456789 0123456789
1 3 1 0 0123456 0123456789 012 0123456789 0123456789 0 0 0
1 3 1 0 67 0123456789 012 0123456789 0123456789 0 0 0
1 3 1 0 789 0123456789 012 0123456789 0123456789 0 0 0
1 3 1 01 012349 0123456789 012 0123456789 0123456789 012 0123456789 012345678
1 3 1 1 456 0123456789 012 0123456789 0123456789 012 0124569 02346789
1 3 1 12 0126789 0123456789 012 0123456789 0123456789 01 01234679 012346789
1 3 1 2 2 12345678 012 0123456789 0123456789 012 0123456789 0123456789
1 3 1 2 2 89 012 02345 0123456789 012 0123456789 0123456789
1 3 1 2 2 9 1 456 0123456789 01 0123456789 0123456789
1 3 1 2 2 9 1 678 0123456789 01 0123456789 0123456789
1 3 1 2 2 9 1 89 012345689 01 0123456789 0123456789
1 3 1 2 2 9 12 09 023456789 01 0123456789 0123456789
1 3 1 2 2 9 2 01 0123456789 01 012345679 0123456789
1 3 1 2 2 9 2 123 0123456789 01 012345679 0123456789
1 3 1 2 2345 0123456789 012 0123456789 0123456789 01 012345679 0123456789
1 3 12 02 012345 0123456789 012 0123456789 0123456789 012 01234689 02468
1 3 2 012 0123456789 0123456789 012 0123456789 0123456789 012 012689 02345678
1 3 2 2 234 0123456789 012 0123456789 0123456789 012 0123456789 02468
1 3 23 012 0123456789 0123456789 012 0123456789 0123456789 012 0123456789 024689
1 3 34 012 0123456789 0123456789 012 0123456789 0123456789 012 0123456789 0123456789
1 3 4 0 01234567 0123456789 012 0123456789 0123456789 012 0123456789 0123456789
1 3 4 01 01789 0123456789 012 0123456789 0123456789 012 0123456789 0123456789
1 3 4 1 12345 0123456789 012 0123456789 0123456789 012 0123456789 0123456789
1 3 4 1 56789 0123456789 012 0123456789 0123456789 012 0123456789 0123456789
1 3 4 12 0129 0123456789 012 0123456789 0123456789 012 0123456789 0123456789
1 3 4 2 23 0123456789 012 0123456789 0123456789 012 012346789 0123456789
1 3 4 2 3 12345678 012 0123456789 0123456789 012 0123456789 0123456789
1 3 45 02 012345 0123456789 012 0123456789 0123456789 012 01234569 0245678
1 3 5 01 03456789 0123456789 012 0123456789 0123456789 012 0123456789 0123456789
1 3 5 1 0123456 0123456789 012 0123456789 0123456789 012 012346789 012345678
1 3 56 012 0123456789 0123456789 012 0123456789 0123456789 01 01234678 012456789
1 3 6 0 012 01234689 012 0123456789 0123456789 012 0123456789 0123456789
1 3 6 0 2 3 0 012345 0123456789 012 0123456789 0123456789
1 3 6 01 0123469 0123456789 012 012345679 0123456789 012 0123456789 0123456789
1 3 6 12 0456789 0123456789 012 0123456789 0123456789 012 0123456789 0123456789
1 3 6 2 012 0123456789 012 0123456789 0123456789 01 0123456789 02468
1 3 6 2 23 012456789 012 0123456789 0123456789 012 0123456789 02468
1 3 67 02 0123456 0123456789 012 0123456789 0123456789 012 012346789 0123456789
1 3 7 0 678 0123456789 012 0123456789 0123456789 012 0123456789 0123456789
1 3 7 0 89 01348 012 0123456789 0123456789 012 0123456789 0123456789
1 3 7 01 012345679 0123456789 012 0123456789 0123456789 0 0 0
1 3 7 12 012789 0123456789 012 0123456789 0123456789 012 0123456789 0123456789
1 3 7 2 23 0123456789 012 0123456789 0123456789 012 0123456789 0234568
1 3 78 02 012345 0123456789 012 0123456789 0123456789 012 0123456789 01245678
1 3 8 0 23456 0123456789 012 0123456789 0123456789 012 01234569 012345678
1 3 8 01 06789 0123456789 012 0123456789 0123456789 01 02679 0268
1 3 8 1 012 0123456789 012 0123456789 0123456789 01 01236 02468
1 3 8 1 23 0123456789 012 0123456789 0123456789 012 012345689 02345689
1 3 8 1 345678 0123456789 012 0123456789 0123456789 0 0 0
1 3 8 12 0189 0123456789 012 0123456789 0123456789 012 012345679 01234568
1 3 8 2 12345 0123456789 012 0123456789 0123456789 012 0123456789 012345678
1 3 89 02 015 0123456789 012 0123456789 0123456789 012 012346789 01234689
1 3 9 0 1234 0123456789 012 0123456789 0123456789 012 01234569 0123456789
1 3 9 0 4567 0123456789 012 0123456789 0123456789 012 0123456789 0123456789
1 3 9 01 0123789 0123456789 012 0123456789 0123456789 012 01234569 0124568
1 3 9 1 34567 0123456789 012 0123456789 0123456789 012 0123456789 0123456789
1 3 9 12 01234789 0123456789 012 0123456789 0123456789 012 01234689 02345689
1 34 09 02 0145 012345678 012 0123456789 0123456789 0 0 0
1 4 0 0 12345678 0123456789 012 0123456789 0123456789 01 0123456789 023456789
1 4 0 01 0123489 0123456789 012 0123456789 0123456789 012 0249 0248
1 4 0 1 4567 0123456789 012 0123456789 0123456789 012 0123456789 0123456789
1 4 0 12 0789 0123456789 012 0123456789 0123456789 01 01269 02468
1 4 0 2 0123 0123456789 012 0123456789 0123456789 012 0123679 023468
1 4 0 2 4 012345678 012 0123456789 0123456789 012 0123456789 02468
1 4 0 2 4 8 0 345 0123456789 012 0123456789 0123456789
1 4 0 2 4 8 0 5 678 012 0123456789 0123456789
1 4 0 2 4 8 0 56 089 012 0123456789 0123456789
1 4 0 2 4 8 0 6 012 012 0123456789 0123456789
1 4 0 2 4 8 012 0123456789 0123456789 012 0123456789 0123456789
1 4 01 02 012345 0123456789 012 0123456789 0123456789 012 0123456789 0123456789
1 4 1 01 03456789 0123456789 012 0123456789 0123456789 012 0123456789 0123456789
1 4 1 1 0123 0123456789 012 0123456789 0123456789 012 0234569 012348
1 4 1 1 3 6 01 04569 0123456789 012 0123456789 0123456789
1 4 1 1 3456 0123456789 012 0123456789 0123456789 012 0123456789 0123456789
1 4 1 1 6789 0123456789 012 0123456789 0123456789 012 0123456789 012345678
1 4 1 12 01239 0123456789 012 0123456789 0123456789 012 0123456789 012345678
1 4 12 02 012345 0123456789 012 0123456789 0123456789 012 0123456789 0123456789
1 4 2 0 234 0123456789 012 0123456789 0123456789 012 0123456789 0123456789
1 4 2 0 4567 0123456789 012 0123456789 0123456789 012 012345689 0123456789
1 4 2 0 7 7 012 0123456789 012345678 01 0123456789 0123456789
1 4 2 0 7 7 2 02 012345678 012 0123456789 0123456789
1 4 2 0 7 7 2 23 01789 012 0123456789 0123456789
1 4 2 0 7 7 2 3 1234567 012 0123456789 0123456789
1 4 2 01 0123789 0123456789 012 0123456789 0123456789 012 0123469 012456789
1 4 2 1 34567 0123456789 012 0123456789 0123456789 012 0123469 024689
1 4 2 12 01789 0123456789 012 0123456789 0123456789 012 01234689 0234689
1 4 2 2 1234 0123456789 012 0123456789 0123456789 01 01236 0124568
1 4 2 2 45 089 012 0123456789 0123456789 012 0123456789 0123456789
1 4 2 2 5 0 0 56 016789 012 0123456789 0123456789
1 4 2 2 5 0 01 0123456789 0123456789 012 0123456789 0123456789
1 4 2 2 5 0 1 6 01234 012 0123456789 0123456789
1 4 2 2 5 0 1 6 45678 012 0123456789 0123456789
1 4 2 2 5 0 1 67 01289 012 0123456789 0123456789
1 4 2 2 5 0 1 78 0123456789 012 0123456789 0123456789
1 4 2 2 5 0 12 0189 0123456789 012 0123456789 0123456789
1 4 2 2 5 0 2 12 023456789 012 0123456789 0123456789
1 4 2 2 5 0 2 2 456789 012 0123456789 0123456789
1 4 2 2 5 0 2 23 012349 012 0123456789 0123456789
1 4 2 2 5 0 2 3 456789 012 0123456789 0123456789
1 4 2 2 5 01 02 012345 0123456789 012 0123456789 0123456789
1 4 2 2 5 1 0 5 123456 012 0123456789 0123456789
1 4 2 2 5 1 0 56 012456789 012 0123456789 0123456789
1 4 2 2 5 1 0 67 056789 012 0123456789 0123456789
1 4 2 2 5 1 0 7 0123456789 012 0123456789 0123456789
1 4 2 2 5 1 01 012346789 0123456789 012 0123456789 0123456789
1 4 2 2 5 1 1 9 456789 012 0123456789 0123456789
1 4 2 2 5 1 12 09 01234569 012 0123456789 0123456789
1 4 2 2 5 1 2 012 0123456789 012 0123456789 0123456789
1 4 2 2 5 1 2 23 012389 012 0123456789 0123456789
1 4 2 2 5 1 2 3 345678 012 0123456789 0123456789
1 4 2 2 5 1 2 34 012389 012 0123456789 0123456789
1 4 2 2 5 1 2 4 345678 012 0123456789 0123456789
1 4 2 2 5 1 2 45 0123489 012 0123456789 0123456789
1 4 23 02 015 01234589 012 0123456789 0123456789 012 0123456789 0123456789
1 4 3 0 12 045678 012 0123456789 0123456789 012 0123456789 0123456789
1 4 3 0 234567 0123456789 012 0123456789 0123456789 01 01236 012468
1 4 3 01 0789 0123456789 012 0123456789 0123456789 01 01269 02468
1 4 3 1 01234 0123456789 012 0123456789 0123456789 01 01269 02468
1 4 3 12 0456789 0123456789 012 0123456789 0123456789 01 02456789 0245678
1 4 3 2 012345 0123456789 012 0123456789 0123456789 01 0123456789 0123456789
1 4 34 02 015 0123456789 012 0123456789 0123456789 012 01234679 0123456789
1 4 4 0 12 06789 012 0123456789 0123456789 012 0123456789 0123456789
1 4 4 0 23 0123456789 012 0123456789 0123456789 012 0123456789 0123456789
1 4 4 0 34 0123456789 012 0123456789 0123456789 012 0123456789 0123456789
1 4 4 0 4567 0123456789 012 0123456789 0123456789 012 01234679 0234568
1 4 4 01 0789 0123456789 012 0123456789 0123456789 012 012369 02468
1 4 4 1 012 0123456789 012 0123456789 0123456789 012 023469 02468
1 4 4 1 234567 0123456789 012 0123456789 0123456789 012 0123456789 02468
1 4 4 1 789 0123456789 012 0123456789 0123456789 012 0123456789 0123456789
1 4 4 12 0129 0123456789 012 0123456789 0123456789 012 0123456789 0123456789
1 4 45 02 012345 0123456789 012 0123456789 0123456789 012 0123456789 0123456789
1 4 5 0 1234567 0123456789 012 0123456789 0123456789 01 0123456 012468
1 4 5 012 0123456789 0123456789 012 0123456789 0123456789 01 023469 0124689
1 4 5 2 234 0123456789 012 0123456789 0123456789 012 0123456789 0123456789
1 4 56 02 0145 0123456789 012 0123456789 0123456789 012 012346789 01234678
1 4 6 0 1234567 0123456789 012 0123456789 0123456789 012 0123456789 0123456789
1 4 6 0 7 012345 012 0123456789 0123456789 012 0123456789 024568
1 4 6 0 7 5 1 6789 0123456789 012 0123456789 02468
1 4 6 0 78 01256789 012 0123459 0123456789 012 0123456789 0123456789
1 4 6 01 0189 0123456789 012 0123456789 0123456789 012 01236789 023456789
1 4 6 1 12345 0123456789 012 0123456789 0123456789 012 0123469 01234568
1 4 6 1 5678 0123456789 012 0123456789 0123456789 012 0123456789 0123456789
1 4 6 12 089 0123456789 012 0123456789 0123456789 012 0123456789 0123456789
1 4 6 2 01234 0123456789 012 0123456789 0123456789 012 01234569 012345689
1 4 6 2 4 7 12 06789 0123456789 012 0123456789 0123456789
1 4 67 02 01245 0123456789 012 0123456789 0123456789 012 0123456789 0123456789
1 4 7 0 23456 0123456789 012 0123456789 0123456789 012 012346789 01246789
1 4 7 0 67 0123456789 012 0123456789 0123456789 012 0123456789 0123456789
1 4 7 0 7 56789 012 0123456789 0123456789 012 0123456789 0123456789
1 4 7 01 0123789 0123456789 012 0123456789 0123456789 01 0123469 024568
1 4 7 1 3456 0123456789 012 0123456789 0123456789 012 0123456789 0123456789
1 4 7 1 678 0123456789 012 0123456789 0123456789 012 01234679 01245689
1 4 7 12 012389 0123456789 012 0123456789 0123456789 012 01234569 012346789
1 4 7 2 34 0123789 012 0123456789 0123456789 012 012346789 01234568
1 4 7 2 4 3489 012 0123456789 0123456789 012 012346789 023456789
1 4 78 02 01345 0123456789 012 0123456789 0123456789 012 0123456789 0123456789
1 4 8 0 5678 0123456789 012 0123456789 0123456789 012 0123469 023468
1 4 8 01 01289 0123456789 012 0123456789 0123456789 012 0123456789 0123456789
1 4 8 1 2345 0123456789 012 0123456789 0123456789 012 0123456789 0123456789
1 4 8 1 567 0123456789 012 0123456789 0123456789 012 0123456789 0123456789
1 4 8 12 012789 0123456789 012 0123456789 0123456789 012 0123469 02345678
1 4 8 2 23 023456789 012 0123456789 0123456789 012 0123456789 0123456789
1 4 8 2 34 0123456789 012 0123456789 0123456789 012 0123456789 0123456789
1 4 89 02 045 012345789 012 0123456789 0123456789 012 0123456789 0123456789
1 4 9 0 0 56 012 0123456789 0123456789 012 0123456789 0123456789
1 4 9 0 0 67 012 0123456789 0123456789 012 0123456789 0123456789
1 4 9 0 01 01789 012 0123456789 0123456789 012 0123456789 02345678
1 4 9 0 1 1234 012 0123456789 0123456789 012 0123456789 0123456789
1 4 9 0 1 456789 012 0123456789 0123456789 012 0123456789 0123456789
1 4 9 0 123 0123456789 012 0123456789 0123456789 012 0123456789 023456789
1 4 9 0 34 0456789 012 0123456789 0123456789 012 0123456789 023456789
1 4 9 0 4567 0123456789 012 0123456789 0123456789 012 0123456789 0123456789
1 4 9 0 789 0123456789 012 0123456789 0123456789 012 0123456789 0245678
1 4 9 0 9 6 012 012346789 0123456789 012 0123456789 0123456789
1 4 9 01 09 012346789 012 0123456789 0123456789 012 0123456789 012345689
1 4 9 1 012 0123456789 012 0123456789 0123456789 01 02346789 0124568
1 4 9 1 23456 0123456789 012 0123456789 0123456789 012 0123456789 012346789
1 4 9 12 01236789 0123456789 012 0123456789 0123456789 012 0123456789 012345689
1 45 09 02 0123456789 0123456789 012 0123456789 0123456789 01 012346789 02345678
1 5 0 01 0129 0123456789 012 0123456789 0123456789 012 0123456789 0123456789
1 5 0 1 234567 0123456789 012 0123456789 0123456789 012 0123456789 0123456789
1 5 0 12 012789 0123456789 012 0123456789 0123456789 012 0123456789 0123456789
1 5 0 2 234 0123456789 012 0123456789 0123456789 012 0123456789 01234689
1 5 01 02 0134568 0123456789 012 0123456789 0123456789 012 0123456789 012345689
1 5 1 01 012389 0123456789 012 0123456789 0123456789 012 0123456789 012346789
1 5 1 1 3456 0123456789 012 0123456789 0123456789 012 01234569 0234568
1 5 1 1 678 0123456789 012 0123456789 0123456789 012 012345689 0123456789
1 5 1 12 089 0123456789 012 0123456789 0123456789 012 0123456789 0123456789
1 5 1 2 01234 0123456789 012 0123456789 0123456789 012 0123456789 0123456789
1 5 1 2 4 012 012 0123456789 0123456789 012 012346789 02468
1 5 1 2 4 234 012 0123456789 0123456789 012 0123456789 012346789
1 5 1 2 4 4567 012 0123456789 0123456789 012 0123456789 0123456789
1 5 1 2 4 78 012 0123456789 0123456789 012 0123456789 0123456789
1 5 12 02 012345 0123456789 012 0123456789 0123456789 012 0123456789 0123456789
1 5 2 0 345678 0123456789 012 0123456789 0123456789 01 01236 023468
1 5 2 01 0189 0123456789 012 0123456789 0123456789 012 0123456789 0123456789
1 5 2 1 123456 0123456789 012 0123456789 0123456789 012 0123456789 0124689
1 5 2 12 01236789 0123456789 012 0123456789 0123456789 012 012346789 012345678
1 5 23 02 012345 0123456789 012 0123456789 0123456789 012 012345679 02468
1 5 3 0 2345 0123456789 012 0123456789 0123456789 012 012369 02468
1 5 3 0 5678 023456789 012 0123456789 0123456789 012 02369 0248
1 5 3 0 89 01245689 012 0123456789 0123456789 012 0123456789 0123456789
1 5 34 012 012459 0123456789 012 0123456789 0123456789 012 01234569 0123456789
1 5 4 0 01 0123456789 012 0123456789 0123456789 012 012345689 0234689
1 5 4 0 1 234 012 0123456789 0123456789 012 0123456789 023456789
1 5 4 0 1 4 0 12 0123456789 012 0123456789 0123456789
1 5 4 0 1 4 0 23 0123456789 012 0123456789 0123456789
1 5 4 0 1 4 0 345 0123456789 012 0123456789 0123456789
1 5 4 0 1 4 0 56 0123456789 012 0123456789 0123456789
1 5 4 0 1 4 0 67 0123456789 012 0123456789 0123456789
1 5 4 0 1 4 0 789 0123456789 012 0123456789 0123456789
1 5 4 0 1 4 01 0129 0123456789 012 0123456789 012346789
1 5 4 0 1 4 1 23 0123456789 012 0123456789 0123456789
1 5 4 0 1 4 1 34 0123456789 012 0123456789 0123456789
1 5 4 0 1 4 1 45 0123456789 012 0123456789 0123456789
1 5 4 0 1 4 1 56 0123456789 012 0123456789 0123456789
1 5 4 0 1 4 1 6789 0123456789 012 0123456789 0123456789
1 5 4 0 1 4 12 01239 0123456789 012 0123456789 0123456789
1 5 4 0 1 4 2 34 0123456789 012 0123456789 02345689
1 5 4 0 1 4567 012 0123456789 0123456789 012 0123456789 0123456789
1 5 4 0 12 012789 012 0123456789 0123456789 012 0123456789 0123456789
1 5 4 0 2 234 012 0123456789 0123456789 012 0123456789 0123456789
1 5 4 0 2 4 0 2345 0123456789 012 0123456789 0123456789
1 5 4 0 2 4 0 56789 0123456789 012 0123456789 0123456789
1 5 4 0 2 45 01 0129 0123456789 012 0123456789 0123456789
1 5 4 0 2 5 0 01 012345689 012 0123456789 0123456789
1 5 4 0 2 56 01 01236 0123456789 012 0123456789 0123456789
1 5 4 0 2 6 0 0123 0123456789 012 0123456789 0123456789
1 5 4 0 2 6 0 34 023468 012 0123456789 0123456789
1 5 4 0 2 6 01 01456789 0123456789 012 0123456789 0123456789
1 5 4 0 23 0123456789 012 0123456789 0123456789 01 01234689 02346789
1 5 4 0 34 012345689 012 0123456789 0123456789 01 0123456789 01234568
1 5 4 0 4 6789 012 0123456789 0123456789 012 0123456789 0123456789
1 5 4 0 45 0129 012 0123456789 0123456789 012 0123456789 0123456789
1 5 4 0 5 234 012 0123456789 0123456789 012 0123456789 0123456789
1 5 4 0 5 4 0 23 0123456789 012 0123456789 0123456789
1 5 4 0 5 4 0 345 0123456789 012 0123456789 0123456789
1 5 4 0 5 4 0 56 012345679 012 0123456789 0123456789
1 5 4 0 5 4 0 678 0123456789 012 0123456789 0123456789
1 5 4 0 5 4 01 012389 0123456789 012 0123456789 0123456789
1 5 4 0 5 4 1 3467 0123456789 012 0123456789 0123456789
1 5 4 0 5 45678 012 0123456789 0123456789 012 0123456789 0123456789
1 5 4 0 56 01289 012 0123456789 0123456789 012 0123456789 012346789
1 5 4 0 6 23456 012 0123456789 0123456789 012 0123456789 0123456789
1 5 4 0 67 01236789 012 0123456789 0123456789 012 0123456789 0123456789
1 5 4 0 78 0123456 012 0123456789 0123456789 01 012346 0124568
1 5 4 0 89 01236789 012 0123456789 0123456789 012 0123456789 01234689
1 5 4 01 01245679 0123456789 012 0123456789 0123456789 012 012345679 0123456789
1 5 4 12 09 03456789 012 0123456789 0123456789 012 012345679 012345689
1 5 4 2 0 01234567 012 0123456789 0123456789 012 0123456789 01234568
1 5 4 2 01 0123456789 012 0123456789 0123456789 012 01234569 0123468
1 5 45 02 01234 0123456789 012 0123456789 0123456789 012 0123456789 02468
1 5 5 0 012 0123456789 012 0123456789 0123456789 012 0123456789 012468
1 5 5 0 2345 0123456789 012 0123456789 0123456789 012 01234569 01246789
1 5 5 01 056789 0123456789 012 0123456789 0123456789 012 0129 02468
1 5 5 1 01 0123456789 012 0123456789 0123456789 01 012369 023468
1 5 5 1 12345 0123456789 012 0123456789 0123456789 012 0123469 02456789
1 5 5 1 56789 0123456789 012 0123456789 0123456789 01 0123456789 0123456789
1 5 5 1 9 0 0 34567 0123456789 012 0123456789 0123456789
1 5 5 12 019 0123456789 012 0123456789 0123456789 012 0123456789 01234678
1 5 5 2 12345 0123456789 012 0123456789 0123456789 012 012345689 01234689
1 5 56 02 012345 0123456789 012 0123456789 0123456789 01 012369 02468
1 5 6 0 456 0123456789 012 0123456789 0123456789 012 012346789 0124678
1 5 6 01 06789 0123456789 012 0123456789 0123456789 01 01236 02468
1 5 6 1 012345 0123456789 012 0123456789 0123456789 012 0123456789 023456789
1 5 6 12 2569 02456789 012 0123456789 0123456789 012 0123456789 023456789
1 5 6 2 23 0123789 012 0123456789 0123456789 01 012346789 012346789
1 5 6 2 34 03456789 012 0123456789 0123456789 012 012456789 012456789
1 5 6 2 4 01234567 012 0123456789 0123456789 01 026789 02468
1 5 6 2 45 012345789 012 0123456789 0123456789 012 01234679 0123456789
1 5 67 02 015 0123456789 012 0123456789 0123456789 012 0123456789 012345678
1 5 7 0 12 012356789 012 0123456789 0123456789 01 0123456789 0123456789
1 5 7 0 2345 012345678 012 0123456789 0123456789 012 0123456789 0123456789
1 5 7 0 56 0123456789 012 0123456789 0123456789 012 0123456789 02468
1 5 7 01 016789 0123456789 012 0123456789 0123456789 012 0123456789 0123456789
1 5 7 1 12345 0123456789 012 0123456789 0123456789 012 0123456789 0123456789
1 5 7 1 56 012456789 012 0123456789 0123456789 012 0123456789 0123456789
1 5 7 1 6 7 2 23 0789 012 0123456789 0123456789
1 5 7 1 6 7 2 3 0123 012 0123456789 0123456789
1 5 7 1 6 7 2 3 345678 012 0123456789 0123456789
1 5 7 1 6 7 2 34 089 012 0123456789 0123456789
1 5 7 12 06789 0123456789 012 0123456789 0123456789 012 0123456789 0123456789
1 5 7 2 0123 0123456789 012 0123456789 0123456789 012 0123456789 012345678
1 5 7 2 34 089 012 01234569 0123456789 012 0123456789 0123456789
1 5 7 2 4 0 0 6 56789 012 0123456789 0123456789
1 5 7 2 4 0 0 67 01239 012 0123456789 0123456789
1 5 7 2 4 0 0 7 34567 012 0123456789 0123456789
1 5 7 2 4 0 0 78 012789 012 0123456789 0123456789
1 5 7 2 4 0 0 8 23456 012 0123456789 0123456789
1 5 7 2 4 0 0 89 06789 012 0123456789 0123456789
1 5 7 2 4 0 0 9 012345 012 0123456789 0123456789
1 5 7 2 4 0 012 0123456789 0123456789 012 0123456789 0123456789
1 5 78 02 0145 0123456789 012 0123456789 0123456789 01 02689 0468
1 5 8 0 12345 0123456789 012 0123456789 0123456789 012 0123456789 0123456789
1 5 8 0 56789 0123456789 012 0123456789 0123456789 012 01234569 02345678
1 5 8 01 012349 0123456789 012 0123456789 0123456789 012 0123456789 01234689
1 5 8 1 4567 0123456789 012 0123456789 0123456789 012 0123456789 0123456789
1 5 8 12 012789 0123456789 012 0123456789 0123456789 012 0123456789 0124568
1 5 8 2 234 0123456789 012 0123456789 0123456789 012 0123456789 0123456789
1 5 89 02 045 01245789 012 0123456789 0123456789 012 0123456789 0123456789
1 5 9 0 0123 0123456789 012 0123456789 0123456789 012 0123456789 01234689
1 5 9 0 3456 0123456789 012 0123456789 0123456789 012 0123456789 0123456789
1 5 9 0 6 123456 012 0123456789 012345689 012 0123456789 0123456789
1 5 9 01 016789 0123456789 012 0123456789 0123456789 01 026789 0124678
1 5 9 1 123 0123456789 012 0123456789 0123456789 01 0123456789 0123456789
1 5 9 1 345 0123456789 012 0123456789 0123456789 01 01234569 023468
1 5 9 1 56789 0123456789 012 0123456789 0123456789 012 01234569 0124689
1 5 9 12 01239 0123456789 012 0123456789 0123456789 012 012345679 0123456789
1 5 9 2 345 0123456789 012 0123456789 0123456789 012 0123456789 0123456789
1 56 09 02 015 0123456789 012 0123456789 0123456789 012 01236789 0124678
1 6 0 0 12 01234589 012 0123456789 0123456789 012 012346789 012345689
1 6 0 0 23 01235678 012 0123456789 0123456789 012 012346789 0123456789
1 6 0 0 3456789 0123456789 012 0123456789 0123456789 012 0234689 012468
1 6 0 01 01239 0123456789 012 0123456789 0123456789 012 01234569 012468
1 6 0 1 3456789 0123456789 012 0123456789 0123456789 01 01236 012468
1 6 0 12 0129 0123456789 012 0123456789 0123456789 012 0123456789 0123456789
1 6 0 2 234 0123456789 012 0123456789 0123456789 01 023456789 01246789
1 6 0 2 4 2345678 012 0123456789 0123456789 012 0123456789 0123456789
1 6 01 02 012345 0123456789 012 0123456789 0123456789 012 01236789 012345689
1 6 1 0 3456 0123456789 012 0123456789 0123456789 012 0123456789 0123456789
1 6 1 0 6 9 0 01 0123456789 01 0123456789 0123456789
1 6 1 0 6 9 0 1234 012345689 01 0123456789 0123456789
1 6 1 0 6 9 0 456 0123456789 01 0123456789 0123456789
1 6 1 0 6 9 0 67 0123456789 01 0123456789 0123456789
1 6 1 0 6 9 0 78 012456789 01 012345679 0123456789
1 6 1 0 6 9 01 089 0123456789 01 012345679 0123456789
1 6 1 0 6 9 1 01 0123456789 01 0123456789 0123456789
1 6 1 01 06789 0123456789 012 0123456789 0123456789 01 01234569 0123456789
1 6 1 1 0123 0123456789 012 0123456789 0123456789 012 0123469 0245678
1 6 1 1 3456 0123456789 012 0123456789 0123456789 01 01236 02468
1 6 1 12 06789 0123456789 012 0123456789 0123456789 012 0123456789 01245678
1 6 1 2 01234 0123456789 012 0123456789 0123456789 0 0 0
1 6 12 02 0145 0123456789 012 0123456789 0123456789 012 0123456789 0123456789
1 6 2 0 1 01234 012 01234579 0123456789 012 0123456789 0123456789
1 6 2 0 1234 0123456789 012 0123456789 0123456789 012 0123456789 02345678
1 6 2 0 456 0123456789 012 0123456789 0123456789 012 0123456789 0123456789
1 6 2 0 6789 0123456789 012 0123456789 0123456789 012 0123456789 0123456789
1 6 2 01 019 0123456789 012 0123456789 0123456789 012 0123456789 0123456789
1 6 2 1 12 0456789 012 0123456789 0123456789 012 0123456789 0123456789
1 6 2 1 2 0 1 567 0123456789 012 0123456789 0123456789
1 6 2 1 2 0 1 78 0123456789 012 0123456789 0123456789
1 6 2 1 2 0 12 089 0123456789 012 0123456789 0123456789
1 6 2 1 2 0 2 01 0123456789 012 0123456789 0123456789
1 6 2 1 2 0 2 123 0123456789 012 0123456789 0123456789
1 6 2 1 2 012345678 012 0123456789 0123456789 012 0123456789 0123456789
1 6 2 1 234 0123456789 012 0123456789 0123456789 012 0123456789 0123456789
1 6 2 12 045679 012345689 012 0123456789 0123456789 012 0123456789 0123456789
1 6 2 2 01 012389 012 0123456789 0123456789 012 0123456789 0123456789
1 6 2 2 12 03456789 012 0123456789 0123456789 012 0123456789 0123456789
1 6 2 2 24 01234 012 0123456789 0123456789 012 0123456789 0123456789
1 6 2 2 4 12345678 012 0123456789 0123456789 012 0123456789 0123456789
1 6 2 2 45 01289 012 0123456789 0123456789 012 01234679 012456789
1 6 23 02 05 012345 012 0123456789 0123456789 012 0123456789 0123456789
1 6 3 0 01234 0123456789 012 0123456789 0123456789 012 0123456789 0123456789
1 6 3 0 4567 0123456789 012 0123456789 0123456789 012 0123456789 0123456789
1 6 3 01 01789 0123456789 012 0123456789 0123456789 01 0123456789 0123456789
1 6 3 1 1 6 1 3456 0123456789 012 0123456789 0123456789
1 6 3 1 1 6 1 67 0123456789 012 0123456789 0123456789
1 6 3 1 1 6 1 789 0123456789 012 0123456789 0123456789
1 6 3 1 1 6 12 0129 0123456789 012 0123456789 0123456789
1 6 3 1 1 6 2 234 0123456789 01 0123456789 0123456789
1 6 3 1 12 0123456789 012 0123456789 0123456789 012 0123456789 0123456789
1 6 3 1 234567 0123456789 012 0123456789 0123456789 01 0123469 0123456789
1 6 3 1 7 2 01 1269 0123456789 012 0123456789 0123456789
1 6 3 1 7 234567 012 01234569 0123456789 012 0123456789 0123456789
1 6 3 1 789 0123456789 012 0123456789 0123456789 012 0123456789 012345678
1 6 3 12 01239 0123456789 012 0123456789 0123456789 01 01236 023468
1 6 34 02 012345 0123456789 012 0123456789 0123456789 012 01234569 02468
1 6 4 0 34567 0123456789 012 0123456789 0123456789 012 0123456789 012346789
1 6 4 01 01789 0123456789 012 0123456789 0123456789 01 0234569 0245678
1 6 4 1 123 0123456789 012 0123456789 0123456789 012 012346789 0123456789
1 6 4 1 345 0123456789 012 0123456789 0123456789 012 0123456789 0123456789
1 6 4 12 012356789 0123456789 012 0123456789 0123456789 012 01234569 0234568
1 6 45 02 0345 012456789 012 0123456789 0123456789 012 0123456789 0123456789
1 6 5 0 0 1 12 019 023456789 012 0123456789 0123456789
1 6 5 0 0 1 2 1234 0123456789 012 0123456789 0123456789
1 6 5 0 0123456 0123456789 012 0123456789 0123456789 012 0123456789 0123456789
1 6 5 0 678 0123456789 012 0123456789 0123456789 012 0123456789 0123456789
1 6 5 0 8 567 012 0123456789 0123456789 012 0123456789 0123456789
1 6 5 0 89 0123456789 012 0123456789 0123456789 012 0123456789 0123456789
1 6 5 01 0129 0123456789 012 0123456789 0123456789 01 02345689 0124568
1 6 5 1 2345 0123456789 012 0123456789 0123456789 01 024569 02468
1 6 5 1 56789 0123456789 012 0123456789 0123456789 012 012346789 012468
1 6 5 12 0129 0123456789 012 0123456789 0123456789 012 0123456789 01245689
1 6 5 2 2 01234567 012 0123456789 0123456789 012 0123456789 0123456789
1 6 5 2 2345 0123456789 012 0123456789 0123456789 012 012345679 0123456789
1 6 56 02 05 0145 012 0123456789 0123456789 012 0123456789 0123456789
1 6 6 0 012 0124689 012 0123456789 0123456789 012 0123456789 0123456789
1 6 6 0 234 0123456789 012 0123456789 0123456789 01 0123456789 012345678
1 6 6 0 4 9 12 012346789 0123456789 012 0123456789 0123456789
1 6 6 0 456 0123456789 012 0123456789 0123456789 012 0123456789 0124689
1 6 6 0 678 0123456789 012 0123456789 0123456789 012 012369 0234689
1 6 67 012 0123456789 0123456789 012 0123456789 0123456789 01 023456 024568
1 6 7 0 012 0123456789 012 0123456789 0123456789 01 012346789 012345678
1 6 7 0 2345678 0123456789 012 0123456789 0123456789 01 01234569 012345689
1 6 7 0 89 012346789 012 0123456789 0123456789 012 0123456789 0123456789
1 6 7 01 012349 0123456789 012 0123456789 0123456789 0 0 0
1 6 7 1 456 0123456789 012 0123456789 0123456789 012 012346789 01234568
1 6 7 1 678 0123456789 012 0123456789 0123456789 01 026789 02468
1 6 7 12 0189 0123456789 012 0123456789 0123456789 012 0123456789 0123456789
1 6 7 2 1234 0123456789 012 0123456789 0123456789 012 01236789 012345689
1 6 78 02 045 0123456789 012 0123456789 0123456789 012 012369 01234568
1 6 8 0 012345678 0123456789 012 0123456789 0123456789 01 01236 02468
1 6 8 01 089 0123456789 012 0123456789 0123456789 012 01234679 0123456789
1 6 8 1 01234 0123456789 012 0123456789 0123456789 01 026789 024568
1 6 8 1 45 0123456789 012 0123456789 0123456789 012 0123456789 01234689
1 6 8 1 5678 0123456789 012 0123456789 0123456789 0 0 0
1 6 8 1 89 0123456789 012 0123456789 0123456789 012 0123456789 0124689
1 6 8 12 09 0123456789 012 0123456789 0123456789 012 0123456789 0123456789
1 6 8 2 012 0123456789 012 0123456789 0123456789 012 0123456789 0123456789
1 6 8 2 23 0123456789 012 0123456789 0123456789 012 012346789 0123456789
1 6 8 2 34 0123456789 012 0123456789 0123456789 01 0126789 02468
1 6 89 02 01345 0123456789 012 0123456789 0123456789 012 0123456789 0123456789
1 6 9 01 2356 0123456789 012 0123456789 0123456789 012 0123456789 0123456789
1 6 9 1 345 0123456789 012 0123456789 0123456789 012 01234569 0123456789
1 6 9 12 025679 0123456789 012 0123456789 0123456789 012 0123456789 0123456789
1 67 09 02 02345 0123456789 012 0123456789 0123456789 012 012345679 0123456789
1 7 0 0 012 0123456789 012 0123456789 0123456789 012 0123456789 0123456789
1 7 0 0 23 0123456789 012 0123456789 0123456789 01 0123689 012468
1 7 0 0 3456 0123456789 012 0123456789 0123456789 01 0123689 024689
1 7 0 0 67 0123456789 012 0123456789 0123456789 012 012345679 01234678
1 7 0 0 78 012456789 012 0123456789 0123456789 012 0123469 024689
1 7 0 01 089 0123456789 012 0123456789 0123456789 01 023469 024689
1 7 0 1 0123 0123456789 012 0123456789 0123456789 01 012369 0124568
1 7 0 1 3456 0123456789 012 0123456789 0123456789 01 0269 0468
1 7 0 1 6 345678 012 0123456789 0123456789 012 0123456789 01234568
1 7 0 1 6789 0123456789 012 0123456789 0123456789 012 0123456789 0124568
1 7 0 12 019 0123456789 012 0123456789 0123456789 012 01234569 02468
1 7 0 2 123 0123456789 012 0123456789 0123456789 012 01234569 01234689
1 7 0 2 34 0456789 012 0123456789 0123456789 012 0123456789 0123456789
1 7 0 2 45 01789 012 0123456789 0123456789 012 0123456789 012346789
1 7 01 02 015 0123456789 012 0123456789 0123456789 012 0123456789 0123456789
1 7 1 0 123 0123456789 012 0123456789 0123456789 012 0123456789 0123456789
1 7 1 0 34567 012345689 012 0123456789 0123456789 012 0123456789 0123456789
1 7 1 0 7 5 0 012345 01246789 012 0123456789 0123456789
1 7 1 0 7 5 0 567 023456789 012 0123456789 0123456789
1 7 1 0 7 5 012 012789 012345678 012 0123456789 0123456789
1 7 1 01 0789 0123456789 012 0123456789 012345678 012 0123456789 0123456789
1 7 12 012 012345679 0123456789 012 0123456789 0123456789 012 0123456789 01246789
1 7 2 0 67 0456789 012 0123456789 0123456789 0 0 0
1 7 2 0 78 0123689 012 0123456789 0123456789 0 0 0
1 7 2 0 89 2345678 012 0123456789 0123456789 012 0123456789 012346789
1 7 2 0 9 678 01 0123456789 0123456789 012 0123456789 0123456789
1 7 2 01 019 02345689 012 0123456789 0123456789 012 0123456789 0123456789
1 7 2 1 12 012 012 0123456789 0123456789 012 0123456789 0123456789
1 7 2 12 0123456789 0123456789 012 0123456789 0123456789 012 012346789 023456789
1 7 2 2 12 012478 012 0123456789 0123456789 012 0123456789 0123456789
1 7 2 2 2 45 02 01234567 0123456789 012 0123456789 0123468
1 7 2 2 2 5 01 0123456789 0123456789 012 0123456789 02468
1 7 2 2 2 5 12 0126789 0123456789 012 0123456789 02468
1 7 2 2 2 56 02 012345 0123456789 012 0123456789 0245678
1 7 2 2 234 0123456789 012 0123456789 0123456789 012 0123456789 0245689
1 7 2 2 45 12345678 012 0123456789 0123456789 01 0269 02468
1 7 2 2 5 3 0 1234 0123456789 012 0123456789 0123456789
1 7 2 2 5 3 0 45 012345689 012 0123456789 0123456789
1 7 2 2 5 3 0 56 023456789 012 0123456789 0123456789
1 7 2 2 5 3 0 67 012389 012 0123456789 0123456789
1 7 2 2 5 3 0 7 3456789 012 0123456789 0123456789
1 7 2 2 5 3 01 0789 0123456789 012 0123456789 0123456789
1 7 2 2 5 3 1 01234567 0123456789 012 0123456789 0123456789
1 7 2 2 5 345 012 0123456789 0123456789 012 0123456789 0123456789
1 7 23 02 01235 0123456789 012 0123456789 0123456789 012 0123456789 0123456789
1 7 3 0 345 0123456789 012 0123456789 0123456789 012 0123456789 024678
1 7 3 01 256789 0123456789 012 0123456789 0123456789 012 02346789 0245678
1 7 3 1 9 4 1 012 01234 012 0123456789 0123456789
1 7 3 1 9 456789 012 0123456789 0123456789 012 0123456789 0123456789
1 7 3 12 09 0123459 012 0123456789 0123456789 012 0123456789 0123456789
1 7 3 2 01 01256789 012 0123456789 0123456789 012 0123456789 012345689
1 7 3 2 12 012345689 012 0123456789 0123456789 012 0123456789 02468
1 7 3 2 23 0123456789 012 0123456789 0123456789 012 01234679 02468
1 7 3 2 34 0123789 012 0123456789 0123456789 012 0123456789 02345689
1 7 3 2 4 3456789 012 0123456789 0123456789 012 0123456789 012456789
1 7 3 2 45 01239 012 0123456789 0123456789 012 0123456789 0123456789
1 7 34 02 01235 012345689 012 0123456789 0123456789 012 0123456789 0123456789
1 7 4 01 012346789 0123456789 012 0123456789 0123456789 012 012346789 01234689
1 7 4 1 234 02346789 012 0123456789 0123456789 01 0126789 024678
1 7 4 1 4 012 012 012345679 0123456789 012 0123456789 02468
1 7 4 1 4 2 01 0123456789 0123456789 012 0123456789 02468
1 7 4 12 0469 02345678 012 0123456789 0123456789 012 0123456789 02468
1 7 45 02 012345 0123456789 012 0123456789 0123456789 01 012369 0234689
1 7 5 01 023469 012456789 012 0123456789 0123456789 012 0123456789 0123456789
1 7 5 1 012345 0123456789 012 0123456789 0123456789 01 01236 0124678
1 7 56 012 01256789 0123456789 012 0123456789 0123456789 012 0123456789 0123456789
1 7 6 0 0123 012345689 012 0123456789 0123456789 012 0123456789 0123456789
1 7 6 0 345 0123456789 012 0123456789 0123456789 012 0123456789 0123456789
1 7 6 0 56 0123456789 012 0123456789 0123456789 012 0123456789 0123456789
1 7 6 0 67 2345678 012 0123456789 0123456789 012 0123456789 0123456789
1 7 6 01 0789 012346789 012 0123456789 0123456789 012 0123456789 0123456789
1 7 6 1 0 012345678 012 0123456789 0123456789 012 0123456789 012345678
1 7 6 1 01 0123456789 012 0123456789 0123456789 012 012345679 0123456789
1 7 6 1 12 012789 012 0123456789 0123456789 012 0123456789 0123456789
1 7 6 1 234 02345678 012 0123456789 0123456789 012 0123456789 0123456789
1 7 6 12 0124679 0123456789 012 0123456789 0123456789 012 0123456789 0123456789
1 7 67 02 01234 0123456789 012 0123456789 0123456789 01 0123456789 0124678
1 7 7 0 12345 0123456789 012 0123456789 0123456789 0 0 0
1 7 7 0 5678 0123456789 012 0123456789 0123456789 0 0 0
1 7 7 01 01289 0123456789 012 0123456789 0123456789 012 0123456789 0123456789
1 7 7 1 2345 0123456789 012 0123456789 0123456789 01 01234569 0246789
1 7 7 12 012356789 0123456789 012 0123456789 0123456789 012 012346789 0123456789
1 7 7 2 34 0123456789 012 0123456789 0123456789 012 0123456789 0123456789
1 7 78 02 0145 0126789 012 0123456789 0123456789 012 0123456789 0123456789
1 7 8 0 1 89 02 01234 0123456789 012 0123456789 0123456789
1 7 8 0 12 01239 012 0123456789 0123456789 012 0123456789 0123456789
1 7 8 0 23 2348 012 0123456789 0123456789 012 0123456789 0123456789
1 7 8 0 3 3 01 013456789 0123456789 012 0123456789 0123456789
1 7 8 0 345 023456789 012 0123456789 0123456789 012 0123456789 0123456789
1 7 8 0 5678 0123456789 012 0123456789 0123456789 012 0123456789 0123456789
1 7 8 0 89 02346789 012 0123456789 0123456789 012 0129 02468
1 7 8 01 01239 012456789 012 0123456789 0123456789 012 0123456789 0123456789
1 7 8 1 34567 0123456789 012 0123456789 0123456789 012 01234569 02345689
1 7 8 1 78 0123456789 012 0123456789 0123456789 012 012346789 0123456789
1 7 8 12 0189 012345689 012 0123456789 0123456789 01 0123456789 0123456789
1 7 8 2 123 023456789 012 0123456789 0123456789 012 0123456789 024689
1 7 8 2 345 0123456789 012 0123456789 0123456789 012 012346789 01234689
1 7 89 02 01235 01234568 012 0123456789 0123456789 012 0123456789 0123456789
1 7 9 0 3456 01234689 012 0123456789 0123456789 012 0123456789 01234568
1 7 9 01 0126789 0123456789 012 0123456789 0123456789 012 0123456789 01245689
1 78 09 012 0123456789 0123456789 012 0123456789 0123456789 012 0123456789 0124689
1 8 0 0 8 789 01 0123456789 0123456789 012 0123456789 0123456789
1 8 0 01 089 0123456789 012 0123456789 0123456789 0 0 0
1 8 0 1 01 0123456789 012 0123456789 0123456789 0 0 0
1 8 0 1 12345 0123456789 012 0123456789 0123456789 012 0123456789 0123456789
1 8 0 1 56789 0123456789 012 0123456789 0123456789 012 0123456789 0123456789
1 8 0 12 01239 0123456789 012 0123456789 0123456789 01 023469 0245689
1 8 0 2 34 03456 012 0123456789 0123456789 012 0123456789 0123456789
1 8 0 2 4 0 1 89 012345678 012 0123456789 0123456789
1 8 01 02 012345 0123456789 012 0123456789 0123456789 012 0123456789 0123456789
1 8 1 0 56 0123456789 012 0123456789 0123456789 0 0 0
1 8 1 01 016789 0123456789 012 0123456789 0123456789 012 02345679 02345689
1 8 1 1 1246789 0123456789 012 0123456789 0123456789 012 01234679 0124568
1 8 1 12 019 0123456789 012 0123456789 0123456789 012 01234689 02468
1 8 12 02 01234 023456789 012 0123456789 0123456789 0 0 0
1 8 2 0 12345 012345689 012 0123456789 0123456789 012 0123456789 0123456789
1 8 2 01 0123456789 0123456789 012 0123456789 0123456789 0 0 0
1 8 2 12 023456789 0123456789 012 0123456789 0123456789 01 0123456789 0123456789
1 8 23 02 01345678 0123456789 012 0123456789 0123456789 012 0123456789 0123456789
1 8 3 01 0123456789 0123456789 012 0123456789 0123456789 012 0123456789 0123456789
1 8 3 12 0123789 0123456789 012 0123456789 0123456789 012 0123456789 012346789
1 8 34 02 0345 0123456789 012 0123456789 0123456789 0 0 0
1 8 4 0 012 0123456789 012 0123456789 0123456789 012 0123456789 012456789
1 8 4 0 2 6789 012 0123456789 0123456789 012 0123456789 0123456789
1 8 4 0 23456 01234689 012 0123456789 0123456789 012 0123456789 0123456789
1 8 4 0 6789 012345678 012 0123456789 0123456789 012 0123456789 0123456789
1 8 4 0 9 4 01 0129 0123456789 012 0123456789 0123456789
1 8 4 01 09 012345678 012 0123456789 0123456789 012 0123456789 0123456789
1 8 4 1 0 4 1 9 12345 012 0123456789 0123456789
1 8 4 1 0 4 1 9 56789 012 0123456789 0123456789
1 8 4 1 0 4 12 09 01234569 012 0123456789 0123456789
1 8 4 1 0 4 2 01 0123456789 012 0123456789 0123456789
1 8 4 1 0 45 02 01234 0123456789 012 0123456789 0123456789
1 8 4 1 0 5 0 345678 0123456789 012 0123456789 0123456789
1 8 4 1 0 5 012 0123456789 0123456789 012 0123456789 0123456789
1 8 4 1 0 567 012 012345689 0123456789 012 0123456789 0123456789
1 8 4 1 0 7 12 03456789 0123456789 012 0123456789 02468
1 8 4 1 0 7 2 012 0123456789 012 0123456789 02468
1 8 4 1 01245 0123456789 012 0123456789 0123456789 012 0123456789 02468
1 8 4 1 5678 0123456789 012 0123456789 0123456789 012 0123456789 0123456789
1 8 45 01 089 012456789 012 0123456789 0123456789 012 0123456789 0123456789
1 8 5 0 0 01 01 0123456789 0123456789 012 0123456789 0123456789
1 8 5 0 0 123 012 0123456789 0123456789 012 0123456789 0123456789
1 8 5 0 0 3456 012 0123456789 0123456789 012 0123456789 0123456789
1 8 5 0 01 06789 012 0123456789 0123456789 012 012346789 0123456789
1 8 5 0 1 012 012 0123456789 0123456789 012 0123456789 0123456789
1 8 5 0 1 23456 012 0123456789 0123456789 012 0123456789 0123456789
1 8 5 0 1 678 012 0123456789 0123456789 012 0123456789 0123456789
1 8 5 0 1 89 012 012345789 0123456789 012 0123456789 0123456789
1 8 5 0 12 0129 012 0123456789 0123456789 012 0123456789 012345678
1 8 5 0 2 2345 012 0123456789 0123456789 012 0123456789 0123456789
1 8 5 0 2 567 012 0123456789 0123456789 012 0123456789 0123456789
1 8 5 0 23 01789 012 0123456789 0123456789 012 012346789 012456789
1 8 5 0 3 12345 012 0123456789 0123456789 012 0123456789 0123456789
1 8 5 0 3 56 012 0123456789 0123456789 012 0123456789 0123456789
1 8 5 0 34 06789 012 0123456789 0123456789 012 0123456789 012346789
1 8 5 0 4 01234 012 0123456789 0123456789 012 0123456789 0123456789
1 8 5 0 4 456 012 0123456789 0123456789 012 0123456789 0123456789
1 8 5 0 45 06789 012 0123456789 0123456789 012 0123456789 023456789
1 8 5 0 5 01234 012 0123456789 0123456789 012 0123456789 0123456789
1 8 5 0 5 456789 012 0123456789 0123456789 012 0123456789 012345678
1 8 5 0 56 01239 012 0123456789 0123456789 012 0123456789 0123468
1 8 5 0 6 3456 012 0123456789 0123456789 012 0123456789 0123456789
1 8 5 0 6 6789 012 0123456789 0123456789 012 0123456789 0123456789
1 8 5 0 67 0129 012 0123456789 0123456789 012 0123456789 0123456789
1 8 5 0 7 23456 012 0123456789 0123456789 012 0123456789 012456789
1 8 5 0 78 06789 012 0123456789 0123456789 012 0123456789 0123456789
1 8 5 0 8 01234 012 0123456789 0123456789 012 0123456789 0123456789
1 8 5 0 8 456 012 0123456789 0123456789 012 0123456789 0123456789
1 8 5 0 89 06789 012 0123456789 0123456789 012 0123456789 012345689
1 8 5 0 9 0123 012 0123456789 0123456789 012 0123456789 012345689
1 8 5 0 9 34 012 0123456789 0123456789 012 0123456789 0123456789
1 8 5 0 9 45678 012 0123456789 0123456789 012 0123456789 0123456789
1 8 5 01 09 089 012 0123456789 0123456789 012 0123456789 0123456789
1 8 5 1 0 0123 012 0123456789 0123456789 012 0123456789 0123456789
1 8 5 1 0 34567 012 0123456789 0123456789 012 0123456789 0123456789
1 8 5 1 01 01789 012 0123456789 0123456789 012 0123456789 0123456789
1 8 5 1 1 123 012 0123456789 0123456789 012 0123456789 0123456789
1 8 5 1 1 3456 012 0123456789 0123456789 012 0123456789 0123456789
1 8 5 1 1 6789 012 0123456789 0123456789 01 0123456789 0123456789
1 8 5 1 12 0129 012 0123456789 0123456789 012 0123456789 0123456789
1 8 5 1 2 23456 012 0123456789 0123456789 012 0123456789 012346789
1 8 5 1 23 06789 012 0123456789 0123456789 012 012346789 012468
1 8 5 1 3 01234 012 0123456789 0123456789 012 012346789 0245678
1 8 5 1 3 4567 012 0123456789 0123456789 012 0123456789 0123456789
1 8 5 1 34 0789 012 0123456789 0123456789 012 0123456789 0123456789
1 8 5 1 4 012 012 0123456789 0123456789 012 0123456789 0123456789
1 8 5 1 4 234 012 0123456789 0123456789 012 0123456789 0123456789
1 8 5 1 4 45678 012 0123456789 0123456789 012 0123456789 0123456789
1 8 5 1 45 0189 012 0123456789 0123456789 012 0123456789 012345678
1 8 5 1 5 12345 012 0123456789 0123456789 012 0123456789 0123456789
1 8 5 1 5 56789 012 0123456789 0123456789 012 0123456789 01234689
1 8 5 1 56 019 012 0123456789 0123456789 012 0123456789 0123456789
1 8 5 1 6 123 012 0123456789 0123456789 012 0123456789 0123456789
1 8 5 1 6 34567 012 0123456789 0123456789 012 0123456789 012456789
1 8 5 1 67 0789 012 0123456789 0123456789 012 0123456789 0123456789
1 8 5 1 7 01234 012 0123456789 0123456789 012 01234569 012345678
1 8 5 1 7 45678 012 0123456789 0123456789 012 0123456789 0123456789
1 8 5 1 78 01289 012 0123456789 0123456789 012 012346789 023456789
1 8 5 1 8 234 012 0123456789 0123456789 012 0123456789 0123456789
1 8 5 1 8 45678 012 0123456789 0123456789 012 0123456789 0123456789
1 8 5 1 89 089 012 0123456789 0123456789 012 0123456789 0123456789
1 8 5 1 9 01234 012 0123456789 0123456789 012 0123456789 0234568
1 8 5 1 9 4567 012 0123456789 0123456789 012 0123456789 0123456789
1 8 5 12 09 0789 012 0123456789 0123456789 012 0123456789 0123456789
1 8 5 2 0 012 012 0123456789 0123456789 012 0123456789 0123456789
1 8 5 2 0 23456 012 0123456789 0123456789 012 0123456789 012345678
1 8 5 2 0 678 012 0123456789 0123456789 012 0123456789 0123456789
1 8 5 2 01 01289 012 0123456789 0123456789 01 01234569 012346789
1 8 5 2 1 23456 012 0123456789 0123456789 012 012345689 023456789
1 8 5 2 12 06789 012 0123456789 0123456789 01 012346789 02345689
1 8 5 2 2 01234 012 0123456789 0123456789 012 012346789 0123456789
1 8 5 2 2 4567 012 0123456789 0123456789 012 0123456789 0123456789
1 8 5 2 23 0789 012 0123456789 0123456789 012 0123456789 0123456789
1 8 5 2 3 01234 012 0123456789 0123456789 012 0123456789 012456789
1 8 5 2 3 4567 012 0123456789 0123456789 012 0123456789 0123456789
1 8 5 2 34 0789 012 0123456789 0123456789 012 0123456789 0123456789
1 8 5 2 4 0123 012 0123456789 0123456789 012 0123456789 0123456789
1 8 5 2 4 3456 012 0123456789 0123456789 012 0123456789 0123456789
1 8 5 2 4 6789 012 0123456789 0123456789 012 0123456789 0123456789
1 8 5 2 45 0129 012 0123456789 0123456789 012 0123456789 0123456789
1 8 5 2 5 2345 012 0123456789 0123456789 012 0123456789 0123456789
1 8 56 02 015 012345689 012 0123456789 0123456789 012 0123456789 0123456789
1 8 6 0 123456 0123456789 012 0123456789 0123456789 012 012346789 02468
1 8 6 0 678 012345678 012 0123456789 0123456789 012 0123456789 024689
1 8 6 01 0123489 0123456789 012 0123456789 0123456789 01 0269 0468
1 8 6 1 456789 012346789 012 0123456789 0123456789 01 02689 0468
1 8 6 12 01239 0123456789 012 0123456789 0123456789 0 0 0
1 8 67 02 01345 0123456789 012 0123456789 0123456789 012 01234679 0245689
1 8 7 0 123456 0123456789 012 0123456789 0123456789 012 0123456789 012345678
1 8 7 01 016789 0123456789 012 0123456789 0123456789 012 0129 02468
1 8 7 1 12345678 0123456789 012 0123456789 0123456789 012 0123456789 01234568
1 8 7 1 89 012345689 012 0123456789 0123456789 012 0123456789 012456789
1 8 7 12 012349 0123456789 012 0123456789 0123456789 012 0123456789 0123456789
1 8 7 2 45 0129 012 0123456789 0123456789 012 0123456789 0123456789
1 8 78 02 012345 0123456789 012 0123456789 0123456789 012 0123456789 0123456789
1 8 8 0 456 0123456789 012 0123456789 0123456789 012 0123456789 0123456789
1 8 8 0 6789 023456789 012 0123456789 0123456789 01 0123456789 0123456789
1 8 8 01 19 23456 012 0123456789 0123456789 012 0123456789 01245689
1 8 8 1 12 0156789 012 0123456789 0123456789 012 0123456789 0123456789
1 8 8 1 23 0123456789 012 0123456789 0123456789 012 0123456789 0123456789
1 8 8 1 3456 0123456789 012 0123456789 0123456789 012 01236789 023456789
1 8 8 1 6 45 012 0123456789 0123456789 012 0123456789 0123456789
1 8 8 12 06789 0123456789 012 0123456789 0123456789 012 012346789 012345689
1 8 8 2 01 0123489 012 0123456789 0123456789 01 0123456789 012346789
1 8 8 2 1234 0123456789 012 0123456789 0123456789 012 0123456789 0123456789
1 8 8 2 45 0123456789 012 0123456789 0123456789 012 012345689 012345678
1 8 89 02 01234567 0123456789 012 0123456789 0123456789 01 01236789 024678
1 8 9 01 0123456789 0123456789 012 0123456789 0123456789 012 0123469 012468
1 8 9 12 089 0123456789 012 0123456789 0123456789 012 0123469 0123468
1 8 9 2 012 023456789 012 0123456789 0123456789 012 01234569 02346789
1 89 09 02 02345 0123456789 012 0123456789 0123456789 012 0123456789 0123456789
1 9 0 0 01 0123456789 012 0123456789 0123456789 012 0123456789 02346789
1 9 0 0 123456 012345678 012 0123456789 0123456789 01 01234569 02468
1 9 0 0 789 0123456789 012 0123456789 0123456789 012 012345679 024568
1 9 0 0 9 12345678 012 0123456789 0123456789 012 0123456789 0123456789
1 9 0 01 09 023489 012 0123456789 0123456789 012 0123456789 024568
1 9 0 1 01 0123456789 012 0123456789 0123456789 012 012345679 01234568
1 9 0 1 123 0123456789 012 0123456789 0123456789 012 0123456789 0123456789
1 9 0 1 345 0123456789 012 0123456789 0123456789 01 02346 0248
1 9 0 1 5678 0123456789 012 0123456789 0123456789 0 0 0
1 9 0 12 0189 0123456789 012 0123456789 0123456789 012 012345679 024689
1 9 0 2 1234 012456789 012 0123456789 0123456789 012 01234569 02468
1 9 01 02 012345689 0123456789 012 0123456789 0123456789 012 0123456789 0123456789
1 9 1 01 09 016789 012 0123456789 0123456789 012 01234569 012345689
1 9 1 12 0123456789 0123456789 012 0123456789 0123456789 012 0123456789 012345678
1 9 12 02 0345 01234589 012 0123456789 0123456789 0 0 0
1 9 2 0 01 0123456789 012 0123456789 0123456789 01 01236789 012345689
1 9 2 0 12 0123456789 012 0123456789 0123456789 01 02 08
1 9 2 0 23 01236789 012 0123456789 0123456789 01 01236 024689
1 9 2 0 3 3456 012 0123456789 0123456789 01 01236 02468
1 9 2 0 34 0126789 012 0123456789 0123456789 012 0123456789 0124689
1 9 2 0 4 23456789 012 0123456789 0123456789 012 01234569 0246789
1 9 2 0 45 012349 012 0123456789 0123456789 0 0 0
1 9 2 0 5 45678 012 0123456789 0123456789 01 02679 02468
1 9 2 0 56 0123456789 012 0123456789 0123456789 012 012345689 0123456789
1 9 2 0 67 0789 012 0123456789 0123456789 012 02346789 023468
1 9 2 0 7 012345 012 0123456789 0123456789 01 02345689 02345678
1 9 2 0 78 056789 012 0123456789 0123456789 012 0123456789 0123456789
1 9 2 0 8 01234 012 0123456789 0123456789 0 0 0
1 9 2 0 89 01456789 012 0123456789 0123456789 01 01269 02468
1 9 2 0 9 123456 012 0123456789 0123456789 0 0 0
1 9 2 01 09 016789 012 0123456789 0123456789 012 0123456789 0123456789
1 9 2 1 0 12345 012 0123456789 0123456789 012 012456789 0245678
1 9 2 1 0 56789 012 0123456789 0123456789 012 0123456789 0234568
1 9 2 1 01 0123459 012 0123456789 0123456789 012 0123456789 0124689
1 9 2 1 12 0123456789 012 0123456789 0123456789 01 026789 024568
1 9 2 1 23 012456789 012 0123456789 0123456789 01 012346 024568
1 9 2 1 3 234567 012 0123456789 0123456789 012 012369 02468
1 9 2 1 34 01789 012 0123456789 0123456789 01 01236 012468
1 9 2 1 4 1234567 012 0123456789 0123456789 01 012346 0123468
1 9 2 1 45 0789 012 0123456789 0123456789 01 01236 01245678
1 9 2 1 5 0123 012 0123456789 0123456789 012 0123469 0246789
1 9 2 1 5 3456789 012 0123456789 0123456789 012 01234569 0124568
1 9 2 1 56 01239 012 0123456789 0123456789 012 0123456789 0124568
1 9 2 1 67 01345679 012 0123456789 0123456789 01 01236789 024678
1 9 2 1 7 1234567 012 0123456789 0123456789 01 012345689 02468
1 9 2 1 7 78 01 0123456789 0123456789 012 0123456789 0123456789
1 9 2 1 7 8 0 4567 023456789 012 0123456789 0123456789
1 9 2 1 7 8 0 7 012345678 012 0123456789 0123456789
1 9 2 1 7 8 0 78 01234589 012 0123456789 0123456789
1 9 2 1 7 8 0 89 2345678 012 0123456789 0123456789
1 9 2 1 7 8 01 09 0456789 012 0123456789 0123456789
1 9 2 1 7 8 1 012 0126789 012 0123456789 0123456789
1 9 2 1 7 8 12 0123456789 0123456789 012 0123456789 0123456789
1 9 2 1 7 8 2 4 123456 012 0123456789 0123456789
1 9 2 1 7 8 2 45 016789 012 0123456789 0123456789
1 9 2 1 78 023456789 012 0123456789 0123456789 012 0123456789 0123456789
1 9 2 1 89 0789 012 0123456789 0123456789 012 023469 02345678
1 9 2 1 9 012345 012 0123456789 0123456789 012 0123456789 02345689
1 9 2 12 09 012356789 012 0123456789 0123456789 01 0123456789 0123456789
1 9 2 2 0 345678 012 0123456789 0123456789 0 0 01
1 9 2 2 012 0123456789 012 0123456789 0123456789 012 0123456789 0123456789
1 9 2 2 23 023456789 012 0123456789 0123456789 012 01234569 012345689
1 9 2 2 3 0123 012 0123456789 0123456789 012 0123456789 0123456789
1 9 2 2 3 3456 012 0123456789 0123456789 012 0123456789 0123456789
1 9 2 2 34 0123456789 012 0123456789 0123456789 012 0123456789 01234689
