LMAX=12
TOTAL_VALUES=1000000
P=100
PARTITIONS=10000
0 0 1 0 0 01234567 012 012345689 0123456789 0 0 0
0 0 1 0 0 789 012 0123456789 012345689 01 012346789 023456789
0 0 1 0 01 0129 012 012345689 01234568 012 0123456789 0123456789
0 0 1 0 12 012346789 012 012346789 0123456789 012 0123456789 023468
0 0 1 0 2 23 012 0123456789 0123456789 0 0 0
0 0 1 0 2 34568 012 0123456789 012345678 0 0 0
0 0 1 0 23 01289 012 0123456789 0123456789 012 0123459 0124678
0 0 1 0 3 23467 02 012345678 0123456789 012 023456789 0123456789
0 0 1 0 3456 012456789 012 0123456789 0123456789 0 0 0
0 0 1 0 67 012345678 012 0123456789 023456789 01 026789 024568
0 0 1 01 1789 0123456789 012 0123456789 02345678 01 029 028
0 0 1 1 1267 06789 012 0123456789 0123456789 01 0269 02468
0 0 1 1 7 89 012 0123456789 0123456789 012 0123456789 012345689
0 0 1 1 789 02346789 012 012346789 012345678 012 0123456789 012456789
0 0 1 12 09 012345689 012 0123456789 0123456789 01 02679 02345689
0 0 1 2 0 8 1 124 0234568 012 012345689 0123456789
0 0 1 2 0 8 1 4567 0256789 012 0123456789 0123456789
0 0 1 2 01 02389 012 01236789 012345689 012 0123456789 012345678
0 0 1 2 1 345 01 012456789 01234568 012 0123456789 012456789
0 0 1 2 123 023456789 012 0123456789 0123456789 0 0 0
0 0 1 2 3 01234567 012 0123456789 0123456789 0 0 0
0 0 1 2 34 012789 012 0123456789 0123456789 0 0 0
0 0 1 2 45 023456789 012 0123456789 0123456789 0 0 0
0 0 12 02 015 0234568 012 012346789 0123456789 012 02459 02489
0 0 2 0 1 6 01 0123456789 0123456789 0 0 0
0 0 2 0 1 67 012 012345689 0123456789 01 0123456789 02456789
0 0 2 0 1 7 1 01 089 012 0123456789 0123456789
0 0 2 0 1 7 1 123 01234568 012 0123456789 012345689
0 0 2 0 1 78 012 0123456789 0123456789 012 012459 024689
0 0 2 0 1 8 012 01246789 0123456789 01 0123456789 01234689
0 0 2 0 1 8 2 1 2345 012 0123456789 012346789
0 0 2 0 1 89 02 012345 0123456789 012 0123456789 012346789
0 0 2 0 1 9 0 0 567 012 0123456789 0123456789
0 0 2 0 1 9 01 0123456789 0123456789 012 0123456789 0123456789
0 0 2 0 12 09 012 0123456789 0123456789 01 01236 024689
0 0 2 0 2 01 012 0123456789 0123456789 0 0 0
0 0 2 0 2 1 1 01234567 0123456789 01 0123456789 0123456789
0 0 2 0 2 1 12 023789 0124568 012 0123456789 0123456789
0 0 2 0 2 12 012 0123456789 0123456789 01 023456789 0123456789
0 0 2 0 2 23 012 0123456789 0123456789 0 0 0
0 0 2 0 2 3467 012 0123456789 0123456789 01 0236 0248
0 0 2 0 2345 02678 012 0123456789 0123456789 0 0 08
0 0 2 0 5 6 12 0123456789 0123456789 01 01236 02468
0 0 2 0 5 67 012 0123456789 0123456789 01 01236 012468
0 0 2 0 5 78 012 0123456789 0123456789 012 0123456789 0124689
0 0 2 0 5 8 0 234567 023456789 012 0123456789 0123456789
0 0 2 0 5 89 012 0123456789 0123456789 0 0 0
0 0 2 0 5 9 01 0123456789 0123456789 012 01234569 02468
0 0 2 0 56 0239 012 0123456789 0123456789 012 012345689 0234689
0 0 2 0 6789 012346789 012 0123456789 0123456789 012 01234569 02468
0 0 2 01 0123456789 012345689 012 0123456789 012346789 0 0 0
0 0 2 1 8 2345678 012 0123456789 0123456789 0 0 0
0 0 2 12 0124589 0245689 012 0123456789 0123456789 01 06789 0245678
0 0 2 2 5 5 12 2489 023489 01 012345679 0123456789
0 0 2 2 5 5 2 4 9 01 0123456789 0123456789
0 0 2 2 5 5 2 45 019 012 0123456789 0123456789
0 0 2 2 5 5 2 5 23 012 0123456789 0123456789
0 0 2 2 5 5 2 5 34 012 0123456789 0123456789
0 0 23 02 05 025 02 034567 0123456789 012 0123456789 02468
0 0 3 0 0 234 01 01236789 0123456789 01 0123456 0123456789
0 0 3 0 0123 0234568 012 0123456789 01234568 012 0123456789 02468
0 0 3 01 01234689 01234568 01 01234569 01245678 012 012346789 024689
0 0 3 1 6 01 012 0123456789 012346789 0 0 0
0 0 3 1 6 123 012 0123456789 01234568 0 0 0
0 0 3 1 6 34 012 0123456789 0123456789 012 01234569 0124568
0 0 3 1 6 45 012 0123456789 0123456789 0 0 0
0 0 3 1 6 56 012 0123456789 0123456789 0 0 0
0 0 3 1 6 678 012 0123456789 0123456789 0 0 0
0 0 3 1 6 89 012 0123456789 0123456789 0 0 0
0 0 3 1 7 012 012 0123456789 0123456789 01 023456 02468
0 0 3 1 7 2 01 023456789 0123456789 01 01236789 01245689
0 0 3 1 7 234 012 0123456789 0123456789 0 0 0
0 0 3 1 7 4 012 0123456789 0123456789 0 0 0
0 0 3 1 7 5 01 0123456789 0123456789 012 01246789 0124689
0 0 34 012 02479 0124568 012 0123456789 0123456789 01 0123456789 012456789
0 0 4 0 0 1 1 12 045678 012 0123456789 0123456789
0 0 4 0 0 12 01 012346789 01234678 012 0123456789 0123456789
0 0 4 0 01 02345689 012 01234569 012345678 012 0123456789 0123456789
0 0 4 0 1 5 0 12 016789 012 0123456789 0123456789
0 0 4 0 1 56 01 0234569 012346789 012 0123456789 0123456789
0 0 4 0 1 6 0 5 01234 012 0123456789 0123456789
0 0 4 0 12 06789 01 0123456789 01234568 012 0123456789 0123456789
0 0 4 0 2 01245678 01 01236789 012456789 012 0123456789 0123456789
0 0 4 0 23 0189 012 02346789 023456789 012 012346789 0123456789
0 0 4 0 3 1 12 0129 0234589 012 0123456789 012456789
0 0 4 0 3 1234 012 0123469 012456789 012 0123456789 012346789
0 0 4 0 3 4567 01 0123456789 01234689 012 012346789 0123456789
0 0 4 0 3 789 012 0234569 0245689 012 0123456789 0123456789
0 0 4 0 34 029 01 0123467 0234568 012 0123456789 012345678
0 0 4 0 45 2348 012 012789 02345689 012 0123456789 01245689
0 0 4 0 5 345689 012 0123456789 01245689 012 0123456789 01234568
0 0 4 0 56 0489 012 01234789 0123456789 012 0123456789 012456789
0 0 4 0 6 8 0 123 012345678 012 01234689 0123456789
0 0 4 0 6 8 0 3 7 012 012346789 0123456789
0 0 4 0 6 8 0 3 78 012 0123456789 0123456789
0 0 4 0 6 8 0 3 9 01 0123456789 0123456789
0 0 4 0 6 8 0 3456 026789 012 012345689 0123456789
0 0 4 0 6 8 0 6 2 012 0123456789 0123456789
0 0 4 0 6 8 0 6 23 012 0123456789 0123456789
0 0 4 0 6 8 0 6 348 012 0123456789 0123456789
0 0 4 0 6 8 0 67 089 012 0123456789 0123456789
0 0 4 0 6 8 0 7 012 012 0123456789 0123456789
0 0 4 0 6 8 0 7 23 012 0123456789 0123456789
0 0 4 0 6 8 0 7 34 012 0123456789 0123456789
0 0 4 0 6 8 0 7 45 012 0123456789 0123456789
0 0 4 0 6 8 01 01789 0145678 012 0123456789 0123456789
0 0 4 0 6 8 1 12 012467 012 0123456789 0123456789
0 0 4 0 6 89 01 026 0478 012 0123456789 0123456789
0 0 4 0 6 9 01 23456789 012345678 012 012345679 0123456789
0 0 4 0 6 9 1 567 0128 012 0123456789 0123456789
0 0 4 0 6 9 12 0789 0123467 012 0123456789 0123456789
0 0 4 0 6 9 2 01 01245789 012 0123456789 0123456789
0 0 4 0 6 9 2 1 56789 012 0123456789 0123456789
0 0 4 0 6 9 2 12 01239 012 0123456789 0123456789
0 0 4 0 6 9 2 23 034678 012 0123456789 0123456789
0 0 4 0 6 9 2 3 01 012 0123456789 0123456789
0 0 4 0 6 9 2 34 01245689 012 0123456789 0123456789
0 0 4 0 67 019 012 023456 023456789 012 0123456789 0123456789
0 0 4 01 12456789 0123456789 012 012346789 01245678 01 0123456789 0124678
0 0 45 012 01234589 0123456789 012 024569 0234678 012 0239 0248
0 0 5 0 0 123 01 0123456789 0123456789 02 034 012456789
0 0 5 0 0 348 012 0123456789 0123456789 0 0 0
0 0 5 0 01 089 012 0123456789 0123456789 012 0126789 02468
0 0 5 0 1 01 02 012345 012346789 012 0123456789 01234568
0 0 5 0 1 1 0 1 01234 012 0123456789 0123456789
0 0 5 0 12 0126789 01 0123456789 0123456789 012 012346789 0124689
0 0 5 0 2 23 012 012349 0123456789 012 012346789 02345678
0 0 5 0 23 023456789 012 0123456789 012345689 012 023469 02456789
0 0 5 0 3 45 012 0123456789 02345689 01 0123456789 0123456789
0 0 5 0 3 5 12 016789 012345689 01 0123456789 0123456789
0 0 5 0 3 5689 012 01234 012346789 012 012345689 0123456789
0 0 5 0 3 9 0 234569 0123456789 012 012346789 01234568
0 0 5 0 34 09 012 0123456789 0123456789 01 012346789 024678
0 0 5 0 4 012 012 0123456789 0123456789 01 012345689 012456789
0 0 5 0 4 2345 012 0123456789 0123456789 01 034679 0123468
0 0 5 0 4 5 012 0123456789 0123456789 012 012345689 0123456789
0 0 5 0 45 23568 02 02345 012345678 012 0123456789 02345678
0 0 5 0 5 3 0 0 123 012 0123456789 0123456789
0 0 5 0 5 3 0 0 34 012 0123456789 0123456789
0 0 5 0 5 3 0 0 456 012 0123456789 0123456789
0 0 5 0 5 3 01 012369 024678 012 0123456789 0123456789
0 0 5 0 5 346 012 012346789 0246789 01 0123456789 012345689
0 0 5 0 5 6 0 12 0789 012 0123456789 0123456789
0 0 5 0 5 6 0 2345 0123456789 012 0123456789 0123456789
0 0 5 0 5 6789 012 0123456789 0123456789 012 01234569 024568
0 0 5 0 56 09 012 0123456789 0123456789 01 02 08
0 0 5 0 6 012 012 0123456789 0123456789 01 012346 02345678
0 0 5 0 6 2 0 234 012345689 012 01234569 0123456789
0 0 5 0 6 2 0 4 2345 012 01234569 0123456789
0 0 5 0 6 2 0 4 56789 012 012345679 0123456789
0 0 5 0 6 2 0 45 012456789 01 0123456789 02345689
0 0 5 0 6 2 0 5 89 012 0123456789 0123456789
0 0 5 0 6 2 0 56 09 012 0123456789 0123456789
0 0 5 0 6 2 0 6 0 12 0123456789 0123456789
0 0 5 0 6 2 0 6 01 012 0123456789 0123456789
0 0 5 0 6 2 0 6 12 012 0123456789 0123456789
0 0 5 0 6 2 0 6 23 012 0123456789 0245689
0 0 5 0 6 2 0 678 012345 012 0123456789 0123456789
0 0 5 0 6 23 01 012345689 0123456789 012 0123456789 023456789
0 0 5 0 678 023456789 01 0123456789 0123456789 01 01236 0123468
0 0 5 01 089 013468 012 0123456789 0123456789 0 0 0
0 0 5 1 0 1234 012 0123456789 0123456789 01 02 08
0 0 5 1 0 4 0 234 0123456789 012 0123456789 0124568
0 0 5 1 0 45 012 0123456789 0123456789 012 012346789 023468
0 0 5 1 012 0256789 012 0123456789 0123456789 0 0 0
0 0 5 1 23 0239 012 0123456789 0123456789 01 01236 02468
0 0 5 1 3 345 012 012346789 012346789 012 012345689 023456789
0 0 5 1 3 5 0 1234 0123456789 012 012346789 012456789
0 0 5 1 3 5 0 45 01245689 012 0123456789 0123456789
0 0 5 1 3 5 01 1256789 012346789 012 012345679 012456789
0 0 5 1 3 5 12 0123679 0123456789 012 01234569 012346789
0 0 5 1 34 012345689 012 0123456789 0123456789 012 0123469 0124568
0 0 5 1 4 45689 01 0123456789 0123456789 012 01234689 0124689
0 0 5 1 45 019 012 0123456789 0123456789 0 0 0
0 0 5 1 5 1234 012 0123456789 0123456789 01 02 08
0 0 5 1 5 4 012 0123456789 0123456789 012 0123456789 012456789
0 0 5 1 5 45678 012 0123456789 0123456789 0 0 0
0 0 5 1 5 89 012 0123456789 0123456789 012 012346789 01234568
0 0 5 1 5 9 2 1 8 012 0123456789 0123456789
0 0 5 1 5 9 2 123 0246789 012 0123456789 0123456789
0 0 5 1 56 0123459 012 0123456789 0123456789 02 034 03468
0 0 5 1 67 2345678 012 0123456789 012346789 012 0249 0248
0 0 5 1 7 5 01 23456789 0123456789 0 0134567 0123456789
0 0 5 1 7 5 1 9 0 012 0123456789 0123456789
0 0 5 1 7 568 012 0123459 0123456789 012 012346 0124568
0 0 5 1 7 89 01 012346789 0123456789 012 0123456789 01245678
0 0 5 1 78 09 012 012346789 0123456789 012 0123469 012345689
0 0 5 1 8 0 01 012456789 0123456789 01 0123456 0124568
0 0 5 1 8 0 1 23 234568 012 0123456789 0123456789
0 0 5 1 8 0 1 34567 0123456789 012 0123456789 0123456789
0 0 5 1 8 01 012 012345789 0123456789 01 012345679 01245689
0 0 5 1 8 1 01 0123456789 0123456789 012 0246789 0124568
0 0 5 1 8 12 012 0123456789 0123456789 012 0234569 02348
0 0 5 1 8 2 12 0123456789 0123456789 01 0123456789 024689
0 0 5 1 8 23 012 0123456789 0123456789 012 01234679 02468
0 0 5 1 8 3 12 0123456789 0123456789 012 0123456789 012468
0 0 5 1 8 3467 02 012345678 0123456789 012 0123456789 012468
0 0 5 1 8 7 01 0189 0123456789 01 0123456789 02345678
0 0 5 1 8 7 1 12 01245678 012 0123456789 0123456789
0 0 5 1 8 78 01 0123456789 0123456789 012 0123456789 0246789
0 0 5 1 8 89 012 0123456789 0123456789 01 0123469 01234568
0 0 5 1 89 0124569 012 0123456789 0123456789 012 01236789 012346789
0 0 5 1 9 6 01 04569 0123456789 012 0123456789 012346789
0 0 5 1 9 6 1 012456 012456789 012 012345679 0123456789
0 0 5 1 9 6 12 06789 012346789 012 0123456789 01245689
0 0 5 1 9 6 2 012345 0123456789 012 0123456789 02456789
0 0 5 1 9 6789 012 0234569 0123456789 012 0123456789 0123456789
0 0 5 12 09 09 012 0123456789 0123456789 01 0123456789 01234678
0 0 5 2 012 0123456789 012 0123456789 0123456789 012 012345679 02468
0 0 5 2 2 6 01 234567 012345689 01 0123456789 0123456789
0 0 5 2 23 016789 012 01236789 0123456789 01 01236 024689
0 0 5 2 3 1 012 0123456789 0123456789 01 01234679 024689
0 0 5 2 34 0123456789 012 0123456789 0123456789 012 0123469 0245689
0 0 5 2 45 01289 012 0123456789 0123456789 012 023456789 02468
0 0 5 2 5 2 01 0123456789 0123456789 012 0123456789 01234568
0 0 5 2 5 23 012 0123456789 0123456789 012 0123679 012468
0 0 5 2 5 3 012 0123456789 0123456789 01 012346789 0124678
0 0 5 2 5 34 02 012345 0123456789 012 01234569 012345678
0 0 5 2 5 4 01 013456789 0123456789 012 0123456789 012345689
0 0 5 2 5 45 012 0123456789 0123456789 012 02346789 0245678
0 0 5 2 5 5 1 4 78 012 0123456789 0123456789
0 0 5 2 5 5 1 4 89 012 0123456789 0123456789
0 0 56 02 015 01234568 012 012345679 0123456789 012 01236789 0123468
0 0 6 0 1234 012345678 012 0123456789 0123456789 0 0 0
0 0 6 0 456 0123456789 012 0123456789 012345678 0 0 0
0 0 6 0 6 456 01 0123456789 0123456789 0 0 0
0 0 6 0 67 0126789 012 0123456789 012456789 0 0 0
0 0 6 01 12789 0123456789 012 012345689 012346789 0 0 0
0 0 6 1 34 01234568 012 0123456789 0123456789 0 0 0
0 0 678 012 024569 01234689 012 0123456789 0123456789 0 0 0
0 0 8 0 0 234 012 0123456789 0123456789 0 0 0
0 0 8 0 0 456 012 0123456789 0123456789 0 0 0
0 0 8 0 0 678 012 0123456789 0123456789 0 0 0
0 0 8 0 01 089 012 0123456789 0123456789 0 0 0
0 0 8 0 1 012 012 0123456789 0123456789 0 0 0
0 0 8 0 1 234 012 0123456789 0123456789 0 0 0
0 0 8 0 1 4567 012 0123456789 0123456789 0 0 0
0 0 8 0 1 78 012 0123456789 0123456789 0 0 0
0 0 8 0 1 89 012 0123456789 0123456789 0 0 0
0 0 8 0 12 09 012 0123456789 0123456789 0 0 0
0 0 8 0 2 01 012 012456789 0123456789 0 0 0
0 0 8 0 2 12 012 0123456789 0123456789 01 02 08
0 0 8 0 2 23 012 0123456789 0123456789 0 0 0
0 0 8 0 2 34 012 0123456789 0123456789 01 0123679 02468
0 0 8 0 2 456 012 0123456789 0123456789 0 0 0
0 0 8 0 2 67 012 0123456789 0123456789 0 0 0
0 0 8 0 2 78 012 0123456789 0123456789 0 0 0
0 0 8 0 2 89 012 0123456789 0123456789 0 01234 0123456789
0 0 8 0 2 9 1 0 9 01 0123456789 0123456789
0 0 8 0 2 9 1 012456 012456789 012 0123456789 0123456789
0 0 8 0 2 9 12 012679 02345689 0 0123456789 0123456789
0 0 8 0 2 9 2 2 8 012 0123456789 0123456789
0 0 8 0 2 9 2 23 089 02 012345678 0123456789
0 0 8 0 2 9 2 3 0 012 0123456789 0123456789
0 0 8 0 2 9 2 3 01 02 0123456 0123456789
0 0 8 0 2 9 2 3 1 01 0123456789 0123456789
0 0 8 0 23 09 012 012345689 01234568 012 0123459 0123456789
0 0 8 0 3 0123 012 0123456789 0123456789 01 02 08
0 0 8 0 3 34 012 0123456789 0123456789 01 026 048
0 0 8 0 3 45 012 0123456789 0123456789 01 02 08
0 0 8 0 3 56 012 0123456789 0123456789 0 0 0
0 0 8 0 3 67 012 0123456789 0123456789 0 0 0
0 0 8 0 3 78 012 0123456789 0123456789 01 0234569 0245678
0 0 8 0 3 89 012 0123456789 0123456789 0 0 0
0 0 8 0 34 09 012 0123456789 0123456789 0 0 0
0 0 8 0 4 01 012 0123456789 0123456789 0 0 0
0 0 8 0 4 12 012 0123456789 0123456789 012 0234569 0124568
0 0 8 0 4 2 1 2 123456 012 0123456789 0123456789
0 0 8 0 4 23 012 012345679 0123456789 012 0123469 0123456789
0 0 8 0 4 34 012 0123456789 0123456789 01 01236 012468
0 0 8 0 4 45 012 0123456789 0123456789 012 0123469 024568
0 0 8 0 4 56 01 0123456789 0123456789 01 012346789 0245678
0 0 8 0 4 67 012 0123456789 0123456789 01 01269 02468
0 0 8 0 4 78 01 0123456789 012456789 012 0123456789 023456789
0 0 8 0 4 8 012 0123456789 0123456789 012 01234569 0123456789
0 0 8 0 4 8 2 4 3456 012 0123456789 0123456789
0 0 8 0 45 0189 012 0123456789 012456789 012 0123456789 02346789
0 0 8 0 5 12 012 01234569 0123456789 012 012346789 01245689
0 0 8 01 23456789 012345689 012 012345679 0123468 012 012456789 0124568
0 0 8 12 045679 01234689 01 0123456789 01234689 012 0269 0248
0 0 8 2 012 0123456789 012 0123456789 01234568 0 0 0
0 0 8 2 2 4567 012 0123456789 012345689 012 02679 0234568
0 0 8 2 2 7 0 34567 0123456789 012 0123456789 0123456789
0 0 8 2 2 7 0 78 023456789 01 0123456789 023456789
0 0 8 2 2 7 01 0189 012345689 012 0123456789 0123456789
0 0 8 2 2 7 1 12346 012456789 012 0123456789 0123456789
0 0 8 2 234 0126789 012 0123456789 0123456789 02 02 0248
0 0 8 2 4 23 012 0123456789 0123456789 0 0 0
0 0 8 2 4 34 02 01346 012456789 012 0123456789 0234568
0 0 8 2 4 45 01 023456789 0123456789 012 012346789 0123456789
0 0 8 2 4 5 0 01 0123456789 012 0123456789 01245689
0 0 89 02 0145 0245689 012 012345679 012345689 012 0123469 023468
0 0 9 01 1234567 0123456789 012 0123456789 0124689 0 0 0
0 01 19 012 012346789 0123456789 012 01234679 0123468 0 0 0
0 1 2 0 0 0123456 012 012346789 0123456789 0 0 0
0 1 2 0 01 06789 012 01234569 0123456789 01 01236 02468
0 1 2 0 1 01234 012 0123456789 0123456789 01 0234569 02468
0 1 2 0 1 456789 012 0123456789 0123456789 0 0 0
0 1 2 0 12 0123459 012 0123456789 023456789 0 0 0
0 1 2 0 2 56789 01 0123456789 0123456789 0 0 0
0 1 2 0 3 012345 012 0123456789 0123456789 0 0 0
0 1 2 0 3 5678 012 0123456789 0123456789 0 0 0
0 1 2 0 34 01289 01 0123456789 0123456789 01 02679 02468
0 1 2 0 4 234567 012 0123456789 0123456789 0 0 0
0 1 2 0 456 0123456789 012 0123456789 0123456789 0 0 0
0 1 2 0 6789 012689 012 0123456789 0123456789 01 023469 02468
0 1 2 01 09 0456789 012 0123456789 0123456789 0 0 0
0 1 2 1 0123 01289 012 0123456789 0123456789 0 0 0
0 1 2 1 3 01234689 012 0123456789 0123456789 0 0 0
0 1 2 1 345 0456789 012 0123456789 0123456789 0 0 0
0 1 2 1 5 12345 012 012345679 0123456789 0 0 0
0 1 2 1 56 0156789 012 0123456789 0123456789 0 0 0
0 1 2 1 6 1234567 012 012346789 023456789 0 0 0
0 1 2 1 67 01789 012 0123456789 0123456789 0 0 0
0 1 2 1 7 123456 012 012346789 012456789 0 0 0
0 1 2 1 78 016789 012 0123456789 0123456789 0 0 0
0 1 2 1 8 1234 012 0123456789 0123456789 0 0 0
0 1 2 1 8 456789 012 0123456789 0123456789 0 0 0
0 1 2 1 89 012345679 012 0123456789 012456789 0 0 0
0 1 2 12 09 01289 012 0123456789 0123456789 0 0 0
0 1 2 2 0 2345 012 0123456789 0123456789 012 0123456789 02468
0 1 2 2 0 5678 012 0123456789 0123456789 01 0123456789 02468
0 1 2 2 012 012456789 012 0123456789 012345678 012 0129 023468
0 1 2 2 2 1234678 012 0123456789 012456789 0 0 0
0 1 2 2 23 01234589 01 0123456789 012456789 0 0 0
0 1 23 02 0134 0123456789 012 0123456789 0123456789 01 02 08
0 1 3 0 12 01678 012 01234569 0123456789 01 0123469 02468
0 1 3 0 23 124 012 0123456789 0123456789 01 0234689 012468
0 1 3 0 3 23 012 0123456789 0123456789 0 0 0
0 1 3 0 3 34 012 0123456789 0123456789 01 012346789 012456789
0 1 3 0 3 4 0 0 345678 01 01234679 012346789
0 1 3 0 3 4 0 01 01289 012 012346789 0123456789
0 1 3 0 3 4 0 1 2345678 012 012346789 0123456789
0 1 3 0 3 4 0 12 0123489 01 0123456789 01234689
0 1 3 0 3 4 0 23 0123456789 012 0123469 01234568
0 1 3 0 3 4 0 4567 0123456789 012 023469 0234568
0 1 3 0 3 4 01 0789 0123456789 01 0269 0248
0 1 3 0 3 4 1 0123 0123456789 01 0269 0248
0 1 3 0 3 4 1 3456 0123456789 01 0269 0248
0 1 3 0 3 4 12 06789 0123456789 01 0269 0248
0 1 3 0 3 45 02 0123456789 0123456789 01 0269 0248
0 1 3 0 345678 0123456789 012 012346789 0123456789 0 0 0
0 1 3 01 089 0123456789 012 012345689 012345678 012 0123456789 02468
0 1 3 1 0 4 01 0129 0123456789 012 0123456789 02468
0 1 3 1 0 4 1 2345 0123456789 012 0123456789 02468
0 1 3 1 0 4 1 678 023456789 012 0123456789 02468
0 1 3 1 0 4 12 01234589 0123456789 012 012346789 02468
0 1 3 1 0 45 02 01235 0123456789 012 0123456789 02468
0 1 3 1 0 5 0 34567 0123456789 01 012345689 02468
0 1 3 1 0 5 0 89 0123456789 012 0123456789 02468
0 1 3 1 0 5 01 012459 0123456789 012 012346789 02468
0 1 3 1 0 5 12 056789 0123456789 01 0269 0248
0 1 3 1 0 5 2 012 01234568 01 0123456789 0123456789
0 1 3 1 0 56 02 0123456789 0123456789 012 01234689 02468
0 1 3 1 0 6 01 01234569 02345678 012 012345679 012346789
0 1 3 1 0 6 12 016789 01245678 012 0123456789 02346789
0 1 3 1 0 6 2 123 01234678 012 0123456789 0123456789
0 1 3 1 0 67 02 012345 0123456789 012 0123456789 023456789
0 1 3 1 0 7 01 2345678 0123456789 012 0123456789 02468
0 1 3 1 0 7 1 89 24568 012 0123456789 02468
0 1 3 1 0 78 012 012459 012456789 012 0123456789 0123456789
0 1 3 1 0 8 0 0 123 012 0123456789 0123456789
0 1 3 1 01 089 01 0123456 02346789 012 0123456789 02345678
0 1 3 12 012345679 0123456789 012 012346789 0234568 0 0 0
0 1 3 2 2 4 012 0123456789 0123456789 0 0 0
0 1 3 2 2 45 012 0123456789 0123456789 0 0 0
0 1 3 2 2 56 012 0123456789 0123456789 0 0 0
0 1 3 2 2 67 012 0123456789 0123456789 0 0 0
0 1 3 2 234 0245678 012 012346789 0123456789 01 023469 024689
0 1 34 02 045 024589 012 012345679 0123456789 0 0 0
0 1 4 0 0 01 01 0123456789 0123456789 01 012345689 01234568
0 1 4 0 0 1 01 0456789 01246789 012 012345689 0123456789
0 1 4 0 01 12345678 012 01236789 0123468 012 0123456789 0123456789
0 1 4 0 123 0123489 01 0123456789 012346789 0 0 0
0 1 4 0 3 23456789 012 0123456789 0123456789 0 0 0
0 1 4 0 345 0123456789 012 0123456789 0123456789 0 0 0
0 1 4 0 569 02345678 012 0123456789 0123456789 0 0 0
0 1 4 01 09 0129 01 012345678 0123456789 01 01234569 012468
0 1 4 1 0 2 01 0123456789 0123456789 01 0123456789 0123456789
0 1 4 1 012 012346789 012 012345689 0123456789 01 02679 023468
0 1 4 1 23 024689 012 0123456789 0123456789 0 0 0
0 1 4 1 3 6789 012 023456789 0123456789 0 0 0
0 1 4 1 34 01239 012 0123456789 012345678 012 012345689 02456789
0 1 4 1 4569 02346789 012 0123456789 0123456789 012 024 0678
0 1 4 12 09 03456789 012 0123456789 0123456789 0 0 0
0 1 45 02 01234 0123456789 012 0123456789 012345678 0 0 0
0 1 5 0 123 012345678 01 012346789 0123456789 01 02 08
0 1 5 0 3467 0123456789 012 012346789 0123456789 0 0 0
0 1 5 01 0123789 01234689 012 012346789 0123456789 01 02346 0248
0 1 5 1 345 012345689 01 012346 0123456789 01 01234569 0124678
0 1 5 1 5 8 01 0123456789 0123456789 012 0123456789 02468
0 1 5 1 5 8 1 3456789 0123456789 01 0123456 01234689
0 1 5 1 567 023456789 012 0123456789 0123456789 01 02 08
0 1 5 1 789 012346789 012 0123456789 0123456789 0 0 0
0 1 5 1 9 34567 01 013789 0246789 012 0123456789 012345689
0 1 5 12 0129 0123456789 01 012345689 024689 012 0123456789 0123456789
0 1 5 2 2 01 012 012345679 0123456789 012 0123456789 024678
0 1 5 2 23 01245678 01 015679 0123456789 012 012345679 0123456789
0 1 5 2 3 0 0 123456789 0123456789 012 01234569 024678
0 1 5 2 3 0 01 012349 0123456789 01 01236 0123468
0 1 5 2 3 01245 012 0123456789 0123456789 01 012346 02468
0 1 5 2 34 01234568 01 03469 012345678 012 012346789 02468
0 1 5 2 4 8 0 01 234568 012 0123456789 012456789
0 1 5 2 45 0189 01 0123456789 0123456789 012 01234569 0123456789
0 1 56 02 05 01234 01 0123456789 0123456789 012 024569 012468
0 1 6 0 01 0123456789 01 0123456789 0123456789 01 01236 02468
0 1 6 0 12345678 0123456789 012 0123456789 0123456789 0 0 0
0 1 6 01 01289 012345689 01 0123456789 0245678 01 012369 024689
0 1 6 1 23456789 0123456789 012 01236789 012456789 0 0 0
0 1 67 02 012345 012345689 012 0123456789 012345689 0 0 012348
0 1 7 0 0 0 0 0 1 012 0123456789 0123456789
0 1 7 0 0 0 0 01 012348 012 0123456789 0123456789
0 1 7 0 0 0 0 1 12345 012 0123456789 0123456789
0 1 7 0 0 0 0 1 567 012 0123456789 0123456789
0 1 7 0 0 0 0 123 0124789 012 0123456789 0123456789
0 1 7 0 0 0 01 016789 0123456789 01 0123456789 0123456789
0 1 7 0 0 01 01 012346789 0123456789 012 0123456789 0123456789
0 1 7 0 0 1 0 013678 01234689 012 0123456789 01234568
0 1 7 0 0 1 01 012389 0123456789 01 01234569 01234678
0 1 7 0 0 1 1 345678 0123456789 012 0123456789 012456789
0 1 7 0 0 1248 012 02345689 0123456789 01 0123456789 024568
0 1 7 0 012 012345689 012 0123456789 0123456789 01 012369 02348
0 1 7 0 23 012346789 01 0123456789 0123456789 01 01234678 0123468
0 1 7 0 34 02346 012 0123456789 0123456789 01 0123469 024568
0 1 7 0 456 012456789 012 0123456789 012345678 01 012346789 024568
0 1 7 0 6 678 012 0123456789 012345689 01 026 048
0 1 7 0 67 0189 012 0123456789 02345678 01 01236 02468
0 1 7 0 7 12345 012 0123456789 02345678 01 01236 02468
0 1 7 0 7 567 012 0123456789 02456789 01 01236 02468
0 1 7 0 7 789 012 0123456789 0123456789 012 012345689 02468
0 1 7 0 7 9 012 0123456789 0123456789 012 012345689 024678
0 1 7 0 78 019 012 0123456789 0123456789 01 012345689 02468
0 1 7 0 8 1 012 0123456789 0123456789 01 02346 0248
0 1 7 0 8 123 012 0123456789 0123456789 012 01234689 02456789
0 1 7 0 8 34567 012 0123456789 0123456789 012 02346789 02468
0 1 7 0 8 78 012 0123456789 0123456789 01 0123456789 02468
0 1 7 0 89 0189 012 0123456789 0124689 01 0123456789 0123456789
0 1 7 0 9 123 012 0123456789 01234568 01 012346789 0124568
0 1 7 01 019 012345678 012 012345679 01234678 012 01234569 01234568
0 1 7 1 12 04689 012 0123456789 023456789 012 012346789 023468
0 1 7 1 234 023456789 012 0123456789 0123456789 01 026 048
0 1 7 12 2356789 023456789 012 01236789 023456789 012 026789 02468
0 1 7 2 34 0234568 012 0123456789 0123456789 0 0 0
0 1 7 2 45 01289 012 0123456789 0123456789 0 0 0
0 1 7 2 5 23 012 0123456789 0123456789 0 0 0
0 1 78 02 01235 012345689 012 01234569 0123456789 01 01236 02468
0 1 8 0 3456 024568 012 0123456789 0123456789 012 01234569 01234689
0 1 8 0 6 45 012 0123456789 012456789 01 0123679 012468
0 1 8 0 6 56 012 0123456789 012345689 0 0 0
0 1 8 0 6 67 012 0123456789 023456789 0 0 0
0 1 8 0 6 78 012 0123456789 0123456789 01 02689 0468
0 1 8 0 6 8 01 012356789 0123456789 01 0123456 0124678
0 1 8 0 6 8 1 3456789 0123456789 01 01234689 012456789
0 1 8 01 0123456789 012346789 012 012346789 0123456789 0 0 0
0 1 8 1 5 345 012 0123456789 01245678 0 0 0
0 1 8 1 56 056 012 0123456789 012345689 0 0 0
0 1 8 1 6 01 012 0123456789 023456789 0 0 0
0 1 8 1 6 124 012 0123456789 012456789 0 0 0
0 1 8 1 6 4568 012 0123456789 012456789 0 0 0
0 1 8 1 7 23 012 0123456789 012345678 0 0 0
0 1 8 1 7 3 012 0123456789 0123456789 0 0 0
0 1 8 12 0123789 0234568 012 0123456789 012345678 0 0 0
0 1 8 2 34 0489 012 0123456789 0123456789 0 0 0
0 1 8 2 4 4 012 0123456789 0123456789 0 0 0
0 1 8 2 4 45 012 0123456789 0123456789 0 0 0
0 12 089 012 01234569 0123456789 012 0123456789 0123456789 01 0269 0248
0 2 0 0 12 0789 01 0123456789 0123456789 012 012369 0234678
0 2 0 0 23 0123456789 01 0123469 0123456789 012 0269 0248
0 2 0 0 3 3 01 0123456789 0123456789 0 0 0
0 2 0 0 3 3467 012 0123456789 0123456789 0 0 0
0 2 0 0 34 089 012 0123456789 0123456789 01 02 08
0 2 0 0 4 1234567 012 0123456789 0123456789 0 0 0
0 2 0 0 456 0123456789 012 01234689 0123456789 01 012369 02468
0 2 0 0 6 0 012 0123456789 0123456789 0 0 0
0 2 0 0 6789 0123456789 012 0123456789 0123456789 0 0 0
0 2 0 01 01239 0123456789 012 0123456789 0123456789 01 01236 023468
0 2 0 1 3 2345 012 0123456789 0123456789 0 0 0
0 2 0 1 3 5678 012 0123456789 012346789 01 02 08
0 2 0 1 34 023489 012 0123456789 0123456789 0 0 0
0 2 0 1 45 089 012 0123456789 0123456789 01 02 08
0 2 0 1 5 0123 01 0123456789 0123456789 0 0 0
0 2 0 1 5 3 01 0123456789 0123456789 0 0 0
0 2 0 1 5 34567 012 0123456789 0123456789 0 0 0
0 2 0 1 5 7 01 0123456789 0123456789 0 0 0
0 2 0 1 5678 012345678 012 0123456789 0123456789 0 0 0
0 2 0 1 89 0123456789 012 023456789 0123456789 01 0269 0248
0 2 0 12 09 01256789 012 0123456789 0123456789 0 0 0
0 2 0 2 0 2 01 0123456789 0123456789 0 0 0
0 2 0 2 0 23456789 012 0123456789 012456789 0 0 0
0 2 0 2 0123 0123456789 012 0123456789 024689 0 06 04
0 2 0123 02 0345 0123456789 01 012345689 0123456789 012 02369 02468
0 2 3 0 0 012 012 0123456789 0123456789 0 0 0
0 2 3 0 0 2345 012 012346789 0123456789 01 01236 01246789
0 2 3 0 01 0156789 012 0123456789 01245689 0 0 0
0 2 3 0 1 12 012 012345689 012345678 012 0123456789 012345689
0 2 3 0 1 2 0 3 34 012 0123456789 0123456789
0 2 3 0 1 2 0 3 4567 012 0123456789 0123456789
0 2 3 0 1 23 01 0123456789 01246789 012 0123456789 0123456789
0 2 3 0 1 345689 012 0123456789 0123456789 0 0 0
0 2 3 0 1 9 012 0123456789 02346789 01 01234569 01234689
0 2 3 0 2 046 01 0123456789 0123456789 0 0 0
0 2 3 0 2 67 012 012345679 0123456789 0 0 0
0 2 3 0 2 7 01 0123456789 0123456789 01 023456 01245678
0 2 3 0 2 7 12 0123456789 0123456789 01 01236 02468
0 2 3 0 23 02789 012 012345689 0123456789 0 0 0
0 2 3 0 3 2 0 56 0123678 012 0123456789 0123456789
0 2 3 0 3 2 01 0123456789 0123456789 012 0123456789 0123456789
0 2 3 0 3 23 012 012345689 0123456789 012 0123456789 01246789
0 2 3 0 3 3 0 9 6789 012 0123456789 0123456789
0 2 3 0 3 3 01 09 0129 012 0123456789 0123456789
0 2 3 0 3 3 12 012346789 0123456789 012 0123456789 0123456789
0 2 3 0 3 345 012 0123456789 0123456789 0 0 0
0 2 3 0 3 567 012 0123456789 0123456789 01 02 08
0 2 3 0 3 78 012 0123456789 012346789 01 0123456789 0123456789
0 2 3 0 3 8 12 01246789 012456789 01 0123456789 0123456789
0 2 3 0 3 8 2 4 0123 012 0123456789 0123456789
0 2 3 0 3 8 2 4 34 012 0123456789 0123456789
0 2 3 0 3 8 2 4 4567 012 0123456789 0123456789
0 2 3 0 34 089 012 0123456789 0123456789 012 023489 0248
0 2 3 0 4 012 012 0123456789 012456789 0 0 0
0 2 3 0 4 234 012 0123456789 0123456789 0 0 0
0 2 3 0 4 45 012 012345679 0123456789 012 0123456789 012345678
0 2 3 0 4 5 0 1 789 012 0123456789 0123456789
0 2 3 0 4 5 0 12 019 012 0123456789 0123456789
0 2 3 0 4 5 0 2 12 012 0123456789 0123456789
0 2 3 0 4 5 0 2345678 023456789 012 0123456789 023456789
0 2 3 0 4 5 01 123456789 0123456789 012 012345689 0123456789
0 2 3 0 4 56 012 0123456789 0123456789 01 023469 024678
0 2 3 0 4 678 012 0123456789 0123456789 012 0249 0248
0 2 3 0 4 89 012 0123456789 0123456789 0 0 0
0 2 3 0 45 019 012 0123456789 0123456789 012 02459 02458
0 2 3 0 5 23 012 0123456789 0123456789 0 0 0
0 2 3 0 5 34 012 0123456789 0123456789 0 0 0
0 2 3 0 5 456 012 0123456789 0123456789 0 0 0
0 2 3 0 5 6 012 012346789 0123456789 012 01234569 01234678
0 2 3 0 5 67 012 012346789 01246789 012 012346789 012346789
0 2 3 0 5 78 01 012689 0123456789 012 0123456789 0123456789
0 2 3 0 5 8 01 01239 012345678 012 01234689 0123456789
0 2 3 0 5 8 1 3 89 012 012345679 0123456789
0 2 3 0 5 89 012 0123456789 0123456789 012 023489 01245689
0 2 3 0 56 019 012 0123456789 0123456789 0 0 0
0 2 3 0 6 123 012 0123456789 0123456789 0 0 0
0 2 3 0 6 345 012 0123456789 012345689 0 0 0
0 2 3 0 6 567 012 0123456789 0123456789 01 023689 02468
0 2 3 0 67 23478 012 0123456789 0123456789 0 0 0
0 2 3 0 7 56789 012 0123456789 012345678 0 0 0
0 2 3 0 78 01239 012 0123456789 0123456789 0 0 0
0 2 3 0 8 3456789 012 0123456789 0123456789 0 0 0
0 2 3 0 8 9 12 056789 012345678 012 0123456789 0123456789
0 2 3 0 89 019 012 012346789 0123456789 02 02 01248
0 2 3 0 9 1 01 0123689 0123456789 012 0123456789 012345678
0 2 3 0 9 12 012 0123469 01234678 012 0123456789 0123456789
0 2 3 0 9 234 012 0123456789 0123456789 01 02469 02468
0 2 3 0 9 45 012 0123456789 0123456789 0 0 0
0 2 3 0 9 567 012 0123456789 0123456789 01 02469 0248
0 2 3 01 09 0123789 012 0123456789 012345678 012 01234689 02468
0 2 3 1 0 3 12 23456789 0123456789 012 0123456789 02468
0 2 3 1 0 3456 012 012345689 0123456789 012 023469 02468
0 2 3 1 01 016789 012 0123456789 01234568 0 0 0
0 2 3 1 12 128 012 0123456789 0123456789 012 02349 0248
0 2 3 1 2 8 012 0123456789 0123456789 0 0 0
0 2 3 1 2 89 012 0123456789 0123456789 0 0 0
0 2 3 1 23 09 012 0123456789 0123456789 01 023469 02468
0 2 3 1 3 0 01 0123456789 0123456789 012 01269 02345689
0 2 3 1 3 01 012 0123456789 0123456789 0 0 0
0 2 3 1 3 1 012 0123456789 0123456789 0 0 0
0 2 3 1 3 12 02 012345 0123456789 012 01234689 012468
0 2 3 1 3 2 012 0123456789 0123456789 0 0 0
0 2 3 1 3 23 012 0123456789 0123456789 0 0 0
0 2 3 1 3 3 12 0123456789 0123456789 012 01234569 012345689
0 2 3 1 3 34 012 0123456789 0123456789 0 0 0
0 2 3 1 3 45 012 0123456789 0123456789 0 0 0
0 2 3 1 3 5 01 0123456789 0123456789 0 0 0
0 2 3 1 3 56 012 012349 0123456789 012 0123456789 0123456789
0 2 3 1 3 6 01 0123456789 0123456789 012 0123459 012345689
0 2 3 1 3 67 012 0123456789 0123456789 01 01236 023468
0 2 3 1 3 7 012 0123456789 0123456789 0 0 0
0 2 3 1 3 78 02 0123456789 0123456789 01 029 028
0 2 3 1 3 89 012 0123456789 0123456789 01 023456 02468
0 2 3 1 3 9 01 0123456789 0123456789 0 0 0
0 2 3 1 34 09 012 0123456789 0123456789 0 0 0
0 2 3 1 4 0 01 0123456789 0123456789 01 01236 023468
0 2 3 1 4 01 02 0123456789 0123456789 0 0 0
0 2 3 1 4 1 012 0123456789 0123456789 01 029 028
0 2 3 1 4 12 012 0123456789 0123456789 0 0 0
0 2 3 1 4 23 012 0123456789 0123456789 012 02459 02348
0 2 3 1 4 3 01 0123456789 0123456789 0 0 0
0 2 3 1 4 34 012 0123456789 0123456789 0 0 0
0 2 3 1 4 4 012 0123456789 0123456789 01 02 08
0 2 3 1 4 45 012 0123456789 0123456789 012 0234689 0248
0 2 3 1 4 5 12 0123456789 0123456789 012 012346789 02345689
0 2 3 1 4 56 02 0123456789 0123456789 01 01234569 024568
0 2 3 1 4 6 012 0123456789 0123456789 01 012369 024678
0 2 3 1 4 67 012 0123456789 0123456789 012 023459 01234568
0 2 3 1 4 7 12 0123456789 0123456789 012 012346789 024689
0 2 3 1 4 78 012 0123456789 0123456789 01 01236 024689
0 2 3 1 4 89 012 0123456789 0123456789 012 02459 02458
0 2 3 1 4 9 012 0123456789 0123456789 0 0 0
0 2 3 1 45 09 012 0123456789 0123456789 0 0 0
0 2 3 1 5 0 12 0123456789 0123456789 012 02349 024678
0 2 3 1 5 01 012 0123456789 0123456789 0 0 0
0 2 3 1 5 12 012 0123456789 0123456789 0 0 0
0 2 3 1 5 2 012 0123456789 0123456789 012 029 023468
0 2 3 1 5 23 012 0123456789 0123456789 0 0 0
0 2 3 1 5 34 012 0123456789 0123456789 01 02346 024678
0 2 3 1 5 45 012 0123456789 0123456789 0 0 0
0 2 3 1 5 56 012 0123456789 0123456789 012 0249 024678
0 2 3 1 5 67 012 0123456789 0123456789 01 0234689 02468
0 2 3 1 5 78 012 0123456789 0123456789 0 0 0
0 2 3 1 5 89 012 0123456789 0123456789 01 024569 02468
0 2 3 1 56 09 012 0123456789 0123456789 01 012346 024568
0 2 3 1 6 0 012 0123456789 0123456789 01 0123456789 02468
0 2 3 1 6 01 012 0123456789 0123456789 012 023469 0124689
0 2 3 1 6 12 012 0123456789 0123456789 0 0 0
0 2 3 1 6 23 012 0123456789 0123456789 01 01269 023468
0 2 3 1 6 34 012 0123456789 0123456789 0 0 0
0 2 3 1 6 45 012 0123456789 0123456789 012 02459 02458
0 2 3 1 6 56 012 0123456789 0123456789 01 01236 0245678
0 2 3 1 6 6 012 0123456789 0123456789 012 012345679 0123456789
0 2 3 1 6 67 012 0123456789 0123456789 01 01236 02468
0 2 3 1 6 78 012 0123456789 0123456789 012 0123469 0123456789
0 2 3 1 6 89 012 0123456789 0123456789 0 0 0
0 2 3 1 67 09 012 0123456789 0123456789 012 0245679 01234689
0 2 3 1 7 01 012 0123456789 0123456789 01 01236 012468
0 2 3 1 7 1 012 0123456789 0123456789 012 01234679 01245689
0 2 3 1 7 12 012 0123456789 0123456789 02 04 08
0 2 3 1 7 23 012 0123456789 0123456789 0 0 0
0 2 3 1 7 34 012 0123456789 0123456789 012 029 02468
0 2 3 1 7 45 012 0123456789 0123456789 012 0124569 02468
0 2 3 1 7 56 012 0123456789 0123456789 0 0 0
0 2 3 1 7 67 012 0123456789 0123456789 0 0 0
0 2 3 1 7 78 012 0123456789 0123456789 0 0 0
0 2 3 1 7 89 012 0123456789 0123456789 0 0 0
0 2 3 1 78 09 012 0123456789 0123456789 01 0123679 024689
0 2 3 1 8 0 012 0123456789 0123456789 01 01236 012468
0 2 3 1 8 01 012 0123456789 0123456789 01 0123456789 02468
0 2 3 1 8 12 012 0123456789 0123456789 0 0 0
0 2 3 1 8 23 012 0123456789 0123456789 0 01367 024568
0 2 3 1 8 34 012 0123456789 0123456789 012 02346789 0245689
0 2 3 1 8 45 012 0123456789 0123456789 0 0 0
0 2 3 1 8 56 012 0123456789 0123456789 0 0 0
0 2 3 1 8 67 012 0123456789 0123456789 0 0 0
0 2 3 1 8 78 012 0123456789 0123456789 0 0 0
0 2 3 1 8 89 012 0123456789 0123456789 0 0 0
0 2 3 1 89 09 012 0123456789 0123456789 01 02 08
0 2 3 1 9 01 012 0123456789 0123456789 012 012469 023468
0 2 3 1 9 12 012 0123456789 0123456789 0 0 0
0 2 3 1 9 23 012 01234569 0123456789 012 0123456789 0123456789
0 2 3 1 9 34 012 0123456789 023456789 012 0123456789 0123456789
0 2 3 1 9 456 012 0123456789 0123456789 01 02 08
0 2 3 1 9 67 012 0123456789 0123456789 01 012369 02468
0 2 3 1 9 789 012 0123456789 0123456789 0 0 0
0 2 3 12 09 09 012 0123456789 0123456789 012 0249 0248
0 2 3 2 0 01 012 0123456789 0123456789 01 012369 024678
0 2 3 2 0 123 012 0123456789 0123456789 0 012 026
0 2 3 2 0 34 012 012456789 0123456789 012 0123469 0123456789
0 2 3 2 0 45 012 0123456789 0123456789 0 0 0
0 2 3 2 0 567 012 0123456789 0123456789 0 0 0
0 2 3 2 0 78 012 012346789 0123456789 01 0123469 01234689
0 2 3 2 0 89 012 0123456789 0123456789 0 0 0
0 2 3 2 01 09 012 0123456789 0123456789 012 012345679 012468
0 2 3 2 1 01 012 0134569 0123456789 012 0123456789 012345689
0 2 3 2 1 12 012 0123456789 0123456789 012 012345679 01245689
0 2 3 2 1 23 012 0123456789 0123456789 0 0 0
0 2 3 2 1 34 012 0123456789 0123456789 0 01 024568
0 2 3 2 1 45 012 0123456789 0123456789 01 0123456789 0123456789
0 2 3 2 1 5 0 5 234 01 0123456789 0123456789
0 2 3 2 1 56 012 0123456789 0123456789 012 0126789 012345678
0 2 3 2 1 67 012 0123456789 0123456789 0 0 0
0 2 3 2 1 789 012 0123456789 0123456789 0 0 0
0 2 3 2 12 09 012 0123456789 0123456789 0 0 0
0 2 3 2 2 012 012 0123456789 0123456789 01 012346 0123468
0 2 3 2 2 23 012 0123456789 0123456789 01 01236 02468
0 2 3 2 2 345 012 0123456789 0123456789 0 0 0
0 2 3 2 2 56 012 0123456789 0123456789 01 0234689 024689
0 2 3 2 2 67 012 0123456789 0123456789 01 0123469 0234678
0 2 3 2 2 789 012 0123456789 0123456789 012 02349 02468
0 2 3 2 23 09 01 01236789 0123456789 012 023469 024568
0 2 3 2 3 0 01 0123456789 0123456789 0 0 0
0 2 3 2 3 01 012 0123456789 0123456789 0 0 0
0 2 3 2 3 12345 01 012345689 0123456789 012 01246789 024678
0 2 3 2 3 5 1 45 0123456789 012 0123456789 02468
0 2 3 2 3 56 012 0123456789 0123456789 012 0234569 0124689
0 2 3 2 3 67 012 0123456789 0123456789 01 0234569 024689
0 2 3 2 3 7 01 0123456789 0123456789 012 0123456789 02468
0 2 3 2 3 789 012 0123456789 0123456789 01 01236 02468
0 2 3 2 34 0469 02 0123456 0124568 01 0123456789 0123456789
0 2 3 2 4 6 0 6 01 012 0123456789 0123456789
0 2 3 2 4 6 0 6 12 012 0123456789 023456789
0 2 3 2 4 67 01 0123456 0123456789 012 01234569 02468
0 2 3 2 4 7 01 0123456789 0123456789 012 012369 02468
0 2 3 2 4 789 012 0123456789 0123456789 01 02 08
0 2 3 2 4 9 0 2345 0234589 012 0123456789 0123456789
0 2 3 2 4 9 01 12345689 0123456789 012 0123456789 0123456789
0 2 3 2 45 019 012 012346789 0123456789 012 0123456789 02345689
0 2 3 2 5 1234 012 0123456789 0123456789 01 02 08
0 2 3 2 5 45 012 0123469 01245678 012 0123456789 0123468
0 2 3 2 5 5 0 0 23456 012 0123456789 02468
0 2 3 2 5 5 0 0 6789 012 0123456789 02468
0 2 3 2 5 5 0 01 01239 012 0123456789 02468
0 2 3 2 5 5 0 1 3456 012 0123456789 02468
0 2 3 2 5 5 0 12 06789 012 0123456789 02468
0 2 3 2 5 5 0 2 0123 012 0123456789 02468
0 2 3 2 5 5 0 2 4567 012 0123456789 02468
0 2 3 2 5 5 0 23 01789 012 0123456789 02468
0 2 3 2 5 5 0 3 1234 012 0123456789 02468
0 2 3 2 5 5 0 3 45678 012 0123456789 02468
0 2 3 2 5 5 0 34 0189 012 0123456789 02468
0 2 3 2 5 5 0 4 12345 012 0123456789 02468
0 2 3 2 5 5 0 4 56789 012 0123456789 02468
0 2 3 2 5 5 0 45 0129 012 0123456789 02468
0 2 3 2 5 5 0 5 23456 012 0123456789 02468
0 2 3 2 5 5 0 56 06789 012 0123456789 02468
0 2 3 2 5 5 0 6 0123 012 0123456789 02468
0 2 3 2 5 5 0 6 34567 012 0123456789 02468
0 2 3 2 5 5 0 67 01789 012 0123456789 02468
0 2 3 2 5 5 0 7 1234 012 0123456789 02468
0 2 3 2 5 5 0 7 45678 012 0123456789 02468
0 2 3 2 5 5 0 78 01289 012 0123456789 02468
0 2 3 2 5 5 0 8 2345 012 0123456789 02468
0 2 3 2 5 5 0 8 56789 012 0123456789 02468
0 2 3 2 5 5 0 89 01239 012 0123456789 02468
0 2 3 2 5 5 0 9 34567 012 0123456789 02468
0 2 3 2 5 5 01 09 0789 012 0123456789 02468
0 2 3 2 5 5 1 0 01234 012 0123456789 02468
0 2 3 2 5 5 1 0 4567 012 0123456789 02468
0 2 34 02 01235 01456789 012 0123456789 0123456789 012 0123456789 02468
0 2 4 0 3 12345678 012 012346789 0123456789 0 0 0
0 2 4 0 34 0123489 012 0123456789 0123456789 0 0 0
0 2 4 0 45 019 012 0123456789 0123456789 012 0123456789 0123456789
0 2 4 0 5 1234 012 0123456789 02345678 012 0123456789 0123456789
0 2 4 0 567 0245678 01 0123456789 0123456789 012 029 0248
0 2 4 0 789 012345689 012 0123456789 023456789 0 0 0
0 2 4 01 09 02345678 012 0123456789 01234678 0 0 0
0 2 4 1 0 0123456 012 0123456789 0123456789 0 0 0
0 2 4 1 01 012345678 012 0123456789 0123456789 0 0 0
0 2 4 1 1 6789 012 0123456789 0123456789 0 0 0
0 2 4 1 12 012349 012 0123456789 0123456789 0 0 0
0 2 4 1 23 023456789 012 012346789 01245689 012 0123469 0245689
0 2 4 1 345 0123456789 012 0123456789 0123456789 0 0 0
0 2 4 1 5 234567 012 0123456789 01234568 01 02456789 02345689
0 2 4 1 567 0123456789 012 023456789 02345678 0 0 0
0 2 4 1 7 0123456789 012 0123456789 0123456789 01 01236 02468
0 2 4 12 0789 023456789 012 012346789 0123456789 0 0 0
0 2 4 2 01 012346789 012 0123456789 0123456789 01 01236 0124689
0 2 4 2 1 456789 012 0123456789 0123456789 012 02349 01248
0 2 4 2 12 01239 012 0123456789 0123456789 01 01269 024689
0 2 4 2 23 03456789 012 0123456789 0123456789 0 0 0
0 2 4 2 3 012345678 012 0123456789 0123456789 01 02346 0248
0 2 4 2 34 012389 012 0123456789 0123456789 0 0 0
0 2 4 2 4 45678 012 0123456789 0123456789 0 0 0
0 2 456 012 01234569 012456789 012 012346789 023456789 01 01269 012468
0 2 67 012 023469 0124568 012 0123456789 01234689 01 01236 0124689
0 2 7 0 01 0124678 012 0123456789 02345689 012 01234569 012468
0 2 7 0 123 0123456789 012 0123456789 012345689 01 01236 023468
0 2 7 0 34 012456789 012 0123456789 0123468 0 0 0
0 2 7 0 45 09 01 01234589 02346789 012 0123456789 0123456789
0 2 7 0 56 012456789 012 0123456789 0123456789 01 0126789 023468
0 2 7 01 06789 012346789 012 012346789 012346789 0 0 0
0 2 7 1 01 0123456789 012 0123456789 012345689 01 0123456789 0124568
0 2 7 1 1 012 012 0123456789 0123456789 012 0123456789 02346789
0 2 7 1 12 0123456789 012 0123456789 02346789 0 0 0
0 2 7 1 2 23 012 01234569 012346789 012 01234569 0123456789
0 2 7 1 2 34 02 012345 0123456789 012 012345679 0123456789
0 2 7 1 2 456 012 0123456789 023456789 01 023456 023468
0 2 7 1 23 016789 012 0123456789 0123456789 0 0 0
0 2 7 1 3 12345 012 0123456789 023456789 0 0 0
0 2 7 1 345 0123456789 012 0123456789 01234568 01 0269 0468
0 2 7 12 23456789 0123456789 01 0123456789 0123456789 0 0 0
0 2 7 2 5 45 012 0123456789 0123456789 0 0 0
0 23 01789 012 012356 01234568 012 0123456789 0123456789 0 0 0
0 3 1 0 0 3456 012 012345679 0123456789 012 0123469 0123456789
0 3 1 0 0 6 01 0123456789 0123456789 012 023456789 02468
0 3 1 0 0 67 012 0123456789 0123456789 012 01234679 024568
0 3 1 0 01 012789 012 0123456789 0123456789 012 0123469 02345678
0 3 1 0 1 23 01 012345678 0123456789 012 012346789 0123468
0 3 1 0 1 34 012 0123456789 0123456789 01 02346789 0124568
0 3 1 0 1 4 012 0123456789 0123456789 01 012346 0124568
0 3 1 0 12 02456 012 0123456789 0123456789 012 01236789 0123468
0 3 1 0 2 234 012 0123456789 0123456789 012 01234569 0123456789
0 3 1 0 2 4567 012 0123456789 0123456789 012 0123569 01234568
0 3 1 0 23 01789 012 0123456789 0123456789 01 01236 02345678
0 3 1 0 34 012 012 0123456789 0123456789 01 023456789 024689
0 3 1 0 4 0 12 0123456789 0123456789 012 012346789 0123468
0 3 1 0 4 012 012 0123456789 0123456789 012 0123469 012468
0 3 1 0 4 234 012 0123456789 0123456789 01 0126789 023468
0 3 1 0 4 456 012 012456789 012345678 012 0123456789 0123456789
0 3 1 0 45 678 012 012346789 0123456789 012 0123456789 012346789
0 3 1 0 5 6 01 0123456789 0123456789 01 0269 028
0 3 1 0 5 67 012 0123456789 0123456789 01 01236 024568
0 3 1 0 5 7 01 0123456789 0123456789 012 0123469 012468
0 3 1 0 5 7 12 0123456789 0123456789 012 0123469 024568
0 3 1 0 5 78 02 012345 0123456789 01 01236 012468
0 3 1 0 5 8 01 0123456789 0123456789 012 023469 023468
0 3 1 0 5 89 012 0123456789 0123456789 012 012346789 02468
0 3 1 0 5 9 012 0123456789 0123456789 0 0 0
0 3 1 0 5689 02456789 012 0123456789 0123456789 0 0 0
0 3 1 0 9 789 012 012346789 0123456789 012 02369 02468
0 3 1 01 0129 0245689 012 0234569 0123456789 012 0269 02468
0 3 1 1 23 089 012 0123456789 0123456789 0 0 0
0 3 1 1 3 012 012 0123456789 0123456789 01 01236 02468
0 3 1 1 3 23 012 0123456789 0123456789 01 0123456789 02468
0 3 1 1 3 34 012 012346789 0123456789 012 0123456789 02468
0 3 1 1 34 012456 012 0123456789 0123456789 01 02 08
0 3 1 1 4 5678 012 0123456789 0123456789 012 02349 024568
0 3 1 1 456 012345689 012 0123456789 0123456789 0 0 0
0 3 1 1 6 24689 0 034 0245689 012 0123456789 0123456789
0 3 1 1 6 9 0 456789 0123456789 012 0123456789 0123456789
0 3 1 1 67 019 012 0123456789 0123456789 01 01234569 0123468
0 3 1 1 7 12 012 0123456789 0123456789 0 0 0
0 3 1 1 78 0234678 012 0123456789 0123456789 0 0 0
0 3 1 1 8 456 012 0123456789 0123456789 01 01236 024689
0 3 1 1 89 02678 012 0123456789 0123456789 0 0 0
0 3 1 12 09 012346 012 0123456789 0123456789 01 01234689 012468
0 3 1 2 0 234567 012 0123456789 0123456789 01 023469 024689
0 3 1 2 01 0789 01 0123456789 0123456789 01 0123456789 0123456789
0 3 1 2 1 0 0 01 089 012 0123456789 0123456789
0 3 1 2 1 0 0 1 0123 012 0123456789 0123456789
0 3 1 2 1 0 01 012345679 0123456789 012 01234689 0123468
0 3 1 2 1 0123 012 0123456789 0123456789 0 0 0
0 3 1 2 1 3456 012 012345679 0123456789 0 0 0
0 3 1 2 1 67 012 023456789 012346789 012 012346789 023456789
0 3 1 2 1 7 12 01234569 0123456789 012 012345679 0123456789
0 3 1 2 12 0789 012 01256789 012345678 012 0123456789 01234678
0 3 1 2 2 012 012 0123456789 0123456789 01 01236789 01245678
0 3 1 2 2 23 012 0123456789 0123456789 0 0 0
0 3 12 02 01234 012345689 012 012346789 0123456789 01 0123469 02468
0 3 2 0 4 2 01 01234679 01246789 012 012346789 0123456789
0 3 2 0 45 23468 012 0123456789 023456789 01 012456789 0123456789
0 3 2 0 5 8 2 01 026789 012 0123456789 0123456789
0 3 2 0 5 89 012 0123456789 0123456789 012 012346789 012468
0 3 2 0 56 09 012 012456789 012345678 012 0123456789 02468
0 3 2 0 6 0124 01 01236789 023456789 012 0123456789 0234689
0 3 2 01 06789 01245678 012 01234679 012345689 01 0123456789 0123456789
0 3 2 1 0 12345 012 0123456789 023456789 01 02 08
0 3 2 1 0 567 012 0123456789 0123456789 01 0123456 0124568
0 3 2 1 0 789 01 01236 01245678 012 0123456789 0123456789
0 3 2 1 0 9 0 3 45 012 0123456789 0123456789
0 3 2 1 0 9 0 3 567 012 0123456789 0123456789
0 3 2 1 0 9 0 345 078 012 0123456789 0123456789
0 3 2 1 0 9 0 5 01 012 0123456789 0123456789
0 3 2 1 0 9 0 5 1234 012 012345689 0123456789
0 3 2 1 01 029 01 0123456789 012345689 01 0123456789 0123456789
0 3 2 1 1 2 01 012569 012346789 012 0123456789 0123456789
0 3 2 1 1 2 1 23 089 012 0123456789 0123456789
0 3 2 1 1 2 1 3 012 012 0123456789 0123456789
0 3 2 1 1 2 1 3 2345 012 0123456789 012345678
0 3 2 1 1 2 1 3 567 012 0123456789 0123456789
0 3 2 1 1 2 1 3 78 012 0123456789 0123456789
0 3 2 1 1 2 1 34 0489 012 0123456789 0123456789
0 3 2 1 1 2 1 45 24568 012 0123456789 012456789
0 3 2 1 1 2 1 5 4567 012 0123456789 0123456789
0 3 2 1 1 2 1 5 78 012 0123456789 0123456789
0 3 2 1 1 2 1 56 089 012 0123456789 0123456789
0 3 2 1 1 2 1 6 012 012 0123456789 0123456789
0 3 2 1 1 2 1 6 234 012 0123456789 0123456789
0 3 2 1 1 2 1 6 456 012 0123456789 012456789
0 3 2 1 1 2 1 6 678 012 0123456789 0123456789
0 3 2 1 1 2 1 67 089 012 0123456789 0123456789
0 3 2 1 1 2 1 7 01 012 0123456789 012456789
0 3 2 1 1 2 1 7 123 012 0123456789 0123456789
0 3 2 1 1 2 1 7 34 012 0123456789 012345689
0 3 2 1 1 2 1 7 4567 012 0123456789 0123456789
0 3 2 1 1 2 1 7 78 012 0123456789 0123456789
0 3 2 1 1 2 1 78 089 012 0123456789 0123456789
0 3 2 1 1 2 1 8 012467 012 0123456789 0123456789
0 3 2 1 1 2 1 8 78 012 0123456789 0123456789
0 3 2 1 1 2 1 89 089 012 0123456789 0123456789
0 3 2 1 1 2 1 9 01 012 0123456789 0123456789
0 3 2 1 1 2 12 09 012346 012 0123456789 0123456789
0 3 2 1 1 2 2 0 1234 012 0123456789 0123456789
0 3 2 1 1 2 2 0 456 012 0123456789 012345678
0 3 2 1 1 2 2 0 678 012 0123456789 023456789
0 3 2 1 1 2 2 012 0124689 012 0123456789 012345678
0 3 2 1 1 2 2 2 456 012 0123456789 0123456789
0 3 2 1 1 2 2 2 67 012 0123456789 0123456789
0 3 2 1 1 2 2 2 789 012 0123456789 0123456789
0 3 2 1 1 2 2 23 09 012 0123456789 023456789
0 3 2 1 1 23 02 01234678 0123456789 012 012345679 023456789
0 3 2 1 1 34 01 0123456789 012456789 01 0123456789 0123456789
0 3 2 1 1 4 0 6 456 012 0123456789 0123456789
0 3 2 1 1 4 0 6 67 012 0123456789 0123456789
0 3 2 1 1 4 0 6 789 012 0123456789 0123456789
0 3 2 1 1 4 0 67 019 012 0123456789 0123456789
0 3 2 1 1 4 0 78 012346 012 0123456789 0123456789
0 3 2 1 1 4 0 8 234 012 0123456789 0123456789
0 3 2 1 1 4 0 89 014568 012 0123456789 0123456789
0 3 2 1 1 4 0 9 12 012 0123456789 012345678
0 3 2 1 1 4 0 9 234 012 0123456789 0123456789
0 3 2 1 1 4 01 09 456 012 0123456789 012345678
0 3 2 1 1 4 1 01 25678 012 0123456789 0123456789
0 3 2 1 1 4 1 1 23 012 0123456789 023456789
0 3 2 1 1 4 1 1 345 012 0123456789 0123456789
0 3 2 1 1 4 1 1 567 012 0123456789 0123456789
0 3 2 1 1 4 1 1 78 012 0123456789 012456789
0 3 2 1 1 4 1 12 04589 012 0123456789 0123456789
0 3 2 1 1 4 1 2 567 012 0123456789 012345678
0 3 2 1 1 4 12 0123456789 0123456789 012 0123456789 012345689
0 3 2 1 1 45 02 035 0123 012 0123456789 0123456789
0 3 2 1 1 5 0 3 345 012 0123456789 012456789
0 3 2 1 1 5 0 3 56 012 0123456789 0123456789
0 3 2 1 1 5 0 34 012678 012 0123456789 012456789
0 3 2 1 1 5 0 4 234568 012 0123456789 0123456789
0 3 2 1 1 5 0 56 0234678 012 0123456789 0123456789
0 3 2 1 1 5 0 6789 0234678 012 0123456789 0123456789
0 3 2 1 1 5 01 09 012389 012 0123456789 0123456789
0 3 2 1 1 5 1 01 2345 012 0123456789 012345678
0 3 2 1 1 5 1 12 023456 012 0123456789 0123456789
0 3 2 1 1 56 01 023679 012345678 012 0123456789 0123456789
0 3 2 1 1 67 01 02346789 0234568 012 0123456789 0123456789
0 3 2 1 1 7 12 2345679 0245678 012 0123456789 012345678
0 3 2 1 1 78 02 0123456 012456789 012 0123456789 02345689
0 3 2 1 1 8 0 78 024568 012 012346789 0123456789
0 3 2 1 12 0189 012 012345689 0123456789 012 012346 023456789
0 3 2 1 23 01248 012 01236789 012345689 012 012345679 0123456789
0 3 234 012 023456789 0123456789 012 0123469 012456789 012 0129 01234689
0 3 4 0 0 01 02 01346789 0123456789 012 0123456789 0123456789
0 3 4 0 0 123 012 012346789 0123456789 012 012456789 0234678
0 3 4 0 0 3 1 34 012346789 012 0123456789 012346789
0 3 4 0 0 3 1 45679 012345689 012 0123456789 012345678
0 3 4 0 0 3 12 019 02345678 012 0123456789 01245689
0 3 4 0 0 3 2 12 0123456789 012 0123456789 0124568
0 3 4 0 0123 0123456789 012 01234689 023456789 012 01234679 012346789
0 3 4 0 345678 0123456789 012 0123456789 0123456789 01 023 018
0 3 4 0 89 0234569 012 0123469 012345678 012 012345689 0124568
0 3 4 0 9 6 0 0 2345678 012 0123456789 02468
0 3 4 0 9 6 0 01 01289 012 0123456789 02468
0 3 4 0 9 678 012 0123456789 0123456789 012 0123456789 02468
0 3 4 0 9 89 012 0123456789 0234678 01 01234569 02345689
0 3 4 0 9 9 1 012 02678 01 0123456789 0123456789
0 3 4 0 9 9 12 023456789 0124678 012 0123456789 0123456789
0 3 4 01 09 09 02 01234567 0245678 012 0123456789 023456789
0 3 4 1 0 0123 01 01236789 023456789 012 01234569 012345689
0 3 4 1 0 3 01 0123456789 012345678 012 012345689 012456789
0 3 4 1 0 3 1 123 012348 012 0123456789 0123456789
0 3 4 1 0 3 1 3 3467 012 0123456789 0123456789
0 3 4 1 0 3 1 34567 012456789 012 0123456789 012345678
0 3 4 1 0 3 1 78 0124568 012 0123456789 0123456789
0 3 4 1 0 3 12 089 0245678 01 0123456789 0123456789
0 3 4 1 0 3 2 0 67 012 0123456789 0123456789
0 3 4 1 0 3 2 012345 0123456789 012 0123456789 0123456789
0 3 4 1 0 34 02 05 045 012 0123456789 0123456789
0 3 4 1 0 4 0 012 4568 012 0123456789 0123456789
0 3 4 1 0 4 0 234 012345678 012 0123456789 0123456789
0 3 4 1 01 012345678 01 0123456789 0123456789 012 0123469 012468
0 3 4 1 1 6 0 4 34567 012 0123456789 0123456789
0 3 4 1 1 6789 012 0123456789 0123456789 012 01234679 01245689
0 3 4 1 12 049 012 0123456789 0123456789 0 0 0
0 3 4 1 2 4 0 456789 0123456789 01 0123456789 02345689
0 3 4 1 2 4567 012 012346789 012346789 012 0123456789 01246789
0 3 4 1 2 7 1 9 345678 012 0123456789 02468
0 3 4 1 2 7 12 09 012389 012 0123456789 02468
0 3 4 1 2 7 2 0 3456789 012 0123456789 02468
0 3 4 1 2 7 2 01 01234569 012 0123456789 02468
0 3 4 1 2 7 2 12 016789 012 0123456789 02468
0 3 4 1 2 7 2 2 123456789 012 0123456789 02468
0 3 4 1 2 78 012 01234569 012346789 012 0123456789 024689
0 3 4 1 234 01236789 012 0245689 0234678 012 0123456789 023456789
0 3 4 1 4 3 01 09 0189 012 0123456789 0123456789
0 3 4 1 4 3 1 0 1234 012 0123456789 0123456789
0 3 4 1 4 3 1 0 45678 012 0123456789 0123456789
0 3 4 1 4 3 1 01 0189 012 0123456789 012345689
0 3 4 1 4 3 1 1 1234 012 0123456789 0123456789
0 3 4 1 4 3 1 1 4567 012 0123456789 0123456789
0 3 4 1 4 3 1 1 789 012 0123456789 012345689
0 3 4 1 4 3 1 12 01239 012 0123456789 0123456789
0 3 4 1 4 3 1 2 345 012 0123456789 012456789
0 3 4 1 4 34 01 02 012345678 012 0123456789 023456789
0 3 4 1 4 4 0 012 0123456789 012 0123456789 012346789
0 3 4 1 4 4 0 23469 0123456789 012 012346789 0124678
0 3 4 1 4 4 01 09 01234789 012 0123456789 023456789
0 3 4 1 4 4 1 01 0456789 012 0123456789 012456789
0 3 4 1 4 4 1 1 012345 012 0123456789 0123456789
0 3 4 1 4 4 1 1 5678 012 0123456789 0123456789
0 3 4 1 4 4 1 12 0489 012 0123456789 02456789
0 3 4 1 45 01245678 01 0234569 0123456789 012 0123456789 024568
0 3 4 1 5 23 012 0123456789 0123456789 01 02 08
0 3 4 1 5 34567 012 0123456789 0123456789 01 029 028
0 3 4 1 567 023456789 012 0123456789 012345689 012 02456789 0123456789
0 3 4 1 78 0789 012 0123456789 0123456789 012 029 0248
0 3 4 1 89 012345678 012 01234569 0123456789 01 02 08
0 3 4 1 9 0 01 0123456789 0123456789 012 0123456789 0123456789
0 3 45 012 01249 0124678 012 01234689 012345689 01 0123456789 012345678
0 3 5 0 12345 0123456789 012 0123456789 0123456789 0 0 0
0 3 5 0 567 012345689 01 0123456789 0123456789 0 0 0
0 3 5 0 789 01267 012 012345689 0123456789 012 0123456789 0245689
0 3 5 0 9 7 0 0 2345 012 0123456789 0123456789
0 3 5 01 01239 0124789 012 012345689 0123456789 012 0234679 024689
0 3 5 1 345678 012345678 012 012346789 012345689 01 06789 0245678
0 3 5 1 89 012456789 012 02346789 0123456789 012 012346789 012345678
0 3 5 12 09 0123456789 012 0123469 0124678 01 0123456789 012345689
0 3 5 2 01 012678 01 012369 012345689 012 0123456789 012345689
0 3 5 2 123 0123456789 012 01234569 012345678 01 012345689 012345689
0 3 5 2 3 0 1 9 6789 012 0123456789 0123456789
0 3 5 2 3 0 12 0129 012345689 012 0123456789 01234568
0 3 5 2 3 0 2 2 5678 012 0123456789 0123456789
0 3 5 2 3 0 2 23 0189 012 0123456789 0123456789
0 3 5 2 34 012345678 012 012345679 012345678 012 0123456789 0124678
0 3 56 02 01245 0123456789 012 012345689 01246789 01 0123456 0234678
0 3 6 0 23 0123456789 012 012345679 02346789 01 012346789 02346789
0 3 6 0 3 78 012 012346789 012346789 012 0123456789 0123456789
0 3 6 0 345 012346789 012 012346789 0123456789 012 0123456789 023456789
0 3 6 0 5 0 012 0123456789 0123456789 012 0234569 0124689
0 3 6 0 56 012346 012 012345679 0123456789 0 0 0
0 3 6 01 016789 01246789 012 0123456789 023456789 0 0 0
0 3 6 1 123 01234568 012 0123456789 012345689 0 0 0
0 3 6 1 3 1234567 012 0123456789 0123456789 0 0 0
0 3 6 1 34 0789 012 012345689 0123456789 0 0 0
0 3 6 1 4 01 012 0123456789 0123456789 0 0 0
0 3 6 12 0145679 0123456789 012 0123456789 0123456789 0 0 0
0 3 6 2 1245 01234568 012 0123456789 0123456789 01 02 08
0 3 67 02 05 05 012 0123456789 0123456789 012 01234569 012468
0 3 7 0 0 01 01 012456789 0123456789 012 012346789 0123456789
0 3 7 0 0 1246789 012 012346789 0123456789 012 012346789 012468
0 3 7 0 0 9 012 0123456789 0123456789 012 0123456789 01234678
0 3 7 0 01 012469 012 0123456789 0123456789 0 0 0
0 3 7 0 1 678 012 0123456789 0123456789 01 02 08
0 3 7 0 12 089 012 0123456789 0123456789 012 024689 0124568
0 3 7 0 2 45 012 0123456789 012456789 012 012346789 012468
0 3 7 0 2 5678 012 0123456789 012346789 012 012345679 0234678
0 3 7 0 23 0289 01 0123456789 0123456789 012 012679 01234689
0 3 7 0 34 0123456 012 0123456789 0123456789 01 012345689 02468
0 3 7 0 4 456 012 0123456789 0123456789 012 0123469 02468
0 3 7 0 45 0126789 012 01234569 0123456789 01 023469 02468
0 3 7 0 5 89 012 01236789 012456789 012 0123456789 0234568
0 3 7 0 5 9 012 023456789 012456789 012 0123456789 0123456789
0 3 7 0 56 019 012 0123456789 0123456789 012 0123456789 023456789
0 3 7 0 67 1234 012 0123456789 0123456789 01 01236 012468
0 3 7 0 7 234567 012 01234569 0123456789 01 0123456 0123468
0 3 7 0 78 078 012 0123456789 0123456789 012 0123469 012345689
0 3 7 0 9 678 012 0123456789 0123456789 012 01234569 0123456789
0 3 7 01 019 0489 012 0123456789 0123456789 01 012345689 0123456789
0 3 7 1 1 01 012 0123456789 0123456789 012 0123456789 0123456789
0 3 7 1 1 1234 012 0123456789 0123456789 0 0 0
0 3 7 1 12 0456 012 0123456789 0123456789 012 02349 024678
0 3 7 1 2 012348 012 012345679 0123456789 01 026789 0245678
0 3 7 1 23 0126789 012 0123456789 0123456789 0 0 0
0 3 7 1 34 0789 012 0123456789 0123456789 01 012346789 01245689
0 3 7 1 4 012348 012 0123456789 0123456789 012 012489 012468
0 3 7 1 45 0234689 012 0123456789 0123456789 0 0 0
0 3 7 1 5 67 012 0123456789 0123456789 01 01236 02468
0 3 7 1 5678 0456789 012 01234569 0123456789 012 0123456789 012345689
0 3 7 1 8 67 012 012346789 01245689 012 01234679 023456789
0 3 7 12 089 0126789 012 0126789 012456789 012 01234689 02468
0 3 7 2 0 0123 012 012345679 0123456789 01 079 026
0 3 7 2 01 01345689 012 0123456789 0123456789 0 0 0
0 3 7 2 12 0126789 012 0123456789 0123456789 0 012367 0123456789
0 3 7 2 2 1 01 0126789 0123456789 012 0123456789 01245689
0 3 7 2 2 124568 012 0123456789 0123456789 012 01269 024568
0 3 7 2 23 089 012 0123456789 0123456789 0 0 0
0 3 7 2 3 012345 012 0123456789 0123456789 01 0123456 024689
0 3 7 2 3 567 012 0123456789 0123456789 01 01236789 0234568
0 3 7 2 34 01234789 012 012346789 0123456789 01 029 028
0 3 7 2 45 012456789 012 012345679 0123456789 01 01234569 024678
0 3 7 2 5 2 012 012346789 0123456789 01 02346789 0124689
0 3 78 02 05 02345 012 0123456789 0123456789 012 0123469 02468
0 3 8 0 0 5 0 0 1 01 0123456789 0123456789
0 3 8 0 0 56 012 012369 012345689 012 0123456789 0123456789
0 3 8 0 0 6789 012 012345689 0123456789 012 02346789 02468
0 3 8 0 01 09 012 0123456789 0123456789 0 0 0
0 3 8 0 1 012345 012 0123456789 0123456789 012 0129 023468
0 3 8 0 1 56789 012 0123456789 01234678 012 012346789 01245678
0 3 8 0 1 9 012 0123456789 0123456789 012 023469 02468
0 3 8 0 12 0129 012 0123456789 0123456789 01 02 08
0 3 8 0 2 23 012 0123456789 0123456789 012 0123456789 02468
0 3 8 0 2 3 0 678 0123456789 012 012346789 02345689
0 3 8 0 2 34567 012 01234689 0123456789 012 0123456789 023468
0 3 8 0 2 78 012 012679 0123456789 0 01234567 0123456789
0 3 8 0 2 8 0 0 1 01 0123456789 0123456789
0 3 8 0 2 8 0 0 12 012 012345789 0123456789
0 3 8 0 2 8 0 0 234678 01 0123456789 0123456789
0 3 8 0 2 8 0 012368 01234689 01 0123456 0123456789
0 3 8 0 23 089 012 0123456789 0123456789 01 01234569 02468
0 3 8 0 3 012 012 01234569 0123456789 012 01234679 0124678
0 3 8 0 3 234568 012 0123456789 0123456789 0 0 0124
0 3 8 0 3 8 2 234 0123456789 01 0123456789 012345689
0 3 8 0 34 0189 012 0123456789 012345678 012 01234569 0124568
0 3 8 0 4 1234 012 0123456789 0123456789 01 026789 02468
0 3 8 0 4 56 012 0123456789 0123456789 01 02 08
0 3 8 0 4 67 012 0123456789 0123456789 01 012346789 02468
0 3 8 0 4 789 012 0123456789 012345678 012 01234569 01245689
0 3 8 0 45 019 012 0123456789 012345678 012 0123469 02468
0 3 8 0 5 12 012 0123456789 0123456789 012 0123456789 012468
0 3 8 0 5 234 012 0123456789 0123456789 0 0 0
0 3 8 0 5 45 012 0123456789 0123456789 01 0123456 0245689
0 3 8 0 5 56 012 0123456789 0123456789 01 0123456 012345689
0 3 8 0 5 67 012 01234569 0123456789 01 01234689 02468
0 3 8 0 5 7 01 0123456789 023456789 01 0123456789 0234568
0 3 8 0 5 78 012 0123456789 0123456789 012 01234569 0246789
0 3 8 0 56 089 012 0123456789 0123456789 012 0129 02468
0 3 8 0 6 01234 012 012345689 0123456789 01 02 08
0 3 8 0 6 4 012 0123456789 0123456789 012 023469 0248
0 3 8 0 6 5 01 0123456789 0123456789 01 012369 02468
0 3 8 0 6 56 012 0123456789 0123456789 012 012469 02468
0 3 8 0 6 678 012 01234569 0123456789 0 0 0
0 3 8 0 6 89 012 0123456789 0123456789 01 02679 02468
0 3 8 0 67 09 012 0123456789 0123456789 012 012346789 0234689
0 3 8 0 7 01 012 012346789 0123456789 012 0123456789 0123468
0 3 8 0 7 1234 012 0123456789 0123456789 01 0123456789 0124568
0 3 8 0 7 4 0 2345 01246789 012 0123456789 012345678
0 3 8 0 7 45 012 0123456789 02345678 012 0123456789 024689
0 3 8 0 7 56 012 0123456789 0123456789 01 012689 0123468
0 3 8 0 7 6 012 0123456789 0123456789 01 01234569 02345678
0 3 8 0 7 78 012 0123456789 0123456789 01 01234679 02468
0 3 8 0 7 89 012 0123456789 0123456789 012 01234689 02468
0 3 8 0 78 019 012 0123456789 0123456789 01 026789 02468
0 3 8 0 8 123 012 0123456789 0123456789 012 01246789 02468
0 3 8 0 8 34 012 0123456789 0123456789 02 04 08
0 3 8 0 8 456 012 0123456789 0123456789 01 0123 024678
0 3 8 0 8 67 012 0123456789 0123456789 01 023456789 02468
0 3 8 0 8 78 012 012345679 0123456789 01 0123456789 02456789
0 3 8 0 8 8 01 126789 0123456789 012 0123456789 0245678
0 3 8 0 8 89 012 0123456789 0123456789 012 0123456789 02468
0 3 8 0 89 0129 012 012345679 0123456789 0 0 0
0 3 8 0 9 23 012 0123456789 0123456789 01 012345689 02468
0 3 8 0 9 34 012 0123456789 0123456789 012 01234569 02468
0 3 8 0 9 45 012 012346789 0123456789 012 01234569 02468
0 3 8 0 9 56 012 0123456789 0123456789 01 01234569 02468
0 3 8 0 9 67 012 0123456789 0123456789 01 0123679 02468
0 3 8 0 9 78 012 0123456789 0123456789 01 012689 02468
0 3 8 0 9 89 012 012345679 0123456789 012 01234569 02468
0 3 8 0 9 9 01 0123456789 0123456789 012 0123456789 0246789
0 3 8 0 9 9 1 345678 0123456789 012 012346789 0123468
0 3 8 01 09 09 012 01234589 012345678 012 0123456789 02468
0 3 8 1 0 0 012 0123456789 0123456789 01 012679 02468
0 3 8 1 0 01 012 0123456789 0123456789 01 0123469 0124678
0 3 8 1 0 12 012 0123456789 0123456789 01 012345689 01245689
0 3 8 1 0 2 01 012456789 0123456789 012 0123456789 012345689
0 3 8 1 0 23 012 0123456789 0123456789 012 012345689 024678
0 3 8 1 0 3 01 012345789 0123456789 012 01234569 024678
0 3 8 1 0 34 012 0123456789 0123456789 012 012346789 0124568
0 3 8 1 0 4 01 012345789 023456789 012 0123456789 01234689
0 3 8 1 0 45 012 0123456789 0123456789 012 01234689 01234689
0 3 8 1 0 5 012 0123456789 0123456789 01 01234679 02468
0 3 8 1 0 56 02 012345678 0123456789 012 01234569 01234568
0 3 8 1 0 67 012 0123456789 0123456789 012 012346789 02468
0 3 8 1 0 78 012 0123456789 0123456789 012 029 0248
0 3 8 1 0 89 012 0123456789 0123456789 01 02346789 024678
0 3 8 1 0 9 01 0123456789 0123456789 012 0123456789 024689
0 3 8 1 01 09 012 0123456789 0123456789 01 023469 02468
0 3 8 1 1 0 01 0129 012346789 012 0123456789 012468
0 3 8 1 1 01 012 0123456789 0123456789 01 012369 02468
0 3 8 1 1 12 012 0123456789 0123456789 012 0123456789 023468
0 3 8 1 1 2 0 0123 012345689 012 0123456789 01246789
0 3 8 1 1 2 0 3 2345 012 01234569 0123456789
0 3 8 1 1 2 0 3 567 012 0123456789 0123456789
0 3 8 1 1 23 012 012345689 01245689 01 012346789 0123456789
0 3 8 1 1 345 012 012346789 0123456789 01 02346789 023468
0 3 8 1 1 567 012 0123456789 0123456789 01 012346789 02345689
0 3 8 1 1 789 012 012346789 0123456789 01 0123456 012468
0 3 8 1 12 09 012 0123456789 02345678 01 0123469 02468
0 3 8 1 2 01 01 0123456789 0123456789 01 0123456789 0123456789
0 3 8 1 2 1 0 6 45 012 0123456789 0123456789
0 3 8 1 2 1 0 6 56 012 0123456789 0123456789
0 3 8 1 2 1 0 6 6 012 0123456789 0123456789
0 3 8 1 2 1 0 6 67 012 0123456789 0123456789
0 3 8 1 2 1 0 6 78 012 0123456789 0123456789
0 3 8 1 2 1 0 6 89 012 0123456789 0123456789
0 3 8 1 2 1 0 67 09 012 0123456789 0123456789
0 3 8 1 2 1 0 7 01 012 0123456789 0123456789
0 3 8 1 2 1 0 78 01234568 012 0123456789 0123456789
0 3 8 1 2 1 0 8 0 012 0123456789 0123456789
0 3 8 1 2 1 0 8 01 012 0123456789 0123456789
0 3 8 1 2 1 0 8 12 012 0123456789 0123456789
0 3 8 1 2 1 0 8 234 012 0123456789 0123456789
0 3 8 1 2 1 0 8 45 012 0123456789 0123456789
0 3 8 1 2 1 0 8 5 012 0123456789 0123456789
0 3 8 1 2 1 0 8 56 012 0123456789 0123456789
0 3 8 1 2 1 0 8 67 012 0123456789 0123456789
0 3 8 1 2 1 01 0189 0123456789 012 0123456789 0123456789
0 3 8 1 2 1 12 0123456789 0123456789 012 01234569 02345678
0 3 8 1 2 12 02 01234 01234678 012 01234569 012456789
0 3 8 1 2 2 012 012456789 01245689 012 0123456789 0246789
0 3 8 1 2 23 012 0123456789 0123456789 012 012346789 02468
0 3 8 1 2 34 012 0123456789 0123456789 01 02689 0468
0 3 8 1 2 45 012 0123456789 0123456789 01 01269 02468
0 3 8 1 2 56 012 0123456789 0123456789 012 01234569 02468
0 3 8 1 2 67 012 0123456789 0123456789 01 01236 02468
0 3 8 1 2 78 012 0123456789 012456789 01 012345689 01234568
0 3 8 1 2 89 02 012345 0123456789 012 023456789 023456789
0 3 8 1 23 09 01 0123456789 0123456789 01 012369 012468
0 3 8 1 3 01 012 0123456789 0123456789 012 0129 02468
0 3 8 1 3 23 012 0123456789 012346789 01 01236789 023456789
0 3 8 1 3 34 012 0123456789 0123456789 0 0 0
0 3 8 1 3 45 012 0123456789 0123456789 01 0234569 02468
0 3 8 1 34 05678 012 0123456789 0123456789 012 0124569 02468
0 3 8 1 4 01 012 012345679 0123456789 012 0123456789 024678
0 3 8 1 4 12 012 0123456789 012345689 012 0123456789 0234678
0 3 8 1 4 23 012 01245679 02345678 012 0123456789 01234689
0 3 8 1 4 345 012 0123456789 0123456789 012 0234679 02468
0 3 8 1 4 567 012 0123456789 0123456789 0 0 0
0 3 8 1 4 78 012 0123456789 0123456789 0 0 0
0 3 8 1 45 089 01 012346789 0123456789 01 01236789 012346789
0 3 8 1 5 01234 012 0123456789 0123456789 0 0 0
0 3 8 1 5 45 012 0123456789 0123456789 0 0 0
0 3 8 1 5 678 012 0123456789 0123456789 012 0123469 023468
0 3 8 1 56 0234589 012 0123456789 0123456789 012 02459 02345689
0 3 8 1 67 01256789 012 0123456789 0123456789 0 0 0
0 3 8 1 7 23 012 0123456789 0123456789 012 024569 0234568
0 3 8 1 7 34567 012 01234569 0123456789 01 026 048
0 3 8 1 7 7 012 01249 012345678 012 023456789 0123456789
0 3 8 1 78 0789 012 0123456789 0123456789 012 012345679 012456789
0 3 8 1 8 0 01 0123456789 0123456789 012 0123456789 01246789
0 3 8 1 8 0 12 012356789 0123456789 012 02346789 0124689
0 3 8 1 8 012 012 0123456789 0123456789 012 01234689 012468
0 3 8 1 8 2 01 012369 01246789 012 0123456789 0123456789
0 3 8 1 8 23 012 0123456789 0123456789 01 0123679 023456789
0 3 8 1 8 34678 012 0123456789 0123456789 01 02 08
0 3 8 1 89 0189 012 0123456789 0123456789 012 02459 0248
0 3 8 1 9 12345 012 0123456789 0123456789 0 0 0
0 3 8 1 9 6789 012 0123456789 0123456789 0 0 0
0 3 8 12 09 012345679 012 0123456789 01245689 01 023456 02468
0 3 8 2 01 0789 012 0123456789 0123456789 0 0 0
0 3 8 2 1 01 012 0123456789 0123456789 01 02 08
0 3 8 2 1 123 012 0123456789 0123456789 0 0 0
0 3 8 2 12 02346 012 0123456789 0123456789 0 0 0
0 3 8 2 2 4 012 0123456789 0123456789 01 02 08
0 3 8 2 2 456 012 0123456789 0123456789 01 01236 02468
0 3 8 2 2 6 012 0123456789 0123456789 0 0 0
0 3 8 2 234 026789 012 0123456789 0123456789 0 0 0
0 3 8 2 4 0 012 02456789 012345689 012 012346789 0124568
0 3 8 2 4 0 2 012 01245678 012 012346789 012345678
0 3 8 2 4 01234 012 01234569 0123456789 012 01234569 01234689
0 3 8 2 4 456 012 0123456789 0123456789 01 026789 024568
0 3 8 2 4 6 012 0123456789 0123456789 01 023456789 0245689
0 3 8 2 4 678 012 012346789 0123456789 012 012346789 02468
0 3 8 2 45 089 012 0123456789 0123456789 01 01236 02468
0 3 8 2 5 012 012 0123456789 0123456789 0 0 0
0 3 8 2 5 2345 012 0123456789 0123456789 0 0 0
0 3 89 02 05 01234589 01 0123456789 0123456789 0 0 0
0 3 9 01 013469 0123456789 012 0123456789 0123456789 0 0 0
0 3 9 1 012 02456789 012 012346789 012345678 012 0234679 024689
0 3 9 1 2 0123456 012 0123456789 012346789 01 012346789 0123468
0 3 9 1 23 24678 012 0123456789 0123456789 0 0 0
0 3 9 1 3 456 012 0123456789 012345678 0 0 0
0 3 9 1 3 67 012 0123456789 0123456789 0 0 0
0 3 9 1 34 023789 012 0123456789 012345678 0 0 0
0 3 9 1 45 234568 012 0123456789 0123456789 0 0 0
0 34 09 01 01256789 0123456789 012 0123456789 0123456789 0 0 0
0 4 0 0 23456 023456789 012 0123456789 0123456789 012 0123456789 02468
0 4 0 0 6 4 1 456 0123456789 012 01234689 02468
0 4 0 0 6 456 012 01236789 0123456789 01 01234569 02468
0 4 0 0 67 02456789 012 012346789 012345678 012 0123456789 02468
0 4 0 0 7 789 012 0123456789 0123456789 012 02346789 02468
0 4 0 0 78 0123459 012 0123456789 0123456789 012 0234689 02468
0 4 0 0 89 06789 012 012346789 012346789 012 0123456789 023468
0 4 0 0 9 0 0 1236 012456789 012 012345689 02345678
0 4 0 0 9 0 0 6 45 012 0123456789 0123456789
0 4 0 0 9 0 0 6 5 01 0123456789 0123456789
0 4 0 0 9 0 0 67 05678 012 0123456789 0123456789
0 4 0 0 9 0 01 234789 0123456789 012 012346789 02468
0 4 0 0 9 01 01 0124569 0123456789 012 01234679 02468
0 4 0 0 9 12 012 0123456789 0123456789 0 0 0
0 4 0 0 9 234 012 0123456789 0123456789 01 02 08
0 4 0 0 9 45 012 0123456789 0123456789 01 02 08
0 4 0 0 9 56 012 012345689 0123456789 012 01234679 02468
0 4 0 0 9 6 0 123 0123456789 012 012346789 02468
0 4 0 0 9 67 01 0123456789 0123456789 012 01234679 02468
0 4 0 0 9 789 01 0123456789 0123456789 012 023456789 02468
0 4 0 0 9 9 0 123 0123456789 012 012346789 02468
0 4 0 0 9 9 0 345 0123456789 012 012346789 02468
0 4 0 0 9 9 0 567 012346789 012 0123456789 02468
0 4 0 0 9 9 0 789 0123456789 012 0123456789 02468
0 4 0 0 9 9 01 019 0123456789 012 012346789 02468
0 4 0 0 9 9 1 12345 0123456789 012 012346789 02468
0 4 0 0 9 9 12 056789 0123456789 012 012346789 02468
0 4 0 0 9 9 2 0123 0123456789 012 012346789 02468
0 4 0 01 09 09 02 012345 0123456789 012 0123469 02468
0 4 0 1 0 01 01 0123456789 0123456789 012 023469 02468
0 4 0 1 0 123 01 0123456789 023456789 012 0123469 02468
0 4 0 1 0 3 0 012 012345678 012 012346789 02468
0 4 0 1 0 3 0 23 0123456789 012 012346789 02468
0 4 0 1 0 34 01 0123456789 0123456789 012 012346789 02468
0 4 0 1 0 4 01 0123456789 0123456789 0 0 0
0 4 0 1 0 4 12 0123456789 0123456789 0 0 0
0 4 0 1 0 4567 012 0123456789 0123456789 0 0 0
0 4 0 1 0 78 012 0123456789 0123456789 0 0 0
0 4 0 1 01 02389 012 0123456789 0123456789 01 0269 0248
0 4 0 1 12 0123456789 012 0123456789 023456789 01 02679 0268
0 4 0 1 2 5678 012 01234569 0123456789 01 0269 0248
0 4 0 1 2345 0123456789 012 0123456789 023456789 0 0 0
0 4 0 1 56 019 012 023456789 0123456789 012 0236789 02468
0 4 0 12 06789 012346789 012 0123456789 0123456789 0 0 0
0 4 0 2 012 0123456789 012 0123456789 0123456789 01 02 08
0 4 01 02 02345 012346789 012 012345679 0123456789 01 02469 0248
0 4 1 0 012 0123456789 012 0234569 01234678 012 023456789 0123456789
0 4 1 0 23456 012346789 012 012346789 0123456789 012 0123456789 012345689
0 4 1 0 6 0 01 123469 023456789 012 0123456789 01234568
0 4 1 0 6 0 1 569 02345689 012 0123456789 0123456789
0 4 1 0 6 0123 012 0123456789 0123456789 012 01234569 0123456789
0 4 1 0 67 01234678 012 012345689 012456789 01 0123456789 0123456789
0 4 1 0 7 345 012 0123456789 0123456789 01 01234569 02345689
0 4 1 0 7 567 012 0123456789 023456789 012 023469 02468
0 4 1 0 7 78 012 0123456789 012346789 012 0123469 01245678
0 4 1 0 7 8 1 8 89 012 0123456789 0123456789
0 4 1 0 7 89 012 0123456789 02456789 012 0123469 0124568
0 4 1 0 78 01249 012 01234569 012456789 012 012345679 0123456789
0 4 1 0 8 4 12 034569 0123456789 012 0123456789 0123456789
0 4 1 0 8 4567 012 01236789 0123456789 012 01234569 024568
0 4 1 01 189 0123456789 012 0123456789 012345689 0 0 0
0 4 1 1 123 0123456789 012 0123456789 012345689 0 0 0
0 4 1 1 34 016789 012 0123456789 012456789 01 0123469 024678
0 4 1 1 4567 0123456789 012 012346789 023456789 012 0129 02468
0 4 1 1 7 123 01 023456 0124689 01 0123456789 0123456789
0 4 1 1 7 3 0 01234 0123469 012 0123456789 0245678
0 4 1 1 7 3 01 2456789 023456789 012 0123456789 02345689
0 4 1 1 7 3 1 9 23456789 012 0123456789 0123456789
0 4 1 1 7 3 12 01249 0123456789 012 0123456789 0123456789
0 4 1 1 7 34 02 0123456 012345678 012 012346789 02345678
0 4 1 1 7 4 01 23456 012345689 012 0123456789 01245689
0 4 1 1 7 45 012 0234569 0123456789 012 0123456789 02468
0 4 1 1 7 5 0 0 123 012 0123456789 0123456789
0 4 1 1 7 5 0 01234 0123456789 012 0123456789 012345689
0 4 1 1 7 5 01 01234569 0123456789 01 0123456789 0246789
0 4 1 1 7 5 1 3456789 0123456789 012 0123456789 023456789
0 4 1 1 7 5 12 0129 02345678 012 0123456789 0123456789
0 4 1 1 7 56 012 0123456789 0123456789 012 023456789 012345678
0 4 1 1 78 016789 012 0123456789 012345689 01 012345679 01234678
0 4 1 1 8 1 1 0126 025689 012 0123456789 0123456789
0 4 1 1 8 1 1 678 0124689 01 0123456789 012345678
0 4 1 1 8 1 1 89 09 012 0123456789 0123456789
0 4 1 1 8 1 12 0249 01234689 012 0123456789 0123456789
0 4 1 1 8 1 2 4 45 012 012346789 0123456789
0 4 1 1 8 1 2 4 567 012 0123456789 0123456789
0 4 1 1 8 123456789 012 012345679 012456789 012 012456789 012456789
0 4 1 1 89 09 02 01234 0123456789 012 0123456789 0123456789
0 4 1 1 9 01 012 0123456789 01246789 012 012345678 0234689
0 4 1 1 9 1234 012 0123456789 0123456789 012 012345689 02345689
0 4 1 1 9 456789 012 0123456789 0123456789 012 0245679 0234689
0 4 1 12 09 0129 012 0234689 0123456789 012 0123456789 0123456789
0 4 1 2 0 2 01 24569 012456789 012 012345689 0245678
0 4 1 2 0 234 012 0123456789 0123456789 012 012345679 02456789
0 4 1 2 0 45 012 012345679 012345689 012 0123456789 012346789
0 4 1 2 0 56 012 0123569 0123456789 012 01234569 0123456789
0 4 1 2 0 678 012 0123456789 0123456789 012 0123456789 012456789
0 4 1 2 01 0189 01 012346789 0123456789 012 01236789 012456789
0 4 1 2 1 12345 012 01234679 01234568 012 012345689 012346789
0 4 1 2 1 56 012 0123456789 0123456789 012 01234569 0123456789
0 4 1 2 1 678 012 012345689 01234568 01 0123456789 012346789
0 4 1 2 12 089 01 012345689 0123456789 01 0123456789 012346789
0 4 1 2 2 012 012 0123456789 012456789 01 01234689 0245678
0 4 1 2 2 2 012 0123456789 012456789 012 012345689 012345689
0 4 1 2 2 23 012 0123456789 012345678 012 023469 0234689
0 4 1 2 23 013456789 012 01234569 0123456789 02 034 046
0 4 1 2 34 012 012 0123456789 023456789 0 0123456 012346789
0 4 1 2 4 2 1 1 23 012 0123456789 0123456789
0 4 1 2 4 2 1 12 034568 012 0123456789 0123456789
0 4 12 02 045 0123456789 012 0123456789 0123456789 01 01236789 0124568
0 4 2 0 013456 0123468 012 012345689 012346789 012 0123456789 01234568
0 4 2 0 678 01234568 012 0123456789 012456789 0 0 0
0 4 2 01 09 06789 012 0123456789 0123456789 01 026 048
0 4 2 1 01245 012345678 012 012345689 0123456789 0 0 0
0 4 2 12 056789 0123456789 012 0123456789 012345689 0 0 0
0 4 23 02 01245689 012345689 012 01234569 0123456789 01 02 08
0 4 3 01 09 02346789 012 0123456789 0123456789 01 0123469 0234689
0 4 3 1 012 023456789 01 0123456789 0123456789 0 0 0
0 4 3 1 23 01289 012 012369 024568 012 0123456789 012345689
0 4 3 1 3 2 0 1 23 012 0123456789 0123456789
0 4 3 1 3 2 0 1234 01234568 012 0123456789 0123456789
0 4 3 1 34 23456 012 0123456789 0123456789 01 01236789 02456789
0 4 3 1 45 2678 01 0123456789 0123456789 01 01236 012468
0 4 3 1 5 23456789 012 0123456789 0123456789 012 0123469 02345689
0 4 3 1 56 09 01 01236789 0123456789 012 01234689 01234568
0 4 3 1 6 012345678 01 0123456789 0123456789 01 01236 012468
0 4 3 1 6 89 012 0123456789 0123456789 0 0 0
0 4 3 1 67 012349 012 0123456789 0123456789 01 02 08
0 4 3 1 7 4 012 0123456789 0123456789 01 01236 02468
0 4 3 1 7 45 012 0123456789 0123456789 0 0 0
0 4 3 1 7 5 12 0123456789 0123456789 01 012346 02468
0 4 3 12 012789 0123456789 012 0123456789 0123456789 012 0123456789 02468
0 4 3 2 2 4 01 01789 012456789 012 0123456789 02468
0 4 3 2 2 45 012 0123456789 0123456789 012 012369 0245689
0 4 3 2 2 56 012 0123456789 0123456789 01 01236 024568
0 4 3 2 2 678 012 0123456789 012456789 01 0269 0468
0 4 3 2 2 89 012 0123456789 012456789 01 02689 012468
0 4 3 2 2 9 01 012345689 0123456789 012 0123456789 0123456789
0 4 3 2 23 09 012 0123456789 0123456789 012 012369 0123468
0 4 3 2 3 01 012 0123456789 0123456789 012 0123469 0124678
0 4 3 2 3 126789 012 0123456789 0123456789 0 0 0
0 4 3 2 34 09 012 0123456789 012345689 01 01236 0124678
0 4 3 2 4 01 012 0123456789 0123456789 01 02346 023468
0 4 3 2 4 12 012 0123456789 012345689 012 0123456789 012456789
0 4 3 2 4 23 012 0123456789 0123456789 0 0 0
0 4 3 2 4 345 012 0123456789 0123456789 0 0 0
0 4 3 2 4 56 012 012345689 0123456789 012 0123456789 01234568
0 4 3 2 4 67 012 0123456789 0123456789 012 01234569 0124568
0 4 3 2 4 78 012 012345679 01245689 012 012346789 0123456789
0 4 3 2 4 89 012 0123456789 0123456789 0 0 0
0 4 3 2 45 09 012 0123456789 0123456789 01 02 08
0 4 3 2 5 01 012 0123456789 0123456789 012 012345689 024568
0 4 3 2 5 1 12 0123456789 0123456789 012 01234569 01234678
0 4 3 2 5 12 012 0123456789 0123456789 012 023456789 023468
0 4 3 2 5 234 012 0123456789 0123456789 0 0 0
0 4 3 2 5 45 012 0123459 02345678 01 0123456789 0123456789
0 4 3 2 5 5 01 0123456789 012346789 012 0123456789 0123456789
0 4 34 02 05 01235 012 0123456789 012345689 012 02369 024678
0 4 4 0 01 03456789 01 0123456789 0123456789 01 012369 023468
0 4 4 0 12 0123456789 012 01234569 012456789 012 012459 0234689
0 4 4 0 2 0124567 012 01234679 0123456789 01 0123689 024568
0 4 4 0 23 078 012 0123459 0123456789 01 01236 01234568
0 4 4 0 3 01 01 01256789 0123456789 01 01236 012468
0 4 4 0 3 1 01 03456789 0123456789 012 0123456789 01234568
0 4 4 0 3 1 1 012345678 0123456789 012 01234569 01234678
0 4 4 0 3 1 12 012389 0123456789 012 0123469 02345678
0 4 4 0 3 12 02 013456789 0123456789 012 01234569 0123456789
0 4 4 0 3 2 01 0123456789 0123456789 012 012346789 012345689
0 4 4 0 3 23 012 01234569 0123456789 012 012346789 0123456789
0 4 4 0 34 012345678 012 012345679 0123456789 0 0 0
0 4 4 0 456 012346789 012 012346789 01246789 01 0123456789 0123456789
0 4 4 0 6 1 0 0 01234 01 0123456789 0123456789
0 4 4 0 6 1 0 012 02456789 012 0123456789 02468
0 4 4 0 6 1 01 23456789 0123456789 012 012346789 02468
0 4 4 0 6 123 012 012345679 012345689 01 012345678 012345678
0 4 4 0 6 3 0 0 0123 01 0123456789 0123456789
0 4 4 0 6 3 0 01 0123456789 012 0123456789 02468
0 4 4 0 6 3 0 123 012346789 012 012346789 02468
0 4 4 0 67 01345689 012 0123456789 0123456789 01 02369 02468
0 4 4 01 0789 0123456789 012 0123456789 0123456789 01 02369 0248
0 4 4 1 0123 0123456789 012 0123456789 0123456789 01 01269 02468
0 4 4 1 3 01234 012 0123456789 012345689 01 01234569 0123468
0 4 4 1 3 456 012 0123456789 0123456789 01 0123689 02468
0 4 4 1 34 012456789 012 0123456789 0123456789 01 01234679 023468
0 4 4 1 456 0123456789 012 0123456789 0123456789 01 0123679 012468
0 4 4 1 67 01245689 012 0123456789 0123456789 012 0269 0248
0 4 45 012 02789 012345678 012 0123456789 0123456789 01 01236 02468
0 4 5 0 0 34 012 0123456789 0123456789 0 0 0
0 4 5 0 0 45 012 0123456789 0123456789 012 01234569 012345689
0 4 5 0 0 567 012 0123456789 012345689 0 0 0
0 4 5 0 0 78 012 0123456789 012345678 01 0123469 0124568
0 4 5 0 0 8 01 0123456789 0123456789 01 012369 023468
0 4 5 0 0 89 012 012345789 0123456789 012 02346789 0234678
0 4 5 0 0 9 012 0123456789 0123456789 01 023456 02468
0 4 5 0 01 09 012 0123456789 0123456789 01 02 08
0 4 5 0 1 01 012 0123456789 0123456789 0 0 0
0 4 5 0 1 1 01 089 012345678 01 0123456789 0123456789
0 4 5 0 1 1 12 0123456789 0123456789 012 0123456789 0123456789
0 4 5 0 1 12 02 012345 0123456789 012 012346789 0123456789
0 4 5 0 1 2 01 0123456789 0123456789 01 01236789 0234678
0 4 5 0 1 23 012 0123456789 0123456789 0 0 0
0 4 5 0 1 3 012 0123456789 0123456789 012 01234689 0245689
0 4 5 0 1 34 012 0123456789 0123456789 01 012345689 01234689
0 4 5 0 1 45 012 0123456789 0123456789 012 012345689 012468
0 4 5 0 1 5 01 0123456789 0123456789 012 01234569 012346789
0 4 5 0 1 5 12 0123456789 0123456789 012 0123469 01246789
0 4 5 0 13 234568 012 0123456789 0123456789 01 03469 024689
0 4 5 0 3 8 0 23456789 0123456789 012 01234569 01234568
0 4 5 0 3 8 01 0123456789 0123456789 01 0234679 024689
0 4 5 0 3 89 012 0123459 0123456789 012 0123469 024678
0 4 5 0 3 9 01 0123456789 0123456789 0 0 0
0 4 5 0 3 9 12 0123456789 0123456789 01 023456789 02468
0 4 5 0 34 019 012 012345689 0123456789 0 0 0
0 4 5 0 4 12 012 0123456789 0123456789 01 012679 02468
0 4 5 0 4 23 012 0123456789 0123456789 0 0 0
0 4 5 0 4 345 012 0123456789 0123456789 0 0 0
0 4 5 0 45 234568 012 0123456789 0123456789 01 01236 024689
0 4 5 0 5 4567 012 0123456789 0123456789 0 0 0
0 4 5 0 5 78 012 0123456789 012346789 01 01236 02468
0 4 5 0 5 89 012 0123456789 0123456789 0 0 0
0 4 5 0 56 019 012 0123456789 0123456789 0 0 0
0 4 5 0 6 12 012 0123456789 0123456789 01 0269 028
0 4 5 0 6 234 012 0123456789 012345689 012 012346789 0124689
0 4 5 0 6 45 012 0123456789 0123456789 01 01236 01234568
0 4 5 0 6 56 012 0123456789 0123456789 012 0123469 012468
0 4 5 0 6 6 01 0123456789 0123456789 012 012369 0246789
0 4 5 0 6 67 012 0123456789 0123456789 01 01234569 01245678
0 4 5 0 6 7 012 0123456789 0123456789 0 012 0678
0 4 5 0 67 0789 012 0123456789 0123456789 012 02345689 0124568
0 4 5 0 7 01 012 0123456789 012345678 01 01269 024568
0 4 5 0 7 123 012 0123456789 0123456789 0 0 0
0 4 5 0 7 34 01 0123456789 0123456789 012 012346789 0245689
0 4 5 0 7 45678 012 0123456789 0123456789 02 024 048
0 4 5 0 78 089 012 0123456789 0123456789 012 01236789 012345689
0 4 5 0 8 0 12 0123456789 0123456789 012 012345689 012456789
0 4 5 0 8 01 012 0123456789 0123456789 01 02346789 0124568
0 4 5 0 8 12 012 0123456789 012345689 01 0123456789 023456789
0 4 5 0 8 2 012 0123456789 0123456789 012 02349 0245678
0 4 5 0 8 23 012 0123456789 0123456789 012 0234569 01245689
0 4 5 0 8 34 012 0123456789 0123456789 0 0 0
0 4 5 0 8 4 01 0123489 0123456789 012 01234569 012346789
0 4 5 0 8 45 012 0123456789 0123456789 01 0236 0248
0 4 5 0 8 5 012 0123456789 0123456789 012 01246789 0245678
0 4 5 0 8 56 012 0123456789 0123456789 01 012346 0124568
0 4 5 0 8 67 012 0123456789 0123456789 01 0123469 0123468
0 4 5 0 8 7 01 0123456789 0123456789 012 023459 024678
0 4 5 0 8 78 012 012345789 0123456789 01 0123456789 0123468
0 4 5 0 8 8 01 0123456789 0123456789 012 012345689 012468
0 4 5 0 8 8 12 0123456789 0123456789 01 012346 012468
0 4 5 0 8 89 02 01234567 0123456789 012 0123456789 02468
0 4 5 0 8 9 01 0123456789 0123456789 012 0123456789 023468
0 4 5 0 89 09 012 0123456789 0123456789 01 01234569 024678
0 4 5 0 9 01 012 0123456789 0123456789 012 02469 024568
0 4 5 0 9 1 01 0123456789 0123456789 01 023469 023468
0 4 5 0 9 12 012 0123456789 0123456789 01 01236 012468
0 4 5 0 9 2 012 0123456789 0123456789 012 012345689 0124689
0 4 5 0 9 23 02 01234567 0123456789 012 0123456789 0123456789
0 4 5 0 9 3 012 0123456789 0123456789 012 0123469 01234678
0 4 5 0 9 34 012 0123456789 0123456789 0 0 0
0 4 5 0 9 45 012 012345789 0123456789 012 0123456789 024689
0 4 5 0 9 5 0 23456 0123456789 012 0123456789 02345689
0 4 5 0 9 5 01 0123456789 0123456789 01 0123456789 012345678
0 4 5 0 9 5 12 06789 0123456789 012 0123456789 01245678
0 4 5 01 19 256 012 0123456789 0123456789 01 0123456 0246789
0 4 5 1 1 23 012 0123456789 01234568 01 023469 024689
0 4 5 1 1 34 012 0123456789 0123456789 0 0 0
0 4 5 1 1 45 012 0123456789 0123456789 01 012369 024678
0 4 5 1 1 56 012 0123456789 0123456789 01 01236789 024678
0 4 5 1 1 67 012 0123456789 0123456789 012 01234569 024678
0 4 5 1 1 78 012 0123456789 0123456789 012 01256789 01234689
0 4 5 1 1 89 012 0123456789 02456789 012 01234689 01234689
0 4 5 1 12 09 012 0123456789 0123456789 0 0 0
0 4 5 1 2 01 012 0123456789 0123456789 0 0 0
0 4 5 1 2 123 012 0123456789 0123456789 0 0 0
0 4 5 1 2 34 012 0123456789 0123456789 012 01236789 012345689
0 4 5 1 2 45 012 0123456789 023456789 0 0 0
0 4 5 1 2 56 012 0123456789 023456789 012 01234569 0123468
0 4 5 1 2 67 012 0123456789 023456789 01 01236 024678
0 4 5 1 2 78 012 0123456789 0123456789 012 0123469 024689
0 4 5 1 2 89 012 0123456789 0123456789 01 0123456789 0124568
0 4 5 1 2 9 01 023456789 0123456789 01 0123456789 012346789
0 4 5 1 23 09 012 0123456789 0123456789 01 02 08
0 4 5 1 3 0 012 0123456789 0123456789 0 03 02
0 4 5 1 3 01 02 01234567 012345678 012 0123456789 012346789
0 4 5 1 3 1 012 0123456789 0123456789 012 02346789 02345689
0 4 5 1 3 12 02 0123456789 0123456789 012 012346789 012346789
0 4 5 1 3 2 012 0123456789 0123456789 01 0123469 0123456789
0 4 5 1 3 23 012 0123456789 0123456789 012 0123456789 02345678
0 4 5 1 3 34 012 0123456789 0123456789 01 012469 012468
0 4 5 1 3 4 01 0123456789 0123456789 012 0123456789 0123456789
0 4 5 1 3 4 1 0123456789 0123456789 012 01234569 01245678
0 4 5 1 3 45 012 0123456789 0123456789 01 01269 02468
0 4 5 1 3 5 12 0123456789 0123456789 012 0123456789 023456789
0 4 5 1 3 56 012 0123456789 0123456789 01 0123456789 0234689
0 4 5 1 3 6 12 0123456789 0123456789 01 01234689 012345678
0 4 5 1 3 67 02 01234567 0123456789 012 0123469 012345678
0 4 5 1 3 7 01 0123456789 0123456789 012 0123456789 012345678
0 4 5 1 3 78 012 0123456789 0123456789 01 01234569 0234568
0 4 5 1 3 8 01 0123456789 0123456789 012 0123456789 012468
0 4 5 1 3 8 12 0123456789 012345689 012 012346789 01234678
0 4 5 1 3 9 01 0123456789 0123456789 01 012346789 024689
0 4 5 1 34 09 012 0123456789 0123456789 01 01236 024568
0 4 5 1 4 0 01 0789 0124689 01 0123456789 0123456789
0 4 5 1 4 0 1 0 01 012 0123456789 0123456789
0 4 5 1 4 0 1 0 12 01 0123456789 0123456789
0 4 5 1 4 0 1 012345678 012345678 012 0123456789 0123456789
0 4 5 1 4 01 012 012345689 0123456789 012 02459 0246789
0 4 5 1 4 1 01 0123456789 0123456789 012 01236789 0234689
0 4 5 1 4 12 012 0123456789 0123456789 012 02349 01248
0 4 5 1 4 23 012 0123456789 0123456789 01 01236 02468
0 4 5 1 4 3 01 0123456789 0123456789 01 012369 02468
0 4 5 1 4 34 012 0123456789 0123456789 0 0 0
0 4 5 1 4 45 012 0123459 0123456789 012 012345679 02345678
0 4 5 1 4 5 012 0123456789 0123456789 01 0289 068
0 4 5 1 4 56 012 0123456789 0123456789 01 01236 023468
0 4 5 1 4 67 012 01234589 0123456789 01 0123456789 01245678
0 4 5 1 4 7 01 0123456789 0123456789 01 012345 024568
0 4 5 1 4 78 012 0123459 0123456789 012 012346789 023456789
0 4 5 1 4 8 01 0123456789 0123456789 01 012369 0124689
0 4 5 1 4 8 12 0789 02345689 012 012346789 0123456789
0 4 5 1 4 89 012 0123456789 0123456789 01 02 08
0 4 5 1 45 09 012 0123456789 0123456789 01 0123469 01246789
0 4 5 1 5 0 0 012345 0123456789 012 0123456789 0123456789
0 4 5 1 5 0 01 0123456789 0123456789 01 0123456789 0123456789
0 4 5 1 5 01 012 0123456789 0123456789 012 01234569 024568
0 4 5 1 5 1 01 0123456789 0123456789 012 012346789 02345689
0 4 5 1 5 12 012 0123456789 0123456789 02 01234 0245689
0 4 5 1 5 23 012 0123456789 0123456789 01 0123456 023468
0 4 5 1 5 3 0 012345678 0123456789 012 0123456789 02468
0 4 5 1 5 3 0 8 23 012 0123456789 012468
0 4 5 1 5 34 012 0123456789 0123456789 012 02345679 024678
0 4 5 1 5 4 01 0123456789 0123456789 01 012346 02468
0 4 5 1 5 45 012 01234589 0123456789 012 01234569 0123456789
0 4 5 1 5 5 01 0123456789 0123456789 012 02345689 023468
0 4 5 1 5 56 012 0123456789 0123456789 012 012346789 0123456789
0 4 5 1 5 6 012 0123456789 0123456789 01 01236 023468
0 4 5 1 5 67 012 0123456789 0123456789 012 01234569 024689
0 4 5 1 5 78 012 0123456789 0123456789 0 0 0
0 4 5 1 5 89 012 0123456789 0123456789 012 0123469 0123468
0 4 5 1 5 9 01 0123456789 0123456789 01 0123456789 012346789
0 4 5 1 5 9 1 4 23489 012 0123456789 0123456789
0 4 5 1 56 09 012 0123456789 0123456789 012 0245689 0245689
0 4 5 1 6 012 012 0123456789 0123456789 0 0 0
0 4 5 1 6 23 012 0123456789 012456789 0 0 0
0 4 5 1 6 34 012 0123456789 012346789 0 0 0
0 4 5 1 6 45 012 0123456789 0123456789 0 0 0
0 4 5 1 6 56 012 0123456789 0123456789 0 0 0
0 4 5 1 6 678 012 0123456789 0123456789 012 0124569 02468
0 4 5 1 6 89 012 0123456789 01245678 0 0 0
0 4 5 1 67 09 012 0123456789 0123456789 01 0169 0246
0 4 5 1 7 01 012 0123456789 0123456789 01 012346789 02345678
0 4 5 1 7 12 012 0123456789 0123456789 0 0 0
0 4 5 1 7 23 012 0123456789 0123456789 0 0 0
0 4 5 1 7 34 012 0123456789 012456789 0 0 0
0 4 5 1 7 45 012 0123456789 0123456789 0 0 0
0 4 5 1 7 567 012 0123456789 012345689 0 0 0
0 4 5 1 7 78 012 0123456789 0123456789 0 0 0
0 4 5 1 7 89 012 0123456789 0123456789 0 0 0
0 4 5 1 78 09 012 0123456789 012345689 012 0249 0248
0 4 5 1 8 01 012 0123456789 023456789 0 0 0
0 4 5 1 8 12 012 0123456789 0123456789 0 0 0
0 4 5 1 8 23 012 0123456789 012346789 0 0 0
0 4 5 1 8 345 012 0123456789 012346789 0 0 0
0 4 5 1 8 5 012 0123456789 0123456789 012 012345689 01245678
0 4 5 1 8 567 012 0123456789 023456789 0 0 0
0 4 5 1 8 78 012 0123456789 01245689 0 0 0
0 4 5 1 8 89 012 0123456789 012346789 0 0 0
0 4 5 1 89 09 012 0123456789 0123456789 0 0 0
0 4 5 1 9 012 012 0123456789 0123456789 0 0 0
0 4 5 1 9 234 012 0123456789 0123456789 0 0 0
0 4 5 1 9 45 01 0123456789 0123456789 012 029 024678
0 4 5 1 9 5 01 0123456789 0123456789 012 0124569 0234568
0 4 5 1 9 56 012 0123456789 0123456789 0 0 0
0 4 5 1 9 67 012 0123456789 0123456789 0 0 0
0 4 5 1 9 78 012 0123456789 0123456789 01 012369 02468
0 4 5 1 9 8 01 0123456789 0123456789 0 0 0
0 4 5 1 9 89 012 02345679 0123456789 01 012346789 012456789
0 4 5 12 09 09 012 0123456789 0123456789 01 012346 0124568
0 4 5 2 0 01 012 0123456789 0123456789 012 01289 0124568
0 4 5 2 0 12 012 0123456789 0123456789 01 0126789 02468
0 4 5 2 0 234 012 012345679 0123456789 01 024569 02468
0 4 5 2 0 45 012 0123456789 0123456789 0 0 0
0 4 5 2 0 567 012 0123456789 0123456789 0 0 0
0 4 5 2 012 012678 012 012345679 0123456789 012 01234569 0234568
0 4 5 2 2 123 012 0123456789 012345689 012 0123456789 0124689
0 4 5 2 2 34 012 0123456789 0123456789 01 0123469 0123468
0 4 5 2 2 45 012 0123456789 0123456789 0 0134 023468
0 4 5 2 2 56 012 0123456789 012456789 01 026 048
0 4 5 2 2 67 012 0123456789 0123456789 0 0 0
0 4 5 2 2 78 012 0123456789 02345678 0 0 0
0 4 5 2 23 09 012 0123456789 012345678 01 023456 02468
0 4 5 2 3 01 012 0123456789 02345678 01 01236 023468
0 4 5 2 3 12 012 0123456789 02346789 0 0 0
0 4 5 2 3 23 012 0123456789 012345678 0 0 0
0 4 5 2 3 45 012 0123456789 0123456789 0 0 0
0 4 5 2 3 56 012 0123456789 0123456789 012 0249 0245678
0 4 5 2 3 67 012 0123456789 012345678 02 045 0289
0 4 5 2 3 789 012 0123456789 012346789 0 0 0
0 4 5 2 34 089 012 0123456789 012345678 0 0 0
0 4 5 2 4 89 012 0123456789 0123456789 012 01234679 02468
0 4 5 2 45 09 012 0123456789 0123456789 01 01236 012468
0 4 5 2 5 01 012 0123456789 0123456789 012 0123456789 012345689
0 4 5 2 5 1 01 023456789 0245678 012 0123456789 0123456789
0 4 5 2 5 12 012 0123456789 01246789 012 012346789 012346789
0 4 5 2 5 23 012 0123456789 012345689 012 023456789 0123456789
0 4 5 2 5 345 012 012345689 0123456789 012 01234679 0123468
0 4 56 02 05 015 012 0123456789 0123456789 0 0 0
0 4 6 0 0 123 012 0123456789 0123456789 0 0 0
0 4 6 0 0 345678 012 0123456789 0123456789 0 0 0
0 4 6 0 0 8 01 0123456789 0123456789 01 01236789 0124678
0 4 6 0 01 012345689 012 0123456789 0123456789 0 0 0
0 4 6 0 1 67 012 0123456789 0123456789 012 0234569 02456789
0 4 6 0 1 7 12 0123456789 023456789 012 0123456789 012456789
0 4 6 0 1 78 012 0123456789 0123456789 012 023456789 01245689
0 4 6 0 1 89 012 0123456789 012345678 012 0123456789 0123456789
0 4 6 0 1 9 01 01234569 02346789 012 0123456789 0123456789
0 4 6 0 1 9 12 06789 0124568 012 0123456789 0123456789
0 4 6 0 12 09 012 0123456789 0123456789 01 0123469 0245678
0 4 6 0 2 0 2 4 0123456 012 0123456789 01234678
0 4 6 0 2 0 2 45 01236789 012 0123456789 0123456789
0 4 6 0 2 0 2 5 345 012 0123456789 0123456789
0 4 6 0 2 01 012 0123456789 0123456789 012 0123456789 0123456789
0 4 6 0 2 123 012 0123456789 0123456789 01 01236 02468
0 4 6 0 2 345678 012 0123456789 0123456789 012 029 0248
0 4 6 0 2 89 012 0123456789 0123456789 01 026 048
0 4 6 0 23 09 012 0123456789 0123456789 01 01234689 0245689
0 4 6 0 3 01 012 0123456789 0123456789 01 02679 0124568
0 4 6 0 3 123 012 0123456789 0123456789 01 01269 024568
0 4 6 0 3 3 0 6 567 012 0123456789 0123456789
0 4 6 0 3 3 0 67 0789 012 0123456789 012346789
0 4 6 0 3 3 0 7 012 012 0123456789 0123456789
0 4 6 0 3 3 0 7 234567 012 0123456789 0123456789
0 4 6 0 3 3 0 7 789 012 0123456789 0123456789
0 4 6 0 3 3 0 78 0129 012 0123456789 0123456789
0 4 6 0 3 3 0 8 234 012 0123456789 023456789
0 4 6 0 3 3 0 8 456 012 0123456789 0123456789
0 4 6 0 3 3 0 8 6789 012 0123456789 0123456789
0 4 6 0 3 3 0 89 01239 012 0123456789 012345689
0 4 6 0 3 34 012 02345679 0123456789 012 0123456789 0246789
0 4 6 0 3 456 012 0123456789 0123456789 01 026789 024678
0 4 6 0 3 678 012 01234569 0123456789 01 012369 0234568
0 4 6 0 34 01234589 012 0123456789 0123456789 01 0123456789 02468
0 4 6 0 4 5678 012 0123456789 0123456789 0 0 0
0 4 6 0 45 01289 012 0123456789 0123456789 0 0 0
0 4 6 0 5 23456789 012 0123456789 0123456789 012 0123469 0246789
0 4 6 0 56 01239 012 0123456789 0123456789 012 02345679 0123468
0 4 6 01 06789 012346789 012 0123456789 0123456789 0 0 0
0 4 6 1 0 2345 012 0123456789 0123456789 01 02456789 012346789
0 4 6 1 0 567 012 0123456789 02345689 01 0123456789 012346789
0 4 6 1 0 78 012 0123469 012456789 012 0123456789 012345678
0 4 6 1 01234 0123456789 012 012345679 012345678 0 0 0
0 4 6 1 4 89 012 0123456789 0123456789 012 0123456789 012468
0 4 6 1 45 019 012 0123456789 0123456789 01 01236 024568
0 4 6 1 56 0123468 012 0123456789 0123456789 01 012 0468
0 4 6 1 6 34 01 01245689 0123456789 012 0123456789 02345689
0 4 6 1 67 0245678 012 0123456789 0123456789 01 01236 02468
0 4 6 1 7 234 012 0123456789 0123456789 0 0 0
0 4 6 1 78 024568 012 0123456789 0123456789 01 0236 0248
0 4 6 1 8 23 012 0123456789 0123456789 012 0123456789 0124568
0 4 6 1 8 3 01 0123456789 0123456789 01 0123456789 02345689
0 4 6 1 89 013456789 012 0123456789 0123456789 0 0 0
0 4 6 1 9 23 0 0 0123 012 0123456789 0123456789
0 4 6 1 9 3 0 0 3456 012 0123456789 0123456789
0 4 6 1 9 3 0 01345 01236789 012 0123456789 0123456789
0 4 6 1 9 3 0 5 34 012 0123456789 0123456789
0 4 6 1 9 3 01 2569 24568 012 0123456789 0123456789
0 4 6 1 9 3 1 9 23456789 012 0123456789 0123456789
0 4 6 1 9 3 12 09 019 012 0123456789 0123456789
0 4 6 1 9 3 2 0 12 012 0123456789 0123456789
0 4 6 1 9 3467 012 012345689 023468 012 012346789 0123456789
0 4 6 12 09 02789 012 0123456789 0123456789 01 02 08
0 4 6 2 0 23 012 0123456789 0123456789 012 02459 02458
0 4 6 2 0 3 01 0123456789 0123456789 01 012689 0123468
0 4 6 2 01 01234689 012 0123456789 0123456789 0 0 0
0 4 6 2 1 3456789 012 0123456789 0123456789 0 0 0
0 4 6 2 12 012345679 012 0123456789 0123456789 01 024569 023468
0 4 6 2 2 7 01 0123456789 012345678 012 0123456789 023456789
0 4 6 2 2 78 012 0123456789 0123456789 012 012345679 02345689
0 4 6 2 23 0189 012 0123456789 0123456789 0 0 0234
0 4 6 2 3 12 012 0123456789 012456789 012 0123469 024689
0 4 6 2 3 2345 012 012345679 0123456789 012 0234679 0234568
0 4 6 2 3 56 012 0123456789 0123456789 01 012369 024689
0 4 6 2 3 678 012 0123456789 0123456789 012 012679 02468
0 4 6 2 34 012389 012 0123456789 0123456789 0 0 0
0 4 6 2 4 3 012 0123456789 0123456789 012 01234569 02345678
0 4 6 2 4 3456 012 0123456789 0123456789 01 026 048
0 4 6 2 4 67 01 0123456789 0123456789 01 012345689 0123456789
0 4 6 2 4 789 012 012345689 0123456789 012 01236789 024689
0 4 6 2 45 0129 012 0123456789 0123456789 01 029 028
0 4 6 2 5 234 012 0123456789 0123456789 01 0123469 0123468
0 4 6 2 5 45 012 0123456789 012456789 01 012346789 012456789
0 4 6 2 5 5 01 0123456789 0123456789 012 0123456789 012345678
0 4 67 02 015 012345689 012 012345689 0123456789 012 012345679 02345678
0 4 7 0 1234 023456789 012 0123456789 0123456789 0 0 0
0 4 7 0 45 0123456789 01 0123456789 0123456789 0 0 0
0 4 7 0 567 02345678 012 0123456789 0123456789 0 0 0
0 4 7 0 78 0123456789 012 0123456789 012345689 0 0 0
0 4 7 01 12346789 01246789 012 012346789 0123456789 012 01234569 012468
0 4 7 12 023789 012456789 012 012345689 0123456789 0 0 0
0 4 7 2 34 012456789 012 0123456789 0123456789 01 0234678 02468
0 4 78 02 0345 0123456789 012 0123456789 0123456789 01 089 0268
0 4 8 0 4 045 012 0123456789 0123456789 0 0 0
0 4 8 0 4 56 012 0123456789 0123456789 0 0 0
0 4 8 012 02469 012346789 012 0123456789 0123456789 01 01236 02468
0 4 8 2 0 12345 012 0123456789 0123456789 01 01269 02468
0 4 8 2 0 5 01 0123456789 0123456789 0 0 0
0 4 8 2 0 5678 012 01234569 0123456789 0 0 0
0 4 8 2 01 01289 012 0123456789 0123456789 0 0 0
0 4 8 2 1 23 01 0123456789 0123456789 0 0 0
0 4 89 02 01245 012345689 012 0123456789 0123456789 012 012346789 02468
0 4 9 0 01 012456789 012 0123456789 0123456789 01 0123456 0234568
0 4 9 0 134 012456 012 012346789 0123456789 0 0346 0123468
0 4 9 0 456 0124568 012 0123456789 01234568 01 0123456789 0123456789
0 4 9 0 6 4 012 0123456789 0123456789 0 0 0
0 4 9 0 67 01245678 012 0123456789 0123456789 0 0 0
0 4 9 0 7 2 012 0123456789 0123456789 0 0 0
0 4 9 0 7 23 012 0123456789 0123456789 0 0 0
0 4 9 0 7 345 012 0123456789 0123456789 0 0 0
0 4 9 0 7 5689 012 0123456789 0123456789 0 0 0
0 4 9 0 78 0459 012 0123456789 0123456789 0 0 0
0 4 9 0 89 5678 012 0123456789 0123456789 0 0 0
0 4 9 01 09 0123456789 012 0123456789 01234568 0 0 0
0 4 9 1 01234 01246789 012 012346789 0123456789 0 0 0
0 4 9 1 45 02346789 012 0123456789 0123456789 01 0123469 02468
0 4 9 12 05679 026789 012 0123456789 01234568 0 0 0
0 4 9 2 0 0123456 012 0123456789 012346789 0 0 0
0 4 9 2 01 02678 012 0123456789 0123456789 0 0 0
0 4 9 2 1 2345 012 0123456789 0123456789 012 01234569 024568
0 4 9 2 123 012456789 012 0123456789 0123456789 0 0 0
0 4 9 2 3 01 012 0123456789 023456789 012 012346789 012346789
0 4 9 2 3 1 0 456789 0123456789 012 0123456789 012345678
0 4 9 2 3 12678 012 0123456789 0123456789 0 0 0
0 4 9 2 34 023456789 012 012345679 012456789 0 0 0
0 45 09 02 045 02459 012 0123456789 0123456789 01 012345689 0123456789
0 5 0 0 0 12 012 0123456789 0123456789 012 029 0248
0 5 0 0 0 23 012 0123456789 0123456789 01 026789 02468
0 5 0 0 0 34567 012 0123456789 0123456789 01 0129 012489
0 5 0 0 0 7 0 012345678 0123456789 01 0123456789 012346789
0 5 0 0 012 06789 012 0123456789 023456789 01 01234569 0124678
0 5 0 0 23 0123489 012 0123456789 012345689 0 0 0
0 5 0 0 3 01 012 0123456789 0123456789 0 0 0
0 5 0 0 3 123456789 012 0123456789 0123456789 01 01269 02468
0 5 0 0 345 0123456789 012 012345679 012345689 0 0 0
0 5 0 0 5 8 012 0123456789 012345689 0 0 0
0 5 0 0 5 89 012 0123456789 0123456789 0 0 0
0 5 0 0 5678 01234569 012 0123456789 0123456789 0 0 0
0 5 0 0 89 12345678 012 0123456789 0123456789 0 0 0
0 5 0 0 9 3467 012 012345679 023456789 01 0123456789 0123456789
0 5 0 01 09 0789 01 012369 0245678 012 0123456789 0123456789
0 5 0 1 01 0123456789 012 0123456789 012345689 0 0 0
0 5 0 1 1 4 01 0123456789 0123456789 0 0 0
0 5 0 1 1 45 012 0123456789 0123456789 01 0123456 024689
0 5 0 1 1 5 0 89 06789 01 0123456789 0123456789
0 5 0 1 1 5 0 9 01 012 0123456789 0123456789
0 5 0 1 1 567 012 0123456789 0123456789 012 01234679 01234689
0 5 0 1 1 78 012 0123456789 0123456789 0 0 0
0 5 0 1 12 0189 012 0123456789 0123456789 0 0 0
0 5 0 1 24 12345678 012 0123456789 012346789 0 0 0
0 5 0 1 4 4567 012 0123456789 0123456789 0 0 0
0 5 0 1 45 0789 012 0123456789 012456789 0 0 0
0 5 0 1 56 01234689 012 012345689 0123456789 0 0 0
0 5 0 1 67 0129 012 0123456789 0123456789 0 0 0
0 5 0 12 079 023456 012 0123456789 0123456789 0 0 0
0 5 0 2 0 01 012 0123456789 0123456789 0 0 0
0 5 0 2 0 12 012 0123456789 0123456789 0 0 0
0 5 0 2 0 23 012 0123456789 0123456789 0 0 0
0 5 0 2 0 34 012 0123456789 0123456789 0 0 0
0 5 0 2 0 45 012 0123456789 0123456789 0 0 0
0 5 0 2 0 567 012 0123456789 0123456789 0 0 0
0 5 0 2 01 678 012 0123456789 0123456789 0 0 0
0 5 0 2 1 67 012 0123456789 0123456789 01 02679 012468
0 5 0 2 1 78 012 0123456789 0123456789 0 0 0
0 5 0 2 12 089 012 0123456789 0123456789 01 023469 02468
0 5 0 2 2 012 012 0123456789 0123456789 0 0 0
0 5 0 2 2 23 01 0123456789 0123456789 0 0 0
0 5 0 2 2 34 012 0123456789 0123456789 0 0 0
0 5 0 2 2 456 012 0123456789 0123456789 0 0 0
0 5 0 2 2 67 012 0123456789 0123456789 0 0 0
0 5 0 2 2 78 012 0123456789 0123456789 0 0 0
0 5 0 2 2 89 012 0123456789 0123456789 0 0 0
0 5 0 2 23 019 012 0123456789 0123456789 0 0 0
0 5 0 2 3 12 012 012345689 0123456789 0 0 0
0 5 0 2 3 23 012 0123456789 0123456789 0 0 0
0 5 0 2 3 34 012 0123456789 0123456789 0 0 0
0 5 0 2 3 45 012 0123456789 0123456789 0 0 0
0 5 0 2 3 567 012 0123456789 0123456789 0 0 0
0 5 0 2 3 78 012 0123456789 0123456789 0 0 0
0 5 0 2 3 89 012 0123456789 0123456789 0 0 0
0 5 01 02 034 0123459 012 0123456789 0123456789 0 0 0
0 5 1 0 01 05689 012 02456789 0123456789 012 0123456789 0123456789
0 5 1 0 1 0 0 0 012 012 0123456789 012345689
0 5 1 0 1 0 0 0 23 012 0123456789 0123456789
0 5 1 0 1 0 0 0 345 012 0123456789 0123456789
0 5 1 0 1 0 0 0 567 012 0123456789 0123456789
0 5 1 0 1 0 0 0 789 012 0123456789 0123456789
0 5 1 0 1 0 0 01 09 012 0123456789 0123456789
0 5 1 0 1 0 0 1 012 012 0123456789 0123456789
0 5 1 0 1 0 0 1 23 012 0123456789 0123456789
0 5 1 0 1 0 0 1 34 012 0123456789 0123456789
0 5 1 0 1 0 0 1 456 012 0123456789 0123456789
0 5 1 0 1 0 0 1 67 012 0123456789 0123456789
0 5 1 0 1 0 0 1 789 012 0123456789 0123456789
0 5 1 0 1 0 0 12 019 012 0123456789 0123456789
0 5 1 0 1 0 0 2 12 012 0123456789 023456789
0 5 1 0 1 0 0 2 234 012 0123456789 0123456789
0 5 1 0 1 0 0 2 456 012 0123456789 012345678
0 5 1 0 1 0 0 2 67 012 0123456789 0123456789
0 5 1 0 1 0 0 23 278 012 0123456789 0123456789
0 5 1 0 1 0 0 3 23 012 0123456789 0123456789
0 5 1 0 1 0 0 3 345 012 0123456789 0123456789
0 5 1 0 1 0 0 3 56 012 0123456789 0123456789
0 5 1 0 1 0 0 3 67 012 0123456789 0123456789
0 5 1 0 1 0 0 3 789 012 0123456789 0123456789
0 5 1 0 1 0 0 34 019 012 0123456789 0123456789
0 5 1 0 1 0 0 4 123 012 0123456789 0123456789
0 5 1 0 1 0 0 4 345 012 0123456789 0123456789
0 5 1 0 1 0 0 4 5678 012 0123456789 0123456789
0 5 1 0 1 0 0 45 089 012 0123456789 0123456789
0 5 1 0 1 0 0 5 012345 012 0123456789 0123456789
0 5 1 0 1 012345 01 0124569 024568 012 0123456789 012345689
0 5 1 0 1 5 1 45 06789 012 0123456789 0123456789
0 5 1 0 1 5 1 5 0123 012 0123456789 01245678
0 5 1 0 1 5 1 5 345 012 0123456789 0123456789
0 5 1 0 123 0245689 01 034569 0246789 012 0123456789 023456789
0 5 1 0 3 234678 01 0123456789 023456789 012 023456789 02468
0 5 1 0 3 8 01 0126789 0123456789 012 0123456789 01234678
0 5 1 0 34 089 012 01249 01245689 012 0123456789 0123456789
0 5 1 0 456 012346789 012 0123456789 0123456789 01 02 08
0 5 1 0 6 4568 012 0123456789 023456789 012 012346789 0123456789
0 5 1 0 67 0124589 012 012346789 0123456789 012 012346789 02468
0 5 1 0 7 567 012 012346789 0123456789 012 0123456789 0124689
0 5 1 0 78 0123789 012 023459 023456789 012 0123456789 012345678
0 5 1 0 8 3489 01 012345689 02456789 012 012345689 023456789
0 5 1 0 8 9 1 456789 012346789 012 0123456789 02468
0 5 1 0 89 019 012 0123459 0123456789 012 012346789 02468
0 5 1 01 09 012345678 012 012346789 023456789 012 0123456789 02346789
0 5 1 1 012 0123456789 012 012345679 0123456789 01 02 08
0 5 1 1 234 0123456789 012 012345679 012345678 01 02 08
0 5 1 1 45 012456789 012 0123456789 0123456789 01 02 08
0 5 1 1 5 78 012 01245679 012346789 01 0123456789 023456789
0 5 1 1 5 8 0 2 012 012 0123456789 012346789
0 5 1 1 5 8 0 2 2345 012 0123456789 01234678
0 5 1 1 5 8 0 23 0156789 012 0123456789 012345689
0 5 1 1 5 8 0 34568 012345678 012 012346789 0123456789
0 5 1 1 5 89 01 02689 01246789 012 0123456789 0123456789
0 5 1 1 56 019 012 029 01234568 012 0123456789 0123456789
0 5 1 1 67 0123468 012 0123456789 012345678 01 01236 023468
0 5 1 1 7 8 1 012456 02345678 012 0123456789 0123456789
0 5 1 1 7 8 1 6789 012346789 012 0123456789 0123456789
0 5 1 1 7 8 12 012459 0123456789 012 0123456789 0123456789
0 5 1 1 789 0245689 012 0123456789 012346789 012 012345689 0246789
0 5 1 1 9 5 1 45678 0123456789 012 0123456789 023468
0 5 1 12 019 045689 012 0123456789 0123456789 012 0123456789 012468
0 5 1 2 1 01245 012 0123456789 012456789 012 0123456789 0124678
0 5 1 2 12345 012345689 012 01234569 01245689 012 0123469 0123456789
0 5 1 2 5 4 01 0123456789 0124568 012 01234569 0123456789
0 5 1 2 5 45 01 013456789 0123456789 012 012346789 012456789
0 5 12 02 05 05 012 01234569 0123456789 012 01234569 012345689
0 5 2 0 01234 02468 01 01234569 0123456789 012 0123456789 02456789
0 5 2 0 4 6 1 6 67 012 0123456789 0123456789
0 5 2 0 456 0124678 012 01246789 01246789 012 0123456789 012345678
0 5 2 0 678 02345678 012 0123456789 0123456789 0 0 0
0 5 2 0 8 45 012 0123456789 0123456789 0 0 0
0 5 2 0 89 023568 012 0123456789 0123456789 01 026789 02345678
0 5 2 0 9 3 01 0126789 0123456789 012 012346789 012456789
0 5 2 0 9 3 1 2 4567 012 0123456789 024678
0 5 2 0 9 3 1 23 0123789 012 0123456789 0123456789
0 5 2 0 9 3 1 345 0123456789 012 0123456789 0123456789
0 5 2 0 9 3 12 023456789 023456789 012 0123456789 012468
0 5 2 0 9 34 012 0123456789 0123456789 01 012346789 023468
0 5 2 0 9 45 02 012345 0123456789 012 0123456789 0123456789
0 5 2 0 9 5 012 0123456789 0123456789 01 0123456789 01234689
0 5 2 0 9 5 2 1 6789 012 0123456789 012346789
0 5 2 0 9 56 02 012345 0123456789 012 0123456789 01246789
0 5 2 0 9 6 01 0123456789 0123456789 012 01234689 02468
0 5 2 0 9 6 12 0123489 0123456789 01 012346789 02468
0 5 2 0 9 67 02 01234 0123456789 012 0123456789 02468
0 5 2 0 9 7 0 345 0123456789 012 0123456789 02468
0 5 2 0 9 7 0 5678 012345678 012 0123456789 02468
0 5 2 0 9 7 01 01234589 0123456789 012 01234679 02468
0 5 2 0 9 7 1 5678 0123456789 012 0123456789 02468
0 5 2 0 9 7 12 0189 0123456789 012 01234679 02468
0 5 2 0 9 7 2 1234 0123456789 012 02346789 02468
0 5 2 0 9 78 02 012345 0123456789 012 0123456789 02468
0 5 2 0 9 8 0 45 0123456789 012 0123456789 02468
0 5 2 0 9 8 0 567 0123456789 012 0123456789 02468
0 5 2 0 9 8 0 789 0123456789 012 0123456789 02468
0 5 2 0 9 8 01 0129 0123456789 012 0123456789 02468
0 5 2 0 9 8 1 2456 0123456789 012 01234569 02468
0 5 2 0 9 8 1 678 0123456789 012 0123456789 02468
0 5 2 0 9 8 12 089 0123456789 012 0123456789 02468
0 5 2 0 9 8 2 012 0123456789 012 012346789 02468
0 5 2 0 9 8 2 234 0123456789 012 01234689 02468
0 5 2 0 9 8 2 4 012345678 012 012346789 02468
0 5 2 0 9 89 012 0123456 012345689 012 0123456789 02468
0 5 2 01 09 09 012 0123456789 0123456789 01 02 08
0 5 2 1 0 01 012 0123456789 0123456789 0 0 0
0 5 2 1 0 12 02 014 0123456789 012 0123456789 02468
0 5 2 1 0 2 0 12 0123456789 012 0123456789 02468
0 5 2 1 0 2 0 23 0123456789 012 0123456789 02468
0 5 2 1 0 2 01 01234569 0123456789 012 01234679 02468
0 5 2 1 0 23 012 0123456789 0123456789 0 0 0
0 5 2 1 0 34 012 0123456789 0123456789 0 0 0
0 5 2 1 0 45 012 012456789 0123456789 0 0 0
0 5 2 1 0 5 01 123456789 0123456789 0 0 0
0 5 2 1 0 56 012 0123456789 0123456789 012 02369 02468
0 5 2 1 0 67 012 0123689 0123456789 012 012369 02468
0 5 2 1 0 78 012 0123456789 0123456789 012 0123469 02468
0 5 2 1 0 89 012 0123456789 0123456789 0 0 0
0 5 2 1 01 09 01 0123456789 0123456789 012 02369 0248
0 5 2 1 1 012 012 01234569 0123456789 01 0269 028
0 5 2 1 1 2 012 0123456789 0123456789 01 02 08
0 5 2 1 1 234 012 0123456789 0123456789 0 0 0
0 5 2 1 1 45 012 0123456789 0123456789 0 0 0
0 5 2 1 1 5689 012 0123456789 0123456789 012 0123456789 024678
0 5 2 1 1 9 2 0 1234 012 0123456789 0123456789
0 5 2 1 12 0129 012 0123456789 023456789 012 0123456789 024678
0 5 2 1 2 23 012 0123456789 0123456789 0 0 0
0 5 2 1 2 3 12 023456789 0123456789 01 0123456789 0123456789
0 5 2 1 2 3 2 0 23456 012 0123456789 0123456789
0 5 2 1 2 34 02 012345 0123456789 012 01234569 01234689
0 5 2 1 2 4568 012 0123456789 0123456789 0 0 0
0 5 2 1 234 01236789 012 0123469 0123456789 0 0 0
0 5 2 1 4 34 012 01234569 0123456789 012 0123469 024689
0 5 2 1 4 4 2 0123 0123456789 012 012369 02468
0 5 2 12 01456789 0123456789 012 0123469 023468 01 02346789 02468
0 5 2 2 12 029 012 0123456789 0123456789 0 0 0
0 5 2 2 2 23 012 02346789 02345678 01 0123456789 0123456789
0 5 2 2 23 0123456789 012 01234569 023456789 012 0123456789 0123456789
0 5 2 2 34 023459 012 0123456789 0123456789 01 02369 0248
0 5 23 02 0345 023456789 012 0123456789 0123456789 01 01236 012468
0 5 34 01 012356 0123456789 012 0123456789 023456789 012 02679 02468
0 5 4 0 3 6 0 012345 01234568 012 0123456789 0123456789
0 5 4 0 3 6 01 01234569 01245678 012 0123456789 0123456789
0 5 4 0 3 6 12 0123456789 012345689 012 012345679 012345678
0 5 4 0 3 67 012 0123456789 012345678 012 0123456789 012345689
0 5 4 0 3 78 012 0123456789 0245678 012 0123456789 012345689
0 5 4 01 0123456789 0123456789 012 012 01234689 012 0123456789 024568
0 5 4 1 56789 01234689 012 0123456789 0123456789 0 0 0
0 5 4 12 01239 012346789 012 0123456789 0123456789 012 0123456789 01234689
0 5 4 2 3 0124689 012 0123456789 012345689 0 0 0
0 5 4 2 3 9 0 0134 012345678 012 0123456789 012345689
0 5 4 2 34 09 012 0123456789 0123456789 012 0129 02468
0 5 4 2 4 0 12 012389 0123456789 0 01234567 0123456789
0 5 45 02 01245 0123456789 012 012346789 012346789 01 02789 0123456789
0 5 5 0 23456 0123456789 01 012346789 0123456789 0 0 0
0 5 5 01 06789 0123456789 012 012345679 012345689 0 0 0
0 5 5 1 0126789 0124689 012 0123456789 0123456789 0 0 0
0 5 56 012 0123459 0123456789 012 01234689 0123456789 0 0 0
0 5 6 012 0123456789 0123456789 01 02 08 0 0 0
0 5 67 02 0123456 0123456789 01 01236789 01234689 01 01236 02468
0 5 7 0 67 01256789 012 0123456789 0123456789 01 012346 024678
0 5 7 0 7 2345678 012 0123456789 012468 01 01236 02468
0 5 7 0 78 0289 012 0123456789 0245678 012 0234689 01234678
0 5 7 0 8 23456 012 0123456789 02345689 01 026789 0234568
0 5 7 0 89 016789 012 0123456789 01234678 01 01236 02468
0 5 7 0 9 12345678 012 012346789 01246789 01 02 08
0 5 7 01 09 0123489 012 0123456789 0123456789 01 02 08
0 5 7 1 0 4567 012 012346789 0123456789 01 02 08
0 5 7 1 01 0789 012 012346789 0123456789 01 02 08
0 5 7 1 12 0124678 012 012345689 012456789 012 012345679 0123456789
0 5 7 1 2 8 1 234 0123468 012 0123456789 0123456789
0 5 7 1 23 0189 012 01234569 012345678 012 012345689 012346789
0 5 7 1 3 123 01 0123456789 012346789 012 012346789 0124568
0 5 7 1 3 34568 01 0123456789 0123456789 01 0236 0248
0 5 7 1 34 089 012 012345679 0123456789 0 0 0
0 5 7 1 4 0 01 0123456789 0123456789 01 012345689 012346789
0 5 7 1 4 0 12 01289 0123456789 01 0123456789 0123456789
0 5 7 1 4 0124 012 0123456789 012345689 0 0 0
0 5 7 1 45 04568 012 0123456789 01234678 01 0123679 02468
0 5 7 1 5 01234567 012 0123456789 012346789 01 023456 02468
0 5 7 1 56789 012346789 01 0123456789 0123456789 01 026 048
0 5 7 12 023459 0123456789 012 0123456789 0123456789 012 02349 02489
0 5 78 02 0125 0123456789 012 0123456789 02345678 01 0126789 0245689
0 5 8 0 2 67 01 0123689 012345678 012 0123456789 012456789
0 5 8 0 2345 012346789 012 012346789 0123456789 012 0256789 024568
0 5 8 0 56 046789 01 012346789 0123456789 0 0 0
0 5 8 0 6 45678 012 0123456789 0123456789 01 012346 012345678
0 5 8 0 67 01234689 012 0123456789 0123456789 01 0123456 023468
0 5 8 0 78 02345678 012 0123456789 012345678 0 0 0
0 5 8 0 89 234678 012 012345679 0123456789 01 012369 01234568
0 5 8 01 0129 0123456789 012 012345679 023456789 0 0 0
0 5 8 1 23 2345678 012 0123456789 0123456789 01 01236 02456789
0 5 8 1 3 78 012 0123456789 0123456789 0 0345 0123456789
0 5 8 1 3 8 0 8 012 012 0123456789 0123456789
0 5 8 1 3 8 0 8 23 012 0123456789 0123456789
0 5 8 1 3 8 0 8 34568 012 0123456789 0123456789
0 5 8 1 3 8 0 8 8 12 0123456789 0123456789
0 5 8 1 3 8 0 89 026789 012 0123456789 0123456789
0 5 8 1 3 8 0 9 789 012 0123456789 0123456789
0 5 8 1 34 01234589 012 0123456789 0123456789 0 0 0
0 5 8 1 45 0123456789 012 0123456789 0123456789 01 0236 0248
0 5 8 1 678 01678 012 0123456789 0123456789 0 0 0
0 5 8 12 089 1234568 012 0123456789 0123456789 0 0 0
0 5 8 2 0 89 012 0123456789 0123456789 0 0 0
0 5 8 2 01 019 012 0123456789 0123456789 0 0 0
0 5 8 2 1 12345 012 012346789 012456789 0 0 0
0 5 8 2 1 56 012 0123456789 0123456789 0 0 0
0 5 8 2 12 0678 012 0123456789 0123456789 0 0 0
0 5 8 2 2 012345 012 0123456789 0123456789 0 0 0
0 5 8 2 2 56789 012 012346789 023456789 01 01234569 0123456789
0 5 8 2 23 019 012 0123689 01234689 012 0123456789 0123456789
0 5 8 2 34 012345689 012 0123456789 0123456789 0 0 0
0 5 8 2 45 012346789 012 0123456789 023456789 0 0 0
0 5 89 02 015 0123456789 012 012345679 0123456789 0 0 0
0 5 9 0 1 012345678 012 012346789 0123456789 0 0 0
0 5 9 0 123 0123456789 012 01234569 0123456789 0 0 0
0 5 9 0 345 0123456789 012 0123456789 012456789 0 0 0
0 5 9 0 568 0123456789 012 0123456789 01245689 01 01236 023468
0 5 9 01 089 01234678 012 0123456789 023456789 01 0123679 0234678
0 5 9 1 01 0123456789 012 0123456789 0123456789 0 0 0
0 5 9 1 12 128 012 0123456789 012345678 012 0123456789 0124678
0 5 9 1 234 01245689 012 0123456789 012346789 012 0123469 02345678
0 5 9 1 45 089 012 0123456789 0123456789 0 0 0
0 5 9 1 5 0123 012 0123456789 0123456789 0 0 0
0 5 9 1 5 3456 012 0123456789 012456789 01 01236 023468
0 5 9 1 56 0123678 012 0123456789 0123456789 012 02349 0234568
0 5 9 1 67 2345678 012 0123456789 0123456789 012 0123456789 012345678
0 5 9 1 78 0123456789 012 0123456789 0123456789 0 0 0
0 56 09 012 012345689 012345689 012 0123456789 0123456789 0 0 0
0 6 0 1 67 03456789 012 0123456789 0123456789 0 0 0
0 6 0 1 789 0124689 012 01234569 0123456789 0 0 0
0 6 0 1 9 12456789 012 012345689 0123456789 01 01236789 02345689
0 6 0 12 0239 012345689 012 0123456789 0123456789 0 0 0
0 6 0 2 345 02345678 012 012346789 0123456789 0 0 0
0 6 01 02 05 045678 012 0123456789 0123456789 0 0 0
0 6 1 0 01 012389 012 0123456789 0123456789 01 026789 024568
0 6 1 0 1 34 01 01234569 0123456789 012 012346789 02456789
0 6 1 0 1 4 1 5 67 012 0123456789 0123456789
0 6 1 0 1 45 012 0123456789 0123456789 012 0123456789 0123456789
0 6 1 0 1 567 012 0123456789 0123456789 0 0 0
0 6 1 0 1 789 02 034 023456789 012 0123456789 0123456789
0 6 1 0 12 012489 012 012345679 0123456789 012 0234569 02345689
0 6 1 0 23 0123489 012 0123456789 0123456789 0 0 0
0 6 1 0 3 456789 012 01234569 0123456789 01 01269 012468
0 6 1 0 34 019 012 012345679 0123456789 0 0 0
0 6 1 0 4 12 012 0123456789 0123456789 01 01236 024568
0 6 1 0 4 23 02 0123456 0123456789 012 01234569 0123456789
0 6 1 0 4 34567 012 0123456789 0123456789 0 0 0
0 6 1 0 456 0126789 012 0123456789 0123456789 0 0 0
0 6 1 0 6 123456 012 0123456789 0123456789 0 0 0
0 6 1 0 67 02346789 012 0123456789 0123456789 0 0 0
0 6 1 0 78 0456789 012 0123456789 0123456789 0 0 0
0 6 1 0 8 01234567 012 0123456789 012345678 0 0 0
0 6 1 0 89 01789 012 0123456789 0123456789 0 0 0
0 6 1 0 9 1234567 012 0123456789 0123456789 0 0 0
0 6 1 01 09 012789 012 0123456789 0123456789 0 0 0
0 6 1 1 0 23456 012 0123456789 0123456789 0 0 0
0 6 1 1 0 678 012 0123456789 012456789 0 0 0
0 6 1 1 01 089 012 0123456789 0123456789 01 01269 0124678
0 6 1 1 1 0 012 0123469 0123456789 012 0123679 0123468
0 6 1 1 1 0123456 012 0123456789 0123456789 012 0123469 0124689
0 6 1 1 12 012345678 012 0123456789 012456789 012 012679 02468
0 6 1 1 23 089 012 0123456789 0123456789 0 0 0
0 6 1 1 3 0123456789 012 0123456789 012345689 0 0 0
0 6 1 1 34 012345679 01 0123456789 0123456789 0 0 0
0 6 1 1 45 01278 012 0123456789 0123456789 0 0 0
0 6 1 1 5 2345 012 0123456789 0123456789 0 0 0
0 6 1 1 56 056789 012 0123456789 012456789 0 0 0
0 6 1 1 6 0124 012 0123456789 0123456789 0 0 0
0 6 1 1 67 0123456789 012 0123456789 0123456789 0 0 0
0 6 1 1 78 0123456789 012 0123456789 0123456789 0 0 0
0 6 1 1 89 0123456789 012 0123456789 012456789 0 0 0
0 6 1 12 09 0123456789 012 0123456789 012345678 012 023469 024678
0 6 1 2 0123 0123456789 012 0123456789 012345689 012 02679 0245678
0 6 1 2 34 012346789 012 0123456789 0123456789 0 0 0
0 6 1 2 4 456 012 0123456789 0123456789 01 01236 012468
0 6 1 2 45 016789 012 0123456789 0123456789 0 0 0
0 6 1 2 5 12 012 0123456789 0123456789 012 012346789 02468
0 6 12 02 05 012345 012 0123456789 0123456789 012 0123469 012468
0 6 2 0 0 34 01 01234569 0123456789 012 012345689 02345678
0 6 2 0 0 4 0 01 123458 012 0123456789 0123456789
0 6 2 0 0 4 01 01236789 0123456789 012 012346789 02456789
0 6 2 0 01 0245689 01 0123456789 0123456789 01 0123469 02468
0 6 2 0 1 23467 012 012346789 0123456789 012 0123456789 023456789
0 6 2 0 12 01278 012 012345679 0123456789 012 0123456789 01234678
0 6 2 0 2 2 0 78 0123456789 012 0123456789 01234568
0 6 2 0 2 2 01 01289 0123456789 012 0123456789 012345689
0 6 2 0 2 2 1 23456 0123456789 012 0123456789 0123468
0 6 2 0 2 2 12 0234579 012345689 01 0123456789 012346789
0 6 2 0 2 23 02 05 02345 012 0123456789 0123456789
0 6 2 0 2 3 0 012 02345678 012 0123456789 02468
0 6 2 0 2 3 0 23456 0123468 012 0123456789 02468
0 6 2 0 2 3 0 67 0123489 012 0123456789 02468
0 6 2 0 2 3 01 0789 0123456789 012 0123456789 02468
0 6 2 0 2 3 1 012 0246789 012 0123456789 024678
0 6 2 0 2 3 1 23 01789 012 0123456789 02468
0 6 2 0 2 3 1 345 012345678 012 0123456789 024568
0 6 2 0 2 3 1 5678 023456789 012 0123456789 02468
0 6 2 0 2 3 12 0189 0123456789 012 0123456789 02468
0 6 2 0 2 3 2 1234 012345689 012 0123456789 02345678
0 6 2 0 2 3 2 45 012456789 012 0123456789 02468
0 6 2 0 2 3 2 5 01234 012 0123456789 02468
0 6 2 0 2 34 02 03456 0124568 012 0123456789 0245678
0 6 2 0 2 4568 012 0245679 0123468 012 0123456789 01234568
0 6 2 0 234 02346789 012 0123456789 0123456789 01 0123469 02468
0 6 2 0 4 0 0 67 06789 012 0123456789 0123456789
0 6 2 0 4 0 0 789 012345689 012 0123456789 0123456789
0 6 2 0 4 0 0 9 678 01 0123456789 0123456789
0 6 2 0 4 0 01 09 01245689 012 0123456789 0123456789
0 6 2 0 4 0 1 012 012456789 012 012345689 0123456789
0 6 2 0 4 0 1 2 01234 012 0123456789 0123456789
0 6 2 0 4 0 1 2 45 012 0123456789 0123456789
0 6 2 0 4 01 01 012 0123456789 012 0123456789 0123456789
0 6 2 0 4 123 012 0123456789 0123456789 012 012346789 01234678
0 6 2 0 45 0345689 012 012345679 023456789 012 0123456789 02468
0 6 2 0 5 0 01 23789 012346789 012 0123456789 02468
0 6 2 0 56 012678 012 012345679 0123456789 012 0249 01248
0 6 2 0 6 012345 012 0123456789 0123456789 012 024 0248
0 6 2 0 6 567 01 01569 0123456789 012 0123456789 0123456789
0 6 2 0 6 7 0 12 0126789 012 0123456789 0123456789
0 6 2 0 6 7 0 2 2345678 012 0123456789 0123456789
0 6 2 0 6 7 0 23 0123456789 012 0123456789 0123456789
0 6 2 0 6 7 0 4567 0123456789 012 0123456789 02345689
0 6 2 0 6 7 01 01789 0234689 012 023456789 0123456789
0 6 2 0 6 7 1 126789 012456789 012 0123456789 0123456789
0 6 2 0 6 7 12 0129 0123456789 012 0123456789 0123456789
0 6 2 0 6 7 2 2345 01246789 012 0123456789 0123456789
0 6 2 0 67 012789 012 023456789 0123456789 012 024689 023468
0 6 2 0 7 2 01 01234569 012346789 012 0123456789 02468
0 6 2 0 7 2 1 01 0123456789 012 0123456789 02468
0 6 2 0 7 2 1 12678 0123456789 012 012346789 02468
0 6 2 0 7 2345 012 0123456789 0123456789 012 012346789 01245678
0 6 2 0 7 5 012 0123456789 0123456789 01 01236 0123468
0 6 2 0 7 56 012 0123456789 0123456789 0 0 0
0 6 2 0 7 678 012 0123456789 0123456789 01 023456 02468
0 6 2 0 78 01289 012 0123456789 012346789 01 02456789 024678
0 6 2 0 8 234 012 01234679 0123456789 012 0123456789 02468
0 6 2 0 8 4 2 01 0123456789 012 0123456789 02468
0 6 2 0 8 4 2 12 023456789 012 0123456789 02468
0 6 2 0 8 456789 012 01234569 012345678 012 012345679 023468
0 6 2 0 89 01239 012 0123456789 0123456789 01 01234569 02346789
0 6 2 0 9 3456 012 012346789 01234678 012 0123456789 02468
0 6 2 0 9 67 012 012346789 023456789 012 012346789 02468
0 6 2 01 09 012789 012 0123456789 012345689 012 012346789 02468
0 6 2 1 0 23456 012 0123456789 0123456789 012 01234679 012468
0 6 2 1 0 6789 012 0123456789 0123456789 01 0123456789 012345689
0 6 2 1 0 9 0 34 0124569 012 0123456789 0123456789
0 6 2 1 0 9 01 2456789 0123456789 012 0123456789 012345678
0 6 2 1 0 9 1 9 2345678 012 0123456789 0123456789
0 6 2 1 01 0129 012 0123459 012346789 012 012345679 02468
0 6 2 1 1 234 012 0123456789 0123456789 01 023456 02468
0 6 2 1 1 45 012 012456789 02346789 012 0123456789 023456789
0 6 2 1 1 5 0 01 019 012 0123456789 012456789
0 6 2 1 1 5 0 1 12 012 0123456789 0123456789
0 6 2 1 1 5 0 1 23 012 0123456789 0123456789
0 6 2 1 1 5 0 1 345 012 0123456789 0123456789
0 6 2 1 1 5 0 123 01245678 012 0123456789 0123456789
0 6 2 1 1 5 0 3 23 012 0123456789 0123456789
0 6 2 1 1 5 0 3 345 012 0123456789 0123456789
0 6 2 1 1 5 0 3 56 012 0123456789 023456789
0 6 2 1 1 5 0 3 67 012 0123456789 0123456789
0 6 2 1 1 5 0 3 78 012 0123456789 0123456789
0 6 2 1 1 5 0 34 089 012 0123456789 0123456789
0 6 2 1 1 5 0 4 01 012 0123456789 0123456789
0 6 2 1 1 5 0 4 12 012 0123456789 0123456789
0 6 2 1 1 5 0 4 23 012 0123456789 0123456789
0 6 2 1 1 5 0 4 34 012 0123456789 0123456789
0 6 2 1 1 5 0 4 45 012 0123456789 012456789
0 6 2 1 1 5 0 4 56 012 0123456789 0123456789
0 6 2 1 1 5 0 4 67 012 0123456789 0123456789
0 6 2 1 1 5 0 4 78 012 0123456789 0123456789
0 6 2 1 1 5 0 4 89 012 0123456789 0123456789
0 6 2 1 1 5 0 45 09 012 0123456789 0123456789
0 6 2 1 1 5 0 5 012 012 0123456789 0123456789
0 6 2 1 1 5 0 5 2345 012 0123456789 02346789
0 6 2 1 1 5 0 5 567 012 0123456789 02345689
0 6 2 1 1 5 0 5 78 012 0123456789 0123456789
0 6 2 1 1 5 0 56 089 012 0123456789 0123456789
0 6 2 1 1 5 0 6 012 012 0123456789 02345678
0 6 2 1 1 5 01 06789 02345678 012 0123456789 0123456789
0 6 2 1 1 5 1 01 234 012 0123456789 0123456789
0 6 2 1 1 5 1 1 3456 012 0123456789 0123456789
0 6 2 1 1 5 1 12 06789 012 0123456789 01234689
0 6 2 1 1 5 1 2 0123 012 0123456789 0123456789
0 6 2 1 1 5 1 2 34 012 0123456789 012346789
0 6 2 1 1 5 1 2 4567 012 0123456789 01245689
0 6 2 1 1 5 1 2 78 012 0123456789 0123456789
0 6 2 1 1 5 1 2 8 01 0123456789 0123456789
0 6 2 1 1 5 1 2 8 12 0123456789 0123456789
0 6 2 1 1 5 1 2 89 012 0123456789 0123456789
0 6 2 1 1 5 1 2 9 12 0123456789 0123456789
0 6 2 1 1 5 1 23 0129 012 0123456789 0123456789
0 6 2 1 1 5 1 3 2345 012 0123456789 0123456789
0 6 2 1 1 5 1 3 56 012 0123456789 0123456789
0 6 2 1 1 5 1 3 67 012 0123456789 0123456789
0 6 2 1 1 5 1 3 7 012 0123456789 0123456789
0 6 2 1 1 5 1 3 78 012 0123456789 0123456789
0 6 2 1 1 5 1 3 89 012 0123456789 0123456789
0 6 2 1 1 5 1 34 09 012 0123456789 0123456789
0 6 2 1 1 5 1 4 01 012 0123456789 0123456789
0 6 2 1 1 5 1 4 12 012 0123456789 0123456789
0 6 2 1 1 5 1 4 23 012 0123456789 0123456789
0 6 2 1 1 5 1 4 34 012 0123456789 012345678
0 6 2 1 1 5 1 4 45 012 0123456789 0123456789
0 6 2 1 1 5 1 4 56 012 0123456789 0123456789
0 6 2 1 1 5 1 4 67 012 0123456789 0123456789
0 6 2 1 1 5 1 4 78 012 0123456789 023456789
0 6 2 1 1 5 1 4 89 012 0123456789 0123456789
0 6 2 1 1 5 1 45 019 012 0123456789 0123456789
0 6 2 1 1 5 1 5 12 012 0123456789 0123456789
0 6 2 1 1 5 1 5 23 012 0123456789 0123456789
0 6 2 1 1 5 1 5 34 012 0123456789 0123456789
0 6 2 1 1 5 1 5 45 012 0123456789 0123456789
0 6 2 1 1 5 1 5 56 012 0123456789 02346789
0 6 2 1 1 5 1 5 67 012 0123456789 0123456789
0 6 2 1 1 5 1 5 789 012 0123456789 0123456789
0 6 2 1 1 5 1 56 019 012 0123456789 0123456789
0 6 2 1 1 5 1 6 12 012 0123456789 0123456789
0 6 2 1 1 5 1 6 234 012 0123456789 0123456789
0 6 2 1 1 5 1 6 45 012 0123456789 0123456789
0 6 2 1 1 5 1 6 56 012 0123456789 0123456789
0 6 2 1 1 5 1 6 67 012 0123456789 0123456789
0 6 2 1 1 5 1 6 78 012 0123456789 0123456789
0 6 2 1 1 5 1 6 89 012 0123456789 0123456789
0 6 2 1 1 5 1 67 09 012 0123456789 0123456789
0 6 2 1 1 5 1 7 01 012 0123456789 0123456789
0 6 2 1 1 5 1 7 12 012 0123456789 0123456789
0 6 2 1 1 5 1 7 23 012 0123456789 0123456789
0 6 2 1 1 5 1 7 34 012 0123456789 012456789
0 6 2 1 1 5 1 7 45 012 0123456789 012456789
0 6 2 1 1 5 1 7 56 012 0123456789 0123456789
0 6 2 1 1 5 1 7 67 012 0123456789 0123456789
0 6 2 1 1 5 1 7 78 012 0123456789 0123456789
0 6 2 1 1 5 1 7 89 012 0123456789 012345689
0 6 2 1 1 5 1 78 09 012 0123456789 0123456789
0 6 2 1 1 5 1 8 01 012 0123456789 0123456789
0 6 2 1 1 5 1 8 12 012 0123456789 0123456789
0 6 2 1 1 5 1 8 23 012 0123456789 012456789
0 6 2 1 1 5 1 8 3 012 0123456789 012346789
0 6 2 1 1 5 1 8 34 012 0123456789 0123456789
0 6 2 1 1 5 1 8 45 012 0123456789 0123456789
0 6 2 1 1 5 1 8 56 012 0123456789 0123456789
0 6 2 1 1 5 1 8 67 012 0123456789 012456789
0 6 2 1 1 5 1 8 78 012 0123456789 0123456789
0 6 2 1 1 5 1 8 89 012 0123456789 0123456789
0 6 2 1 1 5 1 89 09 012 0123456789 0123456789
0 6 2 1 1 5 1 9 01 012 0123456789 0123456789
0 6 2 1 1 5 1 9 12 012 0123456789 0123456789
0 6 2 1 1 5 1 9 23 012 0123456789 0123456789
0 6 2 1 1 5 1 9 3456 012 0123456789 0123456789
0 6 2 1 1 5 1 9 67 012 0123456789 012346789
0 6 2 1 1 5 1 9 78 012 0123456789 01234568
0 6 2 1 1 5 1 9 89 012 0123456789 0123456789
0 6 2 1 1 5 12 09 09 012 0123456789 0123456789
0 6 2 1 1 5 2 0 01 012 0123456789 0123456789
0 6 2 1 1 5 2 0 12 012 0123456789 0123456789
0 6 2 1 1 5 2 0 23 012 0123456789 0123456789
0 6 2 1 1 5 2 0 34 012 0123456789 0123456789
0 6 2 1 1 5 2 0 45 012 0123456789 0123456789
0 6 2 1 1 5 2 0 56 012 0123456789 023456789
0 6 2 1 1 5 2 0 678 012 0123456789 0123456789
0 6 2 1 1 5 2 0 89 012 0123456789 0123456789
0 6 2 1 1 5 2 01 09 012 0123456789 0123456789
0 6 2 1 1 5 2 123 01245689 012 0123456789 012345678
0 6 2 1 1 5 2 34 0123456789 012 0123456789 012346789
0 6 2 1 12 0156789 012 012345689 012456789 012 0123456789 0245689
0 6 2 1 2 12345 012 0123456789 0123456789 012 0249 0248
0 6 2 1 2 56 01 023679 0124689 012 01234569 0123456789
0 6 2 1 2 678 012 0123689 0234678 01 0123456789 0123456789
0 6 2 1 2 8 12 026789 0123456789 012 0123456789 0123456789
0 6 2 1 23 012389 012 01234569 0123456789 012 012345679 012468
0 6 2 1 3 34 01 01236789 0123456789 012 0123456789 0124568
0 6 2 1 3 4568 012 012346789 023456789 012 0126789 02468
0 6 2 1 34 089 012 0123456789 0123456789 012 0249 0248
0 6 2 1 4 0 0 012 012345678 012 0123456789 0123456789
0 6 2 1 4 0 012 23456789 0123456789 012 012345679 0123456789
0 6 2 1 4 0 2 3 789 012 0123456789 0123456789
0 6 2 1 4 0 2 34 023459 012 0123456789 0123456789
0 6 2 1 4 01 02 0345 012456789 012 0123456789 012346789
0 6 2 1 4 123456 012 0123456789 0123456789 012 012345679 0123456789
0 6 2 1 45 0126789 012 0123456789 0123456789 01 023456 02468
0 6 2 1 5 234 012 01269 0124568 01 0123456789 0123456789
0 6 2 1 5 4 0 01 24568 012 0123456789 0123456789
0 6 2 1 5 456 01 01236 0124568 012 0123456789 0123456789
0 6 2 1 5 67 012 0234569 0124689 012 012345679 0123456789
0 6 2 1 5 789 02 03456 01268 012 0123456789 0123456789
0 6 2 1 56 0129 012 0123469 01246789 012 0123456789 0123456789
0 6 2 1 6 234 012 0123456789 0123456789 01 0269 0248
0 6 2 1 6 56789 012 0123456789 0123456789 012 0123456789 012468
0 6 2 1 6 9 12 02459 01234568 012 0123456789 0123456789
0 6 2 1 67 012349 012 0123456789 0123456789 012 01234689 01234678
0 6 2 1 7 456 012 0123456789 012345689 012 0123456789 012345678
0 6 2 1 7 789 01 0123456789 0123456789 012 0123456789 023468
0 6 2 1 78 09 01 012345 0123456789 012 012346789 024678
0 6 2 1 8 0 0 56789 0123456789 012 0123456789 023468
0 6 2 1 8 0 01 0129 0123456789 012 012346789 024568
0 6 2 1 8 01 012 0234569 0123456789 012 01234689 0246789
0 6 2 1 8 1 012 0124569 023456789 012 0123456789 023456789
0 6 2 1 8 12 012 0123456789 0123456789 012 01234569 012345678
0 6 2 1 8 234 012 0123456789 0123456789 012 01236789 02468
0 6 2 1 8 4 01 0123456789 0123456789 012 012346789 02468
0 6 2 1 8 45 012 012456789 0123456789 012 012346789 02468
0 6 2 1 8 5 0 123456789 0123456789 012 02346789 02468
0 6 2 1 8 5 01 01239 012345678 012 01234679 02468
0 6 2 1 8 5 1 3456789 0123456789 012 012346789 02468
0 6 2 1 8 56 012 0123459 0123456789 012 01234569 02468
0 6 2 1 8 6 0 123456789 0123456789 012 02345689 02468
0 6 2 1 8 6 01 0123459 0123456789 012 012346789 02468
0 6 2 1 8 6 12 056789 0123456789 012 012346789 02468
0 6 2 1 8 67 02 0123456 0123456789 012 02345679 02468
0 6 2 1 8 7 01 0123456789 0123456789 012 0123469 02468
0 6 2 1 8 78 012 0123456789 0123456789 012 012346789 02468
0 6 2 1 8 89 012 0123456789 0123456789 01 0123456789 012468
0 6 2 1 89 0129 012 0123456789 012346789 012 01234679 02468
0 6 2 12 09 0234678 012 0123456789 0123456789 0 013 026
0 6 2 2 0 0 01 01236789 0123456789 012 0123456789 02468
0 6 2 2 0 0 1 1234567 0123456789 012 012345679 023468
0 6 2 2 0 01 012 012346789 0123456789 01 0123456789 02456789
0 6 2 2 0 1 12 0123459 012346789 01 0123456789 0123456789
0 6 2 2 0 1234 012 02345679 0123456789 012 0123456789 0234678
0 6 2 2 0 45 012 0234569 02345689 012 0123456789 0123456789
0 6 2 2 0 5678 01 01234569 012456789 012 0123456789 012345678
0 6 2 2 0 8 0 3 123 01 0123456789 0123456789
0 6 2 2 0 8 0 3456789 012346789 01 0123456789 0123456789
0 6 2 2 0 8 01 0126789 012345678 012 0123456789 0123456789
0 6 2 2 0 89 012 0123459 023456789 01 012345689 0123456789
0 6 2 2 01 09 01 0236789 012456789 01 0123456789 0123456789
0 6 2 2 1 0 0 0 5678 012 0123456789 012456789
0 6 2 2 1 0 0 01 0189 012 0123456789 0123456789
0 6 2 2 1 0 0 1 1234 012 0123456789 0123456789
0 6 2 2 1 0 0 12 4567 012 0123456789 012346789
0 6 2 2 1 0 0 23 0789 012 0123456789 0123456789
0 6 2 2 1 0 01 23456789 012345678 012 012345679 012346789
0 6 2 2 1 0123 012 0123456789 0123456789 01 0129 02489
0 6 2 2 1 3456 012 0123456789 0123456789 01 01269 023456789
0 6 2 2 1 6 1 2 8 012 0123456789 0123456789
0 6 2 2 1 6 1 23 089 012 0123456789 0123456789
0 6 2 2 1 6 1 3 01234567 012 012346789 0123456789
0 6 2 2 1 6 1 34 0123456789 012 0123456789 0123456789
0 6 2 2 1 6 1 45 01789 012 012346789 0123456789
0 6 2 2 1 6 12 23569 0123456789 012 0123456789 01246789
0 6 2 2 12 06789 012 0123456789 0123456789 01 026 048
0 6 2 2 2 0123489 012 0123456789 0123456789 01 02 08
0 6 2 2 23 01239 012 01234569 0123456789 012 01234679 0123468
0 6 2 2 34 0345689 01 01234569 0123456789 012 0123456789 02346789
0 6 2 2 4 01234 012 01234569 0123456789 012 0123456789 0123456789
0 6 2 2 4 456 012 0123456789 0123456789 012 02689 024568
0 6 23 02 01245 0123456789 012 0123456789 0123456789 01 023456789 024689
0 6 3 0 23456 02456789 012 0123456789 023456789 0 0 0
0 6 3 0 67 016789 012 0123456789 0234689 012 02346789 0246789
0 6 3 0 7 123456 012 0123456789 0123456789 01 0269 0468
0 6 3 0 78 0789 012 012345689 0123456789 01 01236 02468
0 6 3 0 8 012345 012 0123456789 0123456789 0 0 0
0 6 3 0 8 5678 012 0126789 0123456789 0 0123456789 012345689
0 6 3 0 89 089 012 0123456789 02345678 012 0123456789 012346789
0 6 3 0 9 012345 012 0123456789 012346789 012 012469 023468
0 6 3 0 9 6789 012 0123456789 0123456789 0 0 0
0 6 3 01 09 012349 012 0123456789 0123456789 012 01234689 012468
0 6 3 1 01 0456789 012 0123456789 0123456789 012 02349 0248
0 6 3 1 1 012345 012 0123456789 0123456789 012 0234679 0124689
0 6 3 1 1 5678 012 0123456789 0123456789 0 0 0
0 6 3 1 12 0189 012 0123456789 0123456789 01 01236 02468
0 6 3 1 2 2345678 012 0123456789 0123456789 012 029 0248
0 6 3 1 23 01234589 012 012346789 0123456789 01 026 048
0 6 3 1 34 056789 012 0123456789 0123456789 01 012679 024678
0 6 3 1 4 01 01 012345679 0123456789 012 0123456789 012346789
0 6 3 1 4 1 12 09 0456789 012 0123456789 0123456789
0 6 3 1 4 1 2 0 012 012 0123456789 0123456789
0 6 3 1 4 1 2 0 2345 012 0123456789 0123456789
0 6 3 1 4 1 2 01 245678 012 0123456789 012456789
0 6 3 1 4 1 2 12 0236789 012 0123456789 0123456789
0 6 3 1 4 123 012 0123456789 0123456789 012 012346789 0245678
0 6 3 1 4 345 012 0123456789 0123456789 01 01236789 0124689
0 6 3 1 4 567 012 012345689 0123456789 0 0 0
0 6 3 1 4 78 012 0123456789 0123456789 01 01236 02456789
0 6 3 1 45 089 012 0123456789 0123456789 0 0 0
0 6 3 1 5 01267 012 0123456789 012345689 0 0 0
0 6 3 1 5 789 012 0123456789 0123456789 01 012346789 0123468
0 6 3 1 56 09 012 012345689 012456789 012 012345679 02468
0 6 3 1 6 01234 012 0123456789 012456789 01 023469 024689
0 6 3 1 6 4567 012 0123456789 0123456789 01 0123469 02468
0 6 3 1 67 0789 012 0123456789 0123456789 012 01234679 02468
0 6 3 1 7 01234 012 0123456789 0123456789 01 0123456789 02468
0 6 3 1 79 23456 012 0123456789 0123456789 0 0 0
0 6 3 12 09 0123456789 012 0123456789 0123456789 0 0 0
0 6 3 2 0 56789 012 0123456789 0123456789 01 026789 024689
0 6 3 2 01 0123459 012 0123456789 012345689 0 0 0
0 6 3 2 1 56 012 023456789 0123456789 012 012346789 02346789
0 6 3 2 1 67 012 012456789 012345678 012 023456789 012345689
0 6 3 2 1 7 012 0123456789 0123456789 01 0123456789 0234678
0 6 3 2 1 78 02 015 0123456789 012 012346789 0123456789
0 6 3 2 1 8 0 12345 0123456789 012 0123456789 023456789
0 6 3 2 1 8 01 01256789 0123456789 01 01234569 0123456789
0 6 3 2 1 8 1 23 234678 012 0123456789 0123456789
0 6 3 2 1 8 1 456 012345678 012 0123456789 0123456789
0 6 3 2 1 8 1 67 01245678 012 0123456789 0123456789
0 6 3 2 1 8 12 0123789 0123456789 012 012345689 0123456789
0 6 3 2 1 89 02 012345 01234568 012 0123456789 012346789
0 6 3 2 1 9 01 0569 2346 012 0123456789 0123456789
0 6 3 2 12 09 01 01234569 01245678 012 0123456789 0123456789
0 6 3 2 2 0 0 6 567 012 0123456789 0123456789
0 6 3 2 2 0 0 6 789 012 0123456789 0123456789
0 6 3 2 2 0 01 236789 012689 012 0123456789 023456789
0 6 3 2 2 0 1 3469 02346 012 0123456789 0123456789
0 6 3 2 2 0 1 9 34 012 0123456789 0123456789
0 6 3 2 2 0 1 9 456 012 0123456789 0245689
0 6 3 2 2 0 1 9 67 012 0123456789 024568
0 6 3 2 2 0 1 9 789 012 0123456789 01245678
0 6 3 2 2 0 12 09 09 012 0123456789 012346789
0 6 3 2 2 0 2 0 012 012 0123456789 0123468
0 6 3 2 2 01 012 0234689 0234568 012 0123456789 0234568
0 6 3 2 2 12 012 0256789 0123456789 012 0123456789 0123456789
0 6 3 2 2 2 0 012 023456789 012 0123456789 01234678
0 6 3 2 2 2 0 2345 0123456789 01 012346789 0123456789
0 6 3 2 2 2 0 56789 0123456789 012 012345689 01245689
0 6 3 2 2 2 01 019 012456789 01 0123456789 01245689
0 6 3 2 2 2 1 1 23 012 0123456789 0123456789
0 6 3 2 2 2 1 1 34 012 0123456789 012346789
0 6 3 2 2 2 1 1 456 012 0123456789 012345689
0 6 3 2 2 2 1 12 012345678 012 0123456789 012345689
0 6 3 2 2 23 012 0123456789 0123456789 01 0123456789 023456789
0 6 3 2 2 3 0 01 0123456789 012 0123456789 012346789
0 6 3 2 2 3 0 12345 0123456789 012 01234569 0123456789
0 6 3 2 2 3 01 0123456789 0123456789 01 012346789 012345678
0 6 3 2 2 3 12 045679 0123456789 01 0123456789 0123456789
0 6 3 2 2 34567 012 0123456789 0123456789 01 023456 024678
0 6 3 2 23 01789 012 0123456789 0123456789 012 023456789 02468
0 6 3 2 3 123 012 0123456789 0123456789 01 02 08
0 6 3 2 3 345 012 0123456789 0123456789 0 0 0
0 6 3 2 3 5678 012 0123456789 0123456789 0 0 0
0 6 3 2 3 89 012 0123456789 0123456789 01 026789 023468
0 6 3 2 34 01239 012 0123456789 0123456789 0 0 0
0 6 3 2 4 34 012 0123456789 0123456789 01 0123469 02468
0 6 3 2 4 45 012 01234569 012345678 012 0123456789 0123456789
0 6 3 2 4 5 01 0789 0123456789 012 0123456789 023456789
0 6 3 2 4 5 1 0123456789 0123456789 012 0123456789 01234568
0 6 3 2 4 56 02 012345 0123456789 012 023456789 012346789
0 6 3 2 4 67 012 0123456789 0123456789 01 0269 0248
0 6 3 2 45 0789 012 0123456789 0123456789 01 01236789 01234689
0 6 3 2 5 01 012 0123456789 0123456789 012 012346789 02468
0 6 34 02 05 012345 012 0123456789 0123456789 0 0 0
0 6 4 0 0 1234 012 01234679 012456789 012 0123456789 0123456789
0 6 4 0 0 4 2 4 23 012 0123456789 0123456789
0 6 4 0 0 4 2 4 3456789 012 0123456789 0123456789
0 6 4 0 0 456 012 012345689 0123456789 01 0123679 02468
0 6 4 0 0 67 012 012346789 0123456789 012 012346789 02346789
0 6 4 0 0 789 012 0123456789 0123456789 01 01236 02468
0 6 4 0 01 019 012 01234569 0123456789 01 026 012458
0 6 4 0 1 1234 012 0123456789 012345689 01 012346789 024568
0 6 4 0 1 45 012 012345689 0123456789 012 0123456789 02468
0 6 4 0 1 56 02 012 02345678 012 0123456789 012346789
0 6 4 0 1 6 0 1234 012456789 012 0123456789 02345678
0 6 4 0 1 6 012 01234569 0123456789 012 012345679 0123456789
0 6 4 0 1 6 2 45 234678 012 01234569 0123456789
0 6 4 0 1 67 012 0123456789 0123456789 012 0123456789 0123456789
0 6 4 0 12 0789 012 012346789 0123456789 01 01269 024678
0 6 4 0 2 012 012 0123456789 0123456789 012 02349 0124689
0 6 4 0 2 2345 012 0123456789 0123456789 01 045679 024568
0 6 4 0 2 56 012 0123456789 0123456789 0 0 0
0 6 4 0 2 789 012 0123456789 0123456789 01 01269 02468
0 6 4 0 23 019 012 0123456789 0123456789 01 01269 023468
0 6 4 0 3 1234 012 0123456789 0123456789 01 023469 02468
0 6 4 0 3 45 012 0123456789 012345678 012 012456789 02468
0 6 4 0 3 5678 012 012346789 0123456789 012 012345679 02468
0 6 4 0 3 8 12 0123456789 023456789 012 01234689 012345689
0 6 4 0 3 89 02 01245 0123456789 012 012345679 02468
0 6 4 0 3 9 012 0123456789 0123456789 012 0123456789 02468
0 6 4 0 34 09 012 012346789 0123456789 012 0123456789 012345678
0 6 4 0 4 0 12 012345679 0123456789 01 01234569 01245689
0 6 4 0 4 0123 012 0123456789 0123456789 0 0 0
0 6 4 0 4 3456 012 0123456789 0123456789 012 029 0248
0 6 4 0 4 67 01 01234689 0123456789 012 01234569 02468
0 6 4 0 4 7 12 01234679 023456789 01 0123456789 01234568
0 6 4 0 4 789 012 01234569 0123456789 012 01234569 02468
0 6 4 0 4 9 12 09 012456789 012 0123456789 012345678
0 6 4 0 4 9 2 01234 0123456789 012 0123456789 02468
0 6 4 0 45 019 012 0123456789 0123456789 012 02346789 02468
0 6 4 0 5 123 012 0123456789 0123456789 0 0 0
0 6 4 0 5 34567 012 0123456789 0123456789 0 0 0
0 6 4 0 5 78 012 0123456789 0123456789 01 01234569 02346789
0 6 4 0 56 01289 012 012346789 0123456789 012 0123456789 02468
0 6 4 0 6 2 0 12 045689 012 0123456789 0124678
0 6 4 0 6 2 0 23 0126789 012 0123456789 012346789
0 6 4 0 6 2 0 345 012678 012 0123456789 01245689
0 6 4 0 6 2 01 23456 012346789 012 0123456789 0123456789
0 6 4 0 6 2 12 0126789 0123456789 012 0123456789 01246789
0 6 4 0 6 2345 012 01234569 0123456789 012 012369 02468
0 6 4 0 6 5678 012 0123456789 0123456789 01 0236 0248
0 6 4 0 6 8 01 013469 0234678 012 0123456789 023456789
0 6 4 0 6 89 012 012345679 023456789 012 0123456789 0123456789
0 6 4 0 67 019 012 0123456789 0123456789 01 0123469 02468
0 6 4 0 7 1 1 234 0123456789 012 012346789 0123456789
0 6 4 0 7 1 1 456 012345689 012 012346789 0123456789
0 6 4 0 7 12 012 02346789 0123456789 012 01234569 023456789
0 6 4 0 7 234 012 0123456789 0123456789 0 0 0
0 6 4 0 7 45 012 0123456789 0123456789 01 0269 028
0 6 4 0 7 56 012 0123456789 0123456789 0 0 0
0 6 4 0 7 6789 012 0123456789 0123456789 01 0234569 012468
0 6 4 0 78 019 012 0123456789 0123456789 01 012369 02468
0 6 4 0 8 1234 012 0123456789 0123456789 01 02 08
0 6 4 0 8 456 012 012346789 0123456789 012 0123456789 0234678
0 6 4 0 8 6 01 0123456789 0123456789 012 012346789 02468
0 6 4 0 8 6 12 0123456789 0123456789 01 0123689 0234568
0 6 4 0 8 678 012 0234569 012345678 012 0123456789 012346789
0 6 4 0 8 8 2 234 0123456789 012 012346789 012345678
0 6 4 0 89 089 012 012345679 0123456789 01 012345689 012345678
0 6 4 0 9 012 012 0123456789 0123456789 01 0269 0468
0 6 4 0 9 34 01 0123456789 0123456789 0 0 0
0 6 4 0 9 45 012 0123456789 0123456789 01 0269 028
0 6 4 0 9 56789 012 012345679 012345678 012 01234689 01245689
0 6 4 01 09 023459 012 0123456789 023456789 012 012346789 0245678
0 6 4 1 0 56 012 0123456789 02345689 01 026789 02468
0 6 4 1 0 6 12 02345679 012345678 012 0123456789 02468
0 6 4 1 01 0678 012 0123456789 0123456789 01 01234569 0234689
0 6 4 1 1 01 01 013456789 0123456789 012 012346789 023468
0 6 4 1 1 12 012 0123456789 0123456789 0 0 0
0 6 4 1 1 23456 012 0123456789 0123456789 0 0123 0456789
0 6 4 1 1 6 0 013469 012346789 012 0123456789 0123456789
0 6 4 1 1 6 012 012346789 0123456789 012 0123456789 02468
0 6 4 1 1 67 02 034 02456789 012 0123456789 0123456789
0 6 4 1 1 7 012 0123469 012456789 012 01234569 012345678
0 6 4 1 12 0789 012 0123456789 0123456789 01 01234569 02468
0 6 4 1 2 01234 012 012346789 012346789 012 0123456789 0124678
0 6 4 1 2 4 0 01234 023456789 012 0123456789 012456789
0 6 4 1 2 4 0 4567 0123456789 012 023456789 012345689
0 6 4 1 2 4 01 012789 0123456789 012 0123456789 0124689
0 6 4 1 2 4 1 234 0123456789 012 0123456789 01246789
0 6 4 1 2 4 1 45678 0123456789 012 0123456789 02468
0 6 4 1 2 4 12 089 0123456789 012 0123456789 0245678
0 6 4 1 2 45 02 01234 01234689 01 0123456789 0123456789
0 6 4 1 2 5 0 0 01 012 0123456789 0123456789
0 6 4 1 2 5 0 0 12 012 0123456789 0123456789
0 6 4 1 2 5 0 0 23 012 0123456789 0123456789
0 6 4 1 2 5 0 01 023456789 01 01234569 0123456789
0 6 4 1 2 5 0 12 019 012 0123456789 0123456789
0 6 4 1 2 5 0 2 12 012 0123456789 0123456789
0 6 4 1 2 5 0 2 23 012 0123456789 0123456789
0 6 4 1 2 5 0 2 345 012 0123456789 0123456789
0 6 4 1 2 5 0 2 56 012 0123456789 012346789
0 6 4 1 2 5 0 2 67 012 0123456789 0123456789
0 6 4 1 2 5 0 2 78 012 0123456789 0123456789
0 6 4 1 2 5 0 23 089 012 0123456789 012345678
0 6 4 1 2 5 0 3 01 012 0123456789 0123456789
0 6 4 1 2 5 0 345 0123456789 012 0123456789 012345678
0 6 4 1 2 5 01 056789 0123456789 012 0123469 024689
0 6 4 1 2 5 1 012345678 0123456789 012 012346789 02468
0 6 4 1 2 567 012 012345689 0123456789 012 012346789 02468
0 6 4 1 2 789 012 0123456789 0123456789 0 0 0
0 6 4 1 23 09 012 0123456789 0123456789 0 0 0
0 6 4 1 3 012 012 012345689 0123456789 012 01234569 02345689
0 6 4 1 3 23456 012 0123456789 0123456789 0 0 0
0 6 4 1 3 67 012 0123456789 0123456789 01 023469 012468
0 6 4 1 3 78 01 01269 0123456789 012 0123456789 0245689
0 6 4 1 3 8 01 01236 0123456789 012 0123456789 02345678
0 6 4 1 3 89 012 01234569 0123456789 01 0123456789 02468
0 6 4 1 34 09 012 0123456789 0123456789 01 026 018
0 6 4 1 4 01234 012 012345679 0123456789 01 0679 02468
0 6 4 1 4 456 012 0123456789 0123456789 0 0 0
0 6 4 1 45 016789 012 012346789 012345689 0 0 0
0 6 4 1 5 12456789 012 0123456789 0123456789 0 0 0
0 6 4 1 567 0123456789 012 0123456789 023456789 0 0 0
0 6 4 1 7 1234678 012 012346789 0123456789 0 0 0
0 6 4 1 78 0123489 012 0123456789 0123456789 0 0 0
0 6 4 1 8 456 012 0123456789 0123456789 01 024569 01248
0 6 4 1 8 678 012 0123456789 0123456789 012 01236789 02468
0 6 4 1 8 89 012 0123456789 0123456789 01 01234569 0124678
0 6 4 1 89 09 012 0123456789 0123456789 0 0 0
0 6 4 1 9 0 01 0123456789 0123456789 0 0 0
0 6 4 1 9 01 012 01234569 0123456789 01 0269 0468
0 6 4 1 9 1234 012 0123456789 0123456789 0 0 0
0 6 4 12 09 0145689 012 0123456789 0123456789 0 0 0
0 6 4 2 0 123 012 0123456789 0123456789 0 0 0
0 6 4 2 0 34 012 0123456789 0123456789 0 0 0
0 6 4 2 0 4567 012 0123456789 0123456789 01 01236 02468
0 6 4 2 0 78 012 01234679 012345678 012 0123456789 0123456789
0 6 4 2 0 8 01 01245689 0123456789 012 01234679 0123456789
0 6 4 2 0 8 1 34567 012346789 012 012346789 01234689
0 6 4 2 0 8 12 0789 0123456789 012 012345679 0123456789
0 6 4 2 0 8 2 0123 01234689 012 0123456789 0123456789
0 6 4 2 0 89 02 01345 01246789 012 0123456789 0123456789
0 6 4 2 0 9 0 12345678 012346789 012 0123456789 012456789
0 6 4 2 0 9 01 0123489 0123456789 012 012345679 02345678
0 6 4 2 01 09 012 0124569 012345689 012 0123456789 0123456789
0 6 4 2 1 0 0 123 0123489 012 0123456789 0123456789
0 6 4 2 1 0 012 0123456789 0123456789 012 0123456789 0245689
0 6 4 2 1 1 0 012 012468 012 0123456789 0123456789
0 6 4 2 1 1 0 23456 01234689 012 0123456789 012345678
0 6 4 2 1 1 0 67 012456789 012 0123456789 0123456789
0 6 4 2 1 1 01 01789 0234568 012 0123456789 0123456789
0 6 4 2 1 1 1 12456 012345678 012 0123456789 0123456789
0 6 4 2 1 1 1 6789 02346789 012 01234569 0123456789
0 6 4 2 1 1 12 09 03456 012 0123456789 0123456789
0 6 4 2 1 12 02 012 012346789 012 0123456789 0123456789
0 6 4 2 1 2 0 23456 012345689 012 0123456789 0123456789
0 6 4 2 1 2 01 06789 01234689 012 0123456789 0123456789
0 6 4 2 1 2 12 012346789 012346789 012 0123456789 0123456789
0 6 4 2 1 23 02 01234 0123456789 01 012346789 0123456789
0 6 4 2 1 3 0 345 0246789 012 0123456789 0123456789
0 6 4 2 1 3 0 567 2456789 012 0123456789 0123456789
0 6 4 2 1 3 01 0789 0456789 012 0123456789 0123456789
0 6 4 2 1 3 1 0123456 0123456789 012 012345689 0123456789
0 6 4 2 1 34 012 0123456789 012346789 012 0123456789 0123456789
0 6 4 2 1 4 01 0126789 0123456789 012 0123456789 0123456789
0 6 4 2 1 4 1 234 012345689 012 0123456789 0123456789
0 6 4 2 1 4 1 4 1234567 012 0123456789 0123456789
0 6 4 2 1 4 1 4 789 012 0123456789 0123456789
0 6 4 2 1 4 1 456 0129 012 0123456789 0123456789
0 6 4 2 1 4 1 67 12458 012 0123456789 0123456789
0 6 4 2 1 4 12 012789 02456789 012 0123456789 0123456789
0 6 4 2 1 45 02 01234 02345678 012 0123456789 0123456789
0 6 4 2 1 5 0 2 45678 012 0123456789 0123456789
0 6 4 2 1 5 0 23 089 012 0123456789 0123456789
0 6 4 2 1 5 0 3468 0124678 012 0123456789 023456789
0 6 4 2 1 5 01 0189 0123456789 012 0123456789 0123456789
0 6 4 2 1 5 1 1245 023456789 012 0123456789 0123456789
0 6 4 2 1 5 1 678 01234568 012 0123456789 0123456789
0 6 4 2 1 5 12 01289 0123456789 012 0123456789 0123456789
0 6 4 2 12 012356789 012 0123456789 023456789 01 0123456 012456789
0 6 4 2 2 34 012 0123456789 0123456789 01 0123469 0124678
0 6 4 2 2 456 012 012345689 0123456789 01 0123469 02468
0 6 4 2 23 0123678 012 0123456789 0123456789 0 012345 012345689
0 6 4 2 3 3 1 7 4 012 0123456789 0123456789
0 6 4 2 3 3 1 7 5 01 0123456789 0123456789
0 6 4 2 3 34 01 0123456789 0123456789 012 0123459 012345689
0 6 4 2 3 45 012 0123456789 0123456789 01 01236 0123468
0 6 4 2 3 5 2 23 0456789 012 0123456789 02468
0 6 4 2 3 5 2 34 012346789 012 0123456789 02468
0 6 4 2 3 5 2 4 12456789 012 0123456789 012345678
0 6 4 2 3 5678 012 01234569 012345689 012 0123456789 0234689
0 6 4 2 3 89 012 0123456789 0123456789 01 012369 0124689
0 6 4 2 34 019 012 0123456789 0123456789 01 012346789 02468
0 6 4 2 4 1234 012 01234679 0123456789 01 012346789 02468
0 6 4 2 45 045678 012 0123456789 0123456789 0 0 0
0 6 4 2 5 0123 012 0123456789 012345678 0 0 0
0 6 4 2 5 34 012 0123456789 0123456789 01 026789 024568
0 6 45 02 05 045 012 0123456789 0123456789 012 0123469 02468
0 6 5 0 0 5678 012 0123456789 0123456789 0 0 0
0 6 5 0 01 023489 012 0123456789 0123456789 0 0 0
0 6 5 0 1 456789 012 01234679 012345678 012 0123679 012345678
0 6 5 0 1 9 1 34567 0123456789 012 012345679 0123456789
0 6 5 0 12 0129 012 0123456789 0123456789 01 01234569 0123468
0 6 5 0 2 2 01 0123456789 0123456789 0 0 0
0 6 5 0 2 234678 012 0123456789 0123456789 0 0 0
0 6 5 0 23 012456789 012 0123456789 0123456789 01 01236 024689
0 6 5 0 34 089 012 0123456789 0123456789 0 0 0
0 6 5 0 4 01 012 0123456789 0123456789 0 0 0
0 6 5 0 4 12 012 0123456789 0123456789 0 0 0
0 6 5 0 4 2345689 012 0123456789 0123456789 012 029 024568
0 6 5 0 4 9 0 1234 0123456789 012 0123456789 023456789
0 6 5 0 4 9 01 0456789 0123456789 012 01234569 0123456789
0 6 5 0 4 9 1 01 089 012 0123456789 0123456789
0 6 5 0 45 019 012 0123456789 0123456789 012 024569 0234689
0 6 5 0 5 1234 012 0123456789 0123456789 01 024569 0248
0 6 5 0 5 45 01 0123456789 0123456789 012 0123456789 02468
0 6 5 0 56 0156789 012 012345689 012346789 012 012346789 012468
0 6 5 0 6 12345678 012 0123456789 0123456789 012 01234569 02468
0 6 5 0 67 012389 012 0123456789 012345689 01 024569 02468
0 6 5 0 7 3456789 012 0123456789 0123456789 01 01269 02468
0 6 5 0 78 01234569 012 0123456789 0123456789 01 01236 012468
0 6 5 0 8 678 012 0123456789 0123456789 0 0 0
0 6 5 0 89 012689 012 0123456789 0123456789 0 0 0
0 6 5 0 9 6789 012 0123456789 0123456789 012 012345679 02468
0 6 5 0 9 9 0 012 01245689 012 0123456789 024568
0 6 5 0 9 9 0 23456 0123456789 012 0123456789 023468
0 6 5 0 9 9 0 67 016789 012 0123456789 012468
0 6 5 0 9 9 0 78 01234678 012 0123456789 023468
0 6 5 0 9 9 01 2489 123456789 012 0123456789 0123456789
0 6 5 01 09 09 012 01234569 0123456789 01 0123456789 02345678
0 6 5 1 01 012346789 012 0123456789 012345678 0 0 0
0 6 5 1 1 12 012 0123456789 0123456789 0 0134567 023468
0 6 5 1 1 234 012 0123456789 012456789 012 023456789 0234568
0 6 5 1 1 456 012 0123456789 0123456789 0 0 0
0 6 5 1 1 678 012 0123456789 0123456789 0 0 0
0 6 5 1 12 089 012 0123456789 023456789 012 012349 024689
0 6 5 1 2 012 012 0123456789 0123456789 0 0 0
0 6 5 1 2 234 012 0123456789 0123456789 0 0 0
0 6 5 1 2 456 012 0123456789 0123456789 0 0 0
0 6 5 1 23 01678 012 0123456789 0123456789 0 0 0
0 6 5 1 34 012346 012 0123456789 0123456789 0 0 0
0 6 5 1 45 01245689 012 012346789 0123456789 01 02346 0234568
0 6 5 1 5 1234 012 012345689 0123456789 0 0 0
0 6 5 1 5 456 012 012345679 0123456789 012 01234569 02468
0 6 5 1 56 01236789 012 0123456789 012346789 01 023469 02468
0 6 5 1 6 345678 012 0123456789 02345678 01 0269 028
0 6 5 1 67 0189 012 0123456789 0123456789 012 0123469 0124689
0 6 5 1 7 12345 012 0123456789 0123456789 01 0123456 024568
0 6 5 1 7 5 0 01 0123456789 012 0123456789 0123468
0 6 5 1 7 5 0 1 2345678 012 0123456789 02468
0 6 5 1 7 5 0 12 012389 012 0123456789 0234689
0 6 5 1 7 5 0 2 34568 012 0123456789 0123456789
0 6 5 1 7 5 0 23 012345689 012 0123456789 0245678
0 6 5 1 7 5 0 34 0123456789 012 0123456789 024568
0 6 5 1 7 5 0 45 0123456789 012 0123456789 012345689
0 6 5 1 78 01568 01 0123456789 012346789 012 012346789 0246789
0 6 5 1 8 123 012 0123456789 0123456789 01 02689 024568
0 6 5 1 89 023456789 012 012345679 0123456789 01 01269 024678
0 6 5 1 9 67 012 0123456789 0123456789 012 012345679 0123456789
0 6 5 1 9 789 012 0123456789 0123456789 01 0236 0248
0 6 5 12 09 0129 012 0123456789 023456789 0 0134568 0123468
0 6 5 2 0 234 012 0123456789 0123456789 012 0123456789 012346789
0 6 5 2 0 4567 012 0123456789 0123456789 0 0 0
0 6 5 2 01 0789 012 0123456789 0123456789 01 012689 0124689
0 6 5 2 1 01234 012 0123456789 0123456789 0 0 0
0 6 5 2 1 45678 012 0123456789 0123456789 01 01236 02468
0 6 5 2 12 0123489 012 023456789 0123456789 0 0 0
0 6 5 2 234 0289 012 012345679 0123456789 01 023456789 0234678
0 6 5 2 4 0123456 012 0123456789 012456789 0 0 0
0 6 5 2 45 0246789 012 0123456789 0123456789 0 0 0
0 6 5 2 5 45 012 023456789 0123456789 012 01234569 0124568
0 6 56 02 05 0123456 012 0123456789 0123456789 0 0 0
0 6 6 0 0 67 012 012346789 0123456789 012 0123456789 02468
0 6 6 0 0 7 1 3 45678 012 0123456789 01246789
0 6 6 0 0 7 1 34 0123456789 012 0123456789 02468
0 6 6 0 0 7 1 456 012345678 012 0123456789 02468
0 6 6 0 0 7 1 67 012345689 012 0123456789 0234689
0 6 6 0 0 7 1 78 0123456789 012 0123456789 02468
0 6 6 0 0 789 012 012345689 0123456789 012 0123456789 024689
0 6 6 0 01 012679 012 0123456789 0123456789 01 02346 024678
0 6 6 0 1 7 012 0123456789 0123456789 012 012345679 012468
0 6 6 0 12 012789 012 0123456789 0123456789 012 0123679 0245678
0 6 6 0 2 2 0 234 0123689 012 0123456789 0123456789
0 6 6 0 2 2 0 4567 0123456789 012 0123456789 012456789
0 6 6 0 2 2 0 789 0123456789 012 0123456789 012456789
0 6 6 0 2 2 01 09 01456789 012 012346789 012456789
0 6 6 0 2 2 1 0 1234 012 0123456789 012345689
0 6 6 0 2 2 12 0123456789 0123456789 012 0123456789 0123456789
0 6 6 0 2 2345678 012 01234569 0123456789 01 012345689 0123456789
0 6 6 0 2 8 01 01236789 012345689 012 0123456789 0123456789
0 6 6 0 23 02389 012 0123456789 0123456789 012 023469 024678
0 6 6 0 3 345 02 012 012456789 012 0123456789 0123456789
0 6 6 0 3 5 0 23 012345678 012 0123456789 0123456789
0 6 6 0 3 56 012 0123456789 0123456789 012 01234689 0234568
0 6 6 0 3 678 012 01234569 0123456789 012 0123469 02468
0 6 6 0 34 089 012 0123456789 0123456789 012 024689 02468
0 6 6 0 4 012 012 0123456789 012345678 012 012346789 02468
0 6 6 0 4 2345 012 01234689 0123456789 0 0 0
0 6 6 0 4 56 012 0123456789 0123456789 012 012345689 012345689
0 6 6 0 4 6 0 0 2345 01 0123456789 0123456789
0 6 6 0 4 6 0 0123 012345678 012 0123456789 01234568
0 6 6 0 4 6 0 3456 0123456789 012 0123456789 0123456789
0 6 6 0 4 6 0 6 4567 012 0123456789 0123456789
0 6 6 0 4 6 0 67 0123456789 012 0123456789 0123456789
0 6 6 0 4 6 0 78 0123456789 012 0123456789 0123456789
0 6 6 0 4 6 0 89 0123459 012 0123456789 012456789
0 6 6 0 4 6 01 09 0123456789 012 0123456789 0123456789
0 6 6 0 4 6 1 012 0123456789 012 0123456789 02345678
0 6 6 0 4 6 1 23 023456789 012 0123456789 012345689
0 6 6 0 4 6 1 345 012345689 012 012346789 02345689
0 6 6 0 4 6 1 56789 012345689 012 0123456789 023468
0 6 6 0 4 6 12 09 0123456789 012 0123456789 02345689
0 6 6 0 4 6 2 01 012346789 012 0123456789 012345689
0 6 6 0 4 6 2 234 0123456 012 0123456789 0246789
0 6 6 0 4 678 02 0145 0123456789 012 0123456789 01234689
0 6 6 0 4 8 0 123467 0123456789 012 012346789 02468
0 6 6 0 4 8 01 0123489 0123456789 012 0123456789 012345678
0 6 6 0 4 8 1 4 012345 012 0123456789 0123456789
0 6 6 0 4 8 1 45 012345678 012 01234569 012345689
0 6 6 0 4 8 1 56 056789 012 0123456789 0123456789
0 6 6 0 4 8 1 6 012345 012 01234569 012456789
0 6 6 0 4 8 1 67 01256789 012 01234569 0124568
0 6 6 0 4 8 1 7 2345678 012 01234569 0124568
0 6 6 0 4 8 1 78 01234589 012 01234569 0124568
0 6 6 0 4 8 1 89 0256789 012 0123456789 0123456789
0 6 6 0 4 8 12 09 02346789 012 0123456789 0124568
0 6 6 0 45 0189 012 0123456789 0123456789 01 02346789 024568
0 6 6 0 5 1234 012 0123456789 0123456789 012 012346789 0123468
0 6 6 0 5 4 01 01239 012456789 012 0123456789 024678
0 6 6 0 5 4 1 34 0123456789 012 0123456789 02468
0 6 6 0 5 4 1 45 012456789 012 0123456789 023468
0 6 6 0 5 4 1 56 01236789 012 0123456789 0123468
0 6 6 0 5 4 1 6 345678 012 0123456789 024568
0 6 6 0 5 4 12 016789 0123456789 012 0123456789 02468
0 6 6 0 5 456789 012 0123456789 0123456789 01 01236 0123468
0 6 6 0 5 9 01 0126789 0123456789 012 0123456789 0123456789
0 6 6 0 56 0129 012 0123456789 0123456789 01 012689 0123456789
0 6 6 0 67 0234568 012 0123456789 0123456789 0 01 08
0 6 6 0 7 012345 012 0123456789 01245678 012 0123469 024678
0 6 6 0 7 5678 012 0123456789 0123456789 0 0 0
0 6 6 0 78 0189 012 0123456789 0123456789 0 0 0
0 6 6 0 8 1 012 012345689 0123456789 012 0123456789 012346789
0 6 6 0 8 12 012 01234569 0123456789 012 012345689 0234689
0 6 6 0 8 234 02 012346 0123456789 012 012346789 0123456789
0 6 6 0 8 4 0 67 023456789 012 0123456789 0123456789
0 6 6 0 8 45 01 0123456789 0123456789 01 012345689 024568
0 6 6 0 89 0568 012 0123456789 0123456789 012 0234569 0123456789
0 6 6 0 9 012 01 0123456789 0123456789 01 02 08
0 6 6 0 9 23 012 0123456789 0123456789 0 0 0
0 6 6 0 9 3 01 0123456789 0123456789 012 0129 0124568
0 6 6 0 9 345 012 0123456789 0123456789 012 01234569 024568
0 6 6 0 9 56 012 012345689 0123456789 01 0269 0248
0 6 6 01 09 06789 012 0123456789 0123456789 01 0269 0248
0 6 6 1 0 012 012 0129 01245689 01 0123456789 0123456789
0 6 6 1 0 2 0 134 0123456789 012 0123456789 0123456789
0 6 6 1 0 23 012 012456789 0123456789 01 0123469 0123456789
0 6 6 1 0 3 0 12 012349 012 0123456789 0123456789
0 6 6 1 0 3 0 2 456789 01 012346789 0123456789
0 6 6 1 0 3489 012 012345689 0123456789 01 0123469 0123456789
0 6 6 1 01 09 012 024569 0123468 0 0123456789 0123456789
0 6 6 1 1 0 0 0 0 012 0123456789 0123456789
0 6 6 1 1 0 0 0 01 012 0123456789 0123456789
0 6 6 1 1 0 0 0 1 12 0123456789 0123456789
0 6 6 1 1 0 0 0 12 012 0123456789 0123456789
0 6 6 1 1 0 0 0 23468 012 0123456789 0123456789
0 6 6 1 1 0 0 01 09 01 0123456789 0123456789
0 6 6 1 1 0 0 1 01 012 0123456789 0123456789
0 6 6 1 1 0 01 0123456789 0123456789 012 0123456789 012345689
0 6 6 1 1 012 012 0123456789 0123456789 01 0269 028
0 6 6 1 1 234 012 0123456789 012456789 0 0 0
0 6 6 1 1 456 012 0123456789 0123456789 01 023456789 02456789
0 6 6 1 1 678 012 0123456789 0123456789 012 012346789 024678
0 6 6 1 1 89 012 0123456789 0123456789 012 0123456789 023456789
0 6 6 1 12 012469 012 012345689 0123456789 01 0123469 0123456789
0 6 6 1 2 6789 012 0123456789 0123456789 01 02 08
0 6 6 1 23 029 012 0123456789 0123456789 0 0 0
0 6 6 1 3 2345 012 0123456789 0123456789 01 02346789 024678
0 6 6 1 3 56 012 0123456789 0123456789 012 01234569 02345689
0 6 6 1 34 012346789 012 012345679 0123456789 0 0 0
0 6 6 1 45 0789 012 0123456789 0123456789 012 02469 0248
0 6 6 1 5 012 012 0123456789 0123456789 01 02689 01234689
0 6 6 1 5 234568 012 0123456789 0123456789 0 0 0
0 6 6 1 5 89 012 0123456789 0123456789 01 026789 012468
0 6 6 1 56 09 012 023456789 0123456789 012 0234679 02456789
0 6 6 1 6 012 012 0123456789 0123456789 012 02346 0234568
0 6 6 1 6 234 012 0123456789 0123456789 0 0 0
0 6 6 1 67 0456789 012 0123456789 012456789 0 0 0
0 6 6 1 7 01 012 0123456789 0123456789 012 023456789 012456789
0 6 6 1 7 1 2 2 4567 012 0123456789 0123456789
0 6 6 1 7 1 2 23 02789 012 0123456789 0123456789
0 6 6 1 7 1 2 3 2345 012 0123456789 0123456789
0 6 6 1 7 12345 012 0123456789 0123456789 012 0123456789 0234689
0 6 6 1 7 5689 012 0123456789 0123456789 01 024569 0248
0 6 6 1 7 9 012 0123456789 0123456789 01 01234679 02468
0 6 6 1 78 0129 012 0123456789 012456789 012 01234569 012468
0 6 6 1 8 23456 012 0123456789 0123456789 0 0 0
0 6 6 1 89 0126789 012 0123456789 0123456789 012 029 0248
0 6 6 1 9 23 012 0123456789 0123456789 01 0123469 0123468
0 6 6 1 9 34 012 0123456789 0123456789 0 0 0
0 6 6 1 9 45 012 0123456789 0123456789 01 02679 0268
0 6 6 1 9 56 012 0123456789 0123456789 01 01234569 012468
0 6 6 1 9 67 012 012346789 0123456789 012 0123456789 02346789
0 6 6 1 9 7 1 6 012 012 0123456789 0123456789
0 6 6 1 9 7 1 6 23 012 0123456789 0123456789
0 6 6 1 9 7 1 6 3 012 0123456789 0123456789
0 6 6 1 9 7 1 6 34 012 0123456789 0123456789
0 6 6 1 9 7 1 6 45 012 0123456789 0123456789
0 6 6 1 9 7 1 6 567 012 0123456789 0123456789
0 6 6 1 9 7 1 6 78 012 0123456789 0123456789
0 6 6 1 9 7 1 67 0289 012 0123456789 0123456789
0 6 6 1 9 7 1 7 23 012 0123456789 0123456789
0 6 6 1 9 7 1 7 34 012 0123456789 0123456789
0 6 6 1 9 7 1 7 45 012 0123456789 0123456789
0 6 6 1 9 7 1 78 02568 012 0123456789 0123456789
0 6 6 1 9 7 1 8 23 012 0123456789 012456789
0 6 6 1 9 7 1 8 3468 012 0123456789 0123456789
0 6 6 1 9 78 012 0123489 0123456789 01 01234569 0234568
0 6 6 1 9 8 01 0123456789 0123456789 012 01234569 0123456789
0 6 6 1 9 89 012 0123456789 0123456789 01 01236789 0245678
0 6 6 12 09 019 012 0123456789 0123456789 012 01234569 024568
0 6 6 2 0 123 012 012346789 0123456789 012 02689 02468
0 6 6 2 0 345 012 012345679 0123456789 012 012346789 0124678
0 6 6 2 0 567 012 0123456789 0123456789 012 01234569 0123456789
0 6 6 2 0 7 01 013456789 012345689 012 0123456789 0123456789
0 6 6 2 0 789 012 0123456789 0123456789 0 0 0
0 6 6 2 01 0129 012 0123456789 0123456789 0 0 0
0 6 6 2 1 2 012 123456789 012345678 012 0123456789 023456789
0 6 6 2 1 2346 012 012345679 0123456789 012 012346789 0234568
0 6 6 2 1 6 01 0789 0123456789 012 0123456789 02468
0 6 6 2 1 678 012 0123689 012345678 012 012345689 024689
0 6 6 2 12 089 012 012345679 0123456789 012 01234679 023456789
0 6 6 2 2 0123 012 0123456789 0123456789 01 02456789 01245678
0 6 6 2 2 345 012 0123456789 0123456789 0 0 0
0 6 6 2 2 567 012 0123456789 0123456789 01 0123456789 0245689
0 6 6 2 23 0789 012 0123456789 012456789 012 0123456789 024689
0 6 6 2 3 012 012 0123456789 0123456789 01 02 08
0 6 6 2 3 2345 012 012345679 0123456789 0 0 0
0 6 6 2 34 015689 012 0123456789 0123456789 0 0 0
0 6 6 2 4 1234 012 0123456789 0123456789 0 0 0
0 6 6 2 4 456789 012 0123456789 0123456789 0 0 0
0 6 6 2 4 9 0 89 2348 01 0123456789 0123456789
0 6 6 2 4 9 0 9 45 012 0123456789 0123456789
0 6 6 2 4 9 0 9 5 012 0123456789 0123456789
0 6 6 2 45 09 012 012345679 0123456789 012 01234569 023468
0 6 6 2 5 01 012 0123456789 0123456789 012 012346789 023456789
0 6 6 2 5 123 012 0123456789 0123456789 0 0 0
0 6 6 2 5 34 012 0123456789 0123456789 0 0 0
0 6 67 02 015 023456789 012 0123456789 0123456789 0 0 0
0 6 7 0 1 4 012 012345679 012345678 012 012345679 012456789
0 6 7 0 1 456 012 012469 0123456789 012 023456789 01245678
0 6 7 0 1 6 1 12 0123456789 012 0123456789 0123468
0 6 7 0 1 6 1 234 0123456789 012 0123456789 012345678
0 6 7 0 1 6 1 56 012346789 012 0123456789 0123456789
0 6 7 0 1 67 012 012346789 012456789 012 0123456789 023456789
0 6 7 0 1 7 0 456 012456789 012 0123469 023456789
0 6 7 0 1 7 0 678 01234689 012 0123456789 0123456789
0 6 7 0 1 7 0 8 67 012 0123456789 0123456789
0 6 7 0 1 7 0 8 789 012 012345689 0123456789
0 6 7 0 1 7 01 089 0234569 012 0123456789 0123456789
0 6 7 0 1 7 1 012345 02456789 012 0123456789 0123456789
0 6 7 0 1 7 1 56 0123489 012 0123456789 0123456789
0 6 7 0 1 7 1 679 023456789 012 0123456789 0123456789
0 6 7 0 1 7 12 019 012346789 012 0123456789 0123456789
0 6 7 0 12 01789 012 0123456789 0123456789 01 025689 02346789
0 6 7 0 2 123 012 0123456789 0123456789 012 029 0248
0 6 7 0 234 012346789 012 012345689 0123456789 012 029 0248
0 6 7 0 45 03456789 012 012346789 0123456789 0 0 0
0 6 7 0 5 1234 012 0123456789 012345678 012 01234679 02468
0 6 7 0 5 45 012 0123456789 0123456789 01 01234679 02468
0 6 7 0 56 05689 012 0123456789 0123456789 0 0 0
0 6 7 0 6 0123 012 0123456789 0123456789 0 0 0
0 6 7 0 6 34567 012 0123456789 0123456789 0 0 0
0 6 7 0 67 0123789 012 0123456789 0123456789 012 01234679 01234568
0 6 7 0 7 34 012 0123456789 0123456789 012 023456789 0123456789
0 6 7 0 7 456 01 01234567 012456789 012 0123456789 02345689
0 6 7 0 7 67 012 0123456789 0123456789 0 0 0
0 6 7 0 789 01789 012 0123456789 0123456789 0 0 0
0 6 7 0 9 1234678 012 0123456789 0123456789 0 0 0
0 6 7 01 09 01234589 012 0123456789 012346789 0 0 0
0 6 7 1 01 01256789 012 0123456789 0123456789 0 0 0
0 6 7 1 12 02345689 012 0123456789 0123456789 0 0 0
0 6 7 1 23 019 012 0123456789 0123456789 0 0 0
0 6 7 1 3 123 012 0123456789 0123456789 0 0 0
0 6 7 1 3 345 012 0123456789 0123456789 0 0 0
0 6 7 1 34 01256789 012 0123456789 023456789 0 01234678 01245689
0 6 7 1 4 2345 012 0123456789 012345689 012 023469 012468
0 6 7 1 45 0126789 012 0123456789 012346789 0 0 0
0 6 7 1 5 2345689 012 0123456789 0123456789 0 0 0
0 6 7 1 569 029 012 012345679 0123456789 012 012346789 02468
0 6 7 1 9 2345678 012 0123456789 0123456789 012 012346789 02468
0 6 7 1 9 89 012 0123459 012345689 012 0123456789 0245678
0 6 7 1 9 9 1 3 56789 012 0123456789 0123456789
0 6 7 1 9 9 1 34 0123456789 012 0123456789 012345689
0 6 7 1 9 9 1 45 012389 012 0123456789 024678
0 6 7 1 9 9 1 5 3456 012 0123456789 012468
0 6 7 1 9 9 12 234569 02456789 012 0123456789 01245678
0 6 7 12 09 019 012 0123456789 0123456789 0 0 0
0 6 7 2 0 12 012 012346789 012345678 01 01234689 02456789
0 6 7 2 0 2345 012 0123456789 0123456789 01 02346 024678
0 6 7 2 0 5 0 6789 02345689 012 0123456789 02468
0 6 7 2 0 5 01 019 012456789 012 0123456789 0124689
0 6 7 2 0 567 012 0123456789 023456789 02 012345 0123456789
0 6 7 2 0 78 012 0123456789 0123456789 012 012456789 0123456789
0 6 7 2 01 089 012 0123456789 0123456789 012 02459 012489
0 6 7 2 1 01 012 0123456789 012346789 012 01245679 012456789
0 6 7 2 1 123 012 0123456789 0123456789 01 0569 012
0 6 7 2 1 3 12 0123456789 0123456789 012 01236789 012456789
0 6 7 2 1 345 012 0123456789 0123456789 012 02346789 0124678
0 6 7 2 1 567 012 0123456789 0123456789 01 0123456 024678
0 6 7 2 1 78 012 0123456789 0123456789 0 0 0
0 6 7 2 12 089 012 0123456789 0123456789 01 0123689 0245678
0 6 7 2 2 0 01 2389 0123456789 012 0123456789 01246789
0 6 7 2 2 0 1 3 012 012 0123456789 0123456789
0 6 7 2 2 0 1 3 234567 012 0123456789 02345678
0 6 7 2 2 0 1 3 789 012 0123456789 0245689
0 6 7 2 2 0 1 34 0124569 012 0123456789 012345689
0 6 7 2 2 0 1 4 678 012 0123456789 01245678
0 6 7 2 2 0 1 45 0189 012 0123456789 0123456789
0 6 7 2 2 0 1 5 123 012 0123456789 012345689
0 6 7 2 2 0 1 5 34567 012 0123456789 01234568
0 6 7 2 2 0 12 2456789 0246789 012 0123456789 0123456789
0 6 7 2 2 12 012 0123456789 0123456789 012 0249 0248
0 6 7 2 2 23456 012 0123456789 0123456789 01 01236 02468
0 6 7 2 2 6789 012 012346789 0123456789 0 0 0
0 6 7 2 23 09 012 0123456789 0123456789 012 02469 0248
0 6 7 2 3 0 012 0124689 0123456789 012 012345679 0123456789
0 6 7 2 3 12345 012 0123456789 0123456789 0 0 0
0 6 7 2 3 6789 012 0123456789 0123456789 0 0 0
0 6 78 02 012345 0123456789 012 0123456789 0123456789 0 0 0
0 6 8 0 236 234568 012 0123456789 0123456789 0 0 0
0 6 8 0 6 45 012 0123456789 0123456789 012 0123456789 02456789
0 6 8 0 6 567 012 0123456789 0123456789 01 024689 02468
0 6 8 0 6 789 012 0123456789 0123456789 0 0 0
0 6 8 0 67 019 012 0123456789 0123456789 01 01236 02468
0 6 8 0 7 123 012 0123456789 0123456789 01 01236789 0124678
0 6 8 0 789 0123456789 012 0123456789 0123456789 0 0 0
0 6 8 01 019 0123456789 012 0123456789 0123456789 0 0 0
0 6 8 1 1234 012456789 012 0123456789 0123456789 0 0 0
0 6 8 1 456 02345678 012 0123456789 0123456789 0 0 0
0 6 8 1 6 5 0 0 01248 012 0123456789 0123456789
0 6 8 1 6 5 0 01234 012456789 012 0123456789 02346789
0 6 8 1 6 5 01 01234569 012345678 012 0123456789 023456789
0 6 8 1 6 56 012 0123456789 012345689 012 01234569 0123456789
0 6 8 1 6 6 0 34 012345689 012 0123456789 0123456789
0 6 8 1 6 6 0 456 012346789 012 0123456789 0123456789
0 6 8 1 6 6 0 678 0123456789 012 0123456789 0123456789
0 6 8 1 6 6 01 089 012345678 01 012346789 012345689
0 6 8 1 6 6 1 012 012345689 012 012345679 0123456789
0 6 8 1 6 6 1 2678 02345678 012 0123456789 012346789
0 6 8 1 6 6 12 09 012346789 012 0123456789 0123456789
0 6 8 1 6 6 2 01 023456789 012 0123456789 012345678
0 6 8 1 6 6 2 12 012345689 012 0123456789 012346789
0 6 8 1 6 6 2 23 01289 012 0123456789 023456789
0 6 8 1 6 6 2 3 2345689 012 0123456789 012345689
0 6 8 1 6 6 2 34 012346789 012 0123456789 0123456789
0 6 8 1 6 67 02 012345 0123456789 012 012346789 012345678
0 6 8 1 6 78 012 0123456789 0123456789 012 0129 0234568
0 6 8 1 67 0189 012 0123456789 0123456789 0 0 0
0 6 8 1 78 0123456789 012 0123456789 0123456789 0 0 0
0 6 8 1 8 0123 012 0123456789 0123456789 01 026 048
0 6 8 12 089 0123456789 012 012345689 0123456789 0 0 0
0 6 8 2 012 0123456789 012 0123456789 012345678 01 02346 0248
0 6 8 2 23 023789 012 0123456789 012346789 012 0124569 023456789
0 6 8 2 3 34 012 0123456789 0123456789 0 0 0
0 6 8 2 3 456789 012 0123456789 0123456789 0 0 0
0 6 89 02 045 0123458 012 0123456789 0123456789 0 0 0
0 6 9 0 0 012 012 0123456789 0123456789 0 0 0
0 6 9 0 0 23 012 012569 023456789 012 0123456789 0123456789
0 6 9 0 0 3 0 123 0123456789 012 012346789 012456789
0 6 9 0 0 3 0 34 012345678 012 0123456789 0123456789
0 6 9 0 0 3 0 45 012346789 01 0123456789 0123456789
0 6 9 0 0 3 0 56 012346789 012 0123456789 0123456789
0 6 9 0 0 3 0 67 01239 012 0123456789 0123456789
0 6 9 0 0 3 0 789 0123456789 012 0123456789 023456789
0 6 9 0 0 3 01 019 01456789 012 0123456789 0123456789
0 6 9 0 0 34 012 01234569 0123456789 012 023456789 023456789
0 6 9 0 0 456 012 0123456789 0123456789 0 0 0
0 6 9 0 0 6789 012 0123456789 0123456789 0 0 0
0 6 9 0 01 0129 012 0123456789 0123456789 0 0 0
0 6 9 0 1 2345 02 01234 0123456789 012 02369 02468
0 6 9 0 1 5 0 3456 0123456789 012 02369 02468
0 6 9 0 1 567 01 0123456789 0123456789 01 026789 023468
0 6 9 0 1 789 012 0123456789 0123456789 01 026789 02468
0 6 9 0 12 012349 012 0123456789 0123456789 01 02 08
0 6 9 0 2 4 012 012345689 0123456789 012 01234689 02468
0 6 9 0 2 45 012 0123456789 0123456789 012 012345689 024568
0 6 9 0 2 56 012 0123456789 0123456789 01 01236 012468
0 6 9 0 2 678 012 0123456789 0123456789 0 0 0
0 6 9 0 23 0189 012 0123456789 0123456789 01 023469 012346789
0 6 9 0 3 1 0 01 012346789 012 012346789 024568
0 6 9 0 3 1 0 123 012456789 012 0123456789 0234678
0 6 9 0 3 1 0 34 01234789 012 0123456789 024568
0 6 9 0 3 1 0 45 01456789 012 0123456789 024689
0 6 9 0 3 1 0 56 0123456789 012 0123456789 02468
0 6 9 0 3 1 0 67 0123489 012 0123456789 01246789
0 6 9 0 3 1 0 78 012346789 012 0123456789 012468
0 6 9 0 3 1 0 89 023456789 012 0123456789 012345689
0 6 9 0 3 1 0 9 01234 012 0123456789 023456789
0 6 9 0 3 1 01 09 01456789 012 0123456789 023456789
0 6 9 0 3 1 1 01 0123456789 012 0123456789 024689
0 6 9 0 3 1 1 12 0123456789 012 0123456789 01234568
0 6 9 0 3 1 1 23 0189 012 0123456789 02345678
0 6 9 0 3 1 1 346 0123456789 012 0123456789 012456789
0 6 9 0 3 123 012 0123456789 0123456789 012 025 0348
0 6 9 0 3 34 012 0123456789 0123456789 01 02 08
0 6 9 0 3 45 012 0123456789 0123456789 0 0 0
0 6 9 0 3 56789 012 0123456789 0123456789 01 026789 02468
0 6 9 0 34 0129 012 0123456789 0123456789 0 0 0
0 6 9 0 4 234 012 0123456789 0123456789 012 029 0248
0 6 9 0 4 456 012 0123456789 0123456789 01 023456789 02468
0 6 9 0 4 678 012 0123456789 0123456789 01 0123469 0246789
0 6 9 0 4 8 2 3 56789 012 0123456789 0123456789
0 6 9 0 45 089 012 012345679 023456789 012 01234689 02346789
0 6 9 0 5 01 012 012346789 0123456789 012 01234569 0245689
0 6 9 0 5 1234 012 0123456789 0123456789 0 0 0
0 6 9 0 5 456 012 0123456789 0123456789 01 0123456789 02468
0 6 9 0 5 67 012 0123456789 0123456789 012 012346789 02468
0 6 9 0 5 789 012 0123456789 0123456789 0 0 0
0 6 9 0 56 019 012 0123456789 0123456789 0 0 0
0 6 9 0 6 123 012 0123456789 0123456789 01 0123456789 012345678
0 6 9 0 6 3 01 01234789 0123456789 012 012345679 0123456789
0 6 9 0 6 3 1 4 234567 012 0123456789 0123456789
0 6 9 0 6 3 1 45 01789 012 0123456789 0123456789
0 6 9 0 6 3 1 56 02345689 012 0123456789 0123456789
0 6 9 0 6 345 012 0123456789 0123456789 0 0 0
0 6 9 0 6 567 01 01345679 0123456789 012 01236789 0123456789
0 6 9 0 6 78 012 0123456789 0123456789 0 0 0
0 6 9 0 6 89 012 0123456789 0123456789 0 0 0
0 6 9 0 67 0129 012 0123456789 0123456789 0 0 0
0 6 9 0 7 234 012 0123456789 0123456789 0 0 0
0 6 9 0 7 456789 012 0123456789 0123456789 0 0123 02468
0 6 9 0 7 9 1 0 0 012 0123456789 0123456789
0 6 9 0 78 09 012 012346789 012456789 012 012346789 023456789
0 6 9 0 8 0124 012 0123456789 0123456789 01 012346 0246789
0 6 9 0 8 45 012 0123456789 0123456789 01 02689 02468
0 6 9 0 8 5678 012 0123456789 0123456789 012 012369 02468
0 6 9 0 8 89 012 0123456789 0123456789 01 0123456789 02468
0 6 9 0 89 09 012 0123456789 0123456789 012 0124569 0124689
0 6 9 0 9 0123 012 0123456789 0123456789 0 0 0
0 6 9 01 09 02345678 012 0123456789 0123456789 012 0234569 0245678
0 6 9 1 0 7 0 0 123 012 0123456789 0123456789
0 6 9 1 0 7 0 0 3456 012 0123456789 012456789
0 6 9 1 0 7 0 0 6789 012 0123456789 012346789
0 6 9 1 01234 0123456789 012 0123456789 0123456789 012 0123456789 02468
0 6 9 1 45 078 012 0123456789 0123456789 0 0 0
0 6 9 1 56 012346789 012 012345679 0123456789 01 023456 024568
0 6 9 1 6 012 012 0123456789 0123456789 0 0 0
0 6 9 1 6 234 012 0123456789 0123456789 01 01234569 02346789
0 6 9 1 6 45 012 0123456789 0123456789 012 01246789 0123456789
0 6 9 1 6 567 012 01234569 0123456789 01 023469 02468
0 6 9 1 6 7 0 3467 0123456789 012 0123456789 023468
0 6 9 1 6 7 0 78 0123456789 012 0123456789 012345689
0 6 9 1 6 7 0 8 0123456 012 0123456789 02456789
0 6 9 1 6 7 0 89 0126789 012 0123456789 0245678
0 6 9 1 6 7 0 9 2345678 012 0123456789 0124678
0 6 9 1 6 7 01 019 0123456789 012 0123456789 0246789
0 6 9 1 6 78 01 01234569 0123456789 012 0123456789 012345689
0 6 9 1 67 089 012 0123456789 023456789 012 0234569 023456789
0 6 9 1 7 0123 012 0123456789 0123456789 01 01236 02468
0 6 9 1 7 34 012 01234679 012345678 012 0123456789 0246789
0 6 9 1 7 4 0 01 012345689 012 0123456789 012346789
0 6 9 1 7 4 0 12 0126789 012 0123456789 012345678
0 6 9 1 7 4 0 23456789 0123456789 012 0123456789 0245678
0 6 9 1 7 4 01 0129 0123456789 012 0123456789 0124689
0 6 9 1 7 4 1 2679 025678 012 0123456789 0123456789
0 6 9 1 78 02456789 012 012345689 0123456789 0 0 0
0 6 9 1 89 01234678 012 012346789 0123456789 012 0126789 0234678
0 6 9 1 9 2 01 0123469 024689 01 0123456789 0123456789
0 6 9 1 9 2 1 67 019 012 0123456789 0123456789
0 6 9 1 9 2 1 7 123 012 012345689 0123456789
0 6 9 1 9 2 1 7 34 012 0123456789 0123456789
0 6 9 1 9 234 012 012379 023456789 012 0123456789 012345689
0 6 9 1 9 456 012 0123456789 0123456789 0 0 0
0 6 9 12 019 0123456789 012 012345689 0123456789 01 02346 0246789
0 67 09 02 01234 012345689 012 0123456789 012345689 0 0 0
0 7 0 0 0123 012456789 012 0123456789 02456789 0 0 0
0 7 0 0 3 123 012 0123456789 0123456789 01 026789 0246789
0 7 0 0 3 345 012 0123456789 0123456789 0 0 0
0 7 0 0 3 567 012 0123456789 0123456789 01 01269 02468
0 7 0 0 3 78 02 023456 012346789 012 0123456789 02468
0 7 0 0 3 8 0 67 0123456789 012 0123456789 02468
0 7 0 0 3 89 01 012789 0123456789 012 0123456789 02468
0 7 0 0 3 9 012 0123456789 0123456789 012 01234569 0124568
0 7 0 0 34 019 012 0123456789 0123456789 012 0123469 012468
0 7 0 0 4 12 012 0123456789 023456789 012 0123689 02468
0 7 0 0 4 2345 012 0123456789 023456789 012 01234689 0124568
0 7 0 0 4 5 1 12345678 02345689 012 012346789 01245678
0 7 0 0 456 01256789 012 0123456789 0123456789 012 02469 02468
0 7 0 0 689 02345678 012 0123456789 02345689 0 0 0
0 7 0 01 09 0189 012 0123456789 0123456789 0 0 0
0 7 0 1 0 1234567 012 012346789 0123456789 0 0 0
0 7 0 1 01234 012345689 012 0123456789 02346789 0 0 0
0 7 0 1 45 0123456789 012 0123456789 0123456789 0 0 0
0 7 0 1 5 234678 012 0123456789 0123456789 0 0 0
0 7 0 1 56 04589 012 0123456789 0123456789 0 0 0
0 7 0 1 67 0156789 012 0123456789 0123456789 0 0 0
0 7 0 12 2789 012345678 012 0123456789 0123456789 0 0 0
0 7 0 2 234 0123456789 012 012346789 012345689 0 0 0
0 7 01 02 045 012458 012 0123456789 012345689 0 0 0
0 7 1 0 0 1234 012 0123456789 012345678 0 0 0
0 7 1 0 01 012345678 012 0123456789 0123456789 0 0 0
0 7 1 0 1 8 0 123456789 0123456789 012 012346789 02345678
0 7 1 0 1 8 01 01234569 0123456789 012 012345689 012345689
0 7 1 0 1 89 012 0123456789 0123456789 012 012346789 02468
0 7 1 0 1 9 01 12346789 012456789 012 0123456789 01234568
0 7 1 0 123 012489 012 01234689 0123456789 012 0123456789 02468
0 7 1 0 34 012345678 012 0123456789 0123456789 0 0 0
0 7 1 0 4 23456789 012 0123456789 012346789 0 0 0
0 7 1 0 456 012345679 012 012345689 0124689 0 0 0
0 7 1 0 6789 012456789 012 0123456789 01234568 0 0 0
0 7 1 01 0123459 0123456789 012 0123469 01245689 0 0 0
0 7 1 1 56 012345689 012 0123456789 023456789 0 0 0
0 7 1 12 06789 012346789 012 0123456789 0123456789 0 0 0
0 7 12 02 01245 0123456789 012 01234679 0123468 0 0 0
0 7 2 0 0 01 012 012346789 0123456789 01 012369 024568
0 7 2 0 0 12345 012 0123456789 012346789 0 0 0
0 7 2 0 01 05689 012 0123456789 0123456789 01 0234569 02468
0 7 2 0 1 0123 012 0123456789 0123456789 0 0 0
0 7 2 0 1 34 012 0123456789 0123456789 01 02679 012468
0 7 2 0 1 4 1 12345679 0123456789 01 0123456789 0123456789
0 7 2 0 1 4 1 9 3 12 0123456789 0123456789
0 7 2 0 1 4 1 9 34 012 0123456789 012345678
0 7 2 0 1 4 1 9 45 012 0123456789 0123456789
0 7 2 0 1 4 1 9 56 012 0123456789 0123456789
0 7 2 0 1 4 1 9 67 012 0123456789 0123456789
0 7 2 0 1 4 1 9 7 012 0123456789 0123456789
0 7 2 0 1 4 1 9 78 012 0123456789 0123456789
0 7 2 0 1 4 12 09 089 012 0123456789 0123456789
0 7 2 0 1 4 2 0 01 012 0123456789 0123456789
0 7 2 0 1 4 2 0 1 012 0123456789 0123456789
0 7 2 0 1 4 2 0 12 012 0123456789 0123456789
0 7 2 0 1 4 2 0 23 012 0123456789 0123456789
0 7 2 0 1 4 2 0 34 012 0123456789 0123456789
0 7 2 0 1 4 2 0 4 012 0123456789 0123456789
0 7 2 0 1 4 2 0 45 012 0123456789 0123456789
0 7 2 0 1 4 2 0 568 012 0123456789 0123456789
0 7 2 0 1 4 2 0 89 012 0123456789 0123456789
0 7 2 0 1 4 2 01 09 012 0123456789 0123456789
0 7 2 0 1 4 2 1 0 012 0123456789 0123456789
0 7 2 0 1 4 2 1 01 012 0123456789 0123456789
0 7 2 0 1 4 2 1 12 012 0123456789 0123456789
0 7 2 0 1 4 2 1 23 012 0123456789 012345678
0 7 2 0 1 4 2 1 34 012 0123456789 0123456789
0 7 2 0 1 4 2 1 4 012 0123456789 012345689
0 7 2 0 1 4 2 1 45 012 0123456789 0123456789
0 7 2 0 1 4 2 1 56 012 0123456789 0123456789
0 7 2 0 1 4 2 1 67 012 0123456789 0123456789
0 7 2 0 1 4 2 1 78 012 0123456789 0123456789
0 7 2 0 1 4 2 1 89 012 0123456789 0123456789
0 7 2 0 1 4 2 1 9 012 0123456789 0123456789
0 7 2 0 1 4 2 12 09 012 0123456789 0123456789
0 7 2 0 1 4 2 2 01 012 0123456789 0123456789
0 7 2 0 1 4 2 2 12 012 0123456789 0123456789
0 7 2 0 1 4 2 2 23 012 0123456789 0123456789
0 7 2 0 1 4 2 2 3 012 0123456789 0123456789
0 7 2 0 1 4 2 23 023489 012 0123456789 0123456789
0 7 2 0 1 4 2 3 23 012 0123456789 0123456789
0 7 2 0 1 4 2 3 3 012 0123456789 0123456789
0 7 2 0 1 4 2 3 34 012 0123456789 0123456789
0 7 2 0 1 4 2 3 45 012 0123456789 0123456789
0 7 2 0 1 4 2 3 56 012 0123456789 0123456789
0 7 2 0 1 4 2 3 6 012 0123456789 0123456789
0 7 2 0 1 4 2 3 67 012 0123456789 0123456789
0 7 2 0 1 4 2 3 78 012 0123456789 0123456789
0 7 2 0 1 4 2 3 89 012 0123456789 0123456789
0 7 2 0 1 4 2 3 9 012 0123456789 012345678
0 7 2 0 1 4 2 34 029 012 0123456789 0123456789
0 7 2 0 1 4 2 4 23 012 0123456789 023456789
0 7 2 0 1 4 2 45 2348 012 0123456789 0123456789
0 7 2 0 1 4 2 5 2 012 0123456789 0123456789
0 7 2 0 1 4 2 5 23 012 0123456789 0123456789
0 7 2 0 1 4 2 5 34 012 0123456789 0123456789
0 7 2 0 1 4 2 5 4 01 0123456789 0123456789
0 7 2 0 1 4 2 5 45 012 01234569 0123456789
0 7 2 0 1 4 2 5 5 012 0123456789 0123456789
0 7 2 0 1 45678 012 0123456789 0123456789 02 012345 0123456789
0 7 2 0 12 089 012 01234569 0123456789 01 02346 0246789
0 7 2 0 2 012 012 0123456789 0123456789 01 01269 023468
0 7 2 0 2 234 012 0123456789 0123456789 0 0 0
0 7 2 0 2 45678 012 0123456789 0123456789 01 023469 024678
0 7 2 0 2 89 01 0123456789 0123456789 01 0123456789 023456789
0 7 2 0 2 9 1 9 3456 012 0123456789 0123456789
0 7 2 0 2 9 12 09 06789 012 0123456789 0123456789
0 7 2 0 2 9 2 0 0123456 012 0123456789 0123456789
0 7 2 0 2 9 2 01 016789 012 0123456789 0123456789
0 7 2 0 2 9 2 1 123 012 0123456789 0123456789
0 7 2 0 2 9 2 12 01456 012 0123456789 0123456789
0 7 2 0 23 012349 012 0123456789 0123456789 012 012346789 024689
0 7 2 0 3 4567 012 012345689 0123456789 01 0123456789 024568
0 7 2 0 34 02378 012 0123456789 0123456789 01 0236 0248
0 7 2 0 4 3456 012 0123456789 012456789 0 0 0
0 7 2 0 45 016789 012 0123456789 012346789 01 02689 0123468
0 7 2 0 5 12 012 0123456789 012345678 01 0123456 012345678
0 7 2 0 5 2 0 1 67 012 0123456789 0123456789
0 7 2 0 5 2 0 1 789 012 0123456789 0123456789
0 7 2 0 5 2 0 12 019 012 0123456789 0123456789
0 7 2 0 5 2 0 2 12 012 0123456789 0123456789
0 7 2 0 5 2 0 23 01234568 012 0123456789 0123456789
0 7 2 0 5 2 0 345 045689 012 0123456789 0123456789
0 7 2 0 5 2 0 5 0 012 0123456789 0123456789
0 7 2 0 5 2 0 5 01 012 0123456789 0123456789
0 7 2 0 5 2 0 5 12 012 0123456789 0123456789
0 7 2 0 5 2 0 5 2 01 0123456789 0123456789
0 7 2 0 5 2 0 5 23 012 0123456789 0123456789
0 7 2 0 5 2 0 5 34 012 0123456789 0123456789
0 7 2 0 5 2 0 5 4 012 0123456789 0123456789
0 7 2 0 5 2 0 5 45 012 0123456789 0123456789
0 7 2 0 5 2 0 5 5689 012 0123456789 0123456789
0 7 2 0 5 2 0 56 023456789 012 0123456789 0123456789
0 7 2 0 5 2 0 789 01234678 012 0123456789 0123456789
0 7 2 0 5 2 01 09 012345689 012 0123456789 0123456789
0 7 2 0 5 23456 012 0123456789 0123456789 012 01234569 0245678
0 7 2 0 5 6 01 01234569 0123456789 012 01236789 0123456789
0 7 2 0 5 67 012 0123456789 012345678 012 012346789 01245678
0 7 2 0 56 012789 012 0123456789 024689 0 0 0
0 7 2 0 6 23456 012 0123456789 0123468 0 0 0
0 7 2 0 6789 012345678 012 012345689 0123456789 0 0 0
0 7 2 01 019 012346789 012 0123456789 02345689 0 0 0
0 7 2 1 12345 0123456789 012 012345689 0123468 0 01 0124689
0 7 2 1 56 06789 012 0123456789 02456789 012 02345689 0246789
0 7 2 1 6 0123 012 0123456789 012346789 0 0 0
0 7 2 1 6 3456 012 0123456789 02345689 0 0 0
0 7 2 1 67 06789 012 012346789 012345678 0 0 0
0 7 2 1 789 0123468 012 0123456789 0123456789 01 02469 0248
0 7 2 12 019 0123456789 012 012345689 0123456789 0 0 0
0 7 2 2 123 0123456789 012 0123456789 012345678 01 0234569 023468
0 7 2 2 3 234567 012 0123456789 0123456789 01 01236 024689
0 7 2 2 34 02478 012 0123456789 0123456789 0 0 0
0 7 2 2 4 456 012 0123456789 0123456789 0 0 0
0 7 2 2 4 67 012 0123456789 0123456789 01 012369 024678
0 7 2 2 4 789 012 0123456789 0123456789 01 0123679 02468
0 7 2 2 45 019 012 0123456789 0123456789 01 01236 012468
0 7 234 02 05 012345 012 01234569 0123456789 012 0124569 02468
0 7 4 0 0 01 012 0123456789 0123456789 012 012456789 0124689
0 7 4 0 0 1 012 0123456789 0123456789 01 089 0234
0 7 4 0 0 1234 012 0123456789 0123456789 0 0 0
0 7 4 0 0 45678 012 0123456789 0123456789 0 0 0
0 7 4 0 013 012689 012 0123456789 0123456789 0 0 0
0 7 4 0 3 2345678 012 0123456789 01234689 0 0 0
0 7 4 0 34 0189 012 0123456789 0123456789 0 0 0
0 7 4 0 4 123 012 0123456789 012346789 0 0 0
0 7 4 0 4 345 012 0123456789 0123456789 0 0 0
0 7 4 0 4 56789 012 0123456789 012346789 0 0 0
0 7 4 0 45 019 012 01234679 0123456789 0 0 0
0 7 4 0 5678 0123456789 012 0123456789 0123456789 0 013 02468
0 7 4 0 8 0 012 012456789 0123456789 01 026 048
0 7 4 0 8 012 012 0123456789 0123456789 0 0 0
0 7 4 0 8 2 0 01234 0123456789 012 0123456789 0123456789
0 7 4 0 8 2 0 45 016789 012 0123456789 023456789
0 7 4 0 8 234 012 0123456789 0123456789 01 0123456789 0123456789
0 7 4 0 8 567 012 012345679 0123456789 01 0123456789 0123456789
0 7 4 0 89 0178 012 0123456789 0123456789 01 01236 02468
0 7 4 01 019 01246789 012 0123456789 023456789 0 01 028
0 7 4 1 1 23 012 0123456789 0123456789 012 0123469 02468
0 7 4 1 1 34 012 0123456789 0123456789 01 0269 0248
0 7 4 1 1 4 01 0123456789 0123456789 012 012346789 023456789
0 7 4 1 1 45 012 01234589 0123456789 01 012369 01234678
0 7 4 1 1 56 012 0123456789 0123456789 01 0126789 02468
0 7 4 1 1 67 012 0123456789 0123456789 01 02678 024689
0 7 4 1 1 78 012 0123456789 012456789 01 02345689 01234568
0 7 4 1 1 8 01 0123456789 012456789 012 0123456789 024568
0 7 4 1 1 89 012 0123456789 0123456789 012 0234589 02468
0 7 4 1 1 9 01 0123456789 0123456789 012 023456789 0123456789
0 7 4 1 12 09 012 012346789 0123456789 012 01234569 0123456789
0 7 4 1 2 01 012 0123456789 0123456789 01 01236 02468
0 7 4 1 2 12 012 0123456789 0123456789 0 0 0
0 7 4 1 2 23 012 0123456789 0123456789 01 012346789 0124689
0 7 4 1 2 34 012 0123456789 0123456789 0 0 0
0 7 4 1 2 45 02 0123 0123456789 012 01234569 0124568
0 7 4 1 2 5 0 3 2 012 0123456789 0123456789
0 7 4 1 2 5 0 3 23467 012 0123456789 012345689
0 7 4 1 2 5 0 3 789 012 0123456789 0123456789
0 7 4 1 2 5 0 34 012346789 012 0123456789 0123456789
0 7 4 1 2 5 0 4 89 012 0123456789 012345678
0 7 4 1 2 5 0 45 09 012 0123456789 0123456789
0 7 4 1 2 5 0 5 0 012 0123456789 0123456789
0 7 4 1 2 5 0 5 01 012 0123456789 0123456789
0 7 4 1 2 5 0 5 12 012 0123456789 012456789
0 7 4 1 2 5 0 5678 0123456789 012 0123456789 0123456789
0 7 4 1 2 5 0 89 089 01 0123456789 0123456789
0 7 4 1 2 5 01 09 0123456789 012 0123456789 0123456789
0 7 4 1 2 5 1 01 0123456789 012 0123456789 01245678
0 7 4 1 2 5 1 1 89 012 0123456789 0123456789
0 7 4 1 2 5 1 1234 012345689 012 0123456789 012345689
0 7 4 1 2 5 1 4 67 012 0123456789 0123456789
0 7 4 1 2 5 1 4 7 012 0123456789 0123456789
0 7 4 1 2 5 1 45678 0123456789 012 0234569 02468
0 7 4 1 2 5 12 012489 0123456789 012 0123456789 0123456789
0 7 4 1 2 5 2 4 23 012 0123456789 012346789
0 7 4 1 2 5 2 4 345 012 0123456789 012346789
0 7 4 1 2 5 2 45 0156789 012 012345689 023456789
0 7 4 1 2 5 2 5 12 012 0123456789 0123456789
0 7 4 1 2 5 2 5 23 012 0123456789 0123456789
0 7 4 1 2 5 2 5 3 012 0123456789 0123456789
0 7 4 1 2 567 012 0123456789 0123456789 012 012345689 01245689
0 7 4 1 234678 0123456789 012 0123456789 012346789 0 0 0
0 7 4 1 89 01246789 012 0123456789 012345689 01 026789 0245678
0 7 4 1 9 9 1 3 0123456 012 0123456789 0123456789
0 7 4 1 9 9 1 34 01236789 012 0123456789 01234689
0 7 4 1 9 9 1 45 0123456789 012 0123456789 0234678
0 7 4 1 9 9 1 567 0456789 012 0123456789 02468
0 7 4 1 9 9 1 7 01234567 012 0123456789 024678
0 7 4 1 9 9 1 78 0123789 012 0123456789 012346789
0 7 4 1 9 9 1 89 012345678 012 0123456789 01234678
0 7 4 1 9 9 12 09 012345678 012 0123456789 012468
0 7 4 1 9 9 2 01 0123456789 012 0123456789 02468
0 7 4 1 9 9 2 12 0123456789 012 0123456789 0123468
0 7 4 1 9 9 2 23 0123789 012 0123456789 012468
0 7 4 1 9 9 2 3 345678 012 0123456789 01234689
0 7 4 1 9 9 2 34 012345689 012 0123456789 02468
0 7 4 1 9 9 2 45 01236789 012 0123456789 024689
0 7 4 12 09 09 012 012345689 0123456789 012 0123456789 02468
0 7 4 2 0 01 01 0123456789 0123456789 012 029 0248
0 7 4 2 0 12 012 0123456789 0123456789 01 02679 0268
0 7 4 2 0 234 012 0123456789 0123456789 0 0 0
0 7 4 2 0 456 012 0123456789 0123456789 01 02 08
0 7 4 2 0 6789 012 01234569 0123456789 01 01269 024689
0 7 4 2 01 012349 012 0123456789 0123456789 0 0 0
0 7 4 2 1 456 012 01236789 0123456789 012 0123456789 024689
0 7 4 2 1 6 12 012389 0123456789 012 012345689 0124678
0 7 4 2 1 6 2 34 045679 012 0123456789 02345689
0 7 4 2 1 67 012 0123456789 0123456789 012 012345679 02468
0 7 4 2 12 0789 012 0123456789 0123456789 0 0 0
0 7 4 2 2 01 012 012345689 0123456789 01 02 08
0 7 4 2 23 012346789 012 012345679 0123456789 01 0269 0248
0 7 4 2 34 012345678 012 0123456789 02346789 0 0 0
0 7 4 2 4 45 012 01234569 012345689 012 0123456789 0123456789
0 7 4 2 45 012345689 012 0123456789 0123456789 012 01234569 02468
0 7 45 02 0125 012345678 012 012346789 01234689 0 0 0
0 7 5 0 234567 01245678 012 0123456789 0123456789 01 0269 0468
0 7 5 0 789 01246789 012 0123456789 0123456789 0 0 0
0 7 5 01 09 01289 012 0123456789 0123456789 01 02346 0248
0 7 5 1 0 2345 012 012346789 0123456789 012 012369 02468
0 7 5 1 012 023456789 012 0123456789 012456789 0 0 0
0 7 5 1 234 0126789 012 012346789 0123456789 0 0 0
0 7 5 1 45 01234 012 0123456789 0123456789 0 0 0
0 7 5 1 567 0123456789 012 0123456789 012345678 0 0 0
0 7 5 12 0789 012345689 012 012456789 0123456789 0 0 0
0 7 5 2 01234 0123456789 012 0123456789 024568 0 0 0
0 7 5 2 45 01234589 012 0123456789 02468 0 0 0
0 7 56 02 05 012345 012 0123456789 012346789 0 0 0
0 7 6 0 0 5678 012 0123456789 0123456789 0 0 0
0 7 6 0 01 089 012 0123456789 0123456789 01 02 08
0 7 6 0 1345 0123456789 012 0123456789 0123456789 0 0 0
0 7 6 0 56 0123456789 012 012345679 01234568 0 0 0
0 7 6 0 67 012348 012 01234679 0123456789 01 01234679 0123468
0 7 6 0 7 4 0 01 03456789 012 0123456789 0123456789
0 7 6 0 7 4 0 12 012345689 012 0123456789 024568
0 7 6 0 7 4 0 2 0123456789 012 0123456789 023468
0 7 6 0 7 4 0 23 0123456789 012 0123456789 0246789
0 7 6 0 7 4 0 34 012345679 012 0123456789 0123456789
0 7 6 0 7 4 0 45 0123489 012 0123456789 0123456789
0 7 6 0 7 4 0 5 4567 012 0123456789 023456789
0 7 6 0 7 4 0 567 012346789 012 0123456789 024689
0 7 6 0 7 4 0 78 0123456789 012 0123456789 0245689
0 7 6 0 7 4 0 89 0123456789 012 0123456789 012468
0 7 6 0 7 4 0 9 12456789 012 0123456789 01234568
0 7 6 0 7 4 01 09 012345679 012 0123456789 012456789
0 7 6 0 7 4 1 0 789 012 0123456789 0123456789
0 7 6 0 7 4 1 01 012349 012 0123456789 01234678
0 7 6 0 7 4 1 123467 0123456789 012 0123456789 023468
0 7 6 0 7 456 012 0123456789 0123456789 0 0 0
0 7 6 0 7 678 012 0123456789 0123456789 0 0 0
0 7 6 0 7 89 012 0123456789 0123456789 0 0 0
0 7 6 01 26789 012345689 012 0123456789 0123456789 0 0 0
0 7 6 1 6789 0123456789 012 0123456789 012345689 0 0 0
0 7 6 12 0129 012345678 012 012346789 0123456789 0 0 0
0 7 67 02 012345 0123456789 012 0123456789 012345678 01 01234689 02468
0 7 7 0 23 01234578 012 0123456789 012456789 0 0 0
0 7 7 0 3 567 01 0123456789 0123456789 0 0 0
0 7 7 0 34 01789 012 012346789 012345678 01 0123456 024678
0 7 7 0 4 12345678 012 0123456789 01234689 012 01234569 02468
0 7 7 0 45 01234589 012 0123456789 0123456789 012 01234569 024689
0 7 7 0 56 045678 012 0123456789 0123456789 02 05 05
0 7 7 0 6 67 01 012346789 012345689 012 012346789 024689
0 7 7 0 6 7 0 456 0123456789 012 0123456789 024678
0 7 7 0 6 7 0 6 23456 012 0123456789 0123456789
0 7 7 0 6 7 0 67 06789 012 0123456789 012456789
0 7 7 0 6 7 0 7 0123 012 0123456789 01234678
0 7 7 0 6 7 0 7 34567 012 01234569 0123456789
0 7 7 0 6 7 0 78 01789 012 0123456789 023456789
0 7 7 0 6 7 0 8 123456 012 0123456789 0124678
0 7 7 0 6 7 0 89 0123678 012 0123456789 0123456789
0 7 7 0 6 7 0 9 34568 012 0123456789 0123456789
0 7 7 0 6 7 01 09 012456789 012 0123456789 0124568
0 7 7 0 6 7 1 012 0123456789 012 0123456789 012345678
0 7 7 0 6 7 1 2 1234 012 0123456789 0123456789
0 7 7 0 67 0789 012 0123456789 0123456789 012 012345679 012346789
0 7 7 0 7 01 012 0123456789 0123456789 012 012346789 024678
0 7 7 0 7 123 012 0123456789 0123456789 01 02 08
0 7 7 0 7 34 012 0123456789 0123456789 01 0123678 023468
0 7 7 0 7 4 1 12 023456789 012 0123456789 0123456789
0 7 7 0 7 45 012 0123456789 012345689 01 01234689 0124689
0 7 7 0 7 56 012 0123456789 0123456789 01 012346789 01234689
0 7 7 0 7 67 01 0123456789 023456789 012 0123456789 01234568
0 7 7 0 7 7 1 4 0123 012 0123456789 024678
0 7 7 0 7 7 1 456 012345678 012 0123456789 024678
0 7 7 0 7 7 1 67 0789 012 0123456789 024568
0 7 7 0 7 7 1 7 012345 012 0123456789 0245689
0 7 7 0 7 7 1 78 056789 012 0123456789 024689
0 7 7 0 7 7 1 8 012345 012 0123456789 024678
0 7 7 0 7 7 1 8 5678 012 0123456789 012468
0 7 7 0 7 78 01 0189 0124689 012 0123456789 0246789
0 7 7 0 7 89 012 0123456789 0123456789 0 0 0
0 7 7 0 78 019 012 0123456789 0123456789 012 0123456789 0124568
0 7 7 0 8 12 012 0123456789 012346789 012 0123456789 0234568
0 7 7 0 8 23 01 0123456789 0123456789 01 0123456789 012468
0 7 7 0 8 3456 012 0123456789 0123456789 01 023456 02468
0 7 7 0 8 78 012 0123456789 0123456789 01 0123467 01234678
0 7 7 0 89 089 012 01234569 0123456789 01 0123456789 0123456789
0 7 7 0 9 0 0 2345689 0123456789 012 0123456789 012456789
0 7 7 0 9 01 01 0123456789 0123456789 012 01236789 0234689
0 7 7 0 9 123 012 0123456789 0123456789 01 01269 012468
0 7 7 0 9 345 012 0123456789 0123456789 01 0123689 023468
0 7 7 01 09 456 012 0123456789 0123456789 0 0 0
0 7 7 1 0 4567 012 0123456789 0123456789 0 06 04
0 7 7 1 0 789 01 01236789 0123456789 012 0126789 012468
0 7 7 1 0 9 01 01239 02345689 012 0123456789 02456789
0 7 7 1 01 09 01 03456789 0123456789 012 0123456789 024689
0 7 7 1 1 01 012 01236789 0123456789 01 0123456789 02345678
0 7 7 1 12 012689 012 0123456789 0123456789 012 012345689 01234689
0 7 7 1 2 123 012 0123456789 0123456789 012 01234569 023468
0 7 7 12 01234679 012346789 012 012345679 0123456789 01 0123456 02468
0 7 7 2 2 123 012 01234569 0123456789 012 0124569 024568
0 7 7 2 23 0123456789 012 0123456789 0123456789 0 0 0
0 7 7 2 3 234 012 01234569 012345689 012 0123456789 0123456789
0 7 7 2 3 4 0 4 345 012 0123456789 0123456789
0 7 7 2 3 45 012 02345689 023456789 01 0123456789 0123456789
0 7 7 2 3 567 012 0123456789 0123456789 012 02459 0248
0 7 7 2 3 789 012 0123456789 023456789 012 02345679 02345689
0 7 7 2 34 019 012 0123456789 0123456789 0 012367 024678
0 7 7 2 4 12 012 0123456789 0123456789 012 012345689 023456789
0 7 7 2 4 23 012 0123456789 023456789 01 01234569 012345689
0 7 7 2 4 3 01 12456789 0123456789 012 0123456789 01234568
0 7 7 2 4 34 012 0123456789 0123456789 012 01234679 012345678
0 7 7 2 4 456 012 0123456789 02346789 012 012346789 012346789
0 7 7 2 4 67 012 0123456789 0123456789 012 012345679 0246789
0 7 78 02 01245 02346789 012 0123456789 0123456789 0 01 068
0 7 8 0 2 4567 012 0123456789 0123456789 01 01236 02489
0 7 8 0 23 0124789 012 0123456789 012456789 01 01236 012468
0 7 8 0 34 0689 012 0123456789 0123456789 0 0 0
0 7 8 0 4 01 012 0123456789 012346789 012 01234689 012456789
0 7 8 0 4 1 01 0123456789 0123456789 012 012349 024689
0 7 8 0 4567 124678 012 012345679 0123456789 01 0123456789 0124678
0 7 8 0 78 012378 012 0123456789 0123456789 01 0124569 0234568
0 7 8 0 89 03456789 012 0123456789 0123456789 0 0 0
0 7 8 01 09 01234568 012 0123456789 0123456789 0 0 0
0 7 8 1 0 45678 01 0123456789 0123456789 012 012345689 02345678
0 7 8 1 0 89 012 0123456789 0123456789 012 024679 02468
0 7 8 1 01 09 02 01234689 012345689 012 012345679 0123456789
0 7 8 1 12 0128 012 0123456789 0123456789 0 0 0
0 7 8 1 23 012389 012 0123456789 0123456789 0 0 0
0 7 8 1 3 3456 012 012346789 0123456789 0 0 0
0 7 8 1 3 678 012 012456789 012456789 012 0123456789 012456789
0 7 8 1 34 089 012 0123456789 0123456789 01 0123679 02468
0 7 8 1 4 012 012 0123456789 0123456789 012 0129 024678
0 7 8 1 4 23 02 012345 0123456789 012 0123456789 024568
0 7 8 1 4 3 012 0123469 012346789 012 0123456789 02468
0 7 8 1 45 234568 012 0123456 0123456789 012 012345689 012345678
0 7 8 1 5 2 0 345 0123456789 012 0123456789 0234568
0 7 8 1 5 2 0 56 0123456789 012 0123456789 0123456789
0 7 8 1 5 23 012 012345679 0123456789 012 0123456789 0246789
0 7 8 1 5 345 012 023456789 012456789 01 01234569 0123456789
0 7 8 1 5 56 012 01234689 0123456789 012 0123456789 0245689
0 7 8 1 5 6 1 6 34567 012 0123456789 01234678
0 7 8 1 5 6 1 67 012789 012 0123456789 01246789
0 7 8 1 5 6 1 7 23456 012 0123456789 0234689
0 7 8 1 5 6 1 78 01236789 012 0123456789 0124568
0 7 8 1 5 678 012 012346789 0123456789 012 012456789 0234568
0 7 8 1 5 89 012 023456789 0123456789 012 0123456789 024689
0 7 8 1 56 09 012 0123456789 0123456789 012 012346789 0124689
0 7 8 1 67 0123456789 012 0123456789 012456789 0 0 0
0 7 8 1 7 012345678 012 0123456789 012346789 0 0 0
0 7 8 12 0123789 012345689 012 0123456789 012345678 012 01234569 0124568
0 7 89 02 0346789 02345678 01 0123456789 012345689 012 01234569 024568
0 7 9 0 9 89 012 0123456789 0123456789 01 012369 0234568
0 7 9 01 09 012349 012 0123456789 023456789 012 01234569 012345678
0 7 9 1 0 45678 012 0123456789 0123456789 012 0123469 024689
0 7 9 1 01 089 012 012345679 0123456789 012 01234569 01234689
0 7 9 1 12 012468 012 0123456789 0123456789 0 0 0
0 7 9 1 2 12 012 0123456789 0123456789 01 02346 0248
0 7 9 1 2 23456 012 0123456789 0123456789 0 0 0
0 7 9 1 2 7 012 0123456789 0123456789 0 0 0
0 7 9 1 23 278 012 0123456789 0123456789 01 01236 02468
0 7 9 1 3 234 012 0123456789 0123456789 012 02346789 0246789
0 7 9 1 3 4 012 0123456789 012345678 01 0123456789 0123456789
0 7 9 1 3 45 02 0234568 02346789 012 0123456789 012345678
0 7 9 1 3 567 012 0123456789 012345678 012 0234569 02456789
0 7 9 1 3 789 012 023456789 0123456789 01 0234689 0234568
0 7 9 1 34 09 01 0123456789 0123456789 012 01234569 012456789
0 7 9 1 4 01 012 012345679 01234568 012 0123456789 0123456789
0 7 9 1 4 1 0 34 012346789 012 0123456789 0234678
0 7 9 1 4 12 012 0123456789 0123456789 01 012346789 02468
0 7 9 1 467 023468 012 0123456789 012456789 01 01236 0124568
0 7 9 1 7 01 012 0123456789 0123456789 012 01236789 024568
0 7 9 1 7 123 012 0123456789 0123456789 02 02 04
0 7 9 1 7 34 01 0123456789 0123456789 012 01246789 02468
0 78 09 01 0789 01245678 01 0123456789 0123456789 012 02459 0248
0 8 0 0 1 012345 012 0123456789 0123456789 0 0 0
0 8 0 0 12345 012345678 012 0123456789 0123456789 012 01234569 0124689
0 8 0 0 56 023489 012 0123456789 0123456789 01 0123456789 0123456789
0 8 0 0 6 4 01 09 0123678 012 0123456789 023456789
0 8 0 0 6 45 012 012345679 0123456789 012 01234689 012345678
0 8 0 0 6 56 012 012346789 0123456789 01 012346789 024678
0 8 0 0 6 67 012 0234679 012346789 01 0123456789 0123456789
0 8 0 0 6 7 0 0 0123 012 0123456789 012456789
0 8 0 0 6 7 0 0 34 012 0123456789 0123456789
0 8 0 0 6 7 0 0123467 0123456789 012 0123456789 023456789
0 8 0 0 6 789 012 0123456789 0123456789 01 0234569 02468
0 8 0 0 67 019 012 0123456789 0123456789 01 01236 02468
0 8 0 0 7 12 012 01234679 0123456789 012 0123456789 012345689
0 8 0 0 7 23 012 0123456789 0123456789 01 026789 024568
0 8 0 0 7 3456 012 0123456789 0123456789 01 02346 0248
0 8 0 0 7 67 012 012346789 012345689 012 012346789 012346789
0 8 0 0 7 7 0 01234678 023456789 012 0123456789 0123456789
0 8 0 0 7 7 01 012469 012456789 01 0123456789 0123456789
0 8 0 0 7 7 1 6 7 012 0123456789 0123456789
0 8 0 0 7 78 012 01246789 0123456789 012 012346789 0123456789
0 8 0 0 7 89 012 0123456789 0123456789 012 01234569 012345689
0 8 0 0 78 09 02 01235 0123456789 012 012346789 02468
0 8 0 0 8 01 012 023456789 0123456789 012 012345689 01234568
0 8 0 0 8 1 0 67 012345689 012 0123456789 0123456789
0 8 0 0 8 1 01 23456789 0123456789 012 012345679 01245689
0 8 0 0 8 123 012 012346789 012345678 012 024569 012456789
0 8 0 0 8 34 012 0123489 023456789 012 0123456789 012456789
0 8 0 0 8 4 0 12 01239 012 012345689 0123456789
0 8 0 0 8 4 0 2 34568 012 0123456789 0123456789
0 8 0 0 8 4 01 12345679 0123456789 012 0123456789 01234568
0 8 0 0 8 456 012 0123456789 0123456789 012 0123469 0234568
0 8 0 0 8 678 012 0123456789 0123456789 01 012346 02346789
0 8 0 0 8 89 012 0123456789 0123456789 012 0123456789 012468
0 8 0 0 9 0 0 01 012346789 012 0123456789 0123456789
0 8 0 0 9 0 0 1 789 012 012346789 0123456789
0 8 0 0 9 01 012 0123456789 0123456789 012 012346789 024568
0 8 0 0 9 1 012 012346789 0123456789 012 012345689 012345678
0 8 0 0 9 12 012 012345679 0123456789 012 012346789 012345689
0 8 0 0 9 23 012 012345689 0123456789 012 0123456789 0123456789
0 8 0 0 9 34 012 01246789 0123456789 012 012346789 0123456789
0 8 0 0 9 4 0 23467 012456789 012 0123456789 0123456789
0 8 0 0 9 45 012 012346789 012345689 01 0123456789 012345689
0 8 0 0 9 5 1 45 234568 012 0123456789 0123456789
0 8 0 0 9 56 012 012345679 0123456789 012 0123456789 0123456789
0 8 0 0 9 6 01 0123456789 0123456789 01 0236 0248
0 8 0 0 9 67 012 012345689 0123456789 01 01236 024568
0 8 0 01 0129 012345678 012 012345679 0123456789 012 0234569 0234689
0 8 0 1 245 0478 01 0267 089 012 0123456789 0123456789
0 8 0 1 5 012456 01 0234679 0124568 012 0123456789 023456789
0 8 0 1 5 6 1 6 012 012 0123456789 0123456789
0 8 0 1 5 67 01 0123679 012346789 012 012345689 0123456789
0 8 0 1 5 7 12 023469 012469 012 012345679 0123456789
0 8 0 1 5 7 2 0 0123456 012 0123456789 0123456789
0 8 0 1 56 04789 012 01236789 023456789 012 0123456789 012345689
0 8 0 1 6 45689 01 01269 01246789 012 0123456789 02468
0 8 0 1 6 9 0 23456 012345678 012 0123456789 02468
0 8 0 1 6 9 0 67 012345689 012 0123456789 02468
0 8 0 1 6 9 0 78 0234678 012 0123456789 02468
0 8 0 1 6 9 01 089 0123456789 012 0123456789 02468
0 8 0 1 6 9 1 01 01234568 012 0123456789 02468
0 8 0 1 6 9 1 123 023456789 012 0123456789 02468
0 8 0 1 6 9 1 345678 012346789 012 0123456789 02468
0 8 0 1 6 9 12 0189 0123456789 012 0123456789 02468
0 8 0 1 6 9 2 1 126789 012 0123456789 02468
0 8 0 1 6 9 2 12 0456789 012 0123456789 02468
0 8 0 1 6 9 2 234 02456789 012 0123456789 02468
0 8 0 1 67 012349 012 0123469 0123456789 012 0123456789 02468
0 8 0 1 789 0456789 012 0123456789 012456789 0 0 0
0 8 0 12 09 012346789 012 0123456789 012345678 01 0123689 0124689
0 8 0 2 0123 012456789 012 0123456789 023456789 01 02 08
0 8 0 2 3 1 0 01 012456789 012 0123456789 0123456789
0 8 0 2 3 1 0 123 012345689 012 0123456789 01234689
0 8 0 2 3 1 0 34567 012346789 012 012346789 023456789
0 8 0 2 3 1 01 01234789 0123456789 01 012346789 012468
0 8 0 2 3 1 12 0156789 0123456789 012 012345689 0124678
0 8 0 2 3 123 012 0123456789 0123456789 012 012369 02456789
0 8 0 2 3 3456789 012 0123456789 0123456789 01 02679 0268
0 8 0 2 3 9 01 01236 024689 012 0123456789 0123456789
0 8 0 2 3 9 1 3 012 012 0123456789 012346789
0 8 0 2 3 9 1 3 234 012 0123456789 012456789
0 8 0 2 3 9 1 34 0456789 012 0123456789 01234678
0 8 0 2 3 9 1 45 0123456789 012 0123456789 0234568
0 8 0 2 3 9 1 56 0123456789 012 0123456789 024568
0 8 0 2 3 9 1 6 01 012 0123456789 012345689
0 8 0 2 3 9 1 6 12345 012 0123456789 02346789
0 8 0 2 3 9 1 6 567 012 0123456789 0123456789
0 8 0 2 3 9 1 678 0123456789 012 012345689 02456789
0 8 0 2 3 9 1 89 0126789 012 0123456789 012345689
0 8 0 2 3 9 1 9 23 012 0123456789 0123456789
0 8 0 2 3 9 1 9 345 012 0123456789 0123456789
0 8 0 2 3 9 1 9 56 012 0123456789 0123456789
0 8 0 2 3 9 1 9 6789 012 0123456789 0123456789
0 8 0 2 3 9 12 09 012346789 012 0123456789 02468
0 8 0 2 3 9 2 1 012345 012 0123456789 02468
0 8 0 2 3 9 2 12 01256789 012 0123456789 02468
0 8 0 2 3 9 2 234 0123456789 012 0123456789 024568
0 8 0 2 3 9 2 45 013456789 012 0123456789 0234689
0 8 0 2 34 019 012 0123456789 0123456789 01 0123689 0123468
0 8 0 2 4 1 0 67 0123456789 012 0123456789 0245678
0 8 0 2 4 12 012 0123456789 0123456789 012 0123456789 0234568
0 8 0 2 4 234 012 012346789 0123456789 012 01234569 0123456789
0 8 0 2 4 4 2 0 89 012 0123456789 0123456789
0 8 0 2 4 45 012 012345689 0123456789 012 012346789 0234689
0 8 0 2 4 5 1 1 234567 012 0123456789 0123456789
0 8 0 2 4 56 012 01234679 012346789 012 0123456789 0123456789
0 8 0 2 4 67 012 0123456789 0123456789 01 0234679 0123468
0 8 0 2 4 7 1 12345 0123456789 012 012345689 0245678
0 8 0 2 4 789 012 0123456789 0123456789 01 012346789 02468
0 8 0 2 45 09 012 0123456789 0123456789 012 01234569 01246789
0 8 0 2 5 01 012 0123456789 0123456789 012 0123469 0124689
0 8 0 2 5 1 1 678 023456789 012 0123456789 02468
0 8 0 2 5 1 1 8 6789 012 0123456789 02468
0 8 0 2 5 123 012 0123456789 012456789 012 0123456789 023468
0 8 0 2 5 3 01 09 0126789 012 0123456789 023456789
0 8 0 2 5 3 1 01 012345678 012 0123456789 024689
0 8 0 2 5 3 1 12 0789 012 0123456789 01246789
0 8 0 2 5 34 012 0123456789 0123456789 012 0123456789 02468
0 8 0 2 5 45 02 01234 0124689 012 0123456789 0123456789
0 8 0 2 5 5 0 134 0123456789 012 0123456789 0123456789
0 8 01 02 05 0125 012 0123456789 0123456789 01 026 048
0 8 1 0 0 234 012 0123456789 0123456789 01 01236789 02468
0 8 1 0 0 4567 012 0123456789 012456789 01 026789 02468
0 8 1 0 01 01289 012 0123456789 023456789 0 0 0
0 8 1 0 1 2345 012 0123456789 0123456789 0 0 0
0 8 1 0 1 56 012 012345689 012346789 01 0123456789 0123456789
0 8 1 0 1 6 1 45 02345689 012 0123456789 0123456789
0 8 1 0 1 67 012 0123456789 0123456789 01 0123456 0245689
0 8 1 0 1 7 2 234 01245689 012 0123456789 0123456789
0 8 1 0 1 789 012 012345679 0123456789 01 012346789 012345689
0 8 1 0 1 9 012 01234679 0123456789 012 0123456789 01245678
0 8 1 0 12 019 012 0123456789 0123456789 01 01236789 024568
0 8 1 0 2 123 012 0123456789 0123456789 01 01236 0245678
0 8 1 0 2 345 012 0123456789 0123456789 01 02 08
0 8 1 0 2 567 012 0123456789 0123456789 012 0123456789 024568
0 8 1 0 2 78 012 0123456789 0123456789 012 0123456789 024689
0 8 1 0 2 89 012 012345689 023456789 01 0123456789 0123456789
0 8 1 0 23 019 012 0123456789 0123456789 01 0234689 02468
0 8 1 0 34 012 012 012345689 0123456789 012 02345689 0245678
0 8 1 0 45 245678 012 012345679 0234678 01 0123456789 012345678
0 8 1 0 5 2 1 7 0126789 012 0123456789 0123456789
0 8 1 0 5 2 1 78 0234569 012 0123456789 0123456789
0 8 1 0 5 2 1 8 678 012 0123456789 0123456789
0 8 1 0 5 2 1 89 012689 012 0123456789 0123456789
0 8 1 0 5678 0123456789 012 0123456789 0123456789 01 01236 02468
0 8 1 0 89 089 012 012346789 012456789 012 01234569 024568
0 8 1 0 9 01 012 012346789 0123456789 012 0123689 023456789
0 8 1 0 9 12 012 012345789 0123456789 012 0123456789 012346789
0 8 1 0 9 23 012 012346789 0123456789 012 012346789 012345689
0 8 1 0 9 34 012 012345689 0123456789 012 012345689 01234678
0 8 1 0 9 45 012 012345679 0123456789 01 0123456789 02456789
0 8 1 0 9 5 0 0 23489 012 0123456789 0123456789
0 8 1 0 9 5 0 0134 0124569 012 0123456789 0123456789
0 8 1 01 1269 01245678 012 0123456789 0123456789 01 0256 012468
0 8 1 1 6 12 012 012345689 0123456789 012 026789 02468
0 8 1 1 6 234678 012 0123456789 0123456789 01 01236 012468
0 8 1 1 67 0189 012 0123456789 0123456789 012 01234679 0234678
0 8 1 1 7 12 01 0123456789 0123456789 012 0123456789 02345678
0 8 1 1 7 23 01 012346789 0123456789 012 012346789 023456789
0 8 1 1 7 3 01 089 0245689 012 0123456789 02345678
0 8 1 1 7 3 1 0 6789 012 0123456789 0123456789
0 8 1 1 7 345678 012 0123456789 0123456789 012 012345679 023468
0 8 1 1 8 0 012 0123456789 0123456789 01 023469 0234568
0 8 1 1 8 01 012 0123456789 0123456789 01 0234679 0246789
0 8 1 1 8 12456789 012 0123456789 0123456789 01 0123456 0245678
0 8 1 1 9 0123456789 012 0123456789 0123456789 012 01234569 01234568
0 8 1 1 9 9 012 0123456789 0123456789 0 0 0
0 8 1 12 09 019 012 0123456789 0123456789 01 0123456789 012346789
0 8 1 2 0 1 01 0124689 012345678 012 0123456789 0123456789
0 8 1 2 0 123489 012 023456789 0123456789 01 0123456789 0123456789
0 8 1 2 01 019 012 0246789 012345689 012 0123456789 0123456789
0 8 1 2 1 12 012 0123456789 012345689 012 01236789 0123468
0 8 1 2 12 0123456789 012 0123456789 01234689 012 029 024678
0 8 1 2 234 026789 012 012346789 0123456789 01 0123456789 01245678
0 8 1 2 45 02389 012 0123456789 0123456789 01 012345679 02468
0 8 12 02 0125 013456 012 0123456789 0123456789 01 0123689 02468
0 8 2 0 2 1 01 0123456789 0123456789 01 01236789 012468
0 8 2 0 2 12 012 012345789 0123456789 0 0 0
0 8 2 0 2 2 01 0123456789 0123456789 01 01236 02468
0 8 2 0 2 23 012 0123456789 0123456789 0 0 0
0 8 2 0 2 3 01 123456789 0123456789 0 0 0
0 8 2 0 2 34 012 012345789 0123456789 0 0 0
0 8 2 0 2 4 01 0123456789 0123456789 0 0 0
0 8 2 0 2 45 012 012345789 0123456789 0 0 0
0 8 2 0 2 5 012 0123456789 0123456789 01 01236 024678
0 8 2 0 2 56 012 0123456789 0123456789 0 0 0
0 8 2 0 2 6 12 012345679 0123456789 01 012345689 012345678
0 8 2 0 2 67 012 012345689 0123456789 0 0 0
0 8 2 0 2 789 012 0123456789 0123456789 012 02459 01248
0 8 2 0 2 9 01 0123456789 0123456789 0 0 0
0 8 2 0 23 02689 012 0123456789 0123456789 01 012346789 012468
0 8 2 0 3 8 0 123456789 0123456789 012 012346789 02345689
0 8 2 0 3 8 012 0123456789 0123456789 01 02345689 0246789
0 8 2 0 3 89 012 0123456789 0123456789 012 0123456789 024568
0 8 2 0 34 09 012 0123456789 0123456789 012 01234689 01245689
0 8 2 0 4 01 01 0123456 0123456789 01 0123469 012468
0 8 2 0 4 1 012 0123456789 0123456789 012 0123469 0234678
0 8 2 0 46789 01245678 012 0123456789 0123456789 01 024569 024568
0 8 2 0 9 678 012 023456789 0123456789 012 0123469 012345678
0 8 2 0 9 8 12 029 03456789 012 012346789 0123456789
0 8 2 0 9 89 02 0234 0123456789 012 01236789 0123456789
0 8 2 0 9 9 0 01 01234789 012 0123456789 0123456789
0 8 2 0 9 9 0 12 01236789 012 0123456789 0123456789
0 8 2 0 9 9 0 234 012345689 012 0123456789 0123456789
0 8 2 0 9 9 0 45 01234678 012 0123456789 012456789
0 8 2 01 09 0129 012 0123456789 0123456789 012 012345689 01234689
0 8 2 1 0 2 0 2 9 012 0123456789 0123456789
0 8 2 1 0 2348 012 01236789 0123456789 02 0345 02456789
0 8 2 1 01 01289 012 01236789 0123456789 012 01234569 0245678
0 8 2 1 1 2345 012 0123456789 0123456789 01 02346789 0124678
0 8 2 1 1 56 012 01234569 0123456789 012 0123456789 0123456789
0 8 2 1 1 678 012 0123456789 0123456789 01 0123456789 0123468
0 8 2 1 1 8 012 123456789 0123456789 012 0123456789 02345678
0 8 2 1 1 89 012 0123456789 0123456789 012 01234679 01234689
0 8 2 1 12 0239 012 02345 012345678 012 012345679 012468
0 8 2 1 2 3 1 456 0123456789 012 0123469 02468
0 8 2 1 2 3 1 67 0123456789 012 01234569 02468
0 8 2 1 2 3 12 0245789 0123456789 012 01234569 02468
0 8 2 1 2 3489 012 012345678 0123456789 012 0123456789 0124689
0 8 2 1 2 9 0 8 01 012 0123456789 012345689
0 8 2 1 2 9 0 8 123 012 0123456789 0123456789
0 8 2 1 2 9 0 8 34 012 0123456789 012345689
0 8 2 1 2 9 0 8 45 012 0123456789 0123456789
0 8 2 1 2 9 0 8 56 012 0123456789 0123456789
0 8 2 1 2 9 01 2389 23678 012 0123456789 01234689
0 8 2 1 23 01234569 012 0123456789 02346789 0 0 0
0 8 2 1 3 678 012 0123456789 0123456789 012 01234689 02468
0 8 2 1 34 089 012 0123456789 0123456789 012 0249 0248
0 8 2 1 4 012 01 023456789 0123456789 012 0123469 024689
0 8 2 1 4 23456 012 0123456789 012345678 0 0 0
0 8 2 1 4 678 012 0123456789 0123456789 01 0123456789 0124678
0 8 2 1 45 089 012 0123456789 012346789 012 01234569 012345689
0 8 2 1 5 0 0 01234569 012346789 012 0123456789 024678
0 8 2 1 5 0 12 01234569 0123456789 01 012346789 01246789
0 8 2 1 5 012 012 0123456789 0123456789 012 02456789 024568
0 8 2 1 5 23 012 0123456789 0123456789 012 0234569 02458
0 8 2 1 5 3 01 0123456789 0123456789 012 0126789 024678
0 8 2 1 5 3468 012 0123456789 0123456789 012 012689 02468
0 8 2 1 56 01289 012 0123456789 0123456789 0 0 0
0 8 2 1 6 23 012 0123456789 0123456789 012 012459 0234568
0 8 2 1 6 345 012 0123456789 0123456789 012 0123456789 023456789
0 8 2 1 67 012345678 012 0123456789 012456789 01 012689 01234689
0 8 2 1 7 78 012 0123456789 0123456789 01 01234569 0234568
0 8 2 1 7 8 01 23456 02346789 012 0123456789 0123456789
0 8 2 1 789 012489 012 0123456789 0123456789 01 0123469 02346789
0 8 2 1 9 2345 012 0123456789 0123456789 01 012679 024689
0 8 2 1 9 56 012 01236789 0123456789 012 012346789 012456789
0 8 2 1 9 67 012 023456789 023456789 012 01234569 01245678
0 8 2 1 9 7 1 23456 023456789 012 0123456789 0123456789
0 8 2 1 9 78 012 012346789 023456789 012 0123456789 02456789
0 8 2 1 9 89 012 0123456789 0123456789 012 0123469 024568
0 8 2 12 09 0129 012 0123456789 0123456789 012 023469 02456789
0 8 2 2 0 23456 012 0123456789 0123456789 0 0 0
0 8 2 2 0 6789 012 012345679 0123456789 01 0123678 012468
0 8 2 2 01 012349 012 012346789 0123456789 012 0123456789 02346789
0 8 2 2 12 01456789 012 0123456789 012345678 012 012456789 0124678
0 8 2 2 2 12 01 0123456789 0123456789 012 012345689 012345678
0 8 23 02 01236 0234678 012 0123456789 0123456789 0 0 0
0 8 3 0 678 012689 012 0123456789 0123456789 01 0123469 012345689
0 8 3 0 8 8 0 012 01234689 012 012345689 0123456789
0 8 3 0 89 026789 012 01234569 01234689 012 0123456789 0123456789
0 8 3 0 9 7 0 2345678 0123456789 012 0123456789 0123456789
0 8 3 0 9 7 0 8 8 012 0123456789 0123456789
0 8 3 0 9 7 0 89 01234589 012 0123456789 0123456789
0 8 3 01 09 01789 012 0123456789 023456789 012 012345689 0124568
0 8 3 1 01 0123468 012 0123456789 0123456789 01 026789 0245689
0 8 3 1 12 0456789 012 0123456789 0123456789 01 02 08
0 8 3 1 2 56 01 0123469 012346789 012 0123456789 0123456789
0 8 3 1 2 6 012 2456789 0123456789 012 0123456789 01245678
0 8 3 1 23 012345678 012 0123456789 0123456789 01 012346789 02468
0 8 3 1 3 67 012 0123456789 0123456789 012 0123456789 02468
0 8 3 1 3 7 012 0123456789 0123456789 01 0123456789 02468
0 8 3 1 34 0789 012 0123456789 0123456789 0 01 0189
0 8 3 1 4 0 0 01234689 012346789 012 0123469 012346789
0 8 3 1 4 012 012 0123456789 012345689 012 012345679 01234678
0 8 3 1 4 2345 012 0123456789 0123456789 01 01234568 0124689
0 8 3 1 4 5 0 0 012345678 012 0123456789 0123456789
0 8 3 1 4 5 0 01 012345689 012 0123456789 012345678
0 8 3 1 4 5 0 12 012346789 012 0123456789 0123456789
0 8 3 1 4 5 0 23 01234568 012 0123456789 012456789
0 8 3 1 4 5 0 34 01234689 012 0123456789 0123456789
0 8 3 1 4 5 0 45 016789 012 012345689 0123456789
0 8 3 1 4 5 0 5 2345678 012 0123456789 0123456789
0 8 3 1 4 56 01 02569 0123456789 012 0123456789 012456789
0 8 3 1 4 67 012 0123456789 0123456789 012 02346789 0234568
0 8 3 1 45 01789 012 0123456789 0123456789 0 0 0
0 8 3 1 56 012456789 012 012346789 02456789 012 0123469 0245689
0 8 3 1 6 7 0 345 012345789 01 0123456789 0123456789
0 8 3 1 6 7 0 56 02356789 012 0123456789 0123456789
0 8 3 1 6 789 012 0123456789 012345678 012 0123456789 0123456789
0 8 3 1 6 9 012 0126789 023456789 01 012346789 0123456789
0 8 3 1 67 019 012 0123456789 0123456789 012 0123456789 0124689
0 8 3 1 7 12 012 0123456789 0123456789 012 0123456789 02468
0 8 3 1 7 2345678 012 012345679 0123456789 01 0125689 02345689
0 8 3 1 789 01246789 012 0123456789 012345689 012 0123469 024678
0 8 3 12 019 012346789 012 0123456789 02346789 012 02689 02468
0 8 3 2 1 234567 012 0123456789 012346789 01 0123469 0124678
0 8 3 2 1 789 012 01234569 0123456789 01 0123456789 0123456789
0 8 3 2 12 0129 012 0123456789 0123456789 01 012346 02468
0 8 3 2 2 23 012 0123456789 0123456789 0 0 0
0 8 3 2 2 345689 012 012345689 0123456789 01 01236789 02468
0 8 3 2 23 019 012 0123456789 0123456789 01 012456789 024689
0 8 3 2 3 1 12 0123456789 0123456789 012 0123456789 012345689
0 8 3 2 34 0123456789 012 0123456789 012456789 01 01245679 0234568
0 8 3 2 4 1 1 34 012345689 012 0123456789 0123456789
0 8 3 2 4 1 1 456 023456789 012 01234569 012345689
0 8 3 2 4 1 1 67 012345689 012 0123456789 0123456789
0 8 3 2 4 1 1 789 0123456789 012 0123456789 0123456789
0 8 3 2 4 1 12 019 023456789 012 0123456789 0123456789
0 8 3 2 4 1 2 12 012346789 012 0123456789 0123456789
0 8 3 2 4 1 2 23 03456789 012 0123456789 024689
0 8 3 2 4 1 2 3 01234567 012 0123456789 02456789
0 8 3 2 4 12345 012 0123456789 012346789 01 0123456 0124689
0 8 34 02 04 015678 012 0123456789 0123456789 012 012346789 01245689
0 8 4 0 0 12 02 012345678 0123456789 012 012345689 012346789
0 8 4 0 01 0123489 012 0123456789 0123456789 012 01236789 02468
0 8 4 0 1 4 0 12 012378 012 0123456789 02468
0 8 4 0 1 4 0 2 34567 012 0123456789 02468
0 8 4 0 1 4 0 234 02346789 012 0123456789 02468
0 8 4 0 1 4 0 456 012345678 012 0123456789 0124568
0 8 4 0 1 4 0 67 01234678 012 0123456789 02468
0 8 4 0 1 4 01 012456789 0123456789 012 0123456789 023468
0 8 4 0 1 4 12 01234789 0123456789 012 0123456789 02468
0 8 4 0 1 45 02 034567 0123456789 012 0123456789 02468
0 8 4 0 1 56 012 02346789 0124568 01 0123456789 0123456789
0 8 4 0 1 6 0 0 67 012 0123456789 0123456789
0 8 4 0 1 6 0 0 789 012 0123456789 012456789
0 8 4 0 1 6 0 01 09 012 0123456789 023456789
0 8 4 0 1 6 0 1 01 012 0123456789 012345678
0 8 4 0 1 6 0 1 123 012 0123456789 012456789
0 8 4 0 1 6 01 12369 012345678 012 0123456789 0234568
0 8 4 0 1 6 1 67 0123456789 012 0123456789 02468
0 8 4 0 1 6 1 78 089 012 0123456789 02468
0 8 4 0 1 6 1 8 012 012 0123456789 02468
0 8 4 0 1 6 1 8 2345 012 0123456789 02468
0 8 4 0 1 6 1 8 567 012 0123456789 02468
0 8 4 0 1 67 012 023456789 0123456789 012 0123456789 0124689
0 8 4 0 12 0789 012 012345689 0123456789 012 0123469 02346789
0 8 4 0 2 01 012 0123456789 0123456789 0 0 0
0 8 4 0 23 234 012 0123456789 0123456789 01 026789 02468
0 8 4 0 3 2 01 0123456789 0123456789 012 02346789 024689
0 8 4 0 3 23 012 0123456789 0123456789 01 0123679 0124568
0 8 4 0 3 3 012 01234569 0123456789 01 01234679 01234568
0 8 4 0 3 3 2 1234 012345678 012 0123456789 012345678
0 8 4 0 3 34567 012 0123456789 0123456789 01 026789 0234689
0 8 4 0 3 7 01 0123456789 0123456789 01 01236 02468
0 8 4 0 3 789 012 0123456789 0123456789 012 012369 02468
0 8 4 0 34 09 012 0123456789 0123456789 012 012346789 0245689
0 8 4 0 4 01 012 01234689 023456789 012 01234569 0124689
0 8 4 0 4 123456 01 0123456789 0123456789 012 0234569 012468
0 8 4 0 4 67 012 0123456789 0123456789 0 0 0
0 8 4 0 45 0123789 012 0123456789 0123456789 0 0 0
0 8 4 0 5 34 012 012345689 0123456789 012 012349 0234689
0 8 4 0 567 2456 012 0123456789 0123456789 0 0 0
0 8 4 01 01789 01245689 012 0123456789 0123456789 0 0 0
0 8 4 1 1 6 01 123456789 023456789 012 0123456789 0123456789
0 8 4 1 1 6 1 3 0123 012 0123456789 0123456789
0 8 4 1 1 6 1 3 345 012 0123456789 0123456789
0 8 4 1 1 6 1 3 5678 012 0123456789 0123456789
0 8 4 1 1 6 1 345678 012456789 012 0123456789 0123456789
0 8 4 1 1 6 1 9 01267 012 0123456789 0123456789
0 8 4 1 1 6 12 09 0123789 012 0123456789 0123456789
0 8 4 1 126 045678 012 01234569 012345689 012 01234569 0123456789
0 8 4 12 0679 012568 012 0123456789 0123456789 012 0123469 02468
0 8 4 2 0 12345 012 0123456789 0123456789 012 01236 012468
0 8 4 2 0 567 012 01236789 0123456789 012 0123469 0124678
0 8 4 2 0 7 12 01239 0123456789 012 0123456789 0124568
0 8 4 2 0123 0245678 012 0123459 0123456789 012 012346789 012456789
0 8 4 2 3 23 01 012346789 0123456789 01 02367 02468
0 8 4 2 3 3 1 456789 0123456789 012 0123456789 023468
0 8 4 2 3 3 12 0123459 0123456789 012 01234679 012468
0 8 4 2 3 345 012 0123456789 0123456789 01 0123456 01234568
0 8 4 2 3 567 012 0123456789 0123456789 01 02 08
0 8 4 2 3 789 012 0123456789 0123456789 0 0 0
0 8 4 2 34 0123459 01 0123456789 0123456789 01 023456 012468
0 8 4 2 4 56 012 0123456789 0123456789 01 012369 012345678
0 8 4 2 4 67 012 0123456789 0123456789 012 0123456789 02468
0 8 4 2 45 23478 012 0123456789 0123456789 012 02459 02348
0 8 45 02 05 0458 012 0123456789 0123456789 0 0 0
0 8 5 0 01 089 012 0123456789 0123456789 012 01234569 012345678
0 8 5 0 1 012 01 012456789 0123456789 012 012346789 02468
0 8 5 0 1 234 012 0123456789 012456789 012 0126789 02468
0 8 5 0 12 01456789 012 01234569 0124568 012 0123456789 0123456789
0 8 5 0 2 12345 012 0123456789 0123456789 01 012345689 012346789
0 8 5 0 2 56 012 0123456789 0123456789 012 02346789 01246789
0 8 5 0 23 016789 012 01234569 0123456789 012 0129 02468
0 8 5 0 34 01245 012 0123456789 0123456789 012 023469 024568
0 8 5 0 4678 02345678 012 0123456789 01234678 01 023469 024689
0 8 5 0 8 8 1 2345 0123456789 012 012345679 02468
0 8 5 0 89 089 012 01234569 0123456789 012 012369 023468
0 8 5 0 9 012 012 01234569 0123456789 01 01234569 02468
0 8 5 0 9 2345 012 0123456789 0123456789 01 01236789 0123468
0 8 5 0 9 5 0 2 456 012 0123456789 0123456789
0 8 5 0 9 5 0 2 67 012 0123456789 0123456789
0 8 5 0 9 56789 012 0123456789 0123456789 012 0123469 023456789
0 8 5 01 09 023456789 012 0123456789 0123456789 0 0 0
0 8 5 1 01 01289 012 0123456789 0123456789 012 02346789 02468
0 8 5 1 1 23 012 0123456789 0123456789 012 0269 02468
0 8 5 1 1 345 012 0123456789 0123456789 012 012369 012468
0 8 5 1 1 567 012 0123456789 0123456789 0 0 0
0 8 5 1 1 789 012 0123456789 0123456789 0 0 0
0 8 5 1 12 09 012 0123456789 0123456789 01 01236 02468
0 8 5 1 2 01 012 0123456789 0123456789 0 0 0
0 8 5 1 2 12 012 0123456789 0123456789 0 0 0
0 8 5 1 2 2348 012 0123456789 0123456789 012 0245679 0246789
0 8 5 1 2 8 1 3 123 012 0123456789 0123456789
0 8 5 1 23 0189 012 0123456789 0123456789 012 012345679 012346789
0 8 5 1 3 12 01 01234569 0123456789 012 0123469 0123468
0 8 5 1 3 23 012 0123456789 0123456789 012 0126789 0124689
0 8 5 1 3 3 12 012345679 0123456789 012 01269 0123456789
0 8 5 1 3 34567 012 0123456789 0123456789 0 0 0
0 8 5 1 34 01278 012 0123456789 0123456789 01 01236 012468
0 8 5 1 4 23 012 0123456789 012345678 0 0 0
0 8 5 1 45 012346789 012 01234569 0123456789 01 02 08
0 8 5 1 5 3 01 0123456789 0123456789 01 01236 024689
0 8 5 1 5 345 012 0123456789 0123456789 01 012369 012468
0 8 5 1 5 68 01 0123456789 0123456789 012 0123456789 01245689
0 8 5 1 5 89 012 0123456789 0123456789 01 01236 02468
0 8 5 1 567 023489 012 012346789 0123456789 012 023469 0248
0 8 5 1 7 345 012 0123456789 012345678 01 0267 0128
0 8 5 1 78 456 012 0123469 0123456789 01 012345679 0123456789
0 8 5 1 8 4567 012 0123456789 0123456789 012 02349 024678
0 8 5 1 89 0789 012 0123456789 0123456789 01 029 028
0 8 5 1 9 01234 012 0123456789 0123456789 01 02 08
0 8 5 1 9 4567 012 0123456789 0246789 012 0123456789 012468
0 8 5 1 9 789 012 0123456789 0123456789 012 02349 024678
0 8 5 12 09 01239 012 0123456789 0123456789 01 02 08
0 8 5 2 0 34 01 0123456789 0123456789 012 01234689 0246789
0 8 5 2 0 45 012 0123456789 0123456789 01 02345679 01234568
0 8 5 2 0 5678 012 0123456789 012345678 01 012369 0234568
0 8 5 2 0 8 01 0123456789 0123456789 012 01234569 012346789
0 8 5 2 0 89 012 0123456789 0123456789 01 01236 0124568
0 8 5 2 0 9 01 03456789 012345678 012 0123456789 0123456789
0 8 5 2 0 9 1 0123456 0123456789 012 0123456789 012456789
0 8 5 2 01 012345679 012 0123456789 0123456789 01 01236 0124678
0 8 5 2 12 012789 012 0123456789 012346789 01 0234569 012468
0 8 5 2 23 234 012 0123456789 0123456789 0 0 0
0 8 5 2 3 4567 012 0123456789 0123456789 01 02 08
0 8 5 2 3 7 01 0126789 0123456789 01 012346789 0124568
0 8 5 2 3 78 012 01269 0123456789 012 0123456789 012346789
0 8 5 2 34 089 012 0123456789 0123456789 01 012346 023468
0 8 5 2 45 0123489 012 0123456789 0123456789 0 0 0
0 8 5 2 5 4 01 0123456789 0123456789 01 026789 024678
0 8 56 02 035 02456 012 0123456789 012345689 012 012346789 024568
0 8 6 0 3 678 01 0123456789 0123456789 0 0 0
0 8 6 0 3 8 12 0123456789 0123456789 0 0 0
0 8 6 0 34 023489 012 0123456789 0123456789 012 01269 012345689
0 8 6 0 45 012389 012 012345689 0123456789 012 012345689 012456789
0 8 6 0 5 34 01 012345689 0123456789 01 0123456789 012345689
0 8 6 0 5 4567 012 0123456789 0123456789 01 023469 02348
0 8 6 0 56 012789 012 0123456789 0123456789 01 02 08
0 8 6 01 0689 0123468 012 0123456789 0123456789 0 0 0
0 8 6 1 0 234 012 0123456789 0123456789 012 0124569 024568
0 8 6 1 0 45 012 0123456789 0123456789 01 02346 0248
0 8 6 1 0 56 012 0123456789 0123456789 0 0 0
0 8 6 1 0 6 01 01239 0123456789 012 012345689 0123456789
0 8 6 1 0 67 012 0123456789 0123456789 01 02369 0248
0 8 6 1 0 789 012 0123456789 0123456789 0 0 0
0 8 6 1 01 09 012 0123456789 012345678 012 012345689 0124689
0 8 6 1 1 01 012 0123456789 0123456789 01 02345689 0123468
0 8 6 1 12 01246789 012 0123456789 0123456789 012 0129 0123456789
0 8 6 1 245 0124678 012 023456789 0124689 012 0123456789 0123456789
0 8 67 012 01234569 012345678 01 01236789 01245678 01 0245679 024568
0 8 7 0 5678 01246789 012 012346789 0123456789 01 01236789 02468
0 8 7 0 8 23456 012 0123456789 0123456789 0 0 0
0 8 7 0 89 02456789 012 012346789 023456789 012 0123456789 0245689
0 8 7 0 9 8 012 1246789 02456789 012 0123456789 0123456789
0 8 7 0 9 8 2 23 0123459 012 0123456789 0123456789
0 8 7 0 9 8 2 34 01256789 012 012345679 0123456789
0 8 7 0 9 8 2 4 234 012 0123456789 0123456789
0 8 7 0 9 8 2 45 012345678 012 0123456789 012345689
0 8 7 01 09 01234569 012 0123456789 012345678 01 026789 024678
0 8 7 1 0 67 012 0123456789 0123456789 0 0 0
0 8 7 1 01 0126789 012 0123456789 0123456789 0 0 0
0 8 7 1 1 789 01 0123456789 0123456789 012 0123456789 024678
0 8 7 1 1 9 0 7 45678 012 0123456789 01245678
0 8 7 1 1 9 0 78 01289 012 0123456789 0124689
0 8 7 1 1 9 0 8 2345 012 0123456789 0245689
0 8 7 1 1 9 0 8 56789 012 0123456789 01234678
0 8 7 1 1 9 0 89 0129 012 0123456789 0124568
0 8 7 1 1 9 0 9 2345 012 0123456789 012345678
0 8 7 1 1 9 0 9 5678 012 0123456789 0124689
0 8 7 1 1 9 01 0129 02489 012 0123456789 012456789
0 8 7 1 1 9 1 2 0123 012 0123456789 012456789
0 8 7 1 1 9 1 2 3456 012 0123456789 0246789
0 8 7 1 12 09 012 0123456789 0123456789 012 024569 012489
0 8 7 1 2 01 012 0123456789 0123456789 012 012469 0245678
0 8 7 1 2 1 01 0123456789 0123456789 01 02346 01248
0 8 7 1 2 1234 012 0123456789 0123456789 012 012345689 0123456789
0 8 7 1 23469 023456789 012 012345689 012345678 01 012369 02456789
0 8 7 12 0129 012345689 012 0123456789 0123456789 0 0 0
0 8 7 2 2 56 012 012346789 0123456789 012 012346789 0123456789
0 8 7 2 2 6789 012 0123456789 0123456789 02 034 02
0 8 7 2 23 09 012 0123456789 0123456789 01 0123689 0123468
0 8 7 2 3 0123456 012 0123456789 0123456789 01 0123456 0124678
0 8 7 2 3 6 012 0123456789 0123456789 012 0123469 0123468
0 8 7 2 3 678 012 0123456789 0123456789 012 02459 012458
0 8 7 2 3 89 012 0123456789 0123456789 012 012346789 012346789
0 8 7 2 3 9 01 0123456789 0123456789 012 0123456789 0123456789
0 8 7 2 34 019 012 0123456789 0123456789 012 012345689 02345678
0 8 7 2 4 123 012 0123456789 023456789 012 012346789 02468
0 8 7 2 4 345 012 0123456789 0123456789 012 012345679 0124678
0 8 7 2 4 5 2 2 04 01 0123456789 0123456789
0 8 7 2 4 5 2 2 45 012 0123456789 0123456789
0 8 7 2 4 5 2 2 56 012 0123456789 0123456789
0 8 7 2 4 5 2 23 0126789 012 0123456789 012345689
0 8 7 2 4 5 2 3 2 01 0123456789 0123456789
0 8 7 2 4 5 2 3 23 012 0123456789 0123456789
0 8 7 2 4 5 2 3 3 01 0123456789 0123456789
0 8 7 2 4 5 2 3 34 012 0123456789 0123456789
0 8 7 2 4 5 2 3 45 012 0123456789 0123456789
0 8 7 2 4 5 2 34 056789 012 0123456789 0123456789
0 8 7 2 4 5 2 45 0123456789 012 0123456789 024678
0 8 7 2 4 567 012 0123456789 0123456789 01 026789 024678
0 8 7 2 4 78 012 0123456789 0123456789 01 0123456 0123468
0 8 7 2 45 089 012 0123456789 0123456789 01 02 08
0 8 7 2 5 012 012 012346789 0123456789 01 026 048
0 8 7 2 5 234 012 0123456789 0123456789 01 023469 024678
0 8 78 02 03568 01245 012 0123456789 0123456789 0 034 02678
0 8 8 0 8 1234 012 0123456789 012456789 012 023456789 0123456789
0 8 8 0 8 4567 012 0123456789 0123456789 01 01236 0234678
0 8 8 01 0189 0246789 012 0123456789 0123456789 012 012346789 012468
0 8 8 1 123 01234589 012 0123456789 012346789 0 013456 0123689
0 8 8 1 34 023456 012 012456789 0123456789 012 02345679 0123456789
0 8 8 1 4 789 01 0123456789 0123456789 012 012369 0234678
0 8 8 1 45 019 012 0123456789 0123456789 012 01234689 02468
0 8 8 1 5 24678 012 0123456789 0123456789 0 0 0
0 8 8 1 569 026789 012 0123456789 0123456789 01 02689 0234568
0 8 8 12 09 0129 01 0123456789 0123456789 01 02 08
0 8 8 2 0 23 012 0123456789 0123456789 0 0 0
0 8 8 2 0 3456789 012 0123456789 023456789 01 01236 024689
0 8 8 2 01 09 012 012345689 0123456789 0 0 0
0 8 8 2 1 01234 012 0123456789 0123456789 012 012369 0234678
0 8 8 2 1 456 012 0123456789 0123456789 01 01236 0246789
0 8 8 2 1 6 01 0123456789 0123456789 01 01246789 0124678
0 8 8 2 1 678 012 0123456789 0123456789 01 0123469 0124568
0 8 8 2 1 8 012 0123456789 0123456789 01 01234569 0123468
0 8 8 2 12 089 012 0123456789 0123456789 01 01236789 0123468
0 8 8 2 2 01 012 0123456789 0123456789 01 024569 0246789
0 8 8 2 2 123 012 0123456789 0123456789 0 0 0
0 8 8 2 2 345678 012 0123456789 0123456789 0 0 0
0 8 8 2 23 02345689 012 0123456789 0123456789 0 0 0
0 8 8 2 34 01236789 012 0123456789 0123456789 0 0 0
0 8 8 2 45 01345678 012 0123456789 0123456789 0 0 0
0 8 89 02 015 012345678 012 0123456789 0123456789 0 0 0
0 8 9 0 1 678 012 0123456789 0123456789 012 0246789 02468
0 8 9 0 12 089 012 0123456789 0123456789 012 024569 023468
0 8 9 0 2 012 012 0123456789 0123456789 012 012369 024568
0 8 9 0 2 2345 012 0123456789 0123456789 01 0126789 02468
0 8 9 0 2 56789 012 0123456789 0123456789 01 023469 02468
0 8 9 0 23 09 02 02345 0123456789 012 012346789 012345678
0 8 9 0 3 0 0 0123 012345678 012 0123456789 0123456789
0 8 9 0 3 0 0 345678 0123456789 012 0123456789 0124568
0 8 9 0 3 0 01 012389 023456789 012 0123456789 024568
0 8 9 0 3 01 012 01234569 012346789 012 012345679 0123456789
0 8 9 0 3 12 012 0123456789 0123456789 01 026789 024568
0 8 9 0 3 23 012 0123456789 0123456789 01 0123456789 01234678
0 8 9 0 3 3 012 0123456789 0123456789 01 02 08
0 8 9 0 3 345 012 0123456789 0123456789 012 029 0248
0 8 9 0 3 5 012 0123456789 0123456789 0 0 0
0 8 9 0 3 56 012 0123456789 0123456789 01 023469 02468
0 8 9 0 3 67 012 01234579 0123456789 012 0123456789 0123456789
0 8 9 0 3 7 01 01456789 0123456789 012 0123456789 0123456789
0 8 9 0 3 78 012 0123456789 0123456789 0 0 0
0 8 9 0 3 89 012 0123456789 0123456789 0 0 0
0 8 9 0 3 9 12 0123456789 0123456789 012 012345689 02345678
0 8 9 0 34 09 012 0123456789 0123456789 012 01234569 024678
0 8 9 0 4 01 012 0123456789 0123456789 01 012345689 02468
0 8 9 0 4 12 012 0123456789 0123456789 0 0 0
0 8 9 0 4 23 012 0123456789 0123456789 01 01269 02468
0 8 9 0 4 34 012 0123456789 0123456789 0 0 0
0 8 9 0 4 4 01 0123456789 0123456789 012 01234569 01245689
0 8 9 0 4 4 2 01234 0123456789 012 0123456789 012345678
0 8 9 0 4 456 012 0123456789 0123456789 0 0 0
0 8 9 0 4 6 012 0123456789 0123456789 01 01236 012468
0 8 9 0 4 67 012 0123456789 0123456789 012 01236789 0124568
0 8 9 01 045689 012346789 012 0123456789 0123456789 01 02346 024678
0 8 9 1 0 45 012 0123456789 0123456789 012 01245689 02468
0 8 9 1 0 56 012 0123456789 0123456789 01 01236 012468
0 8 9 1 0 67 012 0123456789 0123456789 012 023456789 0123456789
0 8 9 1 0 7 01 0123456789 01245689 012 012345689 0123456789
0 8 9 1 01 01789 012 0123456789 0123456789 0 0 0
0 8 9 1 1 12346 012 0123456789 0123456789 0 0 0
0 8 9 1 1 6 012 0123456789 0123456789 0 0 0
0 8 9 1 1 67 02 0123456789 0123456789 0 0 0
0 8 9 1 1 7 012 0123456789 0123456789 01 02 08
0 8 9 1 12 04578 012 01234569 0123456789 0 0 0
0 8 9 1 2 5 012 0123456789 0123456789 0 0 0
0 8 9 1 234 01245678 012 01234569 0123456789 01 02 08
0 8 9 1 4 456789 012 0123456789 0123456789 01 01269 012468
0 8 9 1 4 9 01 2456 02346789 012 0123456789 0123456789
0 8 9 1 4 9 1 23 09 012 0123456789 0123456789
0 8 9 1 4 9 1 3 012 012 0123456789 0123456789
0 8 9 1 4 9 1 3 234 012 0123456789 0123456789
0 8 9 1 4 9 1 3 4567 012 0123456789 0123456789
0 8 9 1 4 9 1 3 789 012 0123456789 0123456789
0 8 9 1 4 9 1 34 019 012 0123456789 0123456789
0 8 9 1 4 9 1 4 12 012 0123456789 0123456789
0 8 9 1 4 9 1 4 234 012 0123456789 0123456789
0 8 9 1 4 9 1 4 45 012 0123456789 0123456789
0 8 9 1 4 9 1 4 56 012 0123456789 0123456789
0 8 9 1 4 9 1 45 06789 012 0123456789 012345678
0 8 9 1 4 9 1 5 01 012 0123456789 012346789
0 8 9 1 4 9 1 5 23456 012 0123456789 02468
0 8 9 1 4 9 1 567 012456789 012 0123456789 0246789
0 8 9 1 4 9 1 7 23456 012 0123456789 012345678
0 8 9 1 4 9 1 7 67 012 0123456789 0123456789
0 8 9 1 4 9 1 7 78 012 012345679 0123456789
0 8 9 1 4 9 1 7 89 012 0123456789 0123456789
0 8 9 1 4 9 1 78 019 012 0123456789 0123456789
0 8 9 1 4 9 1 8 123 012 0123456789 012345678
0 8 9 1 4 9 1 8 34 012 0123456789 0123456789
0 8 9 1 4 9 1 8 456 012 0123456789 0123456789
0 8 9 1 4 9 1 8 67 012 0123456789 0123456789
0 8 9 1 4 9 1 8 78 012 0123456789 0123456789
0 8 9 1 4 9 1 8 89 012 0123456789 0123456789
0 8 9 1 4 9 1 89 019 012 0123456789 0123456789
0 8 9 1 45 09 01 013459 0123456789 012 0123456789 01245689
0 8 9 1 56 0123678 012 0123456789 0123456789 012 012346789 012468
0 8 9 1 6 34 012 0126789 0123456789 01 0123456789 0123456789
0 8 9 1 67 0123456789 012 0123456789 0123456789 0 0 0
0 8 9 1 78 024568 012 0123456789 0123456789 01 01236 012468
0 8 9 1 8 4 012 012346789 0123456789 01 0123456789 012456789
0 8 9 1 8 45 012 0123456789 012345689 012 0123456789 02346789
0 8 9 1 8 567 012 012345679 0123456789 012 0123456789 024689
0 8 9 1 8 7 0 0123456789 0123456789 012 0123456789 0234689
0 8 9 1 89 0789 012 0123456789 0123456789 0 0 0
0 8 9 1 9 01 012 0123456789 0123456789 012 02346789 02468
0 8 9 1 9 1245678 012 012346 023456789 012 01234569 01234689
0 8 9 2 0 012 012 0123456789 0123456789 012 012346789 02468
0 8 9 2 0 2 12 01236789 0123456789 012 0123456789 02468
0 8 9 2 0 234567 012 0123456789 012345689 012 0123456789 0123468
0 8 9 2 0 7 012 0123456789 0123456789 01 012369 0123468
0 8 9 2 0 7 2 2 456 012 0123456789 0123456789
0 8 9 2 0 7 2 2 678 012 012345689 0123456789
0 8 9 2 0 7 2 23 0189 012 0123456789 0123456789
0 8 9 2 0 78 012 0123456789 0123456789 012 023456789 02468
0 8 9 2 01 0189 02 01234 012468 012 0123456789 0123456789
0 8 9 2 1 1 0 0 123 012 0123456789 0123456789
0 8 9 2 1 123 01 012369 0123456789 012 0123456789 0123456789
0 8 9 2 1 3 01 0123456789 0123456789 01 02 08
0 8 9 2 1 34567 012 0123456789 0123456789 0 0 0
0 8 9 2 12 0189 01 012345679 012345689 012 012345689 0123456789
0 8 9 2 2 1 0 34 012456789 012 0123456789 012456789
0 8 9 2 2 12 012 012346789 012345678 012 012345679 0246789
0 8 9 2 2 23 012 0123456789 0123456789 0 0 0
0 8 9 2 23 0123489 012 01236789 02345689 012 0123456789 01234689
0 8 9 2 3 4567 012 0123456789 0123456789 0 0 0
0 8 9 2 3 78 01 012345679 0123456789 01 01234689 0123456789
0 8 9 2 3 8 12 0789 0123456789 012 0123456789 012346789
0 8 9 2 3 8 2 012 01234689 012 012345689 0123456789
0 8 9 2 3 8 2 2345 012345689 012 0123456789 012345689
0 8 9 2 34 046789 012 0123456789 0123456789 012 0123456789 0124678
0 8 9 2 4 89 012 0123456789 0123456789 012 0245679 0123456789
0 8 9 2 45 019 012 012346789 0123456789 01 026789 02468
0 8 9 2 5 12 012 0123456789 0123456789 01 02 08
0 8 9 2 5 2345 012 012345679 0123456789 01 024569 024689
0 89 09 02 01235 0124568 012 0123456789 0123456789 01 02 08
0 9 0 0 34678 012345678 01 0123456789 0123456789 012 026789 024689
0 9 0 0 8 2 0 45 01289 012 0123456789 0123456789
0 9 0 0 8 2 0 5 2346789 012 0123456789 0123456789
0 9 0 0 8 2 0 567 012456789 012 0123456789 01234678
0 9 0 0 8 234 012 0123456789 0123456789 012 0123456789 02468
0 9 0 0 8 45 012 012345679 0123456789 01 012345689 0234689
0 9 0 01 0189 012456789 012 01234569 012456789 01 012369 023468
0 9 0 1 123 0123456789 012 0123456789 0123456789 012 0126789 024678
0 9 0 1 345 0123456789 012 0123456789 01245678 01 012346789 02345689
0 9 0 1 5 23456 012 0123456789 0123456789 012 0123456789 02456789
0 9 0 1 5 67 012 0123456789 0123456789 0 0 0
0 9 0 12 256789 0246789 012 012345679 0123456789 012 0124569 0234689
0 9 0 2 2 9 0 012345 012345678 012 0123456789 0123456789
0 9 01 02 012345678 01246789 012 0123456789 0123456789 012 02345689 0245678
0 9 1 0 89 02345689 012 0123456789 02345689 0 0 0
0 9 1 0 9 0 012 0123456789 0123456789 012 012346789 01245678
0 9 1 0 9 012 012 0123456789 0123456789 0 0 0
0 9 1 0 9 23 012 0123456789 012456789 012 012345689 012345678
0 9 1 01 09 012345689 012 0123456789 0123456789 012 0123469 012468
0 9 1 1 0 23 012 0123456789 0123456789 012 01246789 0124678
0 9 1 1 0 345 012 0123456789 0123456789 012 02459 024568
0 9 1 1 0 567 012 01234689 012346789 01 0123456789 0123456789
0 9 1 1 0 78 01 0123456789 0123456789 0 0 0
0 9 1 1 01 012689 012 0123456789 0123456789 012 0129 0234689
0 9 1 1 12 01678 012 0123456789 012346789 0 01234567 0123456789
0 9 1 1 2 1 12 013469 0124568 012 0123456789 0123456789
0 9 1 1 2 123 012 0123456789 023456789 012 0123456789 0123456789
0 9 1 1 2 34 012 0123456789 0123456789 01 0234689 012489
0 9 1 1 2 4 012 0123456789 0123456789 01 02689 023468
0 9 1 1 2 456789 012 0123456789 0123456789 012 0123456789 0123456789
0 9 1 1 2 9 0 01 012349 012 0123456789 0123456789
0 9 1 1 23 0129 01 012345678 012345689 012 01234569 0123456789
0 9 1 1 3 234 012 0123456789 0123456789 012 01269 023468
0 9 1 1 3 4 01 012345678 0123456789 012 012345689 012345678
0 9 1 1 3 45 012 012345689 0123456789 012 0123456789 0123456789
0 9 1 1 3 567 012 0123456789 0123456789 012 0123679 024568
0 9 1 1 34 012789 012 0123456789 012345689 012 0234569 0123456789
0 9 1 1 4 234567 012 0123456789 0123456789 01 026789 012468
0 9 1 1 4 7 01 01289 012345689 012 0123456789 012346789
0 9 1 1 4 78 012 0123456789 0123456789 012 0234569 024689
0 9 1 1 4 8 2 34 0123456789 012 012345679 023468
0 9 1 1 4 89 012 0123456789 0123456789 012 0123456789 024689
0 9 1 1 45678 0124569 012 0123456789 0123456789 01 026789 02468
0 9 1 1 8 567 012 012346789 0123456789 012 01234569 0123456789
0 9 1 1 8 789 012 0123456789 0123456789 0 0 0
0 9 1 1 89 09 012 0123456789 0123456789 01 012346789 012456789
0 9 1 1 9 012 012 012346789 0123456789 012 0234689 01234568
0 9 1 1 9 2 012 0123456789 0123456789 01 023469 02468
0 9 1 1 9 23 012 0123456789 0123456789 012 0123456789 024568
0 9 1 1 9 3 1 012345678 0123456789 012 0123456789 02346789
0 9 1 1 9 34 012 0123456789 0123456789 012 02459 023456789
0 9 1 1 9 4 01 01239 0123456789 012 0123456789 0123456789
0 9 1 1 9 45 012 0123456789 0123456789 01 023456 0123456789
0 9 1 1 9 5 01 0123456789 0123456789 01 02679 024568
0 9 1 1 9 56 012 0123456789 0123456789 01 01236 02468
0 9 1 1 9 6 1 12345678 0123456789 01 0123456789 0123456789
0 9 1 1 9 6 1 8 4567 01 0123456789 0123456789
0 9 1 1 9 67 012 0123456789 0123456789 01 01236789 012345689
0 9 1 1 9 78 012 0123456789 0123456789 01 01236 02468
0 9 1 1 9 8 01 012356789 0123456789 01 012346 01246789
0 9 1 1 9 8 12 013456789 0123456789 012 0126789 02346789
0 9 1 1 9 89 02 0123456 0123456789 0 0 0
0 9 1 1 9 9 01 0123456789 0123456789 01 01236 02468
0 9 1 1 9 9 12 0123456789 0123456789 01 02346 02468
0 9 1 12 09 09 012 0123456789 0123456789 01 02 08
0 9 1 2 0 01 012 0123456789 0123456789 01 01236789 02468
0 9 1 2 0 1 2 0 0123 012 0123456789 0123456789
0 9 1 2 0 12 02 0123456 012346789 012 0123456789 0123456789
0 9 1 2 0 2 01 06789 023468 012 0123456789 0123456789
0 9 1 2 0 23 012 0123456789 0123456789 0 0 0
0 9 1 2 0 34 012 0123456789 0123456789 0 0 0
0 9 1 2 0 45 012 0123456789 01234568 012 0123456789 023456789
0 9 1 2 0 5 012 0123456789 0123456789 01 023469 024568
0 9 1 2 0 56 012 0123456789 0123456789 0 0 0
0 9 1 2 0 67 012 0123456789 0123456789 01 02 08
0 9 1 2 0 7 01 0123456789 0123456789 012 0123469 024568
0 9 1 2 0 78 012 01234589 0123456789 012 012346789 0234678
0 9 1 2 0 8 01 0123456789 0123456789 01 02 08
0 9 1 2 0 8 1 0123456 0123456789 012 0123469 012346789
0 9 1 2 0 8 12 0123456789 0123456789 01 01236 02468
0 9 1 2 0 9 0 012345678 0123456789 012 0123469 0234678
0 9 1 2 0 9 01 0123456789 0123456789 01 01236 024568
0 9 1 2 01 09 012 012345789 0123456789 01 01236 01234568
0 9 1 2 1 0 01 0123456789 0123456789 012 0123456789 012345689
0 9 1 2 1 01 012 012345789 0123456789 012 0123456789 01234689
0 9 1 2 1 1 012 0123456789 0123456789 02 0234 0234678
0 9 1 2 1 12 02 012345678 0123456789 01 01236 0123468
0 9 1 2 1 2 01 0123456789 0123456789 01 02 08
0 9 1 2 1 23 012 01234589 0123456789 0 0 0
0 9 1 2 1 3 01 0123456789 0123456789 012 029 0248
0 9 1 2 1 3 12 0123456789 0123456789 0 0 0
0 9 1 2 1 34 012 0123456789 0123456789 012 02346789 02456789
0 9 1 2 1 45 012 0123456789 0123456789 01 012367 0124689
0 9 1 2 1 56 012 0123456789 0123456789 01 0123689 02468
0 9 1 2 1 6 01 023456789 0123456789 01 0123469 01234568
0 9 1 2 1 6 1 0123456 0123456789 01 01236789 012345689
0 9 1 2 1 67 012 012345789 0123456789 012 02679 02468
0 9 1 2 1 7 01 0123456789 0123456789 01 01236 02468
0 9 1 2 1 7 12 0123456789 0123456789 0 0 0
0 9 1 2 1 78 012 0123456789 0123456789 012 01234569 02468
0 9 1 2 1 89 012 0123456789 0123456789 01 023469 024568
0 9 1 2 12 09 012 0123456789 0123456789 012 01249 0245678
0 9 1 2 2 0 01 01256789 0123456789 01 0123456789 01234568
0 9 1 2 2 0 1 23456789 0123456789 012 012469 012345689
0 9 1 2 2 01 012 01234569 0123456789 0 0 0
0 9 1 2 2 1 012 0123456789 0123456789 01 0123456 02468
0 9 1 2 2 12 012 0123456789 0123456789 01 02 08
0 9 1 2 2 23 02 0123456789 0123456789 012 0249 0248
0 9 1 2 2 3 01 0123456789 0123456789 02 045 0128
0 9 1 2 2 34 012 0123459 0123456789 0 0 0
0 9 1 2 2 4 01 0123456789 0123456789 01 0123456789 0124689
0 9 1 2 2 45 012 0123456789 012345678 0 0 0
0 9 1 2 2 56 012 0123456789 0123456789 01 02679 02468
0 9 1 2 2 6 012 0123456789 0123456789 012 01234569 024568
0 9 1 2 2 67 012 0123456789 0123456789 012 02345689 024689
0 9 1 2 2 7 1 12345678 012456789 01 0123456789 012346789
0 9 1 2 2 78 012 0123456789 0123456789 012 024589 01246789
0 9 1 2 2 8 012 0123456789 0123456789 0 0 0
0 9 1 2 2 89 012 0123456789 0123456789 0 0 0
0 9 1 2 23 09 012 0123456789 0123456789 012 0234679 02468
0 9 1 2 3 0 012 0123456789 0123456789 0 0 0
0 9 1 2 3 01 02 0123456789 0123456789 0 0 0
0 9 1 2 3 1 012 0123456789 0123456789 0 0 0
0 9 1 2 3 12 012 0123456789 0123456789 0 0 0
0 9 1 2 3 23 012 0123456789 0123456789 0 0 0
0 9 1 2 3 3 012 0123456789 0123456789 01 012369 02468
0 9 1 2 3 34 012 0123456789 0123456789 01 026789 0246789
0 9 1 2 3 45 012 0123456789 0123456789 01 02 08
0 9 1 2 3 5 01 012456789 0123456789 01 012346789 02345678
0 9 1 2 3 56 012 0123456789 0123456789 012 023469 02489
0 9 1 2 3 6 01 0123456789 0123456789 01 01234689 012346789
0 9 1 2 3 67 012 0123456789 0123456789 01 01236 02468
0 9 1 2 3 7 01 0123456789 0123456789 012 012679 02468
0 9 1 2 3 78 012 012345789 0123456789 01 0123679 023468
0 9 1 2 3 8 01 0123456789 0123456789 01 0236 0248
0 9 1 2 3 89 012 0123459 0123456789 012 012346789 02345689
0 9 1 2 3 9 01 0123456789 0123456789 012 0123456789 023456789
0 9 1 2 3 9 12 0123456789 0123456789 012 012346789 0245689
0 9 1 2 4 0 01 0123456789 0123456789 012 02459 02458
0 9 1 2 4 01 012 0123456789 0123456789 01 01236 02468
0 9 1 2 4 12 012 0123456789 0123456789 01 01236 02468
0 9 1 2 4 23 012 012345679 0123456789 01 026789 02468
0 9 1 2 4 34 012 012456789 0123456789 012 012346789 012456789
0 9 1 2 4 45 012 0123456789 0123456789 01 01236 023468
0 9 1 2 4 56 012 0123456789 0123456789 01 01236 02468
0 9 1 2 4 67 012 0123456789 0123456789 01 0123469 0123468
0 9 12 02 045 012478 012 0123456789 0123456789 01 02 08
0 9 2 0 013 0245678 012 0123456789 0123456789 0 0 0
0 9 2 0 34 01289 012 0123456789 0123456789 01 01236 02468
0 9 2 0 4 23 012 0123456789 0123456789 0 0 0
0 9 2 0 4 34 012 0123456789 02456789 012 0123456789 012345689
0 9 2 0 4 4567 012 0123456789 0123456789 012 01236789 02346789
0 9 2 0 45 01789 012 0123456789 0123456789 012 01234679 02468
0 9 2 0 5 123 012 0123456789 0123456789 01 01234569 0246789
0 9 2 0 5 345 012 012346789 0123456789 02 02345 024568
0 9 2 0 56 056 012 0123456789 0123456789 01 023456789 023468
0 9 2 0 6 0 12 012346789 0245678 012 0123456789 0123456789
0 9 2 0 6 0 2 4 0123 012 0123456789 023456789
0 9 2 0 6 0 2 4 345678 012 0123456789 012456789
0 9 2 0 6 0 2 45 0189 012 0123456789 0123456789
0 9 2 0 6 01 02 0135 0123456 012 0123456789 012456789
0 9 2 0 6 12 012 0123456789 0123456789 01 0123469 02468
0 9 2 0 6 23489 012 0123456789 0123456789 01 012369 02468
0 9 2 0 67 019 01 0123456789 0123456789 012 0123456789 02468
0 9 2 01 01789 012345678 012 012346789 01245678 012 012346789 01245689
0 9 2 1 1 2 01 0123456789 0123456789 01 02 08
0 9 2 1 1 23 012 0123456789 0123456789 0 0 0
0 9 2 1 1 3 01 0123456789 0123456789 012 012369 02468
0 9 2 1 1 34 012 012345689 0123456789 01 02 08
0 9 2 1 1 4568 012 0123456789 0123456789 012 01234569 01234678
0 9 2 1 1 89 012 0123456789 0123456789 0 0 0
0 9 2 1 1 9 012 0123456789 0123456789 01 012369 023468
0 9 2 1 12 019 012 0123456789 0123456789 01 0123456789 0124678
0 9 2 1 2 12 012 0123456789 0123456789 0 01234567 01234678
0 9 2 1 2 23 012 0123456789 012456789 012 012346789 012346789
0 9 2 1 23 0348 012 0123456789 0123456789 01 02 08
0 9 2 1 34 0126 02 01234567 0123456789 012 02469 0248
0 9 2 1 4 2 012 012456789 0123456789 012 0123469 02468
0 9 2 1 456 02345678 012 0123456789 0123456789 012 0249 0248
0 9 2 12 06789 0123456789 012 01234569 012345678 0 0 0
0 9 2 2 012 0245678 012 0123456789 023456789 0 0 0
0 9 2 2 2 23 012 01234569 0123456789 012 01234569 012456789
0 9 2 2 234 023456 01 0123456789 0123456789 01 02346789 02468
0 9 2 2 4 012 012 012345679 0123456789 01 0123469 0246789
0 9 2 2 4 234 012 01236789 0123456789 012 023469 023468
0 9 2 2 4 456 012 01236789 01246789 01 0123456789 0123456789
0 9 2 2 4 67 012 0123456789 0123456789 012 024679 012345689
0 9 2 2 45 0789 012 0123456789 0123456789 01 02789 068
0 9 2 2 5 012345 012 0123456789 0123456789 01 0236 0248
0 9 23 02 035678 0245678 012 0123456789 0123456789 0 0 0
0 9 3 0 89 089 012 012346789 0123456789 012 012346789 0234568
0 9 3 0 9 012 012 012346789 0123456789 012 01234569 012346789
0 9 3 0 9 23 012 0123456789 0123456789 012 012369 012468
0 9 3 0 9 34 012 0123456789 012345678 012 012345689 024568
0 9 3 0 9 45 012 0123456789 0123456789 01 0123456789 024678
0 9 3 01 019 0123456789 012 0123456789 0123456789 02 0245 0248
0 9 3 1 1 3 01 023456789 0123456789 012 0123456789 02468
0 9 3 1 1 3 12 0123456789 0123456789 012 012345689 023468
0 9 3 1 1 34 012 0123456789 0123456789 012 023456 0234678
0 9 3 1 1 45 02 0123456 0123456789 012 012346789 023468
0 9 3 1 1 5 01 012345789 0123456789 012 0123456789 02346789
0 9 3 1 1 56789 012 0123456789 0123456789 01 02 08
0 9 3 1 12 019 012 0123456789 0123456789 0 0 0
0 9 3 1 2 123 012 012345679 0123456789 012 012345689 01234568
0 9 3 1 2 345 01 0123456789 0123456789 01 01236 023468
0 9 3 1 2 567 01 012345689 0123456789 012 0123469 024689
0 9 3 1 2 7 1 56 02345689 012 0123456789 0123456789
0 9 3 1 2345 0124678 012 012346789 0123456789 012 023469 02468
0 9 3 1 5 2 012 012456789 0123456789 0 0 0
0 9 3 1 5 234567 012 0123456789 0123456789 01 0269 02468
0 9 3 1 5 78 012 01234569 0123456789 012 0123456789 0123456789
0 9 3 1 5 89 012 0123456789 0123456789 012 02459 01248
0 9 3 1 567 01245689 012 01234569 0123456789 01 0123456 0123456789
0 9 3 1 7 01 012 0123456789 0123456789 0 0 0
0 9 3 1 7 124 012 0123456789 0123456789 0 0 0
0 9 3 1 7 45 012 0123456789 0123456789 012 0269 0248
0 9 3 1 7 567 012 0123456789 0123456789 012 01234569 0246789
0 9 3 1 78 0789 012 0123456789 0123456789 012 0123469 02468
0 9 3 1 8 0123 012 0123456789 0123456789 012 012459 0234689
0 9 3 1 8 34 012 0123456789 0123456789 012 012369 012468
0 9 3 1 8 456 012 0123456789 0123456789 01 012346 01245678
0 9 3 1 8 67 012 01234679 012346789 012 0123456789 012346789
0 9 3 1 8 7 012 0123456789 0123456789 012 0123456789 02468
0 9 3 1 8 789 012 0123456789 0123456789 0 0 0
0 9 3 1 89 09 012 0123456789 0123456789 01 023469 02468
0 9 3 1 9 01 012 0123489 012456789 012 0123456789 012456789
0 9 3 1 9 1 01 0123456789 0123456789 012 0123456789 012346789
0 9 34 01 019 0126 012 012346789 0123456789 012 012345689 012468
0 9 4 0 12 06789 01 0123456789 0123456789 012 0124679 02468
0 9 4 0 2 0123 012 0123456789 0123456789 0 01234 01234689
0 9 4 0 2 3 0 6 567 012 0123456789 0123456789
0 9 4 0 2 3 0 67 01789 012 0123456789 0123456789
0 9 4 0 2 3 0 78 0123456 012 0123456789 0123456789
0 9 4 0 2 3 0 8 01234 01 0123456789 0123456789
0 9 4 0 2 3 0 8 45678 012 0123456789 012345678
0 9 4 0 2 3 0 89 01289 012 0123456789 012456789
0 9 4 0 2 3 01 0129 01234678 012 0123456789 0123456789
0 9 4 0 2 3 1 234 02345678 012 0123456789 012345689
0 9 4 0 2 3 1 45 01236789 012 0123456789 0123456789
0 9 4 0 2 3 1 56 0123456 012 012346789 0123456789
0 9 4 0 2 3 1 6 2345 012 0123456789 0123456789
0 9 4 0 2 3 1 6 5678 012 0123456789 0123456789
0 9 4 0 2 345 012 0123456789 012456789 012 0126789 02456789
0 9 4 0 2 56 012 0123456789 0123456789 01 0123469 012468
0 9 4 0 23 01789 01 01234569 0123456789 012 0123456789 01234689
0 9 4 0 3 1 0 0123 0123456789 012 0123456789 012456789
0 9 4 0 3 1 0 3 01234 012 0123456789 0234568
0 9 4 0 3 1 0 3 45678 012 0123456789 02456789
0 9 4 0 3 1 0 34 01289 012 0123456789 0123456789
0 9 4 0 3 1 0 45 023456789 012 0123456789 0245678
0 9 4 0 3 1 01 2356 0123456789 012 0123456789 023468
0 9 4 0 3 123 012 0123456789 0123456789 0 0 0
0 9 4 0 34 0123456 012 0123456789 0123456789 0 0345 02468
0 9 4 0 4 6 01 012346789 0123456789 012 01234679 0234568
0 9 4 0 4567 012345678 012 0123456789 012346789 0 0 0
0 9 4 0 7 2345 012 0123456789 0123456789 01 01236 012468
0 9 4 0 7 567 012 0123456789 0123456789 0 0 0
0 9 4 01 0789 06789 012 0123456789 0123456789 0 0 0
0 9 4 1 0 012 012 012346789 0123456789 012 0123469 012345678
0 9 4 1 0 23 012 0123456789 0123456789 01 01236789 0124689
0 9 4 1 0 3 1 245678 0123456789 01 0123456789 0123456789
0 9 4 1 012 02345689 012 0123456789 0123456789 01 0123456789 02468
0 9 4 1 2 45 012 0123456789 0123456789 012 01234569 0245689
0 9 4 1 2 56 012 0123456789 0123456789 01 01269 02468
0 9 4 1 2 678 012 0123456789 0123456789 01 012346 01245689
0 9 4 1 23 0189 01 0123456789 0123456789 01 0123456789 012346789
0 9 4 1 3 12456 012 012346789 0123456789 01 026789 02468
0 9 4 1 3 6789 012 0123456789 0123456789 0 0 0
0 9 4 1 4 0 0 01234 0123456789 012 012346789 0123456789
0 9 4 1 4 0 0 4 0123456789 012 0123456789 0123456789
0 9 4 1 4 01 012 0123456789 0123456789 012 02345689 01234568
0 9 4 1 4 12 012 0123456789 0123456789 01 0123456789 0123456789
0 9 4 1 4 2 0 9 78 012 0123456789 0123456789
0 9 4 1 4 2 0 9 89 012 0123456789 0123456789
0 9 4 1 4 2 01 09 09 012 0123456789 0123456789
0 9 4 1 4 2 1 0 01 012 0123456789 0123456789
0 9 4 1 4 2 1 0 1 01 0123456789 0123456789
0 9 4 1 4 2 1 0 12 012 0123456789 0123456789
0 9 4 1 4 2 1 0 234 012 0123456789 0123456789
0 9 4 1 4 2 1 0 456 01 0123456789 0123456789
0 9 4 1 4 2 1 0 67 012 0123456789 0123456789
0 9 4 1 4 2 1 0 789 012 0123456789 0123456789
0 9 4 1 4 2 1 01 09 012 0123456789 0123456789
0 9 4 1 4 2 1 1 0123467 012 0123456789 0123456789
0 9 4 1 4 2 1 12 01789 012 0123456789 0123456789
0 9 4 1 4 2 1 2 1234567 012 0123456789 0123456789
0 9 4 1 4 2 1 23456789 012346789 012 0123456789 023456789
0 9 4 1 4 2 1 9 345 012 0123456789 0123456789
0 9 4 1 4 23 012 0123456789 0123456789 012 01234569 024678
0 9 4 1 45 2345678 012 0123456789 0123456789 012 0249 01248
0 9 4 1 5 456 012 0123456789 0123456789 01 0236 024689
0 9 4 1 5 6 01 0123456789 0123456789 012 024569 02345678
0 9 4 1 5 6 12 0123456789 0123456789 012 01234569 0245689
0 9 4 1 5 678 012 0123456789 0123456789 012 0123456789 012346789
0 9 4 1 567 0234689 012 0123456789 0123456789 012 01234569 012468
0 9 4 1 7 6 012 0123456789 0123456789 012 023456789 0124678
0 9 4 1 7 67 012 0123456789 0123456789 01 0126789 0124568
0 9 4 1 78 01278 012 0123456789 0123456789 0 0 0
0 9 4 1 8 234 012 0123456789 0123456789 0 0 0
0 9 4 1 8 45 012 0123456789 0123456789 0 0 0
0 9 4 1 8 5678 012 0123456789 0123456789 01 0123469 0124678
0 9 4 1 8 8 2 0123 0123456789 012 0123456789 023456789
0 9 4 1 89 012689 012 0123456789 0123456789 012 012569 02345689
0 9 4 1 9 89 012 0123456789 0123456789 012 0123469 0123456789
0 9 4 1 9 9 01 01256789 02345689 012 0123456789 012345678
0 9 4 1 9 9 1 23 0123459 012 0123456789 0124678
0 9 4 12 019 01246789 012 0123456789 01234568 012 0123456789 0123456789
0 9 4 2 2 48 01 0123456789 0123456789 012 0123456789 0123456789
0 9 4 2 2 89 012 01234589 0123456789 012 0123456789 0123456789
0 9 4 2 23 019 012 0123456789 0123456789 01 02 08
0 9 4 2 3 12 012 0123456789 0123456789 012 023469 024678
0 9 4 2 3 234567 012 0123456789 0123456789 0 01 0124689
0 9 4 2 3 7 01 01234689 0124678 012 0123456789 0123456789
0 9 4 2 34 0128 012 0123456789 0123456789 01 0245 048
0 9 4 2 4 23456 012 0123456789 0123456789 012 0123569 0124568
0 9 4 2 4 6 01 016789 0123456789 012 0123456789 012345678
0 9 4 2 4 67 012 0123456789 0123456789 012 0234569 01245689
0 9 4 2 4 789 012 0123456789 0123456789 01 02345679 012468
0 9 4 2 45 0129 012 0123456789 0123456789 0 0 0
0 9 45 02 05 02345 012 0123456789 0123456789 012 02459 012489
0 9 5 0 01 0125678 012 0123456789 0123456789 01 0246 048
0 9 5 0 123 01234568 012 0123456789 012346789 01 09 02
0 9 5 0 3 12345678 012 0123456789 0123456789 0 0 0
0 9 5 0 34 02389 012 012345679 0123456789 0 0 0
0 9 5 0 4 3467 012 0123456789 0123456789 0 0 0
0 9 5 0 45 2678 012 0123456789 0123456789 0 0 0
0 9 5 0 567 0456789 012 0123456789 0123456789 0 0 0
0 9 5 0 78 01234689 012 0123456789 0123456789 01 023456 024678
0 9 5 0 8 2345 012 012346789 0123456789 0 0 0456
0 9 5 0 8 567 012 0123456789 0123456789 01 012345679 0245689
0 9 5 01 089 02678 012 012345689 0123456789 012 012345689 02346789
0 9 5 1 0 0 1 56789 012346789 01 0123456789 0123456789
0 9 5 1 0 0 1 9 2 012 0123456789 0123456789
0 9 5 1 0 0 12 019 0123468 012 0123456789 0123456789
0 9 5 1 0 0 2 1245 0234568 012 0123456789 0123456789
0 9 5 1 0 01 02 05 03458 012 0123456789 0123456789
0 9 5 1 0 1 012 0123456789 0123456789 0 0 0
0 9 5 1 01 012456789 012 0123456789 0123456789 012 02459 02348
0 9 5 1 12 0128 012 0123456789 0123456789 0 0 0
0 9 5 1 2 89 012 0123456789 0123456789 01 0123456789 0123456789
0 9 5 1 23 09 012 0123456789 0123456789 0 0 0
0 9 5 1 3 0123 012 0123456789 0123456789 01 012369 024689
0 9 5 1 3 34 012 0123456789 0123456789 0 0 0
0 9 5 1 3 45 012 0123456789 0123456789 0 0 0
0 9 5 1 3 5 01 0123456789 0123456789 0 0 0
0 9 5 1 3 5678 012 0123456789 0123456789 01 01236 012345678
0 9 5 1 34 089 012 0123456789 0123456789 012 0123456789 012346789
0 9 5 1 4 01 012 0123456789 012345689 01 0123469 0123468
0 9 5 1 4 12 012 0123456789 0123456789 0 0 0
0 9 5 1 45 234 012 0123456789 0123456789 012 0245679 01234689
0 9 5 1 5 23456 012 0123456789 0123456789 01 023469 02468
0 9 5 1 56 016789 012 0123456789 0123456789 01 02346 02348
0 9 5 1 6 1234 012 0123456789 0123456789 0 0 0
0 9 5 1 6 4 0 123456789 0123456789 012 012345689 012345689
0 9 5 1 6 4 0 9 0123 012 012346789 0123456789
0 9 5 1 6 4567 012 0123456789 0123456789 012 012459 0124568
0 9 5 1 6 789 012 01236789 0123456789 01 0123689 012345689
0 9 5 1 67 0129 012 0123456789 0123456789 0 0 0
0 9 5 1 7 23 012 0123456789 0123456789 0 0 0
0 9 5 1 7 34567 012 0123456789 0123456789 0 0 0
0 9 5 1 7 789 01 0123456789 0123456789 01 0269 0468
0 9 5 1 78 019 012 0123456789 0123456789 0 013 012468
0 9 5 1 8 123 012 012346789 012456789 012 023456789 012456789
0 9 5 12 089 02345689 012 01234569 0123456789 012 0123456789 02345678
0 9 5 2 1 0 01 0123456789 0123456789 012 02459 0248
0 9 5 2 1 01 012 0123456789 0123456789 01 0267 068
0 9 5 2 1 1234 012 0123456789 0123456789 01 089 024678
0 9 5 2 1 4 01 0123456789 023456789 012 01234569 01234568
0 9 5 2 1 45 012 012345789 0123456789 01 01234689 0123468
0 9 5 2 1 5 012 0123456789 012345689 012 012345679 02345678
0 9 56 02 012 012345678 012 0123456789 0123456789 012 0129 02468
0 9 6 0 0 3467 012 0123456789 0123456789 0 0 0
0 9 6 0 01 0789 012 0123456789 0123456789 0 0 0
0 9 6 0 1 0126 012 0123456789 0123456789 012 0123469 012468
0 9 6 0 1 678 012 0123456789 0123456789 02 045 02458
0 9 6 0 123 046789 012 0123456789 0123456789 0 0 0
0 9 6 0 3 01234 012 0123456789 012345678 0 0 0
0 9 6 0 34 02345678 012 0123456789 0123456789 0 0 0
0 9 6 0 4 45 01 013789 023456789 012 0123456789 0123456789
0 9 6 0 4 5 0 3 9 01 0123456789 0123456789
0 9 6 0 4 5 0 34 019 012 0123456789 0123456789
0 9 6 0 4 5 0 4 12 012 0123456789 0123456789
0 9 6 0 4 5 0 4 23 012 0123456789 0123456789
0 9 6 0 4 5 0 4 345 012 0123456789 0123456789
0 9 6 0 4 56 012 0123456789 023456789 012 0123456789 01245678
0 9 6 0 456 0678 012 0123456789 0123456789 01 01236 02468
0 9 6 0 6 012 012 0123456789 0123456789 0 0 0
0 9 6 0 6 2 12 0123456789 0123456789 01 01236 023468
0 9 6 01 1269 023456 012 0123456789 0123456789 0 0 012
0 9 6 12 0126789 02456789 01 023456789 0123456789 012 01234569 024568
0 9 67 02 023456 0123456789 012 0123456789 012345689 0 0 0
0 9 7 0 6 45 01 0123456789 0123456789 0 0 0
0 9 7 0 67 01256789 012 0123456789 0123456789 0 0 0
0 9 7 0 7 234567 012 0123456789 0123456789 0 0 0
0 9 7 01 0789 023456789 012 0123456789 01234689 0 0 0
0 9 7 1 01234 0123456789 012 0123456789 0123456789 01 0236 0248
0 9 78 012 0123456789 0123456789 012 02345679 0245678 0 0 0
0 9 8 0 012367 0123456789 012 0123456789 012345689 0 0 0
0 9 8 0 789 06789 012 0123456789 012345678 012 02469 0124678
0 9 8 0 9 78 012 0123456789 0123456789 01 01269 0123468
0 9 8 0 9 8 12 0123456789 0123456789 01 0123456789 01246789
0 9 8 0 9 8 2 3 01 012 0123456789 0123456789
0 9 8 01 09 089 012 01234569 0123456789 012 0123456789 0123456789
0 9 8 1 01 01234689 012 0123456789 0123456789 0 0 0
0 9 8 1 12 01234789 012 01234569 0123456789 012 012346789 024689
0 9 8 1 2 4 1 45 0123456789 012 0123456789 02468
0 9 8 1 2 4 1 56 012345689 012 0123456789 023468
0 9 8 1 2 4 1 67 02345789 012 012345689 012345689
0 9 8 1 2 4 1 789 0123456789 012 012346789 012456789
0 9 8 1 2 456 012 0123456789 0123456789 012 0123456789 024689
0 9 8 1 2 6 12 0123456789 0123456789 0 0 0
0 9 8 1 2 6789 012 012345689 0123456789 012 01234679 02468
0 9 8 1 23 026789 012 0123456789 0123456789 012 0123469 02468
0 9 8 1 34 01239 012 0123456789 0123456789 01 02 08
0 9 8 1 45 2345678 012 0123456789 02345678 0 0 0
0 9 8 1 5 8 012 0123456789 012346789 012 012346789 0123456789
0 9 8 1 5 89 012 0123456789 0123456789 012 012346789 02468
0 9 8 1 567 012345689 012 0123456789 0123456789 012 0123689 02468
0 9 8 1 78 012345689 012 0123456789 012456789 0 0 0
0 9 89 01 01236789 0123456789 012 0123456789 023456789 01 02679 0268
0 9 9 0 7 5678 012 0123456789 0123456789 0 0 0
0 9 9 0 78 0289 02 01234 0245678 012 0123456789 02468
0 9 9 0 8 2 0 01 089 012 0123456789 024568
0 9 9 0 8 2 0 1 01 012 0123456789 0234678
0 9 9 0 8 2 0 1 12 012 0123456789 0123456789
0 9 9 0 8 2 0 1 23 012 0123456789 0245678
0 9 9 0 8 2 0 1 34 012 0123456789 0234568
0 9 9 0 8 2 0 1 45 012 0123456789 012345678
0 9 9 0 8 2 01 1234567 012345689 012 0123456789 01234689
0 9 9 0 8 2 1 7 678 012 0123456789 0123456789
0 9 9 0 8 2 1 7 89 012 0123456789 0245678
0 9 9 0 8 2 1 8 01 012 0123456789 01234689
0 9 9 0 8 2 1 8 12 012 0123456789 0123456789
0 9 9 0 8 23 01 0689 02348 012 0123456789 0123456789
0 9 9 0 8 3 0 6 45 012 0123456789 01234568
0 9 9 0 8 3 0 6 56 012 0123456789 012456789
0 9 9 0 8 3 0 6 678 012 0123456789 01245678
0 9 9 0 8 3 0 6 89 012 0123456789 0123456789
0 9 9 0 8 3 0 67 09 012 0123456789 0123456789
0 9 9 0 8 3 0 7 01 012 0123456789 012345678
0 9 9 0 8 3 0 78 01248 012 0123456789 0123456789
0 9 9 0 8 3 0 8 89 012 0123456789 0123456789
0 9 9 0 8 3 0 89 019 012 0123456789 02345689
0 9 9 0 8 3 0 9 12 012 0123456789 0123456789
0 9 9 0 8 3 0 9 23 012 0123456789 023456789
0 9 9 0 8 3 0 9 34 012 0123456789 012346789
0 9 9 0 8 3 0 9 45 012 0123456789 012456789
0 9 9 0 8 3 01 019 0123456789 012 0123456789 012345689
0 9 9 0 8 3 1 1 23 012 0123456789 02456789
0 9 9 0 8 3 1 1 345 012 0123456789 0123456789
0 9 9 0 8 3 1 1 56 012 0123456789 0123456789
0 9 9 0 8 3 1 1 678 012 0123456789 0123468
0 9 9 0 8 3 1 1 89 012 0123456789 0123456789
0 9 9 0 8 34 01 0123456789 0123456789 012 0123456789 024678
0 9 9 0 8 56 012 0123456789 0123456789 0 0 0
0 9 9 01 01234589 0123456789 012 0123456789 0123456789 0 0 0
0 9 9 1 5678 0126789 01 023456789 023468 01 0123456789 0123456789
0 9 9 1 8 1 0 8 34 012 0123456789 0123456789
0 9 9 1 89 1234568 012 0123456789 0234568 012 012346789 0123456789
01 09 09 012 0129 0123456789 012 0123456789 012345689 0 0 0
1 0 0 0 01234 0123456789 012 012346789 0123456789 012 01234569 0124568
1 0 0 0 4 23 02 0123467 0123456789 012 0123456789 02468
1 0 0 01 23469 0234689 01 0123456789 0123456789 012 012345689 02468
1 0 01 012 02459 0124589 012 01234569 0123456789 01 02689 023468
1 0 1 0 0 23489 012 0123456789 0123456789 0 0 0
1 0 1 0 013 01234569 012 0123456789 012346789 01 023469 012468
1 0 1 0 34 0123456789 012 0123456789 0123456789 0 0 0
1 0 1 0 45 0126789 012 0123456789 0123456789 0 0 0
1 0 1 0 5 23 012 0123456789 0123456789 01 01234689 024568
1 0 1 0 56 0456 012 0123456789 0123456789 0 0 0
1 0 1 0 67 01234689 012 0123456789 0123456789 01 012346 024678
1 0 1 0 789 0124589 012 0123456789 0123456789 01 0246 048
1 0 1 0 9 5678 012 0123456789 012345678 012 0123456789 024678
1 0 1 01 09 089 01 0123456789 0123456789 012 0123456789 0123456789
1 0 1 1 0 012345678 012 012345679 0123456789 0 0 0
1 0 1 1 0123 012456789 012 012345679 012346789 0 0 0
1 0 1 12 034679 023456789 012 0123456789 0123456789 0 0 0
1 0 1 2 02 34678 012 0123456789 0123456789 0 0 0
1 0 1 2 23 0123478 012 0123456789 0123456789 0 0 0
1 0 1 2 345 045678 012 0123456789 0123456789 0 0 0
1 0 12 02 05 01245 012 0123456789 0123456789 0 0 0
1 0 2 0 01 68 0 01345 0234568 012 0123456789 0123456789
1 0 2 0 12 023678 012 0123456789 012345678 01 01234689 0124689
1 0 2 0 23 2345678 012 0123456789 0123456789 01 029 028
1 0 2 0 3456 01234689 012 0123456789 0123456789 012 012346789 02468
1 0 2 0 6 4567 01 0123469 0123456789 012 01234569 023468
1 0 2 0 6 7 0 569 02467 012 0123456789 012345678
1 0 2 0 6 7 0 9 78 012 0123456789 0123456789
1 0 2 0 6 78 01 0123456789 012345689 01 0123456789 0123456789
1 0 2 0 6 89 012 0123456789 0123456789 01 01236789 01234678
1 0 2 01 0126789 0246789 012 0123456789 012345689 012 0123456789 012345678
1 0 2 1 2 89 01 023456789 0123456789 01 01236 012468
1 0 2 1 2 9 12 0123456789 0123456789 01 0126789 0245689
1 0 2 1 23 09 02 01345 012345689 012 0123456789 0123456789
1 0 2 1 3 0 0 56 124567 012 0123456789 012345678
1 0 2 1 3 0 0 67 0789 012 0123456789 0123456789
1 0 2 1 3 012 012 0123456789 0123456789 012 0123456 0234568
1 0 2 1 3 2345 01 0123456789 0123456789 01 0123469 01234678
1 0 2 1 34 056 012 0123456789 0123456789 0 0 0
1 0 2 1 456 012346 012 0123456789 012345678 012 01234569 01234568
1 0 2 1 6 345 012 012345689 0123456789 012 012346 024568
1 0 2 1 6 5 01 034569 0123456789 012 0123456789 0123456789
1 0 2 1 67 5678 012 0123456789 01234689 012 01234569 0123456789
1 0 2 1 7 7 01 012789 023456789 012 012345679 012345678
1 0 2 1 78 01234789 012 0123456789 0123456789 0 0 0
1 0 2 12 09 0234 012 0123456789 0123456789 0 0 0
1 0 2 2 0 45 012 0123456789 0123456789 0 0 0
1 0 2 2 0 56 012 0123456789 0123456789 0 0 0
1 0 2 2 0 67 012 0123456789 01245689 01 01236 0123456789
1 0 2 2 0 78 012 0123456789 0123456789 01 012346 02468
1 0 2 2 0 89 012 0123456789 0123456789 01 02 08
1 0 2 2 01 09 012 0123456789 0123456789 01 01236 023468
1 0 2 2 1 01 012 0123456789 0123456789 0 0 0
1 0 2 2 1 1 01 0123456789 0123456789 01 0123456789 0123456789
1 0 2 2 1 12 012 0123456789 0123456789 012 0123456789 01234678
1 0 2 2 1 23 012 0123456789 012345689 0 0 0
1 0 2 2 1 34 012 0123456789 0123456789 01 0236 0248
1 0 2 2 1 4 012 0123456789 0123456789 01 012345689 0124568
1 0 2 2 1 5 012 0123456789 023456789 01 023456789 01234689
1 0 2 2 1 56 012 0123456789 0123456789 012 0123459 0234568
1 0 2 2 1 67 012 0123456789 02346789 01 012346 02345678
1 0 2 2 1 7 12 0123456789 0123456789 012 0123456789 0246789
1 0 2 2 1 789 012 0123456789 0123456789 0 0 0
1 0 2 2 1 9 01 0123456789 012345678 012 0123456789 02345689
1 0 2 2 12 09 012 0123456789 0123456789 0 0 0
1 0 2 2 2 0 12 0123456789 012345678 01 0123456789 0123456789
1 0 2 2 2 01 02 0123456789 0123456789 01 0123456789 01246789
1 0 2 2 2 12 012 0123456789 0123456789 01 0123469 024678
1 0 2 2 2 2 012 0123456789 0123456789 012 01234569 012456789
1 0 2 2 2 23 02 012345 012345678 01 0123456789 0123456789
1 0 2 2 2 3 01 0123456789 012345689 012 023456789 0123468
1 0 2 2 23 03456789 012 0123456789 0123456789 0 0 0
1 0 2 2 3 012345678 012 0123456789 0123456789 0 0 0
1 0 2 2 34 012489 012 012345679 0123456789 0 0 0
1 0 23 02 045 0124568 012 0123456789 0123456789 012 012346789 0234689
1 0 3 0 0 12 012 0123456789 012456789 0 0 0
1 0 3 0 0 23 012 0123456789 0123456789 0 0 0
1 0 3 0 0 34 02 0123456789 012456789 01 0123456789 0234689
1 0 3 0 0 4 0 9 67 012 0123456789 012456789
1 0 3 0 0 4 0 9 78 012 0123456789 012346789
1 0 3 0 0 4 0 9 89 012 0123456789 023456789
1 0 3 0 0 4 01 012345679 012346789 012 0123456789 024678
1 0 3 0 0 45 012 01234589 0123456789 012 0123456789 012456789
1 0 3 0 0 5 012 0123456789 0123456789 01 02346 023468
1 0 3 0 0 56 012 0123456789 0123456789 0 0 0
1 0 3 0 0 67 012 0123456789 0123456789 01 0236 0248
1 0 3 0 0 78 012 0123456789 0123456789 01 02689 02468
1 0 3 0 0 89 012 0123456789 0123456789 0 0 0
1 0 3 0 01 09 012 0123456789 0123456789 012 01234569 0245678
1 0 3 0 1 0 012 0123456789 0123456789 0 0 0
1 0 3 0 1 01 012 0123456789 0123456789 012 029 02348
1 0 3 0 1 12 012 0123456789 0123456789 012 0234569 024689
1 0 3 0 1 23 012 0123456789 0123456789 01 01234569 02468
1 0 3 0 1 3 012 0123456789 0123456789 0 0 0
1 0 3 0 1 34 012 0123456789 0123456789 01 023456789 01234568
1 0 3 0 1 45 012 0123456789 0123456789 01 0124569 02468
1 0 3 0 1 5 012 0123456789 0123456789 01 01234569 02468
1 0 3 0 1 56 012 0123456789 0123456789 01 01236 0234568
1 0 3 0 1 67 012 0123456789 0123456789 01 012345689 01234678
1 0 3 0 1 7 0 012345 023456789 01 0123456789 023456789
1 0 3 0 1 7 012 0123456789 0123456789 012 0129 024689
1 0 3 0 1 78 012 0123456789 0123456789 01 012346 0234689
1 0 3 0 1 89 012 0123456789 0123456789 01 01236 0124568
1 0 3 0 12 09 012 0123456789 0123456789 012 0234569 012468
1 0 3 0 2 01 012 0123456789 0123456789 012 0234689 0234568
1 0 3 0 2 1 012 0123456789 0123456789 01 012367 0234689
1 0 3 0 2 123 012 0123456789 0123456789 012 023479 024689
1 0 3 0 2 3 012 0123456789 0123456789 012 0123456789 01245678
1 0 3 0 2 34 012 0123456789 0123456789 01 0123469 0245689
1 0 3 0 2 45 012 0123456789 0123456789 0 0 0
1 0 3 0 2 56 012 0123456789 0123456789 01 026789 024568
1 0 3 0 2 67 012 0123456789 012345678 012 01234689 0124568
1 0 3 0 2 7 01 0123456789 0123456789 012 0234569 0246789
1 0 3 0 2 78 012 0123456789 0123456789 01 01236 02468
1 0 3 0 2 89 012 0123456789 0123456789 012 0123469 02468
1 0 3 0 2 9 01 0123456789 012345678 012 0123456789 01234689
1 0 3 0 23 09 012 0123456789 0123456789 01 0123469 0123456789
1 0 3 0 3 01 012 0123456789 0123456789 01 01236 02468
1 0 3 0 3 123 012 0123456789 012456789 01 01236 02468
1 0 3 0 3 345 01 0123456789 0123456789 01 0123469 024689
1 0 3 0 3 56 012 0123456789 0123456789 01 01234569 01234678
1 0 3 0 3 67 012 0123456789 012456789 01 026789 024678
1 0 3 0 3 78 012 0123456789 0123456789 012 02459 02458
1 0 3 0 3 89 012 0123456789 0123456789 0 0 0
1 0 3 0 34 09 012 0123456789 0123456789 0 0 0
1 0 3 0 4 01 012 0123456789 012456789 01 01236 02468
1 0 3 0 4 12 012 0123456789 0123456789 0 0 0
1 0 3 0 4 23 012 0123456789 0123456789 01 01234689 012468
1 0 3 0 4 3 12 0123456789 0123456789 012 012345679 0123456789
1 0 3 0 4 34 012 0123456789 0123456789 01 01289 0123456789
1 0 3 0 4 456 012 0123456789 0123456789 01 026789 024568
1 0 3 0 4 67 012 0123456789 0123456789 0 0 0
1 0 3 0 4 78 012 0123456789 0123456789 012 01234569 0234689
1 0 3 0 4 8 012 0123456789 0123456789 01 0126789 01245678
1 0 3 0 4 9 012 0123456789 0123456789 0 0 0
1 0 3 0 45 09 012 0123456789 0123456789 012 01234689 01234678
1 0 3 0 5 01 012 0123456789 012346789 0 0 0
1 0 3 0 5 12 012 0123456789 0123456789 01 01234569 0124689
1 0 3 0 5 23 012 0123456789 0123456789 012 0123456789 012345678
1 0 3 0 5 34 012 0123456789 0123456789 0 0 0
1 0 3 0 5 4 012 0123456789 0123456789 01 01234689 02456789
1 0 3 0 5 45 012 0123456789 0123456789 01 0123456789 0123456789
1 0 3 0 5 56 012 0123456789 0123456789 01 02 08
1 0 3 0 5 67 012 0123456789 023456789 01 01234569 012346789
1 0 3 0 5 78 012 0123456789 0123456789 01 01236789 0124678
1 0 3 0 5 89 012 0123456789 0123456789 0 01236 024689
1 0 3 0 56 09 012 0123456789 0123456789 01 0269 0468
1 0 3 0 6 01 012 0123456789 0123456789 01 0269 028
1 0 3 0 6 1 012 0123456789 0123456789 01 026 048
1 0 3 0 6 23 012 0123456789 0123456789 01 01236 01245678
1 0 3 0 6 345 012 0123456789 0123456789 0 0 0
1 0 3 0 6 56 012 0123456789 0123456789 0 034567 02346789
1 0 3 0 6 6 01 012345789 01245678 012 0123456789 0123456789
1 0 3 0 6 67 012 0123456789 0123456789 0 0 0
1 0 3 0 6 78 012 0123456789 0123456789 012 0123469 0245678
1 0 3 0 6 8 12 0123456789 0123456789 012 0123456789 024689
1 0 3 0 6 89 012 0123456789 0123456789 01 01236 023468
1 0 3 0 67 09 012 0123456789 0123456789 0 0 0
1 0 3 0 7 0 01 012389 012346789 012 0123456789 0123456789
1 0 3 0 7 01 012 0123456789 0123456789 012 0123456789 0124678
1 0 3 0 7 1 012 0123456789 0123456789 01 0124569 024678
1 0 3 0 7 12 012 0123456789 012345689 01 01236 023468
1 0 3 0 7 23 012 0123456789 0123456789 012 01234569 02468
1 0 3 0 7 34 012 0123456789 0123456789 01 0234679 02468
1 0 3 0 7 45 012 0123456789 0123456789 012 029 0248
1 0 3 0 7 56 012 0123456789 0123456789 0 06 045
1 0 3 0 7 67 012 0123456789 0123456789 01 026789 0268
1 0 3 0 7 7 012 0123456789 0123456789 01 012345689 01245689
1 0 3 0 7 78 012 0123456789 0123456789 012 024569 0245678
1 0 3 0 7 89 012 0123456789 0123456789 0 0 0
1 0 3 0 78 09 012 0123456789 0123456789 01 01234569 012345678
1 0 3 0 8 0 01 0123456789 012345689 012 0123456789 0123456789
1 0 3 0 8 01 012 0123456789 0123456789 0 0 0
1 0 3 0 8 12 012 012345689 0123456789 012 0123456789 012346789
1 0 3 0 8 2 012 0123456789 0123456789 012 0123456789 012345689
1 0 3 0 8 23 012 0123456789 0123456789 012 0249 0248
1 0 3 0 8 34 012 0123456789 0123456789 02 045 0128
1 0 3 0 8 4 1 0123 0123456789 012 012346789 0123456789
1 0 3 0 8 45 012 0123456789 0123456789 012 0124569 0124678
1 0 3 0 8 5 012 0123456789 0123456789 01 01236 023468
1 0 3 0 8 567 012 0123456789 0123456789 0 0 0
1 0 3 0 8 7 01 0123456789 012456789 01 0123456789 0123456789
1 0 3 0 8 7 1 2345678 02345678 012 0123456789 0123456789
1 0 3 0 8 78 012 01234589 0123456789 01 012456789 0123456789
1 0 3 0 8 89 012 0123456789 0123456789 01 01236 024689
1 0 3 0 89 09 012 0123456789 0123456789 0 0 0
1 0 3 0 9 01 012 0123456789 0123456789 01 02 08
1 0 3 0 9 1 01 0123456789 0123456789 012 01234569 0123456789
1 0 3 0 9 12 012 0123456789 0123456789 01 012345679 0246789
1 0 3 0 9 23 012 0123456789 0123456789 01 01236 012468
1 0 3 0 9 34 012 0123456789 0123456789 0 0 0
1 0 3 0 9 45 012 0123456789 0123456789 0 0 0
1 0 3 0 9 56 012 0123456789 0123456789 0 0 0234
1 0 3 0 9 6 01 0123456789 0123456789 012 01234569 0124568
1 0 3 0 9 6 12 01234569 012345689 012 0123456789 0123456789
1 0 3 0 9 67 012 0123456789 0123456789 0 0 0
1 0 3 0 9 78 012 0123456789 0123456789 01 02679 012468
1 0 3 0 9 89 012 0123456789 0123456789 01 0236 0248
1 0 3 0 9 9 012 0123456789 0123456789 012 023456789 024678
1 0 3 01 09 09 012 0123456789 0123456789 01 01234569 012468
1 0 3 1 0 01 012 0123456789 012345689 012 01234569 0123468
1 0 3 1 0 12 012 0123456789 0123456789 01 02346 0234568
1 0 3 1 0 2 012 0123456789 0123456789 0 0 0
1 0 3 1 0 23 012 0123456789 0123456789 01 01236 012468
1 0 3 1 0 34 012 0123456789 0123456789 012 0124569 012468
1 0 3 1 0 4 01 01234569 012345689 012 012346789 02346789
1 0 3 1 0 45 012 0123456789 0123456789 012 01234679 01234568
1 0 3 1 0 56 012 0123456789 0123456789 0 0 0
1 0 3 1 0 6 012 0123456789 0123456789 01 012369 02468
1 0 3 1 0 67 012 0123456789 0123456789 01 024569 024568
1 0 3 1 0 78 012 0123456789 0123456789 01 0234569 024678
1 0 3 1 0 8 12 0123456789 0123456789 012 0123456789 023456789
1 0 3 1 0 89 012 0123456789 0123456789 0 0 0
1 0 3 1 01 09 012 0123456789 0123456789 012 0124569 0246789
1 0 3 1 1 01 012 0123456789 0123456789 01 0123469 024568
1 0 3 1 1 12 012 0123456789 0123456789 01 023456 024568
1 0 3 1 1 2 01 0123456789 0123456789 012 01234569 02468
1 0 3 1 1 23 012 0123456789 0123456789 0 0 0
1 0 3 1 1 34 012 0123456789 0123456789 012 0123456789 012468
1 0 3 1 1 4 01 0123456789 0123456789 01 012367 0123468
1 0 3 1 1 45 012 012345679 0123456789 012 02345679 02345689
1 0 3 1 1 5 012 0123456789 0123456789 01 0245 024678
1 0 3 1 1 56 012 0123456789 0123456789 01 0234569 024689
1 0 3 1 1 67 012 0123456789 0123456789 012 01234569 01234568
1 0 3 1 1 7 01 0123456789 012346789 012 0123456789 01245689
1 0 3 1 1 78 012 0123456789 0123456789 01 0123689 02468
1 0 3 1 1 89 012 0123456789 0123456789 01 012369 02468
1 0 3 1 1 9 12 0123456789 0123456789 012 012345689 02456789
1 0 3 1 12 09 02 012345 0123456789 012 0123456789 0123456789
1 0 3 1 2 01 012 0123456789 0123456789 01 01236 012468
1 0 3 1 2 1 012 0123456789 0123456789 0 0 0
1 0 3 1 2 2 01 0123456789 0123456789 012 012346789 02468
1 0 3 1 2 23 012 0123456789 0123456789 0 0 0
1 0 3 1 2 34 012 0123456789 0123456789 0 0 0
1 0 3 1 2 45 012 0123456789 0123456789 01 02 08
1 0 3 1 2 56 012 0123456789 0123456789 01 029 028
1 0 3 1 2 6 01 0123456789 0123456789 012 01234569 012345678
1 0 3 1 2 67 012 0123456789 012456789 01 012346 0123468
1 0 3 1 2 789 012 0123456789 0123456789 0 0 0
1 0 3 1 2 9 012 0123456789 0123456789 01 026789 0234568
1 0 3 1 23 09 012 0123456789 012456789 01 0123456789 012345689
1 0 3 1 3 01 012 0123456789 0123456789 0 0 0
1 0 3 1 3 1 012 0123456789 0123456789 01 023469 012468
1 0 3 1 3 12 012 0123456789 0123456789 01 01236 0245689
1 0 3 1 3 23 012 0123456789 0123456789 0 0 0
1 0 3 1 3 34 012 0123456789 0123456789 0 0 0
1 0 3 1 3 45 012 0123456789 0123456789 01 02 08
1 0 3 1 3 5 012 0123456789 0123456789 012 012369 0123468
1 0 3 1 3 56 012 0123456789 0123456789 01 01236789 012345678
1 0 3 1 3 6 12 0123456789 0123456789 01 0123689 0123468
1 0 3 1 3 67 02 012345 012345689 012 0123456789 0123456789
1 0 3 1 3 7 01 0123456789 0123456789 012 024 048
1 0 3 1 3 78 012 0123456789 0123456789 012 01234569 024568
1 0 3 1 3 8 01 0123456789 0123456789 01 0269 02468
1 0 3 1 3 89 012 0123456789 0123456789 01 026789 024568
1 0 3 1 3 9 01 012389 0123456789 012 0123456789 01234689
1 0 3 1 3 9 12 0123456789 0123456789 012 012345689 0124689
1 0 3 1 34 09 02 01245 0234689 012 0123456789 0123456789
1 0 3 1 4 0 0 2 9 012 0123456789 0123456789
1 0 3 1 4 0 01 0123456789 0123456789 02 012345 0123456789
1 0 3 1 4 0 1 4 678 012 0123456789 0123456789
1 0 3 1 4 01 012 0123456789 0123456789 01 01236 012468
1 0 3 1 4 1 01 0123456789 0123456789 01 012369 0246789
1 0 3 1 4 12 012 012345789 0123456789 01 012346 02468
1 0 3 1 4 2 012 0123456789 0123456789 0 0 0
1 0 3 1 4 23 02 012345678 0123456789 012 01234569 023468
1 0 3 1 4 34 012 0123456789 012345689 0 0 0
1 0 3 1 4 4 01 0123456789 0123456789 01 069 04689
1 0 3 1 4 4 12 01456789 0123456789 012 0123456789 0123456789
1 0 3 1 4 45 012 0123456789 0123456789 01 0123469 0245689
1 0 3 1 4 5 12 0123456789 0123456789 01 012346789 02468
1 0 3 1 4 56 012 0123456789 0123456789 0 0 0
1 0 3 1 4 67 012 0123456789 0123456789 0 0 0
1 0 3 1 4 7 01 0123456789 0123456789 01 0123679 02468
1 0 3 1 4 78 012 0123456789 0123456789 0 0 0
1 0 3 1 4 8 012 0123456789 0123456789 0 0123 0246
1 0 3 1 4 89 012 0123456789 0123456789 012 024569 0248
1 0 3 1 4 9 12 023456789 0123456789 01 0123456789 0123456789
1 0 3 1 45 09 012 0123456789 0123456789 01 026789 024689
1 0 3 1 5 0 12 0123456789 0123456789 01 01234569 0124678
1 0 3 1 5 01 02 0123456 0123456789 01 012346789 0123456789
1 0 3 1 5 1 01 01236789 0123456789 012 01234569 0123456789
1 0 3 1 5 12 012 0123456789 0123456789 0 0 0
1 0 3 1 5 2 01 0123456789 023456789 01 0269 02468
1 0 3 1 5 23 012 01234589 0123456789 012 023456789 023456789
1 0 3 1 5 3 0 1 89 012 0123456789 0123456789
1 0 3 1 5 3 01 0123456789 0123456789 012 01234569 012345678
1 0 3 1 5 34 012 0123456789 0123456789 012 029 0248
1 0 3 1 5 4 01 0123456789 0123456789 0 0 0
1 0 3 1 5 45 02 01234567 0123456789 01 01269 012468
1 0 3 1 5 5 012 0123456789 0123456789 01 01269 024678
1 0 3 1 5 56 012 0123456789 012456789 01 01236 024568
1 0 3 1 5 67 012 0123456789 0123456789 0 0 0
1 0 3 1 5 7 01 0123456789 0123456789 01 01236 0124689
1 0 3 1 5 78 012 01234569 0123456789 01 0123689 02456789
1 0 3 1 5 8 012 0123456789 0123456789 01 023469 02468
1 0 3 1 5 89 02 012345678 0123456789 012 0123469 024678
1 0 3 1 5 9 012 0123456789 012346789 012 01234679 024678
1 0 3 1 56 09 012 0123456789 0123456789 0 0 0
1 0 3 1 6 01 012 0123456789 0123456789 0 0 0
1 0 3 1 6 1 0 23456 01245689 012 0123456789 02456789
1 0 3 1 6 1 012 0123456789 012346789 0 0 0
1 0 3 1 6 12 02 01234567 0123456789 012 0123456789 012345678
1 0 3 1 6 2 012 0123456789 0123456789 0 0 0
1 0 3 1 6 23 02 0123456789 0123456789 012 01234569 01234689
1 0 3 1 6 3 012 0123456789 0123456789 01 0234689 0234568
1 0 3 1 6 34 012 0123456789 0123456789 0 0 0
1 0 3 1 6 45 012 0123456789 0123456789 0 0 0
1 0 3 1 6 56 012 0123456789 0123456789 012 029 0248
1 0 3 1 6 6 01 0123456789 0123456789 012 0239 024689
1 0 3 1 6 67 012 0123456789 0123456789 02 04 0
1 0 3 1 6 7 012 0123456789 0123456789 01 02679 024678
1 0 3 1 6 78 02 0123456789 0123456789 012 012369 0123468
1 0 3 1 6 89 012 0123456789 0123456789 0 0 0
1 0 3 1 6 9 01 0123456789 0123456789 0 0 0
1 0 3 1 67 09 02 0123456789 0123456789 0 0 0
1 0 3 1 7 0 12 0123456789 0123456789 01 012346 01234689
1 0 3 1 7 01 012 0123456789 0123456789 01 02456 0124689
1 0 3 1 7 12 012 0123456789 0123456789 01 02346 0248
1 0 3 1 7 2 01 023456789 0123456789 012 0123469 012346789
1 0 3 1 7 23 012 0123456789 0123456789 02 045 02348
1 0 3 1 7 3 0 012345 0123456789 012 0123456789 0123456789
1 0 3 1 7 3 01 0123456789 0123456789 01 01236 0123456789
1 0 3 1 7 34 012 0123456789 0123456789 012 029 01248
1 0 3 1 7 4 01 0123456789 023456789 012 012346789 02468
1 0 3 1 7 45 012 0123456789 0123456789 0 0 0
1 0 3 1 7 5 01 0123456789 023456789 012 01234569 0123456789
1 0 3 1 7 56 012 0123456789 0123456789 0 0 0
1 0 3 1 7 67 012 0123456789 0123456789 0 0 0
1 0 3 1 7 7 01 0123456789 0123456789 01 02 08
1 0 3 1 7 78 012 0123456789 0123456789 012 0123456789 01234568
1 0 3 1 7 8 01 0123456789 0123456789 01 0123456 01234678
1 0 3 1 7 89 012 012345789 0123456789 012 01236789 024568
1 0 3 1 7 9 01 0123456789 0123456789 0 0 0
1 0 3 1 78 09 012 0123456789 0123456789 01 0236 0248
1 0 3 1 8 01 012 0123456789 0123456789 0 0 0
1 0 3 1 8 1 012 0123456789 0123456789 0 0 0
1 0 3 1 8 12 012 0123456789 0123456789 0 0 0
1 0 3 1 8 23 012 0123456789 023456789 0 0 0
1 0 3 1 8 34 012 0123456789 0123456789 01 0234689 0124689
1 0 3 1 8 4 012 0123456789 0123456789 0 0 0
1 0 3 1 8 45 012 0123456789 0123456789 012 0123456789 0123456789
1 0 3 1 8 56 012 0123456789 0123456789 012 02459 012348
1 0 3 1 8 6 01 0123456789 0123456789 01 01236 02468
1 0 3 1 8 67 012 0123456789 0123456789 0 0 0
1 0 3 1 8 78 012 0123456789 023456789 0 0 0
1 0 3 1 8 8 012 0123456789 0123456789 0 0 0
1 0 3 1 8 9 01 0123456789 0123456789 0 0 0
1 0 3 1 89 09 012 0123456789 0123456789 0 0 0
1 0 3 1 9 01 012 0123456789 012346789 0 0 0
1 0 3 1 9 1 012 0123456789 0123456789 0 0 0
1 0 3 1 9 123 012 0123456789 0123456789 0 0 0
1 0 3 1 9 34 012 0123456789 0123456789 0 0 0
1 0 3 1 9 45 012 0123456789 0123456789 01 029 028
1 0 3 1 9 56 012 0123456789 0123456789 012 02459 0123489
1 0 3 1 9 67 012 0123456789 0123456789 01 02346789 0246789
1 0 3 1 9 7 012 0123456789 0123456789 012 012469 024678
1 0 3 1 9 78 012 0123456789 012345678 012 01234569 0245678
1 0 3 1 9 8 1 234 0123469 012 0123456789 0123456789
1 0 3 1 9 89 012 0123456789 012345678 012 012345689 02345689
1 0 3 12 09 09 012 0123456789 0123456789 012 01234569 012345678
1 0 3 2 0 01 012 0123456789 0123456789 01 0126789 0124568
1 0 3 2 0 123 012 0123456789 0123456789 01 02 08
1 0 3 2 0 34 012 0123456789 0123456789 01 012369 024568
1 0 3 2 0 45 012 0123456789 0123456789 012 0123469 01246789
1 0 3 2 0 56 012 0123456789 0123456789 01 01236 012468
1 0 3 2 0 6 01 0123456789 0123456789 012 0123456789 0234568
1 0 3 2 0 67 012 0123456789 0123456789 01 0123456789 0123456789
1 0 3 2 0 7 01 0123456789 0123456789 012 0123456789 012345678
1 0 3 2 0 78 012 0123456789 0123456789 0 0 0
1 0 3 2 0 89 012 0123456789 0123456789 0 0 0
1 0 3 2 01 09 012 0123456789 012345689 01 0123469 0124689
1 0 3 2 1 01 012 0123456789 0123456789 0 0 0
1 0 3 2 1 1 01 0123489 0123456789 012 0123456789 0245678
1 0 3 2 1 12 012 0123456789 0123456789 01 012346 012345689
1 0 3 2 1 23 012 0123456789 0123456789 0 0 0
1 0 3 2 1 34 012 01234569 012345689 012 0249 0248
1 0 3 2 1 4 012 0123456789 0123456789 01 0123469 01234568
1 0 3 2 1 45 012 0123456789 0123456789 01 0123679 024678
1 0 3 2 1 56 012 0123456789 0123456789 01 023469 012468
1 0 3 2 1 6 12 012456789 0123456789 01 0123456789 0123456789
1 0 3 2 1 67 012 0123456789 012345678 01 0123456789 02345689
1 0 3 2 1 789 012 0123456789 0123456789 0 0 0
1 0 3 2 1 9 01 0123456789 012346789 012 012346789 012345689
1 0 3 2 12 09 012 0123456789 0123456789 012 01234569 01234689
1 0 3 2 2 01 012 0123456789 023456789 01 0123456789 012346789
1 0 3 2 2 123 012 0123456789 0123456789 0 0 0
1 0 3 2 2 34 01 0123456789 0123456789 012 029 0248
1 0 3 2 2 45 012 0123456789 0123456789 012 012369 0246789
1 0 3 2 2 5 12 0123456789 0123456789 012 0123456789 023468
1 0 3 2 2 56 012 0123456789 0123456789 012 02459 02458
1 0 3 2 2 67 012 0123456789 012345678 01 01236 024689
1 0 3 2 2 78 012 0123456789 0123456789 012 01234689 0123468
1 0 3 2 2 89 012 0123456789 0123456789 01 0289 023468
1 0 3 2 2 9 012 0123456789 0123456789 01 012346 0124689
1 0 3 2 23 09 012 0123456789 0123456789 01 02679 024678
1 0 3 2 3 01 012 0123456789 0123456789 012 012346789 024568
1 0 3 2 3 12 012 0123456789 0123456789 01 012346789 012468
1 0 3 2 3 2 01 0123456789 01234689 012 0123456789 0245689
1 0 3 2 3 23 012 0123456789 0123456789 012 0234679 024568
1 0 3 2 3 34 012 0123456789 0123456789 012 012345679 01245678
1 0 3 2 3 45 012 0123456789 0123456789 02 034 046
1 0 3 2 3 56 012 0123456789 0123456789 0 0 0
1 0 3 2 3 67 012 0123456789 012345689 0 0 0
1 0 3 2 3 78 012 0123456789 0123456789 0 0 0
1 0 3 2 3 89 012 0123456789 0123456789 01 01234569 0124678
1 0 3 2 34 09 012 0123456789 012345678 01 012346789 024689
1 0 3 2 4 01 012 0123456789 0123456789 01 01269 02468
1 0 3 2 4 12 012 0123456789 0123456789 01 01269 024568
1 0 3 2 4 23 012 0123456789 0123456789 01 0234569 024678
1 0 3 2 4 3 01 0123456789 0123456789 012 0123456789 01246789
1 0 3 2 4 34 012 0123456789 0123456789 01 023456 0234689
1 0 3 2 4 4 012 0123456789 0123456789 012 0123469 01234678
1 0 3 2 4 45 012 0123456789 0123456789 01 0123689 0234568
1 0 3 2 4 5 12 0123456789 0123456789 012 012346789 01234568
1 0 3 2 4 56 012 0123456789 0123456789 012 01234569 0245678
1 0 3 2 4 6 12 012346789 0123456789 01 0123456789 0123456789
1 0 3 2 4 67 02 045 0123459 012 0123456789 0123456789
1 0 3 2 4 7 012 0123456789 0123456789 01 023469 01234678
1 0 3 2 4 78 012 0123456789 0123456789 0 0 0
1 0 3 2 4 89 012 0123456789 0123456789 01 0123456 0123456789
1 0 3 2 4 9 012 0123456789 0123456789 01 0123456789 0123456789
1 0 3 2 45 09 02 02345 012345678 012 0123456789 023468
1 0 3 2 5 0 012 0123456789 0123456789 01 01236 024568
1 0 3 2 5 01 012 0123456789 0123456789 0 0 0
1 0 3 2 5 12 012 0123456789 0123456789 012 01269 024689
1 0 3 2 5 23 012 0123456789 0123456789 01 012346 024568
1 0 3 2 5 3 012 0123456789 0123456789 012 0123469 0123468
1 0 3 2 5 34 012 0123456789 0123456789 01 023456789 01245689
1 0 3 2 5 45 012 0123456789 0123456789 0 0 0
1 0 34 02 0125 01256 012 0123456789 0123456789 01 01236 024568
1 0 4 0 2 23 012 0123456789 0123456789 0 0 0
1 0 4 0 2 345678 012 01234569 0123456789 01 012345689 0123456789
1 0 4 0 2 8 0 0 89 012 0123456789 0123456789
1 0 4 0 2 8 0 01 019 012 0123456789 0123456789
1 0 4 0 2 8 0 1 1 012 0123456789 0123456789
1 0 4 0 2 8 0 1 12 012 0123456789 0123456789
1 0 4 0 2 8 0 1 2345 012 0123456789 0123456789
1 0 4 0 2 8 0 12 05678 012 0123456789 0123456789
1 0 4 0 2 8 0 2 01 012 0123456789 012346789
1 0 4 0 2 8 0 2 12 012 0123456789 0123456789
1 0 4 0 2 8 0 2 23 012 0123456789 0123456789
1 0 4 0 2 8 0 2 34 012 0123456789 0123456789
1 0 4 0 2 8 0 2 45 012 0123456789 0123456789
1 0 4 0 2 8 0 2 56 012 0123456789 0123456789
1 0 4 0 2 8 0 2 67 012 0123456789 0123456789
1 0 4 0 2 8 0 2 78 012 0123456789 0123456789
1 0 4 0 2 8 0 23 0189 01 0123456789 0123456789
1 0 4 0 2 8 0 3 1234 01 0123456789 0123456789
1 0 4 0 2 8 0 3 45 01 0123456789 0123456789
1 0 4 0 2 8 0 3 567 01 0123456789 0123456789
1 0 4 0 2 8 0 3 78 012 0123456789 0123456789
1 0 4 0 2 8 0 34 01289 012 0123456789 0123456789
1 0 4 0 2 8 0 4 234 012 0123456789 0123456789
1 0 4 0 2 8 0 4 456 012 0123456789 0123456789
1 0 4 0 2 8 0 45 016789 012 012346789 0123456789
1 0 4 0 2 8 0 5 123 012 0123456789 0123456789
1 0 4 0 2 8 0 5 3456789 01 0123456789 0123456789
1 0 4 0 2 8 0 56 09 012 0123456789 0123456789
1 0 4 0 2 8 0 6 012 012 0123456789 0123456789
1 0 4 0 2 8 0 6 2345 012 0123456789 0123456789
1 0 4 0 2 8 0 6 567 012 0123456789 0123456789
1 0 4 0 2 8 0 6 789 012 0123456789 0123456789
1 0 4 0 2 8 0 67 019 012 012345689 0123456789
1 0 4 0 2 8 0 7 12346 01 0123456789 0123456789
1 0 4 0 2 8 0 78 06789 012 0123456789 0123456789
1 0 4 0 2 8 0 8 01 012 0123456789 0123456789
1 0 4 0 2 8 0 8 12 01 0123456789 0123456789
1 0 4 0 2 8 0 8 234 012 012346789 0123456789
1 0 4 0 2 8 0 8 4567 01 0123456789 0123456789
1 0 4 0 2 8 0 8 78 01 0123456789 0123456789
1 0 4 0 2 8 0 89 0189 01 0123456789 0123456789
1 0 4 0 2 8 0 9 12 01 0123456789 0123456789
1 0 4 0 2 8 0 9 2345 012 0123456789 0123456789
1 0 4 0 2 8 0 9 5678 01 0123456789 0123456789
1 0 4 0 2 8 01 09 089 012 0123456789 0123456789
1 0 4 0 2 8 1 0 012 012 0123456789 0123456789
1 0 4 0 2 8 1 0 23456 01 012346789 0123456789
1 0 4 0 2 8 1 0 6 012 0123456789 0123456789
1 0 4 0 2 8 1 01 01236789 012 0123456789 0123456789
1 0 4 0 2 8 1 1 3456 012 0123456789 0123456789
1 0 4 0 2 8 1 1 678 012 0123456789 0123456789
1 0 4 0 2 8 1 12 089 012 0123456789 0123456789
1 0 4 0 2 8 1 2 012 012 0123456789 0123456789
1 0 4 0 2 8 1 2 23456 01 0123456789 0123456789
1 0 4 0 2 8 1 23 06789 01 0123456789 0123456789
1 0 4 0 2 8 1 3 01 012 0123456789 0123456789
1 0 4 0 2 8 1 3 12 012 0123456789 0123456789
1 0 4 0 2 8 1 3 23456 01 0123456789 0123456789
1 0 4 0 2 8 1 3 6 012 0123456789 0123456789
1 0 4 0 2 8 1 3 78 01 0123456789 0123456789
1 0 4 0 2 8 1 3 89 01 0123456789 0123456789
1 0 4 0 2 8 1 34 09 012 0123456789 0123456789
1 0 4 0 2 8 1 4 01 012 0123456789 0123456789
1 0 4 0 2 8 1 4 1 012 0123456789 0123456789
1 0 4 0 2 8 1 4 12 012 0123456789 0123456789
1 0 4 0 2 8 1 4 23 012 0123456789 0123456789
1 0 4 0 2 8 1 4 3 01 0123456789 0123456789
1 0 4 0 2 8 1 4 34 012 0123456789 0123456789
1 0 4 0 2 8 1 4 456 012 0123456789 0123456789
1 0 4 0 2 8 1 4 67 012 0123456789 0123456789
1 0 4 0 2 8 1 4 78 012 0123456789 0123456789
1 0 4 0 2 8 1 4 89 012 0123456789 0123456789
1 0 4 0 2 8 1 4 9 012 0123456789 0123456789
1 0 4 0 2 8 1 45 09 012 0123456789 0123456789
1 0 4 0 2 8 1 5 01 012 0123456789 0123456789
1 0 4 0 2 8 1 5 1 012 0123456789 0123456789
1 0 4 0 2 8 1 5 1234 012 0123456789 0123456789
1 0 4 0 2 8 1 5 45 012 0123456789 0123456789
1 0 4 0 2 8 1 5 56 012 0123456789 0123456789
1 0 4 0 2 8 1 5 67 012 0123456789 0123456789
1 0 4 0 2 8 1 5 78 012 0123456789 0123456789
1 0 4 0 2 8 1 5 8 01 0123456789 0123456789
1 0 4 0 2 8 1 5 89 012 0123456789 0123456789
1 0 4 0 2 8 1 56 09 012 0123456789 0123456789
1 0 4 0 2 8 1 6 0 012 0123456789 0123456789
1 0 4 0 2 8 1 6 01 012 0123456789 0123456789
1 0 4 0 2 8 1 6 12 012 0123456789 0123456789
1 0 4 0 2 8 1 6 2 01 0123456789 0123456789
1 0 4 0 2 8 1 6 23 012 0123456789 0123456789
1 0 4 0 2 8 1 6 3 012 0123456789 0123456789
1 0 4 0 2 8 1 6 34 012 0123456789 0123456789
1 0 4 0 2 8 1 6 45 012 0123456789 0123456789
1 0 4 0 2 8 1 6 5 012 0123456789 0123456789
1 0 4 0 2 8 1 6 56 012 0123456789 0123456789
1 0 4 0 2 8 1 6 678 012 0123456789 0123456789
1 0 4 0 2 8 1 6 89 012 0123456789 012345678
1 0 4 0 2 8 1 67 019 012 0123456789 0123456789
1 0 4 0 2 8 1 7 12 012 0123456789 0123456789
1 0 4 0 2 8 1 7 23 012 0123456789 0123456789
1 0 4 0 2 8 1 7 34 012 0123456789 0123456789
1 0 4 0 2 8 1 7 45 012 0123456789 0123456789
1 0 4 0 2 8 1 7 56 012 0123456789 0123456789
1 0 4 0 2 8 1 7 67 012 0123456789 0123456789
1 0 4 0 2 8 1 7 78 012 0123456789 0123456789
1 0 4 0 2 8 1 7 89 012 0123456789 0123456789
1 0 4 0 2 8 1 78 09 012 0123456789 0123456789
1 0 4 0 2 8 1 8 01 012 0123456789 0123456789
1 0 4 0 2 8 1 8 12 012 0123456789 0123456789
1 0 4 0 2 8 1 8 23 012 0123456789 0123456789
1 0 4 0 2 8 1 8 345 012 0123456789 0123456789
1 0 4 0 2 8 1 8 56 012 0123456789 012346789
1 0 4 0 2 8 1 8 6 012 0123456789 0123456789
1 0 4 0 2 8 1 8 678 012 0123456789 0123456789
1 0 4 0 2 8 1 8 89 012 0123456789 0123456789
1 0 4 0 2 8 1 89 09 012 0123456789 0123456789
1 0 4 0 2 8 1 9 01 012 0123456789 012345689
1 0 4 0 2 8 1 9 12 01 0123456789 0123456789
1 0 4 0 2 8 1 9 23 012 0123456789 0123456789
1 0 4 0 2 8 1 9 34 012 0123456789 0123456789
1 0 4 0 2 8 1 9 45 012 0123456789 0123456789
1 0 4 0 2 8 1 9 56 012 0123456789 0123456789
1 0 4 0 2 8 1 9 67 012 0123456789 0123456789
1 0 4 0 2 8 1 9 78 012 0123456789 0123456789
1 0 4 0 2 8 1 9 89 012 0123456789 0123456789
1 0 4 0 2 8 12 09 09 012 0123456789 012456789
1 0 4 0 2 8 2 0 01 012 0123456789 0123456789
1 0 4 0 2 8 2 0 12 012 0123456789 0123456789
1 0 4 0 2 8 2 0 23 012 0123456789 0123456789
1 0 4 0 2 8 2 0 34 012 0123456789 0123456789
1 0 4 0 2 8 2 0 45 012 0123456789 0123456789
1 0 4 0 2 8 2 0 56 012 0123456789 0123456789
1 0 4 0 2 8 2 0 67 012 0123456789 0123456789
1 0 4 0 2 8 2 0 78 012 0123456789 0123456789
1 0 4 0 2 8 2 0 89 012 0123456789 0123456789
1 0 4 0 2 8 2 01 019 012 0123456789 0123456789
1 0 4 0 2 8 2 1 1 012 0123456789 0123456789
1 0 4 0 2 8 2 1 12 012 0123456789 0123456789
1 0 4 0 2 8 2 1 23 012 0123456789 0123456789
1 0 4 0 2 8 2 1 34 012 0123456789 0123456789
1 0 4 0 2 8 2 1 45 012 0123456789 0123456789
1 0 4 0 2 8 2 1 56 012 0123456789 0123456789
1 0 4 0 2 8 2 1 67 012 0123456789 0123456789
1 0 4 0 2 8 2 1 78 012 0123456789 0123456789
1 0 4 0 2 8 2 1 89 012 0123456789 0123456789
1 0 4 0 2 8 2 12 09 012 0123456789 012456789
1 0 4 0 2 8 2 2 01 012 0123456789 0123456789
1 0 4 0 2 8 2 2 12 012 0123456789 0123456789
1 0 4 0 2 8 2 2 23 012 0123456789 0123456789
1 0 4 0 2 8 2 2 34 012 0123456789 012346789
1 0 4 0 2 8 2 2 45 012 0123456789 0123456789
1 0 4 0 2 8 2 2 56 012 0123456789 0123456789
1 0 4 0 2 8 2 2 67 012 0123456789 0123456789
1 0 4 0 2 8 2 2 78 012 0123456789 0123456789
1 0 4 0 2 8 2 2 89 012 0123456789 0123456789
1 0 4 0 2 8 2 23 09 012 0123456789 0123456789
1 0 4 0 2 8 2 3 01 012 0123456789 0123456789
1 0 4 0 2 8 2 3 12 012 0123456789 012456789
1 0 4 0 2 8 2 3 3 012 0123456789 0123456789
1 0 4 0 2 8 2 3 34 012 0123456789 0123456789
1 0 4 0 2 8 2 3 45 012 0123456789 0123456789
1 0 4 0 2 8 2 3 6 012 0123456789 0123456789
1 0 4 0 2 8 2 3 678 012 0123456789 0123456789
1 0 4 0 2 8 2 3 89 012 0123456789 0123456789
1 0 4 0 2 8 2 34 09 012 0123456789 0123456789
1 0 4 0 2 8 2 4 01 012 0123456789 0123456789
1 0 4 0 2 8 2 4 12 012 0123456789 0123456789
1 0 4 0 2 8 2 4 23 012 0123456789 0123456789
1 0 4 0 2 8 2 4 34 012 0123456789 0123456789
1 0 4 0 2 8 2 4 45 012 0123456789 012346789
1 0 4 0 2 8 2 4 56 012 0123456789 0123456789
1 0 4 0 2 8 2 4 67 012 0123456789 0123456789
1 0 4 0 2 8 2 4 78 012 0123456789 0123456789
1 0 4 0 2 8 2 4 89 012 0123456789 0123456789
1 0 4 0 2 8 2 45 09 012 0123456789 0123456789
1 0 4 0 2 8 2 5 01 012 0123456789 0123456789
1 0 4 0 2 8 2 5 12 012 0123456789 0123456789
1 0 4 0 2 8 2 5 23 012 0123456789 012456789
1 0 4 0 2 8 2 5 34 012 0123456789 0123456789
1 0 4 0 2 8 2 5 45 012 0123456789 0123456789
1 0 4 0 2 89 02 01235 0123456789 012 0123456789 0123456789
1 0 4 0 2 9 01 0123456789 0123456789 012 01234569 0234568
1 0 4 0 2 9 1 34 0456789 012 0123456789 0123456789
1 0 4 0 2 9 1 4 01 012 0123456789 0123456789
1 0 4 0 2 9 1 4 12 01 0123456789 0123456789
1 0 4 0 2 9 1 4 234 012 0123456789 0123456789
1 0 4 0 2 9 1 4 45 012 0123456789 0123456789
1 0 4 0 2 9 1 4 56 012 0123456789 0123456789
1 0 4 0 2 9 1 4 6 12 0123456789 0123456789
1 0 4 0 2 9 1 4 67 02 012345678 0123456789
1 0 4 0 2 9 1 45 0178 012 01234689 0123456789
1 0 4 0 2 9 1 5 1 12 0123456789 0123456789
1 0 4 0 2 9 1 5 123456 012 0123456789 0123456789
1 0 4 0 2 9 1 5 6789 012 012345679 0123456789
1 0 4 0 23 09 01 0234569 024689 01 0123456789 0123456789
1 0 4 0 3 0 1 2 89 012 0123456789 0123456789
1 0 4 0 3 0 1 23 029 012 0123456789 0123456789
1 0 4 0 3 0 1 3 2 012 012346789 0123456789
1 0 4 0 3 0 1 3 23 02 012345678 0123456789
1 0 4 0 3 0 1 3 3 012 0123456789 0123456789
1 0 4 0 3 0 1 3 34 02 0123456 0123456789
1 0 4 0 3 0 1 3 4 01 0123456789 0123456789
1 0 4 0 3 0 1 3 45 012 01234589 0123456789
1 0 4 0 3 0 1 3 5 01 0123456789 0123456789
1 0 4 0 3 0 1 3456 024568 012 0123456789 0123456789
1 0 4 0 3 0 1 6 0 01 0123456789 0123456789
1 0 4 0 3 0 1 6 01 012 0123456789 0123456789
1 0 4 0 3 0 1 6 1 01 0123456789 0123456789
1 0 4 0 3 0 1 6 1 12 0123456789 0123456789
1 0 4 0 3 0 1 6 12 012 0123456789 0123456789
1 0 4 0 3 0 1 6 2 12 0123456789 0123456789
1 0 4 0 3 0 1 6 23 02 01234567 0123456789
1 0 4 0 3 0 1 6 3 01 0123456789 0123456789
1 0 4 0 3 0 1 6 34 012 0123459 0123456789
1 0 4 0 3 0 1 6 4 01 012456789 0123456789
1 0 4 0 3 0 1 6 45 012 0123459 0123456789
1 0 4 0 3 0 1 6 5 01 0123456789 0123456789
1 0 4 0 3 0 1 6 56 012 0123456789 0123456789
1 0 4 0 3 0 1 6 6 012 0123456789 0123456789
1 0 4 0 3 0 1 6 67 02 0123456 0123456789
1 0 4 0 3 0 1 6 7 012 0126789 0123456789
1 0 4 0 3 0 1 6 78 02 01234567 0123456789
1 0 4 0 3 0 1 6 8 01 0123456789 0123456789
1 0 4 0 3 0 1 6 89 012 0123459 0123456789
1 0 4 0 3 0 1 6 9 01 0123456789 0123456789
1 0 4 0 3 0 1 67 09 012 0123456789 0123456789
1 0 4 0 3 0 1 7 01 012 0123456789 0123456789
1 0 4 0 3 0 1 7 1 01 0123456789 0123456789
1 0 4 0 3 0 1 7 12 012 01236789 0123456789
1 0 4 0 3 0 1 7 2346 01 0123456789 0123456789
1 0 4 0 3 0 1 7 6 012 0123456789 0123456789
1 0 4 0 3 0 1 7 67 02 0123456 0123456789
1 0 4 0 3 0 1 7 7 01 012346789 0123456789
1 0 4 0 3 0 1 7 78 012 01234569 0123456789
1 0 4 0 3 0 1 7 8 01 0123456789 0123456789
1 0 4 0 3 0 1 7 89 012 0123456789 0123456789
1 0 4 0 3 0126 01 01236789 012345689 012 012345679 023456789
1 0 4 0 3 6 01 0123456789 012345689 012 012345679 01234689
1 0 4 0 3 67 012 0123456789 0123456789 01 0269 0468
1 0 4 0 34 0123478 012 01234569 01245689 012 0123456789 024568
1 0 4 0 4 4 0 0 67 012 0123456789 012346789
1 0 4 0 4 4 0 01 0178 012 0123456789 0123456789
1 0 4 0 4 4 0 1 1 012 0123456789 023456789
1 0 4 0 4 4 0 1 1234 012 0123456789 02345678
1 0 4 0 4 4 0 1 4 012 0123456789 023456789
1 0 4 0 4 4 0 1 456 012 0123456789 02456789
1 0 4 0 4 4 0 1 67 012 0123456789 0123456789
1 0 4 0 4 4 0 1 78 012 0123456789 0123456789
1 0 4 0 4 4 0 1 89 012 0123456789 0123456789
1 0 4 0 4 4 0 1 9 012 0123456789 0123456789
1 0 4 0 4 4 0 12 019 012 0123456789 012345678
1 0 4 0 4 4 0 2 12 012 0123456789 012345689
1 0 4 0 4 4 0 2 23 012 0123456789 023456789
1 0 4 0 4 4 0 2 34568 012 0123456789 012346789
1 0 4 0 4 4 0 2 89 012 0123456789 0123456789
1 0 4 0 4 4 0 23 09 012 0123456789 0123456789
1 0 4 0 4 4 0 3 01 012 0123456789 0123456789
1 0 4 0 4 4 0 3 123 012 0123456789 0123456789
1 0 4 0 4 4 0 3 34 012 0123456789 0123456789
1 0 4 0 4 4 0 3 456 012 0123456789 012346789
1 0 4 0 4 4 0 3 67 012 0123456789 012345689
1 0 4 0 4 4 0 3 78 012 0123456789 0124678
1 0 4 0 4 4 0 3 8 012 0123456789 0123456789
1 0 4 0 4 4 0 34 089 012 0123456789 01246789
1 0 4 0 4 4 0 4 01 012 0123456789 01234568
1 0 4 0 4 4 0 4 12 012 0123456789 0123456789
1 0 4 0 4 4 0 4 234 012 0123456789 0123456789
1 0 4 0 4 4 0 4 45 012 0123456789 0123456789
1 0 4 0 4 4 0 4 56 012 0123456789 012456789
1 0 4 0 4 4 0 4 67 012 0123456789 01245689
1 0 4 0 4 4 0 45 0789 012 012346789 0123456789
1 0 4 0 4 4 0 5 01 012 012346789 0123456789
1 0 4 0 4 4 0 5 123 012 0123456789 012456789
1 0 4 0 4 4 0 5 34 012 0123456789 0123456789
1 0 4 0 4 4 0 5 45 012 0123456789 0123456789
1 0 4 0 4 4 0 5 567 012 0123456789 012345678
1 0 4 0 4 4 0 5 78 012 0123456789 0123456789
1 0 4 0 4 4 0 5 89 012 0123456789 0123456789
1 0 4 0 4 4 0 5678 012456789 012 0123456789 0123456789
1 0 4 0 4 4 01 089 0123456789 012 01234689 02468
1 0 4 0 4 4 1 01 026789 012 0123456789 012345689
1 0 4 0 4 4 1 129 02345689 012 0123456789 0123456789
1 0 4 0 4 4 1 9 67 012 0123456789 0123456789
1 0 4 0 4 4 1 9 78 012 0123456789 0123456789
1 0 4 0 4 4 1 9 8 012 0123456789 0123456789
1 0 4 0 4 4 12 09 0239 012 0123456789 0123456789
1 0 4 0 4 4 2 01 012346789 012 0123456789 01234689
1 0 4 0 4 4 2 123 012346789 012 0123456789 02456789
1 0 4 0 4 4 2 3 012 012 0123456789 0123456789
1 0 4 0 4 4 2 3 2345 012 0123456789 02345678
1 0 4 0 4 4 2 3 567 012 0123456789 012345689
1 0 4 0 4 4 2 3 789 012 0123456789 0123456789
1 0 4 0 4 4567 012 012345689 0123456789 012 012345679 02468
1 0 4 0 4 7 01 0123456789 0123456789 01 02369 02468
1 0 4 0 46 456789 012 012346789 0123456789 012 023469 0248
1 0 4 0 67 0129 012 0123456789 012345689 01 02346 024568
1 0 4 0 7 234 012 0123456789 0234678 012 0123456789 012456789
1 0 4 0 7 4 01 1236789 012345689 012 0123456789 012345689
1 0 4 0 7 4567 012 0123456789 0123456789 01 029 068
1 0 4 0 78 0789 012 012346789 012345678 0 0 0
1 0 4 0 8 01234 012 0123456789 0245689 0 0 0
1 0 4 0 8 45678 012 0123456789 012456789 0 0 0
1 0 4 0 89 0189 012 0123456789 012345678 012 01234569 01245689
1 0 4 0 9 1234 012 0123456789 012345689 0 0 0
1 0 4 0 9 4567 012 012346789 012346789 012 01234569 01245678
1 0 4 01 09 0789 012 0123456789 0123456789 0 0 0
1 0 4 1 0 012345 012 0123456789 0123456789 0 0 0
1 0 4 1 0 56789 012 0123456789 012346789 0 0 0
1 0 4 1 01 0123459 012 0123456789 0123456789 0 0 0
1 0 4 1 1 56789 012 012346789 0123456789 012 0234569 0245689
1 0 4 1 12 09 012 0123456789 012346789 01 01234569 0123456789
1 0 4 1 2 0123 012 0123456789 012456789 01 02346789 0245689
1 0 4 1 2 3456 012 0123456789 012345689 0 0 0
1 0 4 1 2 6789 012 0123456789 0123456789 012 02459 02489
1 0 4 1 23 09 012 0123456789 0123456789 0 0 0
1 0 4 1 3 012 012 0123456789 0123456789 01 012346789 02468
1 0 4 1 3 234 012 0123456789 0123456789 01 0269 0248
1 0 4 1 3 4 0 0123467 0123456789 01 0123469 0123456789
1 0 4 1 3 4 0 789 0678 012 0123456789 0123456789
1 0 4 1 3 4 0 9 67 012 0123456789 012345689
1 0 4 1 3 4 0 9 78 012 0123456789 0123456789
1 0 4 1 3 4 0 9 89 012 0123456789 0123456789
1 0 4 1 3 4 01 09 09 012 0123456789 0123456789
1 0 4 1 3 4 1 0 01 012 0123456789 0123456789
1 0 4 1 3 4 1 0 12 012 0123456789 0123456789
1 0 4 1 3 4 1 0 23 012 0123456789 0123456789
1 0 4 1 3 4 1 0 34 012 0123456789 0123456789
1 0 4 1 3 4 1 0 4568 012 0123456789 0123456789
1 0 4 1 3 4 1 0 89 012 0123456789 0123456789
1 0 4 1 3 4 1 01 09 012 0123456789 0123456789
1 0 4 1 3 4 1 1234 012456789 012 0123456789 0123456789
1 0 4 1 3 4 12 012356789 0123456789 0 01234568 012456789
1 0 4 1 3 4 2 3 2345 012 0123456789 012345678
1 0 4 1 3 4 2 3 56 012 0123456789 0123456789
1 0 4 1 3 4 2 3 67 012 0123456789 0123456789
1 0 4 1 3 4 2 3 789 012 0123456789 0123468
1 0 4 1 3 45 02 04 012348 012 0123456789 012456789
1 0 4 1 3 5 0 0 12 012 0123456789 0123456789
1 0 4 1 3 5 0 0 23 012 0123456789 0123456789
1 0 4 1 3 5 0 0 34 012 0123456789 0124568
1 0 4 1 3 5 0 0 45 012 0123456789 012345689
1 0 4 1 3 5 0 0 56 012 0123456789 0123468
1 0 4 1 3 5 0 0 67 012 0123456789 024678
1 0 4 1 3 5 0 0 789 012 0123456789 023456789
1 0 4 1 3 5 0 012 012469 012 0123456789 023456789
1 0 4 1 3 5 0 2 45 012 0123456789 0123456789
1 0 4 1 3 5 0 23 01568 012 0123456789 02468
1 0 4 1 3 5 01 23456 124568 012 0123456789 0123456789
1 0 4 1 3 5 1 2345678 023456789 01 0123456789 01234678
1 0 4 1 3 5 1 89 023456789 012 0123456789 02468
1 0 4 1 3 5 12 09 012346789 012 0123456789 02468
1 0 4 1 3 5 2 01 0234589 012 0123456789 02468
1 0 4 1 3 5 2 12 02356789 012 0123456789 02468
1 0 4 1 3 5 2 24 04 012 0123456789 0123456789
1 0 4 1 3 5 2 4 01 012 0123456789 0123456789
1 0 4 1 3 5 2 4 123 012 0123456789 0123456789
1 0 4 1 3 5 2 4 34 012 0123456789 0123456789
1 0 4 1 3 5 2 4 456 012 0123456789 0123456789
1 0 4 1 3 5 2 4 67 012 0123456789 0123456789
1 0 4 1 3 5 2 4 78 012 0123456789 0123456789
1 0 4 1 3 5 2 45 089 012 0123456789 0123456789
1 0 4 1 3 5 2 5 012 012 0123456789 0123456789
1 0 4 1 34 05689 012 012345689 012345678 012 0123456789 0234568
1 0 4 1 4 012 012 0123456789 0123456789 0 01234 0123456789
1 0 4 1 4 2 1 3 67 012 0123456789 0123456789
1 0 4 1 4 2 1 34 078 012 0123456789 0123456789
1 0 4 1 4 2 12 0246789 012345678 012 0123456789 0123456789
1 0 4 1 4 234 012 0123456789 0123456789 01 012369 02468
1 0 4 1 4 45 01 026789 02456789 012 0123456789 012345678
1 0 4 1 4 5 0 01346 012345689 012 0123456789 02346789
1 0 4 1 4 56 012 0123456789 0123456789 01 0123456 01234689
1 0 4 1 4 678 02 01234567 0123456789 01 0234689 02468
1 0 4 1 45 01289 012 0123456789 0123456789 01 01236 02468
1 0 4 1 5 23 012 0123456789 0123456789 01 012345689 0245689
1 0 4 1 5 3 012 0123456789 0123456789 012 012456789 012345689
1 0 4 1 5 3456 012 0123456789 0123456789 012 01234569 0123456789
1 0 4 1 56 06789 012 0123456789 0123456789 01 0236789 0234568
1 0 4 1 6 0 1 23 012345689 012 0123456789 01245689
1 0 4 1 6 0 1 34 01236789 012 0123456789 02346789
1 0 4 1 6 0 1 4 34567 012 0123456789 02456789
1 0 4 1 6 0 1 45 01789 012 0123456789 0123456789
1 0 4 1 6 0 1 5 1234 012 0123456789 0123456789
1 0 4 1 6 0 1 5 4567 012 0123456789 0123456789
1 0 4 1 6 0 1 5 789 012 0123456789 0123456789
1 0 4 1 6 01234 012 0123456789 0123456789 02 01234 012345678
1 0 4 1 6 4 01 0123456789 0123456789 01 01236 02468
1 0 4 1 6 4 12 0123456789 0123456789 0 0 0
1 0 4 1 6 45 02 0123456789 0123456789 0 0 0
1 0 4 1 6 5 12 0123456789 0123456789 0 0 0
1 0 4 1 6 56 012 0123456789 0123456789 0 0 0
1 0 4 1 6 67 012 0123456789 0123456789 0 0 0
1 0 4 1 679 0126789 012 0123456789 0123456789 0 0 0
1 0 4 1 9 23 012 0123456789 0123456789 0 0 0
1 0 4 1 9 34 012 0123456789 0123456789 01 01269 02468
1 0 4 12 09 045689 012 0123456789 0123456789 01 012679 02468
1 0 4 2 0 01234 012 0123456789 0123456789 012 02346789 01234689
1 0 4 2 0 4 1 9 012 012 0123456789 0123456789
1 0 4 2 0 456 012 0123459 0123456789 012 012346789 024689
1 0 4 2 0 6 0 1 123 012 0123459 0123456789
1 0 4 2 0 6 01 0123456789 0123456789 012 023456789 0123456789
1 0 4 2 01 0126789 012 0123456789 0123456789 0 0 01245
1 0 4 2 1 2 0 6 7 01 0123456789 0123456789
1 0 4 2 1 2 0 6 78 012 0123456789 0123456789
1 0 4 2 1 2 0 6 8 01 0123456789 0123456789
1 0 4 2 1 234568 01 0126789 024689 012 0123456789 0123456789
1 0 4 2 1 89 012 0123456789 0123456789 0 0 0
1 0 4 2 12 0129 012 0123456789 0123456789 0 0 0
1 0 4 2 2 23 012 0123456789 0123456789 01 01234569 02468
1 0 4 2 2 3 01 0123456789 0123456789 012 012346789 02468
1 0 4 2 2 34 012 0123459 0123456789 012 01234689 02468
1 0 4 2 2 45 012 0123456789 0123456789 0 0 0
1 0 4 2 2 56 012 0123456 02345689 012 0123456789 012345678
1 0 4 2 23 02678 012 0123456789 0123456789 01 023456789 02468
1 0 4 2 3 23 012 012345689 0123456789 01 01234569 012346789
1 0 4 2 3 34 012 0123456789 0123456789 01 01236 02468
1 0 4 2 3 4 01 0123456789 0123456789 01 02 08
1 0 4 2 3 4567 012 0123456789 0123456789 0 0 0
1 0 4 2 3 78 012 0123456789 0123456789 01 026789 0234568
1 0 4 2 3 8 012 0123456789 0123456789 01 0123456789 0234568
1 0 4 2 3 89 012 0123456789 0123456789 01 02345679 0124689
1 0 4 2 34 019 012 0123456789 0123456789 012 02345679 0245689
1 0 4 2 4 123 012 0123456789 0123456789 01 01234569 0234689
1 0 4 2 4 4 0 01234567 023456789 012 0123456789 02456789
1 0 4 2 4 4 012 0123456789 0123456789 012 01234569 02345689
1 0 4 2 4 45 012 0123456789 0123456789 012 0123456789 012345689
1 0 4 2 4 567 012 0123456789 0123456789 012 01234689 023468
1 0 4 2 4 789 012 0123456789 0123456789 01 029 028
1 0 4 2 45 09 012 0123456789 0123456789 012 0123469 02468
1 0 4 2 5 01 012 0123456789 0123456789 012 01234569 024689
1 0 4 2 5 1 01 09 012345689 012 0123456789 0123456789
1 0 4 2 5 1 1 0 3456 012 0123456789 0123456789
1 0 4 2 5 12 012 012346789 0123456789 012 0123456789 01234678
1 0 4 2 5 2 0 0123456 0123456789 012 012345689 012468
1 0 4 2 5 2 01 0123456789 0123456789 01 01236 01245678
1 0 4 2 5 2 12 016789 0123456789 012 0123456789 012346789
1 0 4 2 5 23 02 012345 0123456789 01 01234569 01245689
1 0 4 2 5 3 01 0123456789 0123456789 01 012369 0234678
1 0 4 2 5 34 012 0123456789 0123456789 0 0 0
1 0 4 2 5 4 0 3456789 01245678 01 0123456789 0123456789
1 0 4 2 5 4 01 0129 0245678 012 0123456789 0123456789
1 0 4 2 5 45 012 0123456789 0123456789 01 012369 0124689
1 0 4 2 5 5 0 5 89 01 0123456789 0123456789
1 0 4 2 5 5 01 0123456789 0123456789 012 012346789 01234568
1 0 4 2 5 5 12 012345789 0123456789 012 0123456789 0123456789
1 0 45 02 015 056 02 05 012 012 0123456789 0123456789
1 0 5 0 1 6 0 0 123456 012 0123456789 0123456789
1 0 5 0 1 6 0 01 06789 012 0123456789 0123456789
1 0 5 0 1 6 0 1 0123 012 0123456789 0123456789
1 0 5 0 1 6 0 123 0234568 012 0123456789 0123456789
1 0 5 0 1 678 01 023456789 012345689 012 0123456789 02468
1 0 5 0 12 0189 01 023456789 012456789 012 0123456789 012345689
1 0 5 0 2 1 0 6 456 012 0123456789 0123456789
1 0 5 0 2 1 0 6 678 012 0123456789 0123456789
1 0 5 0 2 1 01 26789 012346789 012 0123456789 0245678
1 0 5 0 2 1 12 0123679 012456789 012 0123456789 0124689
1 0 5 0 2 1 2 34 0123456 012 0123456789 02468
1 0 5 0 2 1234 012 012345679 0123456789 012 0123456789 0123468
1 0 5 0 2 45 01 0234569 01234568 012 0123456789 0123456789
1 0 5 0 2 5 1 6 12 012 0123456789 0123456789
1 0 5 0 2 567 01 012346789 0123456789 012 0123456789 012345678
1 0 5 0 23 01789 012 0123456789 012345678 012 023456789 0245689
1 0 5 01 123456789 0123456789 012 0123469 024568 01 0123456 0123456789
1 0 5 1 789 0246789 012 0123469 01234678 012 0123456789 0123456789
1 0 5 12 01239 0234689 012 0123456789 0123456789 01 0123469 0123456789
1 0 5 2 3 345 012 023456789 0123456789 012 01234569 0123456789
1 0 5 2 345 024568 012 012469 01234689 012 0123456789 0123456789
1 0 56 02 05 0125 01 01234569 0123456789 012 0123469 0123456789
1 0 6 0 01 0123489 012 0123456789 0123456789 01 01236 012468
1 0 6 0 1234 012346789 012 0123456789 012345689 01 023469 024678
1 0 6 0 45 012346789 012 0123456789 012345678 0 0 0
1 0 6 0 56 0123456789 012 0123456789 012345678 0 0 0
1 0 6 0 67 02456789 012 0123456789 023456789 0 0 0
1 0 6 01 0789 02346789 012 0123456789 0123456789 0 0 0
1 0 6 1 0 012345 012 0123456789 0123456789 0 0 0
1 0 6 1 0 567 012 0123456789 0123456789 0 0 0
1 0 6 1 012678 0123456789 012 0123456789 012468 01 0123456789 01234678
1 0 6 1 8 7 0 01 0123489 01 012345689 023456789
1 0 6 12 089 023456789 012 01234569 02345678 012 012345689 0123456789
1 0 6 2 01 0123456789 012 0123456789 02345689 0 0 0
1 0 6 2 12 023456789 012 0123456789 012468 0 0 0
1 0 67 02 02345 0124789 01 0123456789 0123456789 01 01236 012468
1 0 7 0 0 01 012 0123456789 0123456789 0 0 0
1 0 7 0 0 1246 012 0123456789 0123456789 0 0 0
1 0 7 0 012367 02456789 012 0123456789 0123456789 0 0 0
1 0 7 0 789 0123456789 012 0123456789 023456789 0 0 0
1 0 7 01 019 023456789 012 01234569 0123456789 0 0 0
1 0 7 1 12 012349 012 0123456789 0123456789 0 0 0
1 0 7 1 24 45678 01 0123456789 023456789 012 012346789 0246789
1 0 7 1 4 89 012 012345689 0123456789 0 0 0
1 0 7 1 45 09 012 0123456789 0123456789 012 0123469 01245678
1 0 7 1 5 01 012 0123456789 0123456789 012 012345689 02468
1 0 7 1 5 1 1 123456789 0123456789 012 0123456789 0246789
1 0 7 1 5 1234 012 012345689 0123456789 01 02346789 01245689
1 0 7 1 5 4 0 456 0123456789 012 0123456789 02456789
1 0 7 1 5 4 012 012346789 0123456789 012 012346789 01234689
1 0 7 1 5 45 02 0123456789 0123456789 01 012367 012468
1 0 7 1 5 568 012 0123456789 0123456789 01 089 0124
1 0 7 1 56 089 012 0123456789 0123456789 012 0123469 0124689
1 0 7 1 6 012 012 0123456789 0123456789 012 023456 012468
1 0 7 1 6 2 0 012 0123456789 01 0123456789 0123456789
1 0 7 1 6 2 0 23456 0123456789 012 023456789 012345689
1 0 7 1 6 2 0 67 0123456789 012 0123456789 023456789
1 0 7 1 6 2 0 78 01239 012 0123456789 0123456789
1 0 7 1 6 2 0 8 34567 012 0123456789 0123456789
1 0 7 1 6 2 012 01245689 0123456789 012 0123456789 012456789
1 0 7 1 6 2 2 4 89 012 0123456789 0123456789
1 0 7 1 6 23467 012 0123456789 0123456789 01 023456 01234678
1 0 7 1 67 012378 012 0123456789 0123456789 01 01234569 024678
1 0 7 1 7 345 012 0123456789 0123456789 0 0 0
1 0 7 1 7 568 012 0123456789 0123456789 012 0123469 0124568
1 0 7 1 7 89 012 012349 0123456789 012 012469 02345678
1 0 7 1 7 9 01 0156789 0123456789 012 01234679 02468
1 0 7 1 78 019 012 0123456789 0123456789 012 0124679 02468
1 0 7 1 8 12 012 0123456789 0123456789 01 01236789 0123456789
1 0 7 1 8 2346789 012 012345679 01245678 012 012346789 012345678
1 0 7 1 8 9 0 0123 012345689 012 0123456789 0123456789
1 0 7 1 8 9 01 0346789 0123456789 012 01234569 024689
1 0 7 1 89 019 012 0123456789 0123456789 01 02369 0248
1 0 7 12 29 124567 012 0123456789 0123456789 0 0 0
1 0 78 02 012345 012346789 012 0123456789 02346789 0 0 0
1 0 8 0 12345 0123456789 012 0123456789 0123456789 0 0 0
1 0 8 0 56 0129 012 0123456789 012345678 0 0 0
1 0 8 0 6 23 012 0123456789 0123456789 012 012456789 0245689
1 0 8 01 236789 0234689 012 0123456789 0123456789 0 0 0
1 0 8 1 34 0124569 012 0123456789 0123456789 0 0 0
1 0 8 1 45 2345678 01 0123456789 012346789 0 0 0
1 0 8 1 5 67 012 0123456789 012345678 0 0 0
1 0 8 1 5 789 012 0123456789 0124689 0 0 0
1 0 8 1 5 9 012 0123456789 0123456789 01 02679 024568
1 0 8 1 56 0129 012 0123456789 0123456789 0 0 0
1 0 8 1 6 23 012 0123456789 0123456789 012 0123456789 02468
1 0 8 1 6 3 1 67 012346789 012 0123456789 02468
1 0 8 1 6 3 1 7 12345 012 0123456789 02468
1 0 8 1 6 3 1 78 0156789 012 0123456789 02468
1 0 8 1 6 3 1 89 012345689 012 0123456789 02468
1 0 8 1 6 345 01 0123456789 0123456789 01 026789 02468
1 0 8 1 6 5 12 0123456789 0123456789 01 01236 02468
1 0 8 1 6 5678 012 023456789 0123456789 012 0123456789 012468
1 0 8 1 67 089 012 01234569 0123456789 012 012346789 012345678
1 0 8 1 7 0 12 0129 0234689 01 012345689 0123456789
1 0 8 1 7 0 2 2 45 012 0123456789 0123456789
1 0 8 1 7 0 2 2 5 012 0123456789 0123456789
1 0 8 1 7 0 2 2 56 012 0123456789 0123456789
1 0 8 1 7 0 2 2 67 012 0123456789 0123456789
1 0 8 1 7 0 2 2 78 012 0123456789 0123456789
1 0 8 1 7 0 2 2 89 012 0123456789 0123456789
1 0 8 1 7 0 2 23 09 012 0123456789 0123456789
1 0 8 1 7 0 2 3 01 012 0123456789 012346789
1 0 8 1 7 0 2 3 1 012 0123456789 0123456789
1 0 8 1 7 0 2 3 12 012 0123456789 0123456789
1 0 8 1 7 0 2 3 23 012 0123456789 0123456789
1 0 8 1 7 0 2 3 34 012 0123456789 0123456789
1 0 8 1 7 0 2 3 45 012 0123456789 0123456789
1 0 8 1 7 0 2 3 5 012 0123456789 0123456789
1 0 8 1 7 0 2 3 56 012 0123456789 0123456789
1 0 8 1 7 0 2 3 67 012 0123456789 0123456789
1 0 8 1 7 0 2 3 78 012 0123456789 0123456789
1 0 8 1 7 0 2 3 8 012 0123456789 0123456789
1 0 8 1 7 0 2 3 89 012 0123456789 0123456789
1 0 8 1 7 0 2 34 019 012 0123456789 0123456789
1 0 8 1 7 0 2 4 1 012 0123456789 0123456789
1 0 8 1 7 0 2 4 1248 012 0123456789 023456789
1 0 8 1 7 0 2 45 0289 012 0123456789 023456789
1 0 8 1 7 0 2 5 2345 012 0123456789 0123456789
1 0 8 1 7 01 012 034569 0123456789 012 0123456789 01234678
1 0 8 1 7 124 012 0123456789 0123456789 012 012369 02468
1 0 8 1 7 4567 012 0123456789 0123456789 01 0123689 02468
1 0 8 1 7 7 0 0123 02456789 012 0123456789 012346789
1 0 8 1 7 7 0 3 2 01 0123456789 0123456789
1 0 8 1 7 7 0 3 23 012 0123456789 0123456789
1 0 8 1 7 7 0 3 3 012 0123456789 0123456789
1 0 8 1 7 7 0 3 34 012 0123456789 0123456789
1 0 8 1 7 7 0 3 45 012 0123456789 0123456789
1 0 8 1 7 7 0 3 5 01 0123456789 0123456789
1 0 8 1 7 7 0 3 56 012 0123456789 0123456789
1 0 8 1 7 7 0 3 67 012 0123456789 0123456789
1 0 8 1 7 7 0 3 7 01 0123456789 0123456789
1 0 8 1 7 7 0 3 78 012 0123456789 0123456789
1 0 8 1 7 7 0 346 045689 012 0123456789 0123456789
1 0 8 1 7 789 012 0123456789 0123456789 012 02349 02489
1 0 8 1 78 012469 012 0123456789 0123456789 012 0249 0248
1 0 89 012 0234589 02346789 012 01234679 012345678 01 0123456789 012468
1 0 9 0 56 016789 012 0123456789 0123456789 012 0123469 024689
1 0 9 0 6 12 01 012345689 0123456789 012 0123456789 012346789
1 0 9 0 6 234678 012 0123456789 012346789 012 0234569 0124689
1 0 9 0 67 089 012 0123456789 0123456789 01 01236 01234689
1 0 9 0 7 01 012 0123456789 0123456789 012 02459 012348
1 0 9 0 7 12 012 0123456789 0123456789 012 012356 02468
1 0 9 0 7 234 012 0123456789 0123456789 01 01236 02468
1 0 9 0 789 0245678 012 0123456789 0123456789 01 02346 0248
1 0 9 0 9 2345 012 012345679 0123456789 012 029 024678
1 0 9 01 09 456 012 0123456789 0123456789 01 01236 024678
1 0 9 1 0 45 012 0234569 023456789 012 0123456789 0123456789
1 0 9 1 0 5 0 9 67 012 0123456789 0123456789
1 0 9 1 0 5 0 9 789 012 0123456789 0123456789
1 0 9 1 0 5 01 09 0129 012 0123456789 0123456789
1 0 9 1 0 5 1 012 0123456789 012 0123456789 0123456789
1 0 9 1 0 56 012 01234569 0123456789 01 0123456 0123468
1 0 9 1 0 67 012 0123456789 0123456789 0 0 0
1 0 9 1 01 01789 012 012346789 0123456789 01 023469 02468
1 0 9 1 12 012 012 0123456789 0123456789 01 026789 024678
1 0 9 1 2 01 012 012345679 0123456789 012 012349 02468
1 0 9 1 2 12 012 0123456789 0123456789 01 023456 0234678
1 0 9 1 2 23456 012 0123456789 0123456789 0 0 0
1 0 9 1 246 01234678 012 0123456789 0123456789 0 0 0
1 0 9 1 6 34567 012 012345689 0123456789 012 012346789 02468
1 0 9 1 67 0789 012 0123456789 0123456789 0 0 0
1 0 9 1 7 01234 01 0123456789 023456789 0 0 0
1 0 9 1 7 45 012 0123456789 0123456789 0 0 0
1 0 9 1 7 56 012 0123456789 0123456789 01 01236 02468
1 0 9 1 789 0123456789 012 0123456789 0123456789 0 0 0
1 0 9 1 9 6 01 012346789 0123456789 012 0123456789 0123456789
1 0 9 1 9 678 012 0123456789 0123456789 012 0123469 024678
1 0 9 1 9 8 0 56 0123456789 012 0123456789 0123468
1 0 9 12 09 089 012 0123456789 01234689 012 012346789 023456789
1 0 9 2 0 0 2 1 8 01 0123456789 0123456789
1 0 9 2 0 01 012 012369 024689 012 0123456789 0123456789
1 0 9 2 0 123 012 0123469 0123456789 01 026789 023468
1 0 9 2 0 345 012 0123456789 0123456789 01 02 08
1 0 9 2 0 56 012 0123456789 0123456789 01 01236 02468
1 0 9 2 02 45678 012 0123456789 0123456789 0 0 0
1 0 9 2 23 056789 012 0123456789 0123456789 0 0 0
1 0 9 2 3 012 012 0123456789 0123456789 0 0 0
1 0 9 2 3 23 012 0123456789 0123456789 01 01236 02468
1 0 9 2 3 345 012 0123456789 0123456789 0 0 0
1 0 9 2 3 56 012 0123456789 0123456789 01 0123456789 01234689
1 0 9 2 3 678 012 0123456789 0123456789 012 0269 0248
1 0 9 2 3 89 012 0123456789 0123456789 012 012456789 0123456789
1 0 9 2 3 9 1 3 23456 012 0123456789 0123456789
1 0 9 2 3 9 1 34 0123678 012 0123456789 0123456789
1 0 9 2 34 0123456789 012 012345679 0123456789 012 0249 0248
1 0 9 2 45 0189 012 012345679 0123456789 0 0 0
1 0 9 2 5 1 012 0123456789 0123456789 0 0 0
1 0 9 2 5 1234 02 012345 012345689 012 0123456789 02468
1 0 9 2 5 4 0 4678 012456789 01 0123456789 02468
1 0 9 2 5 4 01 01289 012456789 012 0123456789 02468
1 0 9 2 5 4 1 234567 0123456789 012 012345689 02468
1 0 9 2 5 45 012 012345789 0123456789 012 0123469 024568
1 1 0 0 01 012345689 012 012346789 01234689 0 0 0
1 1 0 0 123 02456789 012 0123456789 0123456789 0 0 0
1 1 0 0 3 45678 012 0123456789 0123456789 0 0 0
1 1 0 0 34 012389 012 0123456789 0123456789 0 0 0
1 1 0 0 4 3456789 012 0123456789 012456789 0 0 0
1 1 0 0 45 01249 012 0123456789 0123456789 0 0 0
1 1 0 0 567 24568 012 0123456789 012345678 01 026789 012468
1 1 0 0 789 0123456789 012 0123456789 012345689 0 0 0
1 1 0 01 0123459 012345678 012 0123456789 01234689 012 029 0248
1 1 0 1 56 01234689 012 0123456789 01234689 01 012346789 012346789
1 1 0 1 6 456 012 0123456789 012345678 012 012489 02456789
1 1 0 1 67 0678 012 0123456789 0123456789 0 0 0
1 1 0 1 7 0123 012 0123456789 0123456789 01 0269 0468
1 1 0 12 012789 012345689 012 0123456789 0124689 0 0 0
1 1 0 2 23 2345678 012 0123456789 02345689 01 023456 023468
1 1 0 2 3 45689 012 0123456789 0123456789 01 01236 02468
1 1 01 02 034 0456789 012 0123456789 012456789 01 01236 024568
1 1 1 0 123 0123456789 012 0123456789 0123456789 0 0 0
1 1 1 0 345 01234568 012 0123456789 0123456789 0 0 0
1 1 1 0 56 0123456 012 0123456789 01234568 0 0 0
1 1 1 0 67 0156789 012 0123456789 023456789 0 0 0
1 1 1 0 78 012456789 012 0123456789 0123456789 01 0169 0245678
1 1 1 0 8 78 012 012346789 0123456789 012 012346789 0123456789
1 1 1 0 89 012389 012 0123456789 0123456789 01 0269 0468
1 1 1 01 019 02345689 012 012345689 02346789 012 0123456789 0123456789
1 1 1 1 12 04589 012 0123456789 0123456789 01 01236789 02456789
1 1 1 1 234567 012345689 012 0123456789 0123456789 0 0 0
1 1 1 12 0789 0123456789 012 0123456789 012345689 0 0 0
1 1 1 2 012 012345689 012 0123456789 0123456789 01 0269 0468
1 1 12 02 0234 02345689 012 0123456789 0123456789 01 02689 012468
1 1 2 0 1234 02345689 012 0123456789 0123468 0 0 0
1 1 2 0 456 012345678 012 012346789 01245678 0 0 0
1 1 2 0 67 235678 012 0123456789 0123456789 0 0 0
1 1 2 0 7 3 01 0123456789 0123456789 0 0 0
1 1 2 0 7 345678 012 012345689 0123456789 0 0 0
1 1 2 0 7 8 12 013456789 0123456789 012 0123456789 0123456789
1 1 2 0 789 01246789 012 0123456789 0123456789 0 0 0
1 1 2 0 9 012345 012 0123456789 0123456789 0 0 0
1 1 2 0 9 567 012 0123456789 0123456789 0 0 0
1 1 2 01 019 02456789 012 012346789 0123456789 0 0 0
1 1 2 1 12 01234678 012 0123456789 0123456789 0 0 0
1 1 2 1 234 01234678 012 0123456789 0123456789 0 0 0
1 1 2 1 467 012346789 012 0123456789 012345678 012 02456789 0124568
1 1 2 1 7 1234 01 012456789 012456789 012 0123456789 012456789
1 1 2 1 789 24568 01 023456789 012456789 01 012346789 012346789
1 1 2 1 9 678 012 01236789 0123456789 012 012346789 0123456789
1 1 2 1 9 8 0 0 01 012 0123456789 0123456789
1 1 2 1 9 8 01 0123689 01245678 012 0123456789 0123456789
1 1 2 12 019 02346789 012 0123456789 0123456789 01 023456 02468
1 1 2 2 1 345 01 0123456789 0123456789 0 0 0
1 1 23 02 01234 02345678 012 0123456789 0123456789 0 0 0
1 1 3 0 1 01 012 0123456789 0123456789 0 0 0
1 1 3 0 12 0123456789 012 0123456789 012456789 0 0 0
1 1 3 0 2 1 012 012346789 0123456789 012 01234569 01234568
1 1 3 0 2 1 2 34 0123459 012 0123456789 0123456789
1 1 3 0 2 12348 012 0123456 0245678 012 0123456789 0123456789
1 1 3 0 2 89 012 0123456789 0123456789 012 0123469 01246789
1 1 3 0 2 9 01 0126789 0123456789 012 0123456789 024678
1 1 3 0 234 012456789 012 0123456789 0123456789 01 02369 02468
1 1 3 0 456 01234689 012 012345689 012346789 0 0 0
1 1 3 01 0126789 0123456789 012 0123456789 01234568 0 0 0
1 1 3 1 234569 012345678 012 01234569 0123468 01 01236 02468
1 1 3 1 9 2346 012 0123456789 0123456789 01 01236 02468
1 1 3 1 9 67 012 0123456789 012345689 012 023456789 012345678
1 1 3 1 9 78 012 0123456789 0123456789 01 0123456 023468
1 1 3 12 019 012346789 012 012346789 0123456789 0 0 0
1 1 3 2 1245 01234689 012 0123456789 012456789 0 0 0
1 1 34 02 05 012346 01 0123456789 0123456789 0 0 0
1 1 4 0 01 06789 012 0123456789 0123456789 0 0 0
1 1 4 0 12 0123468 012 0123456789 0123456789 012 012369 024568
1 1 4 0 2 8 12 01239 0123456789 012 01234569 024568
1 1 4 0 2 89 012 01234569 0123456789 012 0123456789 01234678
1 1 4 0 23 019 012 0123456789 01234689 012 0123456789 0123456789
1 1 4 0 345 1238 012 0123456789 0123456789 01 012346789 0234568
1 1 4 0 56 03456789 012 0123456789 0123456789 0 0 0
1 1 4 0 67 09 012 0123456789 0123456789 0 0 0
1 1 4 0 7 012689 012 0123456789 0123456789 0 0 0
1 1 4 01 0789 01246789 012 0123456789 0123456789 0 0 0
1 1 4 1 01 01289 01 0123456789 0123456789 01 01236 012468
1 1 4 1 1 2 012 0123456789 0123456789 012 01234569 01234568
1 1 4 1 1 234 012 0123456789 012345689 012 012345689 01245678
1 1 4 1 123 0456789 012 0123456789 0123456789 0 0 0
1 1 4 1 3 01234 012 0123456789 0123456789 012 0123469 01245678
1 1 4 1 34 014568 01 0123456789 023456789 012 012346789 0123456789
1 1 4 1 4 1 0 7 56 012 0123456789 0123456789
1 1 4 1 4 1 0 7 67 012 0123456789 0123456789
1 1 4 1 4 1 0 7 789 012 0123456789 0123456789
1 1 4 1 4 12 012 0123456789 0123456789 012 012456789 01245689
1 1 4 1 4 23 012 01245679 0123456789 012 012345679 0123456789
1 1 4 1 469 0234689 012 01234689 0123456789 01 012346789 0123456789
1 1 4 1 9 9 0 67 01456789 012 0123456789 012345678
1 1 4 1 9 9 0 7 12345678 012 0123456789 0123456789
1 1 4 12 019 023456789 012 0123456789 0123456789 01 02 01248
1 1 4 2 1 67 012 0123456789 012456789 0 0 0
1 1 4 2 1 78 012 0123456789 0123456789 0 0 0
1 1 4 2 1 89 012 0123456789 0123456789 0 0 0
1 1 4 2 12 09 012 0123456789 0123456789 0 0 0
1 1 4 2 2 012346 012 0123456789 0123456789 0 0 0
1 1 4 2 23 0126789 012 0123456789 0123456789 0 0 0
1 1 45 02 012345 012345678 012 012346789 023456789 0 0 0
1 1 5 0 3 01 012 023456789 01245689 012 0123456789 0123456789
1 1 5 0 3456 0123456789 012 0123456789 012346789 01 029 028
1 1 5 0 678 01249 012 0123456789 0123456789 012 01234569 012346789
1 1 5 0 8 4 1 24567 0123456789 012 0123456789 0123456789
1 1 5 0 8 45678 012 0123456789 0123456789 0 0 0
1 1 5 0 89 01289 012 0123456789 023456789 0 0 0
1 1 5 01 09 02346789 012 0123456789 0123456789 0 0 0
1 1 5 1 0 8 0 45 23456789 012 0123456789 012345689
1 1 5 1 01 0189 012 0123456789 012456789 012 0123479 024568
1 1 5 1 1 1234 01 0123456789 012346789 012 012369 0123468
1 1 5 1 12 0456789 012 0123456789 0123456789 0 0 0
1 1 5 1 234 01245678 012 012346789 0123456789 0 0 0
1 1 5 1 456 012456789 012 0123456789 012345678 01 023456 024689
1 1 5 1 6 678 012 0123456789 0123456789 012 02459 02458
1 1 5 1 67 0123456789 012 012345679 0123456789 0 0 0
1 1 5 1 7 89 012 012345679 0123456789 012 0123456789 0246789
1 1 5 1 78 01234679 012 0123456789 0123456789 0 0 0
1 1 5 12 012389 0123456789 012 0123456789 01234568 0 0 0
1 1 5 2 3 12346 012 0123456789 0123456789 0 0 0
1 1 5 2 345 023456789 012 0123456789 012456789 0 0 0
1 1 56 02 05 015 012 0123456789 0123456789 01 012345689 02468
1 1 6 0 01 01246789 012 0123456789 0123456789 0 0 0
1 1 6 0 12 023456789 01 012345689 0123456789 0 0 0
1 1 6 0 2345 012789 012 0123456789 0123456789 01 012346789 02456789
1 1 6 0 5 1234568 012 012345689 0123456789 01 0123456 024689
1 1 6 0 56 0234689 012 0123456789 0123456789 01 023689 02468
1 1 6 0 6 678 012 0123456 0123456789 012 0123456789 012345689
1 1 6 0 678 012345689 012 0123456789 0123456789 01 012689 012468
1 1 6 0 89 0156789 012 0123456789 0123456789 0 0 0
1 1 6 0 9 123 012 0123456789 0123456789 012 012369 012345678
1 1 6 0 9 345678 012 0123456789 0123456789 0 0 0
1 1 6 01 09 0123489 012 0123456789 0234568 0 0 0
1 1 6 1 0 456789 012 0123456789 0124568 0 0 0
1 1 6 1 01 012345689 012 0123456789 012346789 0 0 0
1 1 6 1 12 012389 012 0123456789 0123456789 0 0 0
1 1 6 1 2 3456789 012 0123456789 0123456789 0 0 0
1 1 6 1 23456789 0123456789 012 01234569 023468 0 0 0
1 1 6 1 9 3467 012 0123456789 0123456789 01 02689 0468
1 1 6 12 09 024789 012 0123456789 012345678 0 0 0
1 1 6 2 0 456 012 0123456789 0123456789 01 0234569 0234689
1 1 6 2 01 0123678 012 0123456789 012345689 01 01236 02468
1 1 6 2 1245 012345689 012 012345689 012345678 012 01234569 012345689
1 1 6 2 5 1 0 67 023456789 012 0123456789 0123456789
1 1 6 2 5 1 0 78 0123789 012 0123456789 0123456789
1 1 6 2 5 1 01 089 0345678 012 0123456789 0123456789
1 1 6 2 5 1 1 0 01 012 0123456789 0123456789
1 1 6 2 5 1 1 0 1248 012 0123456789 0123456789
1 1 6 2 5 1 1 012 01289 012 0123456789 0123456789
1 1 6 2 5 123 012 012456789 012345678 012 0123456789 0123456789
1 1 67 02 015 034568 012 0123456789 0123456789 0 0 0
1 1 7 0 1 678 012 0123456789 0123456789 0 0 0
1 1 7 0 12 0189 012 0123456789 0123456789 01 02 08
1 1 7 0 23 0123456789 012 0123456789 023456789 0 0 0
1 1 7 0 345 012456789 012 012345679 012345689 012 01234689 0234678
1 1 7 0 56 023456789 012 0123456789 023456789 0 0 0
1 1 7 0 6 01 012 0123456789 0123456789 0 0 0
1 1 7 0 6 1234678 012 0123456789 012456789 0 0 0
1 1 7 0 678 012345689 012 0123456789 012345689 0 0 0
1 1 7 0 8 01 012 0123456789 0123456789 0 0 0
1 1 7 0 8 1 012 0123456789 023456789 0 0 0
1 1 7 0 8 12 012 0123456789 0123456789 0 0 0
1 1 7 0 8 23 012 0123456789 0123456789 0 0 0
1 1 7 0 8 345678 012 0123456789 0123456789 0 0 0
1 1 7 0 89 012679 012 0123456789 012345689 0 0 0
1 1 7 01 09 02789 012 0123456789 0123456789 01 0234569 01234568
1 1 7 1 0 234 012 0123456789 0123456789 01 01234569 024689
1 1 7 1 012 012456789 012 0123456789 0123456789 0 0 0
1 1 7 1 23 0123456789 012 012345679 0123456789 0 0 0
1 1 7 1 3 456 012 012345679 0123456789 0 0 0
1 1 7 1 34567 0123456789 012 0123456789 012456789 0 0 0
1 1 7 1 78 03456789 012 0123456789 012345689 01 02 08
1 1 78 01 01289 0245678 012 0123456789 0123456789 0 0 0
1 1 8 0 2 6 01 0123456789 0123456789 012 0123456789 012456789
1 1 8 0 2346 01245678 012 0123456789 023456789 0 0 0
1 1 8 0 678 02345678 012 012346789 0123456789 012 0123469 0245678
1 1 8 0 89 01245689 012 0123456789 0123456789 0 0 0
1 1 8 01 09 0234679 012 0123456789 0123456789 0 0 0
1 1 8 1 012 012346789 012 0123456789 0123456789 0 0 0
1 1 8 1 2 12345 012 0123456789 0123456789 0 0 0
1 1 8 1 2 56789 012 012345689 0123456789 0 0 0
1 1 8 1 234 0123689 012 0123456789 0123456789 0 0 0
1 1 8 1 4 3 12 015679 0123456789 012 0123456789 012345678
1 1 8 1 4 3 2 123 012456789 012 0123456789 0123456789
1 1 8 1 4567 012345689 012 0123456789 012456789 012 012345689 01234568
1 1 8 1 7 23456789 012 0123456789 0123456789 0 0 0
1 1 8 1 78 01239 012 01234569 0123456789 0 0 0
1 1 8 1 8 345678 012 0123456789 0123456789 0 0 0
1 1 8 1 89 012389 012 0123456789 0123456789 012 01234569 02346789
1 1 8 12 09 0345678 012 0123456789 0123456789 01 0236 01248
1 1 8 2 01 012345689 012 0123456789 0123456789 0 0 0
1 1 8 2 1 34567 012 0123456789 0123456789 0 0 0
1 1 8 2 1234 0123456789 012 012346789 012345678 0 0 0
1 1 89 02 015 0123489 012 0123456789 0123456789 0 0 0
1 1 9 0 1 23456 012 0123456789 0123456789 0 0 0
1 1 9 0 1 78 012 01234569 012346789 012 012346789 0123456789
1 1 9 0 123 02346789 012 0123456789 0123456789 02 034 023468
1 1 9 0 3 01 01 0126789 0123456789 012 0123456789 0123456789
1 1 9 0 3 1 0 0 012 012 0123456789 0123456789
1 1 9 0 3 1 01 01236789 0123456789 012 012346789 0123456789
1 1 9 0 34 0123456789 012 012345689 012345689 01 0126789 02346789
1 1 9 0 4 23456 012 0123456789 0123456789 0 0 0
1 1 9 0 45 678 012 0123456789 0123456789 0 0 0
1 1 9 0 56 0123789 012 0123456789 0123456789 0 0 0
1 1 9 0 678 02345678 012 0123456789 0123456789 0 0 0
1 1 9 0 8 01234 012 0123456789 0123456789 012 023469 0248
1 1 9 0 89 012456789 012 0123456789 0123456789 0 0 0
1 1 9 01 019 0123456789 012 0123456789 012346789 01 023456 0123468
1 1 9 1 123 0123458 012 0123456789 0123456789 0 0 0
1 1 9 1 345 012456789 012 0123456789 012456789 0 0 0
1 1 9 1 5 12345 012 0123456789 0123456789 0 0 0
1 1 9 1 56 016789 012 0123456789 0123456789 01 0123679 0245689
1 1 9 1 679 123468 012 0123456789 012345689 01 012456789 024568
1 1 9 12 029 012345678 012 012346789 0123456789 0 0 0
1 1 9 2 23 2345678 012 0123456789 0123456789 012 02349 023489
1 1 9 2 345 024568 012 0123456789 0123456789 01 01234679 0234678
1 1 9 2 5 234 012 0123456789 0123456789 012 012345789 012456789
1 12 09 02 0125 0456789 012 0234569 012345678 01 012345689 0123456789
1 2 0 0 2 8 0 0 01 012 0123456789 0123456789
1 2 0 0 2 8 0 0 1234568 012 0123456789 0123456789
1 2 0 0 2 8 0 01 019 012 0123456789 0123456789
1 2 0 0 2 89 012 0123456789 012345678 012 0123456789 0123456789
1 2 0 0 2 9 012 012456789 0123456789 012 0123456789 0123456789
1 2 0 0 23 012346789 012 0123456789 0123456789 012 012346789 02468
1 2 0 0 34567 0123456789 012 0123456789 0123456789 0 0 0
1 2 0 0 78 012346 012 0123456789 0123456789 0 0 0
1 2 0 0 8 345678 01 0123456789 012346789 012 0123456789 0124568
1 2 0 0 89 0289 01 0123456789 0123456789 012 0123456789 023456789
1 2 0 01 1239 01234678 012 0123456789 0123456789 01 012369 0234678
1 2 0 1 3 23456 012 01234569 012346789 012 01234569 01234678
1 2 0 1 3 678 01 0123456789 012346789 012 012345679 0123456789
1 2 0 1 3 8 0 345 0123456789 01 01234569 012345689
1 2 0 1 34569 01234689 012 0123456789 0123456789 01 01236 02468
1 2 0 1 9 34567 012 0123456789 0123456789 0 0 0
1 2 0 1 9 78 012 0123456789 0123456789 0 0 0
1 2 0 12 0129 0123456789 012 0123456789 0123456789 0 0 0
1 2 0 2 2 012 012 0123456789 0123456789 0 0 0
1 2 0 2 23 01234689 012 0123456789 0123456789 0 0 0
1 2 0 2 3 234 012 0123456789 0123456789 0 0 0
1 2 0 2 3 456 012 0123456789 0123456789 0 0 0
1 2 0 2 3 678 012 0123456789 0123456789 0 0 0
1 2 0 2 34 089 012 012346789 0123456789 0 0 0
1 2 0 2 45 01234678 012 0123456789 023456789 0 0 0
1 2 01 02 015 012456789 012 0123456789 01234568 0 0 0
1 2 1 0 1234 012345689 012 012345679 0123456789 012 01246789 024689
1 2 1 0 4 6 012 0123456789 012456789 012 0123456789 023468
1 2 1 0 45 0123678 012 0123456789 0123456789 01 01236 024568
1 2 1 0 5 345689 012 0123456789 0123456789 0 0 0
1 2 1 0 56 01234569 012 012345679 0123456789 01 0123689 01245689
1 2 1 0 67 01246789 012 0123456789 0123456789 012 0123469 0245678
1 2 1 0 7 8 012 0123456789 0123456789 01 0123456789 01245689
1 2 1 0 789 0123489 012 0123456789 0123456789 01 023469 024689
1 2 1 01 09 045689 012 012346789 012345678 012 012346789 01246789
1 2 1 1 012 01234567 012 0123456789 01234678 012 012346789 012346789
1 2 1 1 23 01789 012 01234569 0123456789 01 01269 0234678
1 2 1 1 34 012345689 012 0123456789 0123456789 0 0 0
1 2 1 1 456 012345678 012 0123456789 0123456789 0 0 0
1 2 1 1 67 0123456789 012 0123456789 0123456789 0 0 0
1 2 1 1 78 01246789 012 0123689 01234678 012 0123456789 0123456789
1 2 1 1 8 9 0 0 123 012 0123456789 0123456789
1 2 1 12 089 01269 012 012345679 012345678 012 012456789 0123456789
1 2 1 2 02 01245678 012 0123456789 0123456789 0 0 0
1 2 1 2 2 4567 012 0123456789 0123456789 0 0 0
1 2 1 2 2 78 012 0123456789 0123456789 0 0 0
1 2 1 2 2 8 012 0123456789 0123456789 0 0 0
1 2 1 2 23 012389 012 0123456789 0123456789 0 0 0
1 2 1 2 3 346 012 0123456789 0123456789 0 0 0
1 2 1 2 3 678 012 0123456789 0123456789 0 0 0
1 2 1 2 3 89 012 0123456789 0123456789 0 0 0
1 2 1 2 34 019 012 0123456789 0123456789 0 0 0
1 2 1 2 4 234567 012 012346789 012345678 012 0129 02345678
1 2 12 02 045 01234578 012 0123456789 01245678 01 012346789 01246789
1 2 2 0 0 234568 012 01234569 012345689 012 0123456789 0123456789
1 2 2 0 0 8 0 0 234568 012 0123456789 02468
1 2 2 0 0 8 0 012345678 023456789 012 0123456789 01234678
1 2 2 0 0 8 0 89 045689 012 0123456789 0123456789
1 2 2 0 01 089 012 012346789 012345689 012 012345679 023468
1 2 2 0 1 01 012 0123456789 0123456789 01 02346 04568
1 2 2 0 1 1234 012 0123456789 0123456789 0 0 0
1 2 2 0 1345 01245689 012 0123456789 012345678 0 0 0
1 2 2 0 567 023456789 012 0123456789 0123456789 0 0 0
1 2 2 0 789 012345678 012 0123456789 012346789 0 0 0
1 2 2 01 019 0123489 012 0123456789 0123456789 0 0 0
1 2 2 1 1 2345689 012 0123456789 0123456789 0 0 0
1 2 2 1 1234 024689 012 0123456789 0123456789 0 012 0467
1 2 2 1 4 4 0 2 45 01 0123456789 0123456789
1 2 2 1 4 45 012 0123456789 01246789 012 0123456789 0123468
1 2 2 1 4 56789 012 0123456789 0123456789 0 0 0
1 2 2 1 45 029 012 01234569 023456789 012 012345689 0123456789
1 2 2 1 5 2 1 56 0178 012 0123456789 0123456789
1 2 2 1 5 2 1 678 0123456789 012 0123456789 0123456789
1 2 2 1 5 234 012 0123456789 01234689 012 0123456789 0123456789
1 2 2 1 56 0456 012 0123456789 0123456789 0 0 0
1 2 2 1 6 012345 012 0123456789 012345689 0 0 0
1 2 2 1 6 56789 012 0123456789 0123456789 0 0 0
1 2 2 1 67 01234569 012 0123456789 0123456789 0 0 0
1 2 2 1 78 016789 012 0123456789 0123456789 0 0 0
1 2 2 1 8 123 012 0123456789 0123456789 0 0 0
1 2 2 12 089 0234689 012 0123456789 0123456789 0 0 0
1 2 2 2 012 0123468 012 0123456789 0123456789 0 0 0
1 2 2 2 2 345 012 0123456789 0123456789 0 0 0
1 2 2 2 2 56 012 0123456789 0123456789 0 0 0
1 2 2 2 2 678 012 0123456789 0123456789 01 02 08
1 2 2 2 234 0246789 012 01234569 0123456789 012 0234569 024689
1 2 23 02 045 0234589 012 0123456789 0123456789 01 023469 0248
1 2 3 0 0123 0123468 012 0123456789 0123456789 0 0 0
1 2 3 0 34 012346789 012 012345679 012345678 01 0123456789 0123456789
1 2 3 0 45 019 012 01234569 0123456789 012 0126789 0123456789
1 2 3 0 5 1234 012 0123456789 0123456789 0 0 0
1 2 3 0 5678 0123456789 012 0123456789 0123456789 0 0 0
1 2 3 01 089 026789 012 0123456789 0123456789 0 0 0
1 2 3 1 0 012348 012 0123456789 0123456789 01 01236 02468
1 2 3 1 0 8 012 0123456789 0123456789 01 0123456789 012345689
1 2 3 1 0123 012456789 012 0123456789 012456789 012 0123456789 0123456789
1 2 3 1 34 0678 012 0123456789 0123456789 0 0 0
1 2 3 1 45 012489 012 012346789 0123456789 0 0 0
1 2 3 1 567 012346789 012 0123456789 0123456789 0 0 0
1 2 3 1 7 6 01 0123456789 012346789 01 0123456789 0123456789
1 2 3 1 7 6 1 2 4567 012 0123456789 0123456789
1 2 3 1 7 6 1 2 7 012 0123456789 0123456789
1 2 3 12 0789 0123456789 012 0123456789 023456789 02 045 01234689
1 2 3 2 0 1 01 0123456789 0123456789 0 0 0
1 2 3 2 01 01245689 012 0123456789 0123456789 0 0 0
1 2 3 2 1234 01234568 012 0123456789 0123456789 0 0 0
1 2 3 2 45 0236789 012 0123456789 0123456789 0 0 0
1 2 3 2 5 3 01 0123456789 0123456789 01 01234569 0234678
1 2 34 02 05 012345 012 0123456789 012346789 012 012679 02345678
1 2 4 0 0 234567 012 0123456789 0123456789 0 0 0
1 2 4 0 0 7 01 0123456789 0123456789 0 0 0
1 2 4 0 012 0123456789 012 0123456789 0123456789 0 0 0
1 2 4 0 23 0245689 012 0123456789 0123456789 0 0 0
1 2 4 0 34 012 012 0123456789 0123456789 0 0 0
1 2 4 0 46 01234678 012 0123456789 012345689 0 012 012468
1 2 4 01 06789 012346789 012 0123456789 012456789 01 0236 0248
1 2 4 1 01 0189 012 0123456789 0123456789 01 0123679 023468
1 2 4 1 12 0123456789 012 0123456789 0123456789 0 0 0
1 2 4 1 23 012678 012 0123456789 0123456789 0 0 0
1 2 4 1 345 0123456789 012 0123456789 012456789 0 0 0
1 2 4 1 5 5678 012 0123456789 0123456789 012 0123459 02345678
1 2 4 1 56 089 012 02789 0124678 012 0123456789 0123456789
1 2 4 1 679 012345689 012 0123456789 0123456789 0 0 0
1 2 4 12 09 016789 012 0123456789 0123456789 0 0 0
1 2 4 2 01 0123456789 012 0234679 02345689 012 01234569 0123456789
1 2 4 2 123 02346789 012 0123456789 0123456789 0 0 0
1 2 4 2 34 0123456789 012 01234679 0123456789 01 02679 023468
1 2 4 2 45 01289 012 01234569 0123456789 012 012345679 023468
1 2 45 02 05 01345 012 0123456789 01234678 012 0123469 0234689
1 2 5 0 012 0123456789 012 01234569 0123456789 0 0 0
1 2 5 0 2345 012345678 012 0123456789 012345678 0 0 0
1 2 5 0 56 0126789 012 0123456789 0123456789 0 0 0
1 2 5 0 6 2345 012 0123456789 0123456789 0 0 0
1 2 5 0 67 012356789 012 0123456789 0123456789 0 0 0
1 2 5 0 7 3456 012 0123456789 0123456789 0 0 0
1 2 5 0 789 02456789 012 0123456789 012456789 012 0123469 023468
1 2 5 01 0129 02345689 012 0123456789 02456789 0 0 0
1 2 5 12 0234679 01234689 012 012345679 01245689 0 0 0
1 2 5 2 01 0123489 012 0123456789 0123456789 0 0 0
1 2 5 2 1 4 012 0126789 012345678 01 0123456789 0123456789
1 2 5 2 123 245678 012 0123456789 0123456789 0 0 0
1 2 5 2 34 012345689 012 0123456789 0123456789 0 0 0
1 2 5 2 45 0126789 012 012346789 0123456789 01 023689 02468
1 2 5 2 5 2 01 019 012456789 012 0123456789 0123456789
1 2 5 2 5 2 1 12 0234678 012 01234567 0123456789
1 2 5 2 5 2 1 2 6 012 0123456789 0123456789
1 2 5 2 5 234 012 0123456789 0123456789 02 0345 012345678
1 2 56 012 0123456789 012345689 01 0123456789 01245678 0 0 0
1 2 68 02 012345 012456789 012 012345689 012345678 01 01236 02468
1 2 8 0 0 01 012 0123456789 0123456789 01 026 048
1 2 8 0 0 1 01 0123456789 0123456789 01 02 08
1 2 8 0 0 12345 012 0123456789 0123456789 0 0 0
1 2 8 0 01 0123456789 01 01234569 0123456789 0 0 0
1 2 8 0 12 012456789 012 0123456789 0123456789 012 023459 024568
1 2 8 0 2 3456 01 0123456789 0123456789 0 0 0
1 2 8 0 234 0123456789 012 01234569 01245689 012 012369 0245689
1 2 8 0 456 0123456789 012 0123456789 012346789 0 0 0
1 2 8 0 67 0124568 012 012345679 012346789 01 0123456789 023468
1 2 8 0 7 67 01 0123456 0123456789 012 0123456789 023468
1 2 8 0 7 7 0 56789 0123456789 012 0123469 023468
1 2 8 0 7 7 01 0129 0123456789 012 02369 02468
1 2 8 0 789 012345678 01 012345 0123456789 012 01236789 0245678
1 2 8 0 9 0 01 056789 012346789 012 0123456789 012345678
1 2 8 0 9 0 1 01234567 0123456789 012 0123456789 02456789
1 2 8 0 9 01234 012 0123456789 0123456789 01 0123469 02468
1 2 8 01 09 0123456789 012 0123456789 0123456789 01 012369 012468
1 2 8 1 01 0123456789 01 01234568 0123456789 012 0123456789 02468
1 2 8 1 12 0123456789 01 0123456789 0123456789 01 0123469 024568
1 2 8 1 23 0234789 01 0123456789 012345689 012 0123456789 012468
1 2 8 1 34 0456789 012 0123456789 0123456789 012 0129 023468
1 2 8 1 456 0123456789 012 0123456789 0123456789 0 0 0
1 2 8 1 67 0123456789 012 0123456789 0123456789 012 0123456789 024678
1 2 8 1 7 7 0 345678 0123456789 012 0123456789 024568
1 2 8 1 7 7 01 012389 0123456789 012 0123456789 02345678
1 2 8 1 789 0123456789 012 0123456789 0123456789 012 01245679 02468
1 2 8 12 09 012349 012 0123456789 0123456789 01 0245 0248
1 2 8 2 012 0123456789 012 0123456789 012345678 01 069 02
1 2 8 2 234 0123456789 012 01234569 012456789 012 012345689 012468
1 2 8 2 4 1 0 0 123456 012 0123456789 0123456789
1 2 8 2 4 1 0 0 67 012 0123456789 0123456789
1 2 8 2 4 1 0 0 78 012 0123456789 0234689
1 2 8 2 4 1 0 0 89 012 0123456789 023456789
1 2 8 2 4 1 0 01 09 012 0123456789 012456789
1 2 8 2 4 1 0 1 012 012 0123456789 0234689
1 2 8 2 4 1 0 1 23456 012 0123456789 0123456789
1 2 8 2 4 12 012 012345689 012456789 012 01234679 023468
1 2 8 2 45 0123456789 012 0123456789 0123456789 012 02349 02468
1 2 89 02 015 0123456789 012 0123456789 0123456789 0 0 0
1 2 9 0 123 0123456789 012 0123456789 0123456789 01 012369 02468
1 2 9 0 3 5 012 0123456789 0123456789 012 0123469 01234678
1 2 9 0 34 015678 012 0123456789 0123456789 01 01236 02468
1 2 9 0 4 123456 012 01234569 0123456789 0 0 0
1 2 9 0 45678 0123456789 012 01234689 0123456789 01 023456 02468
1 2 9 01 0189 0123456789 012 01234569 012346789 01 01269 023468
1 2 9 1 123 0123456789 012 023456789 01234689 0 01234567 0123456789
1 2 9 1 3 4 0 3 23 012 0123456789 0123456789
1 2 9 1 3 4 0 3 3 012 0123456789 0123456789
1 2 9 1 3 4 0 3 34 012 0123456789 0123456789
1 2 9 1 3 4 0 3 45 012 0123456789 0123456789
1 2 9 1 3 4 0 3 56 012 0123456789 0123456789
1 2 9 1 3 4 0 3 67 012 0123456789 0123456789
1 2 9 1 3 4 0 3 78 012 0123456789 0123456789
1 2 9 1 3 4 0 3 89 012 0123456789 0123456789
1 2 9 1 3 4 0 34 09 012 0123456789 0123456789
1 2 9 1 3 4 0 4 0 012 0123456789 0123456789
1 2 9 1 3 4 0 4 01 012 0123456789 0123456789
1 2 9 1 3 4 0 4 12 012 0123456789 0123456789
1 2 9 1 3 4 0 4 23 012 0123456789 0123456789
1 2 9 1 3 4 0 4 3 012 0123456789 0123456789
1 2 9 1 3 4 0 4 34 012 0123456789 0123456789
1 2 9 1 3 4 0 4 45 012 0123456789 0123456789
1 2 9 1 3 4 0 4 56 012 0123456789 0123456789
1 2 9 1 3 4 0 4 6 012 0123456789 0123456789
1 2 9 1 3 4 0 4 67 012 0123456789 0123456789
1 2 9 1 3 4 0 4 78 012 0123456789 012456789
1 2 9 1 3 4 0 4 89 012 0123456789 0123456789
1 2 9 1 3 4 0 45 09 012 0123456789 0123456789
1 2 9 1 3 4 0 5 01 012 0123456789 0123456789
1 2 9 1 3 4 0 5 1 012 0123456789 0123456789
1 2 9 1 3 4 0 5 12 012 0123456789 0123456789
1 2 9 1 3 4 0 5 23 012 0123456789 0123456789
1 2 9 1 3 4 0 5 34 012 0123456789 0123456789
1 2 9 1 3 4 0 5 45 012 0123456789 0123456789
1 2 9 1 3 4 0 5 56 012 0123456789 0123456789
1 2 9 1 3 4 0 5 67 012 0123456789 0123456789
1 2 9 1 3 4 0 5 7 012 0123456789 0123456789
1 2 9 1 3 4 0 5 78 012 0123456789 0123456789
1 2 9 1 3 4 0 5 89 012 0123456789 0123456789
1 2 9 1 3 4 0 5 9 012 0123456789 0123456789
1 2 9 1 3 4 0 56 09 012 0123456789 0123456789
1 2 9 1 3 4 0 6 01 012 0123456789 0123456789
1 2 9 1 3 4 0 6 12 012 0123456789 0123456789
1 2 9 1 3 4 0 6 2 01 0123456789 0123456789
1 2 9 1 3 4 0 6 23 012 0123456789 0123456789
1 2 9 1 3 4 0 6 3 12 0123456789 0123456789
1 2 9 1 3 4 0 67 0123456789 012 0123456789 0123456789
1 2 9 1 3 4 0 7 23456789 012 0123456789 0123456789
1 2 9 1 3 4 0 8 0 012 0123456789 0123456789
1 2 9 1 3 4 0 8 01 012 0123456789 0123456789
1 2 9 1 3 4 0 8 12 012 0123456789 0123456789
1 2 9 1 3 4 0 8 23 012 0123456789 0123456789
1 2 9 1 3 4 0 8 34 012 0123456789 0123456789
1 2 9 1 3 4 0 8 45 01 0123456789 0123456789
1 2 9 1 3 4 0 8 56 012 0123456789 0123456789
1 2 9 1 3 4 0 8 67 012 0123456789 0123456789
1 2 9 1 3 4 0 8 78 012 0123456789 0123456789
1 2 9 1 3 4 0 8 8 012 0123456789 0123456789
1 2 9 1 3 4 0 8 89 012 0123456789 0123456789
1 2 9 1 3 4 0 89 09 012 0123456789 0123456789
1 2 9 1 3 4 0 9 0 012 0123456789 0123456789
1 2 9 1 3 4 0 9 01 012 0123456789 0123456789
1 2 9 1 3 4 0 9 12 012 0123456789 0123456789
1 2 9 1 3 4 0 9 2 01 0123456789 0123456789
1 2 9 1 3 4 0 9 23 012 0123456789 0123456789
1 2 9 1 3 4 0 9 34 012 0123456789 0123456789
1 2 9 1 3 4 0 9 4 012 0123456789 0123456789
1 2 9 1 3 4 0 9 45 012 0123456789 0123456789
1 2 9 1 3 4 0 9 5 12 0123456789 0123456789
1 2 9 1 3 4 0 9 567 012 0123456789 012345678
1 2 9 1 3 4 0 9 7 012 0123456789 0123456789
1 2 9 1 3 4 0 9 78 012 0123456789 0123456789
1 2 9 1 3 4 0 9 89 012 0123456789 0123456789
1 2 9 1 3 4 01 09 09 012 0123456789 0123456789
1 2 9 1 3 4 1 0 01 012 0123456789 0123456789
1 2 9 1 3 4 1 0 12 012 012346789 0123456789
1 2 9 1 3 4 1 0 23 012 0123456789 0123456789
1 2 9 1 3 4 1 0 34 012 0123456789 0123456789
1 2 9 1 3 4 1 0 45 012 0123456789 0123456789
1 2 9 1 3 4 1 0 5 01 0123456789 0123456789
1 2 9 1 3 4 1 0 56 012 0123456789 0123456789
1 2 9 1 3 4 1 0 678 012 0123456789 0123456789
1 2 9 1 3 4 1 0 89 012 0123456789 0123456789
1 2 9 1 3 4 1 01 09 012 0123456789 01246789
1 2 9 1 3 4 1 1 012 012 0123456789 0123456789
1 2 9 1 3 4 1 1 234 012 0123456789 0123456789
1 2 9 1 3 4 1 1 456 012 0123456789 0123456789
1 2 9 1 3 4 1 1 67 012 0123456789 0123456789
1 2 9 1 3 4 1 1 7 012 0123456789 0123456789
1 2 9 1 3 4 1 1 789 012 0123456789 0123456789
1 2 9 1 3 4 1 1 9 012 0123456789 0123456789
1 2 9 1 3 4 1 23456789 0123456789 01 0123456789 02345678
1 2 9 1 345 0123456789 012 0123456789 0123456789 01 0789 02346
1 2 9 1 56 0123456789 012 012346789 02345689 0 0 0
1 2 9 1 678 0123456789 012 0123456789 0123456789 0 0 0
1 2 9 1 89 01256789 012 0123456789 023456789 01 012346 024568
1 2 9 12 019 0123456789 012 012345689 0123456789 012 01234569 02345678
1 2 9 2 12 0123456789 012 0123456789 0123456789 0 0 0
1 2 9 2 2 234567 012 0123456789 0123456789 0 0 0
1 2 9 2 23 0789 012 0123456789 0123456789 01 01234689 024689
1 2 9 2 345 0123456789 012 012345679 012345678 01 0123456 0123456789
1 2 9 2 5 0 0 0 0 01 0123456789 0123456789
1 2 9 2 5 0 0 0 01 012 0123456789 0123456789
1 2 9 2 5 0 0 0 1 01 0123456789 0123456789
1 2 9 2 5 0 0 0 12 012 0123456789 0123456789
1 2 9 2 5 0 0 0 23 012 0123456789 0123456789
1 2 9 2 5 0 0 0 34 012 0123456789 012345678
1 2 9 2 5 0 0 0 45 012 0123456789 0123456789
1 2 9 2 5 0 0 0 567 012 0123456789 012456789
1 2 9 2 5 0 0 0 78 012 0123456789 012456789
1 2 9 2 5 0 0 0 89 012 0123456789 0123456789
1 2 9 2 5 0 0 1 012456 01 0123456789 0123456789
1 2 9 2 5 0 0 1234 01245678 012 0123456789 0123456789
1 2 9 2 5 0 0 4567 2345678 012 0123456789 0123456789
1 2 9 2 5 0 0 8 0124678 012 01234569 0123456789
1 2 9 2 5 0 0 89 012389 01 0123456789 0123456789
1 2 9 2 5 0 01 2679 012345678 012 0123456789 0123456789
1 2 9 2 5 01 012 0123459 012345678 012 0123456789 024689
1 23 09 02 05 012345 012 0123456789 0123456789 01 02 08
1 3 0 0 01 01248 012 0123456789 0123456789 01 02345 028
1 3 0 0 1 23456 012 0123456789 0123456789 012 012456789 012346789
1 3 0 0 12 0126789 012 0123456789 0123456789 0 0 0
1 3 0 0 23 0123456789 012 0123456789 0123456789 0 0 0
1 3 0 0 34 016789 01 0123456789 0123456789 012 0269 0248
1 3 0 0 4 1 0 1234567 0123456789 012 02369 02468
1 3 0 0 4 1 01 0789 0123456789 012 01234569 012346789
1 3 0 0 4 1 1 01234 0123456789 012 023456789 012345689
1 3 0 0 4 1 1 4567 0123456789 012 02369 024568
1 3 0 0 4 1 1 78 0123456789 012 012346789 01246789
1 3 0 0 4 1 12 01239 0123456789 012 02369 02468
1 3 0 0 4 1 2 345 0123456789 012 012346789 02468
1 3 0 0 4 123456789 012 0123456789 0123456789 0 0 0
1 3 0 0 4 9 0 012345 0123456789 012 0123456789 012468
1 3 0 0 4 9 0 56789 0123456789 012 01234679 012468
1 3 0 0 4 9 1 012345 0123456789 012 0123456789 012468
1 3 0 0 45 019 012 0123456789 0123456789 0 0 0
1 3 0 0 5 1234 012 0123456789 0123456789 0 0 0
1 3 0 0 56789 0123456789 012 0123456789 0124568 01 01234689 0234689
1 3 0 0 9 4 0 0123456 0123456789 012 012346789 01245689
1 3 0 0 9 4 01 01789 0123456789 012 02346789 012456789
1 3 0 0 9 4 12 0126789 0123456789 012 0123456789 012468
1 3 0 0 9 456 02 01234 0123456789 012 0123456789 02468
1 3 0 01 019 0123456789 012 0123456789 0123456789 01 01269 023468
1 3 0 1 1 01234567 012 012349 0124689 012 0123456789 0123456789
1 3 0 1 1 7 0 0 12 012 0123456789 0123456789
1 3 0 1 1 7 0 01 0123456789 012 0123456789 0123456789
1 3 0 1 1 7 0 1 45 012 0123456789 02468
1 3 0 1 1 7 0 1234 0123456789 012 0123456789 012346789
1 3 0 1 1 7 0 45 089 012 0123456789 0123456789
1 3 0 1 1 7 0 56789 0123456789 012 0123456789 0123456789
1 3 0 1 1 7 012 012346789 0123456789 012 01234689 02468
1 3 0 1 1 7 2 2345 0123456789 012 0123456789 0123456789
1 3 0 1 123 0123456789 012 0123456789 0123456789 012 0123456 0246789
1 3 0 1 345 01234789 012 0123456789 0123456789 0 0 0
1 3 0 1 567 0123456789 012 0123456789 012345678 01 01236 02468
1 3 0 1 7 4 0 012345678 0123456789 01 01236 024568
1 3 0 1 7 456 012 012346789 0123456789 01 01236 024568
1 3 0 1 78 0123456789 012 012346789 0123456789 01 01236 0234678
1 3 0 1 89 012356789 012 0123456789 0123456789 0 0 0
1 3 0 1 9 3456 012 0123456789 0123456789 012 0123469 012456789
1 3 0 12 019 0123456789 012 0123456789 012345678 01 0236 0248
1 3 0 2 1 4 012 0123456789 01246789 01 012346789 01246789
1 3 0 2 123 0123456789 012 01234569 012345689 012 0126789 02468
1 3 0 2 34 0123489 012 012369 0123456789 012 01234569 0123456789
1 3 0 2 4 4 0 34 01245689 012 012345689 0123456789
1 3 0 2 4 4 0 45 012345689 012 0123456789 012345678
1 3 0 2 4 4 0 678 012345689 012 0123456789 01234689
1 3 0 2 4 4 01 012389 012345678 012 0123456789 0123456789
1 3 0 2 4 4 12 046789 02345678 012 0123456789 0123456789
1 3 0 2 4 45678 02 012345 012456789 012 0123456789 0123456789
1 3 0 2 4 8 012 0123456789 012456789 01 02 08
1 3 0 2 45 0123489 012 0123456789 0123456789 0 0 0
1 3 0 2 5 4 01 01345689 023456789 012 012346789 0123456789
1 3 01 02 05 045 01 0123456789 0123456789 01 02 08
1 3 1 0 01 0123456789 012 0123456789 0123456789 0 0 0
1 3 1 0 123 0123456789 012 0123456789 0123456789 0 0 0
1 3 1 0 34 012346789 012 0123456789 012345689 0 0 0
1 3 1 0 56 01245678 012 0123456789 012346789 0 0 0
1 3 1 0 6 23456 012 0123456789 0123456789 0 0 0
1 3 1 0 6 678 012 0123456789 0123456789 0 0 0
1 3 1 0 67 089 012 0123456789 0123456789 0 0 0
1 3 1 0 7 0123 012 0123456789 012346789 0 0 0
1 3 1 0 7 345 012 01234569 0123456789 0 0 0
1 3 1 0 7 5 012 0123456789 0123456789 0 0 0
1 3 1 0 7 5678 012 0123456789 0123456789 0 0 0
1 3 1 0 7 89 012 0123456789 0123456789 0 0 0
1 3 1 0 78 019 012 0123456789 0123456789 0 0 0
1 3 1 0 8 123456 012 0123456789 0123456789 0 0 0
1 3 1 0 89 0126789 012 0123456789 0123456789 0 0 0
1 3 1 01 09 023456789 012 0123456789 0123456789 01 01236 012468
1 3 1 1 0 0123 012 0123456789 0123456789 012 0123456789 0245678
1 3 1 1 0 3456789 012 0123456789 012456789 02 01245 02468
1 3 1 1 012 0123456789 012 0123456789 0123456789 01 0123689 0245678
1 3 1 1 234 0123456789 012 0123456789 0123456789 01 01236 023468
1 3 1 1 4 3456789 012 0123456789 0123456789 0 0 0
1 3 1 1 45 01239 012 0123456789 0123456789 012 0124569 02346789
1 3 1 1 5 345678 012 0123456789 0123456789 0 0 0
1 3 1 1 56 0189 012 0123456789 0123456789 0 0 0
1 3 1 1 6 123456 012 0123456789 0123456789 0 0 0
1 3 1 1 67 0123456789 012 0123456789 0123456789 01 012346 012346789
1 3 1 1 78 012346789 012 012345679 0123456789 01 0123679 02468
1 3 1 1 89 0123456789 012 0123456789 0123456789 01 02 08
1 3 1 12 09 0123678 012 0123456789 0123456789 01 012346 0246789
1 3 1 2 012 0123456789 012 0123456789 0123456789 01 01269 023468
1 3 1 2 2 12 012 0123456789 0123456789 0 0 0
1 3 1 2 2 23456 012 0123456789 0123456789 012 01234569 0123456789
1 3 1 2 2 678 012 0123456789 0123456789 01 0123456789 012346789
1 3 1 2 2 8 1 23456 0123456789 012 0123456789 01234568
1 3 1 2 2 8 12 0126789 0123456789 012 012346789 02468
1 3 1 2 2 89 012 02345 012345689 012 01234569 0123456789
1 3 1 2 2 9 1 23 0129 01 01234569 0123456789
1 3 1 2 2 9 1 3 234 01 01234569 0123456789
1 3 1 2 2 9 1 3 4567 01 0123456789 0123456789
1 3 1 2 2 9 1 34 01234578 01 0123456789 0123456789
1 3 1 2 2 9 1 4 567 01 0123456 0123456789
1 3 1 2 2 9 1 4 789 01 0123456789 0123456789
1 3 1 2 2 9 1 45 09 01 012345679 0123456789
1 3 1 2 2 9 1 5 012 01 0123456789 0123456789
1 3 1 2 2 9 1 56 012346 01 012345679 0123456789
1 3 1 2 2 9 1 6 123 01 01234569 0123456789
1 3 1 2 2 9 1 67 03456789 01 012345679 0123456789
1 3 1 2 2 9 1 7 01267 01 012345679 0123456789
1 3 1 2 2 9 1 7 78 01 012345679 0123456789
1 3 1 2 2 9 1 78 0189 01 0123456789 0123456789
1 3 1 2 2 9 1 8 12345 01 0123456 0123456789
1 3 1 2 2 9 1 8 5689 01 0123456 0123456789
1 3 1 2 2 9 1 89 0129 01 012345679 0123456789
1 3 1 2 2 9 1 9 234 01 0123456789 0123456789
1 3 1 2 2 9 1 9 45 01 0123456789 0123456789
1 3 1 2 2 9 1 9 56 01 0123456789 0123456789
1 3 1 2 2 9 1 9 6789 01 0123456789 0123456789
1 3 1 2 2 9 12 09 0239 01 0123456789 0123456789
1 3 1 2 2 9 2 0 345 01 012345679 0123456789
1 3 1 2 2 9 2 0 56 01 012345679 0123456789
1 3 1 2 2 9 2 0 678 01 012345679 0123456789
1 3 1 2 2 9 2 01 089 01 01234569 0123456789
1 3 1 2 2 9 2 1 012 01 0123456 0123456789
1 3 1 2 2 9 2 1 2345 01 012345679 0123456789
1 3 1 2 2 9 2 1 567 01 01234569 0123456789
1 3 1 2 2 9 2 12 0789 01 0123456 0123456789
1 3 1 2 2 9 2 2 012 01 0123456 0123456789
1 3 1 2 2 9 2 2 234568 01 012345679 0123456789
1 3 1 2 2 9 2 23 0189 01 01234569 0123456789
1 3 1 2 2 9 2 3 12 01 012345679 0123456789
1 3 1 2 2 9 2 3 34 01 01234569 0123456789
1 3 1 2 2 9 2 3 45678 01 012345679 0123456789
1 3 1 2 2 9 2 345 02346789 01 01234569 0123456789
1 3 1 2 23 0129 012 0123459 023456789 01 01234569 0123456789
1 3 1 2 345 0123456789 012 0123456789 0123456789 0 0 0
1 3 1 2 5 0123 012 0123456789 0123456789 012 01234689 02468
1 3 12 02 05 02345 012 0123456789 012456789 012 0269 0248
1 3 2 0 01 01234678 012 0123456789 0123456789 0 0 0
1 3 2 0 1 123 012 0123456789 0123456789 0 0 0
1 3 2 0 12345 0123456789 012 0123456789 0123456789 0 0 0
1 3 2 01 0123456789 0123456789 012 0123456789 012346789 01 01269 023468
1 3 2 1 4 012345678 012 0123456789 0123456789 012 012689 0245678
1 3 2 1 4567 0123456789 012 0123456789 012345678 0 0 0
1 3 2 1 789 0123456789 012 0123456789 0123456789 0 0 0
1 3 2 12 0129 0123456789 012 012346789 012346789 0 0 0
1 3 2 2 23 0123456789 012 0123456789 0123456789 012 02459 0248
1 3 2 2 34 012345789 012 012346789 0123456789 01 02678 0248
1 3 2 2 4 5 0 23456 0123456789 012 012346789 02468
1 3 2 2 4 5 01 23456789 0123456789 012 012346789 02468
1 3 2 2 4 5 12 016789 0123456789 012 0123456789 02468
1 3 2 2 45 0123456789 012 0123456789 012345678 012 0123456789 02468
1 3 23 02 0125 0123456789 012 0123456789 012346789 0 0 0
1 3 3 0 2345678 0123456789 012 012456789 0245678 0 0 0
1 3 3 01 0189 0123456789 012 0123456789 0123456789 01 023469 024689
1 3 3 1 1234 0123456789 012 0123456789 0123456789 0 0 0
1 3 3 1 456 023456789 012 0123456789 012456789 012 029 0248
1 3 3 12 016789 0123456789 012 01234569 012345678 01 012369 0124678
1 3 3 2 1234 0123456789 012 0123456789 02456789 0 0 0
1 3 34 02 05 012345 012 0123456789 012456789 012 0123456789 0123456789
1 3 4 0 0 0 2 12 09 012 0123456789 0123456789
1 3 4 0 01 0123456789 012 0123456789 012345689 012 0123456 0123456789
1 3 4 0 1234 0123456789 012 0123456789 0123456789 0 0 0
1 3 4 0 456 0123456789 012 0123456789 0123456789 01 0123456789 012345689
1 3 4 0 67 012389 012 0123456789 012456789 012 01234689 02468
1 3 4 0 7 3 01 0123456789 0123456789 01 0126789 02468
1 3 4 0 7 3 12 01256789 0123456789 012 01234689 02468
1 3 4 0 7 345 012 01234569 0123456789 012 012346789 0234678
1 3 4 0 7 5 12 01234569 012346789 012 0123456789 012345689
1 3 4 0 789 0123456789 012 0123456789 012456789 012 012346789 01246789
1 3 4 01 019 0123456789 012 0123456789 0123456789 0 0 0
1 3 4 1 12 0129 012 0123456789 0123456789 012 01234679 012468
1 3 4 1 234 0123456789 012 0123456789 0123456789 0 0 0
1 3 4 1 4 4567 012 0123456789 0123456789 0 0 0
1 3 4 1 45 0123456789 01 0123456789 0123456789 01 02456789 02468
1 3 4 1 5 9 01 012789 0123456789 012 0123456789 023456789
1 3 4 1 5 9 1 23456789 0123456789 012 0123456789 01234568
1 3 4 1 56 0123459 012 0123456789 0123456789 01 02346789 0245678
1 3 4 1 678 0123456789 012 0123456789 0123456789 01 012369 02468
1 3 4 1 89 015689 012 0123456789 0123456789 012 0249 02348
1 3 4 1 9 12345 012 0123456789 0123456789 01 0123469 0123456789
1 3 4 1 9 5 1 0 0 01 0123456789 0123456789
1 3 4 1 9 5 1 012345678 012346789 012 0123456789 0123456789
1 3 4 12 09 01256789 012 0123456789 0123456789 0 0 0
1 3 4 2 01 0123456789 012 0123456789 0123456789 0 0 0
1 3 4 2 12 012789 012 0123456789 0123456789 01 02 08
1 3 4 2 2 2 01 01456789 012346789 012 012346789 02345678
1 3 4 2 2 2 1 12345679 0123456789 012 01236789 01234678
1 3 4 2 2 23456789 012 0123456789 0123456789 01 01269 0234689
1 3 4 2 23 019 012 0123456789 0123456789 01 0269 0248
1 3 4 2 3 1 12 0456789 0123456789 01 0269 0248
1 3 4 2 3 1 2 01234 0123456789 01 0123456789 023456789
1 3 4 2 3 12345 012 01234569 0123456789 012 0123456789 0246789
1 3 4 2 3 5678 01 0126789 0123456789 012 012346789 0234568
1 3 4 2 3 8 0 23456789 0123456789 012 02369 02468
1 3 4 2 3 8 01 0123459 0123456789 012 012369 012468
1 3 4 2 3 8 12 0156789 0123456789 012 01234569 0245678
1 3 4 2 34 0189 012 01234569 0123456789 012 02369 02468
1 3 4 2 4 1234 012 0123456789 0123456789 0 0 0
1 3 45 02 0145 0123456789 012 0123456789 0123456789 01 01236 02468
1 3 5 0 123 0123456789 012 0123456789 023456789 01 02 08
1 3 5 0 345678 0123456789 01 0123456789 0123456789 01 012369 0123468
1 3 5 0 8 4 012 0123456789 0123456789 01 0123456 02468
1 3 5 0 8 4567 02 012345 0123456789 012 0123456789 012456789
1 3 5 01 089 0123456789 01 01234569 0123456789 012 012459 0248
1 3 5 1 0 6 01 0123456789 0123456789 0 0 0
1 3 5 1 012 02456789 012 01234569 023456789 012 012346789 0124678
1 3 5 1 23 09 012 01234569 0123456789 012 012349 0245678
1 3 5 1 3 012 012 0123456789 0123456789 01 02 08
1 3 5 1 3 2346 01 01234679 0123456789 01 02 08
1 3 5 1 3456 01246789 012 012346789 0123456789 01 01236 012345678
1 3 5 1 6789 012345689 012 0123456789 0123456789 01 01236 024568
1 3 5 12 019 01456789 012 0123456789 0123456789 0 0 0
1 3 5 2 1234 0123456789 012 0123456789 0123456789 01 02 08
1 3 56 02 045 01249 012 012345679 0123456789 0 0 0
1 3 6 0 0 0 01 012345789 0123456789 0 01234678 012456789
1 3 6 0 0 0 12 0156789 0123456789 012 012346789 012345678
1 3 6 0 012 0124689 012 01234569 0123456789 01 02689 0468
1 3 6 0 2 23 012 0123456789 0123456789 01 0123469 0124689
1 3 6 0 2 3 0 0 012 012 012345679 0123456789
1 3 6 0 2 3 0 0 23456 012 012346789 0123456789
1 3 6 0 2 3 0 01 012346789 012 01234679 0123456789
1 3 6 0 2 3 0 12 01456789 012 0123456789 0123456789
1 3 6 0 2 3 0 2 123456 01 0123456789 0123456789
1 3 6 0 2 3 0 23 02346789 01 01234689 0123456789
1 3 6 0 2 3 0 345 0123456789 012 0123456789 012346789
1 3 6 0 2 3 0 56 01456789 012 012345679 0123456789
1 3 6 01 012369 012346789 01 0123679 0123468 012 0123456789 012345689
1 3 6 1 2 0124 01 01236 0245678 012 0123456789 0123456789
1 3 6 1 234 012345678 012 012345679 0123456789 012 012346789 02345689
1 3 6 1 4 3456 012 01234569 0123456789 01 01234569 012456789
1 3 6 1 45 0123456789 012 0123456789 012456789 01 01234569 0234689
1 3 6 1 567 0123456789 012 0123456789 012345689 01 023456789 02468
1 3 6 1 7 345 01 0123456789 0123456789 012 0123469 02345678
1 3 6 1 7 56789 012 0123456789 0123456789 01 012369 0123456789
1 3 6 12 0789 0123456789 012 0123456789 0123456789 0 0 0
1 3 6 2 01 0123456789 012 0123456789 0123456789 0 0 0
1 3 6 2 1 34567 012 0123456789 0123456789 0 0 0
1 3 6 2 12 012378 012 0123456789 0123456789 0 0 0
1 3 6 2 2 3456 01 0123456789 0123456789 01 026789 02468
1 3 6 2 2 67 012 0123456789 024689 01 0123456789 02468
1 3 6 2 2 7 1 4 012 012 0123456789 02468
1 3 6 2 2 78 01 0469 0234 012 0123456789 02468
1 3 6 2 2 8 012 0123456789 0123456789 0 0 0
1 3 6 2 23 012489 012 0123456789 0123456789 0 0 0
1 3 6 2 3 456789 012 0123456789 0123456789 0 0 0
1 3 6 2 345 023456789 012 0123456789 0123456789 01 012346 024678
1 3 67 02 01235 0123456789 012 012345689 0123456789 0 0 0
1 3 7 0 3 2346789 012 0123456789 0123456789 012 012689 012468
1 3 7 0 345 0123456789 012 0123456789 0123456789 0 0 0
1 3 7 0 56 01234569 012 0123456789 0123456789 012 01236789 02345689
1 3 7 0 67 016789 012 01234569 0123456789 012 01234569 02346789
1 3 7 0 7 1234 012 0123456789 0123456789 012 012346789 012345689
1 3 7 0 7 4 0 345678 01246789 012 0123456789 0123456789
1 3 7 0 7 4 012 01236789 01245678 012 012346789 012345678
1 3 7 0 78 012345678 012 0123456789 0123456789 01 0246789 024678
1 3 7 0 8 3 012 0123456789 0123456789 01 0236 0248
1 3 7 0 8 3 2 12 02345678 012 0123456789 0123456789
1 3 7 0 8 3 2 2 56 012 0123456789 0123456789
1 3 7 0 8 3 2 2 67 012 0123456789 0123456789
1 3 7 0 89 01348 02 0123456 012345678 012 012345689 01234568
1 3 7 01 019 0123456789 012 012346789 023456789 0 0 0
1 3 7 1 1 56789 012 0123456789 0123456789 0 0 0
1 3 7 1 123 012345689 012 0123456789 0123456789 0 0 0
1 3 7 1 3456 0123456789 012 012345689 0123456789 0 0 0
1 3 7 1 67 0123456789 012 012345689 0123456789 0 0 0
1 3 7 1 7 01234567 012 0123456789 0123456789 01 0269 028
1 3 7 1 789 0123456789 012 0123456789 01234568 012 023469 0248
1 3 7 12 0129 0123456789 012 01234569 0123456789 01 02 08
1 3 7 2 2 01 012 0123456789 0123456789 0 012345678 0123456789
1 3 7 2 2 1 0 6 567 012 0123456789 012346789
1 3 7 2 2 1234567 012 012346789 0123456789 01 0123456789 0234568
1 3 7 2 23 01234789 012 012345679 012456789 0 0 0
1 3 7 2 3 45 012 0123456789 0123456789 0 0 0
1 3 7 2 3 56 012 0123456789 0123456789 012 0123469 023468
1 3 7 2 3 6789 012 0123456789 0123456789 0 0 0
1 3 7 2 345 0123456789 012 0123456789 0123456789 0 0 0
1 3 78 02 05 05 012 012349 0123468 012 0123456789 01245678
1 3 8 0 0 012 012 0123456789 012345678 012 0245679 024568
1 3 8 0 0 234567 012 0123456789 012456789 0 0 0
1 3 8 0 012 0123456789 012 0123456789 0123456789 0 0 0
1 3 8 0 23 0123456789 012 012345689 0123456789 0 0 0
1 3 8 0 3 23456 012 0123456789 0123456789 012 01234569 0234568
1 3 8 0 34 01236789 012 0123456789 0123456789 0 0 0
1 3 8 0 45 0123456789 012 0123456789 02346789 01 01236 012345678
1 3 8 0 56 023456789 012 0123456789 023468 0 0 0
1 3 8 0 6 89 012 0123456789 0123456789 0 0 0
1 3 8 0 6789 0123456789 012 0123456789 0123456789 0 0 0
1 3 8 0 9 4567 012 0123456789 02456789 0 0 0
1 3 8 0 9 789 012 0123456789 012456789 0 0 0
1 3 8 01 09 0123456789 012 01234569 0123456789 01 02679 0268
1 3 8 1 01 012389 01 0123456789 0123456789 01 01236 02468
1 3 8 1 1 3 01 0123456789 0123456789 0 0 0
1 3 8 1 1 34567 012 0123456789 0123456789 0 0 0
1 3 8 1 1 78 012 0123456789 012345689 0 0 0
1 3 8 1 12 0189 012 0123456789 0123456789 0 0 0
1 3 8 1 2 1234 012 0123456789 01245678 0 0 0
1 3 8 1 2 4 0 01234567 0123456789 012 012345689 02345689
1 3 8 1 2 4 012 0123456789 0123456789 01 0123469 0245689
1 3 8 1 23 0123456789 012 0123456789 0123456789 0 0 0
1 3 8 1 3 34567 012 0123456789 0123456789 0 0 0
1 3 8 1 34 01789 012 0123456789 0123456789 0 0 0
1 3 8 1 45 12345678 012 012345679 0123456789 0 0 0
1 3 8 1 56 012346789 012 0123456789 0123456789 0 0 0
1 3 8 1 678 0123456789 012 0123456789 0123456789 0 0 0
1 3 8 1 8 56 012 0123456789 01234678 0 0 0
1 3 8 1 89 0123456789 012 012345679 0123456789 01 023469 012468
1 3 8 12 09 012349 012 0123456789 0123456789 01 01269 023468
1 3 8 2 0 456 012 0123456789 0123456789 01 02345679 02468
1 3 8 2 01 012678 012 0123456789 0123456789 02 0245 02458
1 3 8 2 1 23456789 012 0123456789 0123456789 0 0 0
1 3 8 2 12 0123456789 012 0123456789 012345689 01 02 08
1 3 8 2 234 0123456789 012 0123456789 0123456789 0 0 0
1 3 8 2 4 89 01 0123456789 0123456789 012 023456789 02345678
1 3 8 2 4 9 01 0123456789 0123456789 01 01234569 0245678
1 3 8 2 45 029 012 0123456789 0123456789 012 0129 0124678
1 3 8 2 5 2 01 0123456789 0123456789 0 0 0
1 3 8 2 5 2345 012 0123456789 0123456789 0 0 0
1 3 89 02 05 012345 012 0123456789 023456789 01 02346 02468
1 3 9 0 0 45 01 0123456789 0123456789 012 012346789 01234689
1 3 9 0 01 01256789 012 0123456789 0123456789 0 0 0
1 3 9 0 12 012345678 012 012345689 012345678 012 0123469 0245678
1 3 9 0 2 8 012 0123456789 0123456789 01 012369 0124678
1 3 9 0 23 01245689 012 0123456789 0123456789 01 01236 012345689
1 3 9 0 34 012459 012 012345679 0123456789 01 023469 023468
1 3 9 0 4 5 012 012346789 0123456789 012 01234569 024568
1 3 9 0 45 0123456789 012 0123456789 0123456789 012 0123456789 02468
1 3 9 0 56 09 012 0123456789 0123456789 01 012345689 024568
1 3 9 0 6 1234 012 0123456789 0123456789 01 01236789 0124568
1 3 9 0 67 01456789 012 0123456789 0123456789 01 01236 024689
1 3 9 0 7 12 012 0123456789 0123456789 01 01236789 0123456789
1 3 9 0 78 0123456789 012 0123456789 012345689 0 0 0
1 3 9 0 89 01234789 012 0123469 0123456789 012 01234569 0124568
1 3 9 01 09 0123456789 012 012346789 0123456789 0 0 0
1 3 9 1 012 01234568 012 0123456789 0123456789 0 0 0
1 3 9 1 23 0123456789 012 0123456789 012346789 0 0 0
1 3 9 1 3 89 012 01234569 0123456789 01 01236 023468
1 3 9 1 34 0123456789 012 0123456789 02456789 0 0 0
1 3 9 1 45 0123456789 012 012345689 0123456789 012 0126789 024689
1 3 9 1 56 012349 012 0123456789 012346789 012 01234569 02345689
1 3 9 1 67 0123456789 012 0123456789 012345678 01 026789 0124678
1 3 9 1 7 78 012 0123456789 0123456789 012 012349 0234568
1 3 9 1 78 0189 012 0123456789 0123456789 01 01234689 02468
1 3 9 1 89 0123456789 012 0123456789 0123456789 0 0 0
1 3 9 12 0129 012456789 012 0123456789 0123456789 01 01236 024689
1 3 9 2 234 0123456789 012 0123456789 0123456789 0 0 0
1 3 9 2 4 12 012 0123456789 0123456789 0 0 0
1 34 09 02 0145 012345678 012 0123456789 0123456789 0 0 0
1 4 0 0 1 3456 012 0123456789 0123456789 0 0 0
1 4 0 0 1 67 012 0123456789 0123456789 0 0 0
1 4 0 0 1 78 012 0123456789 0123456789 0 0 0
1 4 0 0 1 89 012 0123456789 0123456789 0 0 0
1 4 0 0 12 09 012 0123456789 0123456789 0 0 0
1 4 0 0 234 012345678 012 0123456789 0123456789 0 0 0
1 4 0 0 45678 0123456789 012 012345689 0123456789 01 023469 023468
1 4 0 0 8 3456 01 0123456789 02456789 01 0123456789 023456789
1 4 0 0 89 016789 012 0123456789 0234689 0 0 0
1 4 0 0 9 123456789 012 0123456789 0123456789 0 0 0
1 4 0 0 9 9 012 0123456789 0123456789 0 0 0
1 4 0 01 09 019 012 0123456789 0123456789 012 0249 0248
1 4 0 1 01234 0123456789 012 0123456789 012345678 012 0249 0248
1 4 0 1 45 03456789 012 0123456789 0123456789 0 01234 01246789
1 4 0 1 5 0 2 2 4 012 0123456789 0123456789
1 4 0 1 5 012345 012 0123456789 0123456789 02 0345 02489
1 4 0 1 56 0123456789 012 0123456789 0123456789 0 0 0
1 4 0 1 67 0123489 012 0123456789 0123456789 012 012346789 02468
1 4 0 1 78 0123456789 012 0123456789 0123456789 01 01269 02468
1 4 0 1 89 056789 012 0123456789 0123456789 0 0 0
1 4 0 12 09 0123456789 012 0123456789 0245689 0 0 0
1 4 0 2 0 4567 012 0123456789 0123456789 0 0 0
1 4 0 2 0 789 012 0123456789 0123456789 01 0269 0248
1 4 0 2 01 09 02 01345678 0123456789 012 02369 02468
1 4 0 2 1 0123 012 0123456789 0123456789 0 0 0
1 4 0 2 12 012345678 012 0123456789 0123456789 01 0123679 023468
1 4 0 2 23 0123459 012 0123456789 0123456789 012 029 0248
1 4 0 2 3 56789 012 0123456789 0123456789 0 0 0
1 4 0 2 4 012345 012 0123456789 0123456789 0 0 0
1 4 0 2 4 5678 01 0123456789 012456789 01 0123456789 02468
1 4 0 2 4 8 0 12 0123456789 01 012346 02468
1 4 0 2 4 8 0 23 02345689 01 0123456789 02468
1 4 0 2 4 8 0 3 3456 012 0123456789 02468
1 4 0 2 4 8 0 3 678 012 0123456789 02468
1 4 0 2 4 8 0 34 0189 012 0123456789 02468
1 4 0 2 4 8 0 4 12345678 01 0123456789 02468
1 4 0 2 4 8 0 45 02689 01 012345678 0123456789
1 4 0 2 4 8 0 5 6 01 0123456789 0123456789
1 4 0 2 4 8 0 5 67 012 01234589 0123456789
1 4 0 2 4 8 0 5 7 01 0123456789 0123456789
1 4 0 2 4 8 0 5 7 12 0123456789 0123456789
1 4 0 2 4 8 0 5 78 02 012345678 0123456789
1 4 0 2 4 8 0 5 8 01 0123456789 0123456789
1 4 0 2 4 8 0 5 89 012 01234589 0123456789
1 4 0 2 4 8 0 5 9 01 0123456789 0123456789
1 4 0 2 4 8 0 5 9 12 0123456789 0123456789
1 4 0 2 4 8 0 56 09 02 012345678 0123456789
1 4 0 2 4 8 0 6 0 01 0123456789 0123456789
1 4 0 2 4 8 0 6 01 012 01234589 0123456789
1 4 0 2 4 8 0 6 1 01 0123456789 0123456789
1 4 0 2 4 8 0 6 1 12 0123456789 0123456789
1 4 0 2 4 8 0 6 12 02 012345678 0123456789
1 4 0 2 4 8 0 6 2 01 0123456789 0123456789
1 4 0 2 4 8 0 6 23 012 01234589 0123456789
1 4 0 2 4 8 0 6 3 01 0123456789 0123456789
1 4 0 2 4 8 0 6 3 12 0123456789 0123456789
1 4 0 2 4 8 01 012346789 0123456789 012 0123456789 0123456789
1 4 0 2 4 8 2 012345 0123456789 012 012346789 0245678
1 4 01 02 045 0123456789 012 0123456789 0123456789 012 02679 0234678
1 4 1 0 01 0189 012 012346789 0123456789 01 0123456789 02468
1 4 1 0 1 1 0 345678 0123456789 01 0123456789 0123456789
1 4 1 0 1 1 01 0123456789 0123456789 012 0123456789 01246789
1 4 1 0 123 0123456789 012 0123456789 0123456789 0 0 0
1 4 1 0 345678 012346789 012 01245679 01245689 012 012369 01234678
1 4 1 0 89 0123456789 012 012345689 01245678 01 026789 024689
1 4 1 0 9 45678 012 0123456789 0123456789 012 01234569 012468
1 4 1 0 9 8 012 0123456789 0123456789 01 02346789 0234568
1 4 1 01 09 0189 012 0123456789 0123456789 012 0249 024568
1 4 1 1 0 12345 012 0123456789 0123456789 012 0234569 01248
1 4 1 1 01 012356789 012 0123456789 0123456789 012 0234569 02348
1 4 1 1 12 0123456789 012 0123456789 012346789 0 0 0
1 4 1 1 2 345 012 0123456789 023456789 0 0 0
1 4 1 1 23 0123456789 01 0123456789 0123456789 0 0 0
1 4 1 1 3 6 0 4569 012346789 012 0123456789 012346789
1 4 1 1 3 6 01 09 01289 012 0123456789 0123456789
1 4 1 1 3 6 1 0 23456 012 0123456789 0123456789
1 4 1 1 3 6 1 0 67 012 0123456789 0123456789
1 4 1 1 3 6 1 0 78 012 0123456789 0123456789
1 4 1 1 3 6 1 01 089 012 0123456789 0123456789
1 4 1 1 3 6 1 1 01 012 0123456789 0123456789
1 4 1 1 34 06789 012 0123456789 012345678 012 012456789 023468
1 4 1 1 4 0123456 012 0123456789 0123456789 0 0 0
1 4 1 1 456 02456789 012 0123456789 0123456789 012 024569 024568
1 4 1 1 6 0123456789 012 0123456789 0123456789 0 0 0
1 4 1 1 678 0123456789 012 012345689 012345689 0 03 02
1 4 1 1 89 01239 012 012345689 0123456789 01 0123456789 012345678
1 4 1 1 9 3 012 0123456789 0123456789 012 012369 023468
1 4 1 1 9 3456 012 0123456789 0123456789 012 0246789 024568
1 4 1 12 09 0123456789 012 01234569 0123456789 012 023456789 023468
1 4 1 2 012 0123456789 01 0123456789 0123456789 012 0123456789 0124568
1 4 1 2 2 67 012 0123456789 0123456789 012 012345679 024678
1 4 1 2 2 78 01 0123456789 0123456789 01 069 0246
1 4 1 2 23 023456789 012 0123456789 0123456789 01 012 028
1 4 12 02 0345 0123456789 012 0123456789 01245689 01 01236 012468
1 4 2 0 0 01234 012 012346789 012345689 012 012345679 0123456789
1 4 2 0 01 0123456789 012 0123456789 0123456789 012 0123456789 02468
1 4 2 0 12 0123456789 012 0123456789 012345689 0 0 0
1 4 2 0 2 5678 012 0123456789 0123456789 0 0 0
1 4 2 0 23 012389 012 0123456789 0123456789 0 0 0
1 4 2 0 3 34 012 0123456789 0123456789 0 0 0
1 4 2 0 34 0456789 012 0123456789 0123456789 0 0 0
1 4 2 0 4 01234 012 0123456789 0123456789 01 026 08
1 4 2 0 4 4 12 04569 0124568 012 0123456789 0123456789
1 4 2 0 45 01245678 012 0123456789 0123456789 012 0123459 0123456789
1 4 2 0 56 0123456789 012 01234679 0123456789 01 02689 0124689
1 4 2 0 67 0123789 012 0123456789 0123456789 0 0 0
1 4 2 0 7 34567 012 0123456789 0123456789 012 01234569 012346789
1 4 2 0 7 7 0 012 0123456789 012 0123469 012345689
1 4 2 0 7 7 0 23 01234568 01 0123456789 0123456789
1 4 2 0 7 7 0 3456 01234568 01 0123456789 0123456789
1 4 2 0 7 7 0 67 0125678 01 0123456 0123456789
1 4 2 0 7 7 01 1789 02346 01 0123456789 0123456789
1 4 2 0 7 7 12 0129 0234568 01 012346789 0123456789
1 4 2 0 7 7 2 0 0 012 0123456789 0123456789
1 4 2 0 7 7 2 02 0123458 012 0123456789 0123456789
1 4 2 0 7 7 2 2 56 012 0123456789 0123456789
1 4 2 0 7 7 2 2 6 012 0123456789 0123456789
1 4 2 0 7 7 2 2 67 012 0123456789 0123456789
1 4 2 0 7 7 2 2 78 012 0123456789 0123456789
1 4 2 0 7 7 2 2 8 01 0123456789 0123456789
1 4 2 0 7 7 2 23 089 012 01236789 0123456789
1 4 2 0 7 7 2 3 0 12 0123456789 0123456789
1 4 2 0 7 7 2 3 01 012 0123456789 0123456789
1 4 2 0 7 7 2 3 12 012 0123456789 0123456789
1 4 2 0 7 7 2 3 23 012 012346789 0123456789
1 4 2 0 7 7 2 3 34 012 0123456789 0123456789
1 4 2 0 7 7 2 3 4567 012 0123456789 0123456789
1 4 2 0 7 7 2 3 7 012 0123456789 0123456789
1 4 2 0 78 012789 012 0123456789 012346789 012 012346 012456789
1 4 2 0 89 0123456789 012 0123456789 01245678 0 0 0
1 4 2 01 019 012345689 012 0123456789 0123456789 0 0 0
1 4 2 1 1 1 01 0123456789 0123456789 01 02 08
1 4 2 1 123 01234689 012 012345789 0123456789 01 0269 0468
1 4 2 1 34 0123456789 012 0123456789 0123456789 01 02 08
1 4 2 1 4 67 012 0123456789 0123456789 012 0123469 024689
1 4 2 1 45 02345789 012 0123456789 0123456789 0 0 0
1 4 2 1 56 02356789 012 0123456789 01245678 0 0 0
1 4 2 1 67 012346789 012 0123456789 012346789 0 0 0
1 4 2 1 789 0346789 012 0123456789 012346789 0 0 0
1 4 2 12 09 012345689 012 0123456789 012456789 0 0 0
1 4 2 2 0 12 01 0123456789 0123456789 012 01234689 024689
1 4 2 2 0 2345 012 0123456789 0123456789 012 023469 0234689
1 4 2 2 01 2345678 012 0123456789 0123456789 01 0269 0248
1 4 2 2 1 456 012 01234569 0123456789 0 0 0
1 4 2 2 123 0123456789 012 0123456789 0123456789 0 0 0
1 4 2 2 3 345678 012 0123456789 0123456789 01 01236 02468
1 4 2 2 34 01234589 012 0123456789 012345689 0 0 0
1 4 2 2 4 5678 012 0123456789 0123456789 01 01236 0124568
1 4 2 2 4 89 012 0123456789 0123456789 0 0 0
1 4 2 2 45 09 012 0123456789 0123456789 01 01236 023468
1 4 2 2 5 0 0 34 0346 01 0123456789 0123456789
1 4 2 2 5 0 0 4 67 012 0123456789 0123456789
1 4 2 2 5 0 0 45 678 012 0123456789 012456789
1 4 2 2 5 0 0 5 67 012 0123456789 0123456789
1 4 2 2 5 0 0 5 78 012 0123456789 0123456789
1 4 2 2 5 0 0 5 89 012 0123456789 012456789
1 4 2 2 5 0 0 56 09 012 0123456789 0123456789
1 4 2 2 5 0 0 6 01 012 0123456789 0123456789
1 4 2 2 5 0 0 6 12 012 0123456789 0123456789
1 4 2 2 5 0 0 6 23 012 0123456789 012345689
1 4 2 2 5 0 0 6 3 012 0123456789 0123456789
1 4 2 2 5 0 0 678 0123456789 012 012346789 0245678
1 4 2 2 5 0 01 012345689 0123456789 012 0123456 01234568
1 4 2 2 5 0 1 6 01 012 0123456789 0123456789
1 4 2 2 5 0 1 6 1 012 0123456789 023456789
1 4 2 2 5 0 1 6 12 012 0123456789 0123456789
1 4 2 2 5 0 1 6 23 012 0123456789 012345678
1 4 2 2 5 0 1 6 34 012 0123456789 0123456789
1 4 2 2 5 0 1 6 45 012 0123456789 0123456789
1 4 2 2 5 0 1 6 56 012 0123456789 0123456789
1 4 2 2 5 0 1 6 67 012 0123456789 0123456789
1 4 2 2 5 0 1 6 78 012 0123456789 0123456789
1 4 2 2 5 0 1 6 8 012 0123456789 0123456789
1 4 2 2 5 0 1 6 89 012 0123456789 0123456789
1 4 2 2 5 0 1 67 09 012 0123456789 0123456789
1 4 2 2 5 0 1 7 01 012 0123456789 0123456789
1 4 2 2 5 0 1 7 12 012 0123456789 0123456789
1 4 2 2 5 0 1 7 2 012 0123456789 0123456789
1 4 2 2 5 0 1 7 23 012 0123456789 0123456789
1 4 2 2 5 0 1 7 34 012 0123456789 0123456789
1 4 2 2 5 0 1 7 45 012 0123456789 0123456789
1 4 2 2 5 0 1 7 5 012 0123456789 012456789
1 4 2 2 5 0 1 78 0123456789 012 012345679 0123456789
1 4 2 2 5 0 12 089 0123456789 012 0123469 01234678
1 4 2 2 5 0 2 0 8 012 0123456789 0123456789
1 4 2 2 5 0 2 0 89 012 0123456789 0123456789
1 4 2 2 5 0 2 01 09 012 0123456789 0123456789
1 4 2 2 5 0 2 1 012 012 0123456789 012345678
1 4 2 2 5 0 2 1 23 012 0123456789 0123456789
1 4 2 2 5 0 2 1 34 012 0123456789 0123456789
1 4 2 2 5 0 2 1 45 012 0123456789 012345689
1 4 2 2 5 0 2 1 5678 012 0123456789 0123456789
1 4 2 2 5 0 2 12 0489 012 0123456789 0123456789
1 4 2 2 5 0 2 2 45 012 0123456789 0123456789
1 4 2 2 5 0 2 2 56 012 0123456789 01234568
1 4 2 2 5 0 2 2 67 012 0123456789 0123456789
1 4 2 2 5 0 2 2 78 012 0123456789 0123456789
1 4 2 2 5 0 2 2 89 012 0123456789 023456789
1 4 2 2 5 0 2 23 09 012 0123456789 0123456789
1 4 2 2 5 0 2 3 01 012 0123456789 0123456789
1 4 2 2 5 0 2 3 12 012 0123456789 0123456789
1 4 2 2 5 0 2 3 23 012 0123456789 0123456789
1 4 2 2 5 0 2 3 34 012 0123456789 0123456789
1 4 2 2 5 0 2 3 45 012 0123456789 012456789
1 4 2 2 5 0 2 3 56 012 0123456789 0123456789
1 4 2 2 5 0 2 3 67 012 0123456789 0123456789
1 4 2 2 5 0 2 3 78 012 0123456789 023456789
1 4 2 2 5 0 2 3 89 012 0123456789 0123456789
1 4 2 2 5 01 02 0134 012345689 012 0123456789 0123456789
1 4 2 2 5 1 0 1234 0123456789 012 01234689 0234678
1 4 2 2 5 1 0 4 89 012 0123456789 0123456789
1 4 2 2 5 1 0 4 9 012 0123456789 0123456789
1 4 2 2 5 1 0 45 09 012 0123456789 012345689
1 4 2 2 5 1 0 5 1 012 0123456789 023456789
1 4 2 2 5 1 0 5 12 012 0123456789 0123456789
1 4 2 2 5 1 0 5 23 012 0123456789 0123456789
1 4 2 2 5 1 0 5 34 012 0123456789 012345678
1 4 2 2 5 1 0 5 456 012 0123456789 0123456789
1 4 2 2 5 1 0 5 67 01 0123456789 0123456789
1 4 2 2 5 1 0 5 789 012 0123456789 0123456789
1 4 2 2 5 1 0 56 09 012 0123456789 0123456789
1 4 2 2 5 1 0 6 0124 012 0123456789 01245678
1 4 2 2 5 1 0 6 45 012 0123456789 0123456789
1 4 2 2 5 1 0 6 56 012 0123456789 012345689
1 4 2 2 5 1 0 6 67 012 0123456789 02346789
1 4 2 2 5 1 0 6 78 012 0123456789 0123456789
1 4 2 2 5 1 0 6 89 012 0123456789 0123456789
1 4 2 2 5 1 0 67 09 012 0123456789 0123456789
1 4 2 2 5 1 0 7 01 012 0123456789 0123456789
1 4 2 2 5 1 0 7 123456 012 0123456789 0123456789
1 4 2 2 5 1 0 7 67 012 0123456789 012345689
1 4 2 2 5 1 0 7 78 012 0123456789 012346789
1 4 2 2 5 1 0 7 89 012 0123456789 0123456789
1 4 2 2 5 1 0 78 045689 012 0123456789 0123456789
1 4 2 2 5 1 01 0123489 0123456789 012 01234689 02468
1 4 2 2 5 1 1 46789 012345689 012 0123456789 0123456789
1 4 2 2 5 1 1 9 23 012 0123456789 012345678
1 4 2 2 5 1 1 9 34 012 0123456789 0123456789
1 4 2 2 5 1 1 9 45 012 0123456789 012346789
1 4 2 2 5 1 1 9 56 012 0123456789 0245689
1 4 2 2 5 1 1 9 67 012 0123456789 0123456789
1 4 2 2 5 1 1 9 78 012 0123456789 01246789
1 4 2 2 5 1 1 9 89 012 0123456789 0123456789
1 4 2 2 5 1 12 09 09 012 0123456789 0123456789
1 4 2 2 5 1 2 0 01 012 0123456789 0123456789
1 4 2 2 5 1 2 0 12 012 0123456789 012456789
1 4 2 2 5 1 2 0 23 012 0123456789 0123456789
1 4 2 2 5 1 2 0 3456 012 0123456789 012345689
1 4 2 2 5 1 2 012 012456789 012 0123456789 0123456789
1 4 2 2 5 1 2 2 34 012 0123456789 0123456789
1 4 2 2 5 1 2 2 45 012 0123456789 012346789
1 4 2 2 5 1 2 2 56 012 0123456789 012456789
1 4 2 2 5 1 2 2 678 012 0123456789 01246789
1 4 2 2 5 1 2 2 89 012 0123456789 012345678
1 4 2 2 5 1 2 23 09 012 0123456789 0123456789
1 4 2 2 5 1 2 3 01 012 0123456789 0123456789
1 4 2 2 5 1 2 3 12 012 0123456789 0123456789
1 4 2 2 5 1 2 3 23 012 0123456789 012456789
1 4 2 2 5 1 2 3 34 012 0123456789 0123456789
1 4 2 2 5 1 2 3 45 012 0123456789 01246789
1 4 2 2 5 1 2 3 56 012 0123456789 0123456789
1 4 2 2 5 1 2 3 67 012 0123456789 0123456789
1 4 2 2 5 1 2 3 78 012 0123456789 0123456789
1 4 2 2 5 1 2 3 89 012 0123456789 0123456789
1 4 2 2 5 1 2 34 09 012 0123456789 012345678
1 4 2 2 5 1 2 4 01 012 0123456789 0123456789
1 4 2 2 5 1 2 4 12 012 0123456789 0123456789
1 4 2 2 5 1 2 4 23 012 0123456789 0123456789
1 4 2 2 5 1 2 4 34 012 0123456789 0123456789
1 4 2 2 5 1 2 4 45 012 0123456789 0123456789
1 4 2 2 5 1 2 4 56 012 0123456789 0123456789
1 4 2 2 5 1 2 4 67 012 0123456789 0123456789
1 4 2 2 5 1 2 4 78 012 0123456789 0123456789
1 4 2 2 5 1 2 4 89 012 0123456789 012345678
1 4 2 2 5 1 2 45 09 012 0123456789 0123456789
1 4 2 2 5 1 2 5 012 012 0123456789 0123456789
1 4 2 2 5 1 2 5 23 012 0123456789 012345678
1 4 2 2 5 1 2 5 34 012 0123456789 0123456789
1 4 2 2 5 1 2 5 45 012 0123456789 012346789
1 4 2 2 5 12 02 0125 0123456789 012 0123456789 0123456789
1 4 2 2 5 2 01 0123456789 0123456789 0 0 0
1 4 23 02 05 02345 012 0123456789 0123456789 0 0 0
1 4 3 0 01 0123489 012 0123456789 0123456789 0 0 0
1 4 3 0 1 4 0 456 0123456789 012 0123456789 0123456789
1 4 3 0 1 4 01 0123456789 0123456789 012 012346 012345678
1 4 3 0 1 4 1 678 0123456789 01 0123456789 0123456789
1 4 3 0 12 045678 012 0123456789 0123456789 01 01236 02468
1 4 3 0 2 0 01 0123456789 0123456789 01 01236 02468
1 4 3 0 2 0 12 0123456789 0123456789 01 01236 012468
1 4 3 0 234 012456789 012 0123456789 0123456789 0 0 0
1 4 3 0 456 0123456789 012 0123456789 0123456789 0 0 0
1 4 3 0 6 12345689 012 0123456789 01234678 0 0 0
1 4 3 0 67 01239 012 012345689 0123456789 0 0 0
1 4 3 0 7 3456 012 0123456789 0123456789 0 0 0
1 4 3 0 78 012346789 012 012345679 0123456789 0 0 0
1 4 3 0 8 456 012 0123456789 0123456789 0 0 0
1 4 3 0 89 0126789 012 0123456789 0123456789 01 0269 0468
1 4 3 01 09 0123456789 012 01234569 0123456789 01 012 0248
1 4 3 1 0 567 012 0123456789 012345689 01 026 048
1 4 3 1 01 01234589 012 0123456789 0123456789 0 0 0
1 4 3 1 12 0123456789 012 0123456789 0123456789 01 02 08
1 4 3 1 23 0123456789 012 01234569 0123456789 01 01269 02468
1 4 3 1 34 01789 012 0123456789 0123456789 0 0 0
1 4 3 1 456 012346789 012 0123456789 0234678 0 0 0
1 4 3 1 678 0123456789 012 0123456789 012456789 01 026789 02468
1 4 3 1 89 012345689 012 0123456789 0123456789 01 024569 0245678
1 4 3 12 09 0126789 012 0123456789 0123456789 0 0 0
1 4 3 2 0 234 012 0123456789 0123456789 0 0 0
1 4 3 2 0 45678 012 0123456789 0123456789 0 0 0
1 4 3 2 012 0123456789 012 0123456789 012345678 01 01236 0245678
1 4 3 2 2 3 01 012345689 0123456789 01 0123456789 0123456789
1 4 3 2 234 0123456789 012 023456789 0123456789 0 0 0
1 4 3 2 45 012456789 012 0123456789 0123456789 0 0 0
1 4 3 2 5 2345 012 0123456789 012346789 012 01234679 012346789
1 4 4 0 0 012 012 0123456789 0123456789 012 0123469 0123456789
1 4 4 0 0 2 2 3 0123456789 012 0123469 0123456789
1 4 4 0 01 0123456789 012 0123456789 0123456789 012 0123469 0123456789
1 4 4 0 1 123456 012 0123456789 0123456789 0 0 0
1 4 4 0 12 06789 012 01234689 02345689 012 01234569 0123456789
1 4 4 0 2 0 0 0 1234 012 01234569 0123456789
1 4 4 0 2 0 0 01 01245689 012 0123456789 0123456789
1 4 4 0 2 0 0 12 23456 012 012346789 0123456789
1 4 4 0 2 0 0 2345678 02345678 012 0123456789 0123456789
1 4 4 0 2 0 01 089 02345689 012 0123456789 0123456789
1 4 4 0 2 01 012 0123456789 012345689 012 0123456789 012346789
1 4 4 0 23 0123456789 012 0123456789 0123456789 0 0 0
1 4 4 0 3 1 01 012789 0123456789 012 01234689 0123456789
1 4 4 0 3 1 1 23456789 0123456789 012 01234679 0234678
1 4 4 0 3 1 12 01239 0123456789 012 0123456789 023456789
1 4 4 0 3 1234 012 0234569 0123456789 01 0123456789 012345689
1 4 4 0 3 456 01 012345689 0123456789 012 0123456789 01234689
1 4 4 0 3 6 012 0123456789 0123456789 012 012369 0234678
1 4 4 0 34 0123456789 012 01234569 0123456789 012 012346789 0123468
1 4 4 0 4 89 012 0123456789 012345689 012 02369 02468
1 4 4 0 45 01234569 012 0123456789 0123456789 012 01234679 0234568
1 4 4 0 5 6 01 0123456789 0123456789 0 0 0
1 4 4 0 56 0123456789 012 0123456789 012456789 0 0 0
1 4 4 0 67 0123456789 012 0123456789 023456789 01 026 048
1 4 4 0 7 9 01 0123456789 0123456789 0 0 0
1 4 4 0 78 019 012 0123456789 0123456789 0 0 0
1 4 4 0 8 12345678 012 0123456789 0123456789 012 012369 02468
1 4 4 01 089 0123456789 012 0123456789 0123456789 0 0 0
1 4 4 1 0 12456 012 0123456789 0123456789 0 0 0
1 4 4 1 012 0126789 012 0123456789 0123456789 0 0 0
1 4 4 1 2 12345 012 0123456789 0123456789 01 02469 0248
1 4 4 1 2 5 0 12345678 0123456789 012 02369 02468
1 4 4 1 2 5 01 012389 0123456789 012 02369 02468
1 4 4 1 2 5 1 345678 0123456789 012 02369 02468
1 4 4 1 2 56 012 012345689 0123456789 01 012369 02468
1 4 4 1 23456 0123456789 012 0123456789 0123456789 01 01236789 02468
1 4 4 1 67 0126789 012 0123456789 0123456789 012 01234679 02468
1 4 4 1 7 2345678 01 0123456789 0123456789 01 01236789 02468
1 4 4 1 7 8 0 0 56789 012 0123456789 02468
1 4 4 1 7 8 0 012 0123456789 012 012346789 0124689
1 4 4 1 7 8 0 2345 0123456789 012 012346789 0123456789
1 4 4 1 789 023456789 012 012345689 0123456789 01 02 08
1 4 4 1 9 0123456 01 012346789 0123456789 012 01234569 012468
1 4 4 1 9 6789 012 0123456789 0123456789 0 0 0
1 4 4 12 09 0123456789 012 0123456789 0123456789 012 0129 01234568
1 4 4 2 0 8 2 01 0189 012 0123456789 0123456789
1 4 4 2 0 8 2 1234 0123456789 012 0123456789 01245689
1 4 4 2 01 01289 012 0123456789 0123456789 01 0123469 0234689
1 4 4 2 12 0123456789 012 0123456789 012456789 012 012346789 0234568
1 4 4 2 2 345 012 0123469 0123456789 012 012346789 02456789
1 4 4 2 23 01256789 012 0123456789 0123456789 01 0123456789 0123456789
1 4 4 2 34 02346 012 0123456789 0123456789 012 01236789 012456789
1 4 4 2 45 01346789 012 012346789 0123456789 01 0123469 02468
1 4 45 02 015 0123456789 012 0123456789 0123456789 0 0 0
1 4 5 0 1 234 012 0123456789 0123456789 01 01236 02468
1 4 5 0 123 0123456789 012 0123456789 01245689 01 02 08
1 4 5 0 3456 0123456789 012 0123456789 0123456789 01 01236 02468
1 4 5 0 6 0123456789 012 0123456789 0123456789 01 023456 012468
1 4 5 0 67 02346789 012 0123456789 0123456789 0 0 0
1 4 5 0 7 9 012 0123456789 0123456789 0 0 0
1 4 5 01 01789 0123456789 012 0123469 01234689 0 0 0
1 4 5 1 123456789 0123456789 012 0123456789 0123456789 01 02346 024689
1 4 5 12 0129 0123689 01 0123456789 0123456789 01 023469 012468
1 4 5 2 2 456 012 0123456789 0123456789 01 02 08
1 4 5 2 23 01236789 01 0123 0124689 012 0123456789 0123456789
1 4 5 2 3 3456789 012 012346789 012456789 012 01234569 01234678
1 4 5 2 3 9 012 012345689 0123456789 012 0123456789 0124678
1 4 5 2 34 019 012 012345689 0123456789 012 012345689 023456789
1 4 5 2 4 12345678 012 0123456789 0123456789 0 0 0
1 4 56 02 045 0123459 012 0123456789 0123456789 01 01236 02468
1 4 6 0 01 0123456789 012 012346789 012345678 01 02 08
1 4 6 0 1 6789 02 012345678 0123456789 01 01236789 012468
1 4 6 0 1 9 01 01234589 0123456789 012 012346789 01234678
1 4 6 0 1 9 12 01256789 0123456789 012 023469 024678
1 4 6 0 12 012349 012 0123456789 0123456789 01 0123679 02468
1 4 6 0 3456 0123456789 012 0123456789 0123456789 01 012369 024689
1 4 6 0 67 06789 02 01234 0123456789 01 0123469 012345689
1 4 6 0 7 0 0 34567 0123456789 012 0123456789 0123456789
1 4 6 0 7 0 01 0123456789 0123456789 01 029 028
1 4 6 0 7 01 012 0123456789 0123456789 012 0126789 024568
1 4 6 0 7 12345 012 0123456789 0123456789 01 01236 02468
1 4 6 0 7 5 1 3 012346 01 0123456789 02468
1 4 6 0 7 5 1 3456 0123456789 01 0123456 02468
1 4 6 0 7 5 1 6 012 01 0123456789 02468
1 4 6 0 7 5 1 6 345678 012 0123456789 02468
1 4 6 0 7 5 1 67 02489 012 0123456789 02468
1 4 6 0 7 5 1 78 01245689 01 0123456789 02468
1 4 6 0 7 5 1 8 23456 012 0123456789 02468
1 4 6 0 7 5 1 89 016789 01 0123456 02468
1 4 6 0 7 5 12 09 0123456789 01 012346 02468
1 4 6 0 7 5 2 01 012346789 01 0123456789 02468
1 4 6 0 7 5 2 123 0123456789 01 012346 02468
1 4 6 0 7 56789 02 0345 0123456789 01 012346 02468
1 4 6 0 8 012 0 012345 012345678 012 0123456789 0123456789
1 4 6 0 8 23 012 0123456789 0123456789 012 012369 02345689
1 4 6 0 8 345 012 0123456789 0123456789 0 0 0
1 4 6 0 8 5678 012 0123456789 0123456789 0 0 0
1 4 6 01 089 0123456789 012 0123456789 0123456789 012 0126789 02456789
1 4 6 1 01 0123456789 012 0123456789 0123456789 01 01236 023468
1 4 6 1 1 2 01 0123456789 0123456789 0 0 0
1 4 6 1 1 2345 012 0123456789 0123456789 0 0 0
1 4 6 1 12 056789 012 0123456789 0123456789 012 02349 01234568
1 4 6 1 23 0123456789 012 012345689 0123456789 0 0 0
1 4 6 1 345 0123456789 012 01234679 0123456789 01 01236 012468
1 4 6 1 56 0123456789 012 0123456789 0123456789 0 0 0
1 4 6 1 67 0123456789 012 0123456789 0123456789 012 012346789 0234678
1 4 6 1 7 2 01 01236789 012345689 012 0123456789 0123456789
1 4 6 1 78 023456789 012 0123456789 012456789 012 0123456789 0246789
1 4 6 1 8 5678 012 012345689 0123456789 012 012345679 0123456789
1 4 6 1 8 8 0 0 012456 012 0123456789 012345689
1 4 6 1 8 8 0 01234569 0123456789 012 012346789 0123456789
1 4 6 1 8 8 01 019 023456789 012 0123456789 02456789
1 4 6 1 89 01234589 012 012346789 0123456789 012 012346 024689
1 4 6 12 09 01235678 012 0123456789 012346789 0 0 0
1 4 6 2 012 0123456789 012 0123456789 02345689 0 0 0
1 4 6 2 2 012 012 0123456789 0123456789 01 02 08
1 4 6 2 23 0123456789 012 0123456789 0123456789 01 0269 0248
1 4 6 2 34 012345678 012 0123456789 0123456789 0 0 0
1 4 6 2 4 7 1 01234 0123456789 012 01234569 012345689
1 4 6 2 4 7 1 6 01234 012 0123456789 024568
1 4 6 2 4 7 1 67 0123456789 012 0123456789 0123456789
1 4 6 2 4 7 1 78 0123456789 012 0123456789 0123456789
1 4 6 2 4 7 1 89 01256789 012 0123456789 0123456789
1 4 6 2 4 7 12 09 02346 012 0123456789 0123456789
1 4 6 2 4 7 2 0 012345 012 0123456789 01234678
1 4 6 2 4 789 012 029 0245678 012 0123456789 0245678
1 4 6 2 45 0123459 012 0123456789 0123456789 01 01234569 01246789
1 4 67 02 05 015 012 0123456789 0123456789 012 012346789 01245678
1 4 7 0 012 0123456789 012 0123456789 0123456789 0 0 0
1 4 7 0 2 124678 012 0123456789 012346789 012 012689 01246789
1 4 7 0 234 0123456789 012 0123456789 0123456789 0 0 0
1 4 7 0 4 567 012 0123456789 0123456789 0 0 0
1 4 7 0 45 089 012 0123456789 0123456789 0 0 0
1 4 7 0 56 0123456789 012 0123456789 0123456789 012 02346789 024678
1 4 7 0 67 0123456789 012 0123456789 0123456789 01 02 08
1 4 7 0 7 5 012 0123456789 0123456789 01 012345689 0234568
1 4 7 0 7 5 2 01 019 012 0123456789 0123456789
1 4 7 0 7 5 2 1 1234 012 0123456789 0123456789
1 4 7 0 7 5 2 1 45678 012 0123456789 0123456789
1 4 7 0 7 5 2 12 0189 012 0123456789 0123456789
1 4 7 0 7 5 2 2345 0123456789 012 012345689 023456789
1 4 7 0 7 5678 012 0123456789 0123456789 012 01234689 023456789
1 4 7 0 7 89 012 0123456789 0123456789 01 0234 01245678
1 4 7 0 7 9 0 012345 0123456789 012 0123456789 0123456789
1 4 7 0 789 0123456789 012 0123456789 0123456789 0 0 0
1 4 7 0 9 0123456 012 0123456789 0123456789 01 023469 02468
1 4 7 01 019 0123456789 012 0123456789 0123456789 0 0 0
1 4 7 1 12 0123456789 012 0123456789 012346789 01 02346 02468
1 4 7 1 23 0456789 012 0123456789 0123456789 01 01236 024568
1 4 7 1 3 12345 012 0123456789 0123456789 012 012369 02468
1 4 7 1 3 5 012 0123456789 0123456789 012 0123456789 023456789
1 4 7 1 3 56 012 0123456789 0123456789 012 012456789 01245678
1 4 7 1 34 0123456789 012 023456789 0234568 01 0123456789 0123456789
1 4 7 1 456 023456789 012 012345689 0123456789 012 012345679 0123456789
1 4 7 1 6 01 012 0123456789 0123456789 0 0 0
1 4 7 1 678 0123456789 012 01234569 012346789 0 0 0
1 4 7 1 8 2345 01 0123456789 0123456789 01 023 012689
1 4 7 1 8 5 12 0123456789 0123456789 012 0124679 0124568
1 4 7 1 8 56789 012 0123456789 0123456789 0 0 0
1 4 7 1 89 0123459 012 012345679 0123456789 012 01234569 01246789
1 4 7 12 09 0123456789 012 0123456789 0123456789 0 0 0
1 4 7 2 0123 0123456789 012 0123456789 0123456789 0 0 0
1 4 7 2 3 45 012 0123456789 0123456789 01 01236 02468
1 4 7 2 3 567 012 0123456789 023456789 01 01236 0123468
1 4 7 2 34 0123789 012 0123456789 0123456789 012 02369 02468
1 4 7 2 4 3 0 12 0123456789 012 02346789 0234568
1 4 7 2 4 3 0 2345 0123456789 012 0236789 02468
1 4 7 2 4 3 0 5678 0123456789 012 02346789 024568
1 4 7 2 4 3 01 089 0123456789 012 012346789 0124568
1 4 7 2 4 3 1 012 0123456789 012 01234689 024689
1 4 7 2 4 3 1 2345 0123456789 012 023469 02468
1 4 7 2 4 3 1 567 012345678 012 0123469 023456789
1 4 7 2 4 3 12 012789 0123456789 012 0123469 02468
1 4 7 2 4 3489 012 012345679 0123456789 012 01236789 0245678
1 4 7 2 4 9 01 0123456789 0123456789 012 012345679 02468
1 4 78 02 045 0123459 012 0123456789 0123456789 0 0 0
1 4 8 0 01345 01256789 012 012345689 0123456789 01 02345689 0245689
1 4 8 0 5 12 02 05 012345 012 0123456789 0123456789
1 4 8 0 5 23456789 01 0123456789 0123456789 0 0 0
1 4 8 0 56 012349 012 0123456789 0123456789 012 0269 02468
1 4 8 0 67 012456789 012 01234569 0123456789 012 012369 023468
1 4 8 0 7 23467 012 0123456789 0123456789 0 0 0
1 4 8 0 7 78 012 0123456789 0123456789 012 0123469 02468
1 4 8 0 78 01245689 012 0123456789 0123456789 0 0 0
1 4 8 01 089 0123456789 012 0123456789 0123456789 0 0 0
1 4 8 1 0 67 01 0123456789 0123456789 01 01236 0234568
1 4 8 1 01 0123789 01 0123456789 0123456789 0 01 01234568
1 4 8 1 12 02345678 012 012689 024689 012 0123456789 0123456789
1 4 8 1 2 2 0 0134 01234689 012 0123456789 0123456789
1 4 8 1 23 023456789 012 0123456789 0123456789 01 02789 0246789
1 4 8 1 3 56789 012 0123456789 0123456789 01 0123456789 012345689
1 4 8 1 3 9 01 012349 012345689 012 0123456789 0123456789
1 4 8 1 34 012349 012 012345689 0123456789 012 012346789 0234689
1 4 8 1 45 0123456789 012 012345679 0123456789 01 02345689 0123456789
1 4 8 1 5 3 0 23456789 0123456789 012 012346789 0123456789
1 4 8 1 5 3456 012 0123456789 0123456789 0 0 0
1 4 8 1 56 012346789 012 0123456789 0123456789 012 012349 02468
1 4 8 1 6 4567 012 0123456789 0123456789 012 02459 0248
1 4 8 1 67 0123456789 012 012345689 0123456789 01 02 08
1 4 8 1 78 01789 012 0123456789 0123456789 012 0123469 02345678
1 4 8 1 89 0123456789 012 0123456789 0123456789 0 0 0
1 4 8 12 09 0123456789 012 0123456789 012345689 0 0 0
1 4 8 2 01 01234789 012 0123456789 0123456789 0 0 0
1 4 8 2 12 012456789 012 0123456789 0123456789 0 0 0
1 4 8 2 2 234 012 0123456789 0123456789 0 0 0
1 4 8 2 2 456 012 0123456789 0123456789 0 0 0
1 4 8 2 23 06789 012 0123456789 0123456789 01 01236 02468
1 4 8 2 3 0 0 1234 0123456789 012 0123456789 0123456789
1 4 8 2 3 0 0 4 56 012 0123456789 0123456789
1 4 8 2 3 0 01 012456789 0123456789 012 0123456789 0123456789
1 4 8 2 3 0123456 012 01234569 0123456789 012 024569 02348
1 4 8 2 3 6 012 0123456789 0123456789 0 0 0
1 4 8 2 34 0123456789 012 0123456789 0123456789 0 0 0
1 4 8 2 4 67 012 0123456789 0123456789 0 0 0
1 4 8 2 45 0123789 012 01234569 012345678 012 01234569 01245689
1 4 8 2 5 3 012 01234569 0123456789 012 0123456789 024568
1 4 89 02 05 012345 012 0123456789 0123456789 01 01236 0234568
1 4 9 0 0 345 012 01234789 0123456789 012 012346789 012346789
1 4 9 0 0 5 01 0123456789 0123456789 012 012345689 02468
1 4 9 0 0 56 012 0123456789 0123456789 01 012345679 02468
1 4 9 0 0 6 0 01234 0123456789 01 0123456789 012345689
1 4 9 0 0 6 0 456 0123456789 012 0123456789 012346789
1 4 9 0 0 6 0 678 0123456789 012 0123456789 0123456789
1 4 9 0 0 6 0 8 12345678 012 0123456789 0123456789
1 4 9 0 0 6 01 0123489 0123456789 01 012356789 02468
1 4 9 0 0 6 1 45 02345678 012 01234569 0123456789
1 4 9 0 0 6 1 567 0123456789 012 0123456789 0234568
1 4 9 0 0 6 1 78 012345678 012 0123456789 0123456789
1 4 9 0 0 67 012 01234589 0123456789 012 012346789 02468
1 4 9 0 0 78 012 0123456789 0123456789 01 023456789 02468
1 4 9 0 01 019 012 0123456789 0123456789 012 0123469 0234678
1 4 9 0 1 1 0 23456 0123456789 012 0123456789 0234678
1 4 9 0 1 1 01 016789 0123456789 01 012345689 02345678
1 4 9 0 1 1 1 12345678 0123456789 01 0123456789 02468
1 4 9 0 1 1 12 0123489 0123456789 012 0123456789 012346789
1 4 9 0 1 12 012 0123456789 012346789 012 01236789 01245678
1 4 9 0 1 23 012 0123456789 0123456789 01 01236789 024568
1 4 9 0 1 34 012 012456789 0123456789 01 0123469 02468
1 4 9 0 1 4 0 234567 0123456789 01 0123456789 012468
1 4 9 0 1 4 01 012789 0123456789 012 0123456789 0123456789
1 4 9 0 1 4 12 01234569 0123456789 012 0123456789 012456789
1 4 9 0 1 456 02 012345 0123456789 012 0123456789 0123456789
1 4 9 0 1 678 012 0123456789 0123456789 01 0123469 02468
1 4 9 0 1 89 012 01234569 0123456789 01 01234569 012456789
1 4 9 0 12 0129 012 0123456789 0123456789 0 0 0
1 4 9 0 2 234 01 0123456789 0123456789 01 01236 023468
1 4 9 0 23 0123456789 012 012346789 0123456789 01 01234679 024689
1 4 9 0 3 34 01 02346 0123456789 012 0123456789 02468
1 4 9 0 3 4 0 01 01239 012 0123456789 02456789
1 4 9 0 3 4 0 12 03456789 012 0123456789 02345689
1 4 9 0 3 4 0 23 0123456789 012 01234689 02468
1 4 9 0 3 4 0 3456 02456789 012 0123456789 02346789
1 4 9 0 3 456 012 012345679 0123456789 012 012346789 024568
1 4 9 0 34 06789 012 0123456789 0123456789 01 02 08
1 4 9 0 45 0123456789 012 0123456789 0123456789 01 02 08
1 4 9 0 5 1234567 012 012345689 0123456789 01 023 0128
1 4 9 0 5 7 01 023456789 0123456789 012 0123456789 0123456789
1 4 9 0 56 01234789 012 0123456789 0123456789 01 02346 02468
1 4 9 0 67 0145689 012 0123456789 012456789 01 0123456789 01245689
1 4 9 0 7 1234567 012 0123456789 012345689 012 0123456789 024678
1 4 9 0 7 789 012 0123456789 0123456789 01 01236 02468
1 4 9 0 78 012345679 012 0123456789 0123456789 0 0 0
1 4 9 0 8 78 012 012346789 0123456789 01 01269 02468
1 4 9 0 89 012689 012 01236789 0123456789 012 02456789 024568
1 4 9 0 9 6 01 134689 0234568 012 0123456789 0123456789
1 4 9 0 9 6 1 123467 02346789 012 0123456789 02345689
1 4 9 0 9 6 1 7 678 012 0123456789 0123456789
1 4 9 0 9 6 12 0789 0124689 012 0123456789 0123456789
1 4 9 0 9 6 2 0 23456 012 0123456789 0123456789
1 4 9 0 9 67 02 012 01246789 012 0123456789 012345689
1 4 9 01 09 0789 012 012345689 0123456789 012 01234689 02468
1 4 9 1 0 0 0 12 0124789 012 0123456789 012345689
1 4 9 1 0 01 01 0123456789 0123456789 02 024 0248
1 4 9 1 0 1234 012 0123456789 0123456789 0 0 0
1 4 9 1 0 4 012 0123456789 0123456789 0 0 0
1 4 9 1 01 012456789 012 0123456789 012346789 0 0 0
1 4 9 1 1 2 012 0123456789 0123456789 0 0 0
1 4 9 1 1 34567 012 0123456789 0123456789 01 023469 012468
1 4 9 1 12 0789 012 0123456789 0123456789 0 0678 024568
1 4 9 1 2 0123456 012 0123456789 0123456789 012 0123456789 0234678
1 4 9 1 23 016789 012 0123456789 0123456789 01 01269 02468
1 4 9 1 3 1234567 01 0123456789 0123456789 01 02346 01248
1 4 9 1 34 0123789 012 0123456789 0123456789 012 01234689 01234689
1 4 9 1 456 0123456789 012 0123456789 0123456789 0 0 0
1 4 9 1 67 0123456789 012 0123456789 0123456789 0 0 0
1 4 9 12 0789 012456789 012 0123456789 0123456789 0 0 0
1 4 9 2 0 2 01 01234569 0123468 012 0123456789 01245689
1 4 9 2 01 0123456789 012 0123456789 012345689 012 0123456789 012345689
1 4 9 2 123 0123456789 012 0123456789 0123456789 01 01236 012468
1 4 9 2 3 4567 012 012345689 0123456789 01 01234689 02345678
1 4 9 2 34 0123456789 012 0123456789 0123456789 01 029 028
1 45 09 02 045 0123456789 012 0123456789 02346789 01 02 08
1 5 0 0 01234 0123456789 012 0123456789 0123456789 01 026789 02468
1 5 0 0 56789 0123456789 012 0123456789 0123456789 0 0 0
1 5 0 01 09 0123456789 012 012345679 012345689 012 02689 02456789
1 5 0 1 0 567 012 0123456789 0123456789 0 0 0
1 5 0 1 01 012789 012 0123456789 012345678 0 0 0
1 5 0 1 12 012345678 012 0123456789 0123456789 012 02459 02348
1 5 0 1 2 9 012 0123456789 012346789 01 0123679 0123468
1 5 0 1 23 0123456789 012 0123456789 0123456789 012 0123456789 012468
1 5 0 1 34567 0123456789 012 01234569 012345678 0 0123 012345678
1 5 0 1 7 1 0 6 6 012 0123456789 0123456789
1 5 0 1 7 1 0 678 026789 012 0123456789 0123456789
1 5 0 1 7 1 01 089 01246789 012 0123456789 012345689
1 5 0 1 7 123456 01 0123456789 0123456789 012 0123456789 0123456789
1 5 0 1 78 0123456789 012 0123456789 0123456789 0 0 0
1 5 0 1 89 0124568 012 012345679 0123456789 01 0236 0248
1 5 0 12 0129 0123456789 012 0123456789 012345678 0 0 0
1 5 0 2 2 2 0 012345 0123456789 012 023469 02468
1 5 0 2 2 2 01 0123456789 0123456789 01 012346789 02468
1 5 0 2 2 2 12 012345679 0123456789 012 012345689 023468
1 5 0 2 2 2345678 012 0123456789 023456789 01 02 0248
1 5 0 2 23 089 012 0123456789 023468 01 02 08
1 5 0 2 34 01234678 012 012346789 0123456789 01 02346789 01234689
1 5 0 2 4 12 012 0123456789 0123456789 0 0 0
1 5 0 2 45 0123456789 012 0123456789 0123456789 01 02 08
1 5 0 2 5 1234 012 0123456789 0123456789 0 0 0
1 5 01 02 013568 01234568 012 0123456789 012345689 012 029 0248
1 5 1 0 8 0 01 256789 0123456789 012 0123456789 012345689
1 5 1 0 89 012456789 012 01234689 01234678 01 0123456789 012346789
1 5 1 01 09 0123456789 012 0123456789 01245689 0 0 0
1 5 1 1 01 012345678 012 0123456789 0123456789 01 0269 0468
1 5 1 1 12 0123456 012 012345679 0123456789 0 0 0
1 5 1 1 23 0123456789 012 0123456789 0123456789 012 0123469 02468
1 5 1 1 3 345678 012 0123456789 012345689 0 0 0
1 5 1 1 34 0123456789 012 0123456789 0123456789 012 012349 0234568
1 5 1 1 45 0123456789 012 0123456789 0123456789 01 0236 02468
1 5 1 1 5 8 012 0123456789 0123456789 0 0 0
1 5 1 1 56 0123456789 012 012345689 012456789 012 02459 02348
1 5 1 1 678 0123456789 012 0123456789 012346789 01 023469 02468
1 5 1 1 8 123456 012 0123456789 0123456789 0 0 0
1 5 1 1 8 6 01 01234589 0123456789 01 0123689 0123456789
1 5 1 1 8 6 1 567 0123456789 012 012345689 0123456789
1 5 1 1 8 6 1 78 089 012 012345689 0123456789
1 5 1 1 8 6 1 8 012345 012 012345689 0123456789
1 5 1 1 8 6 12 01289 0123456789 01 01234689 0123456789
1 5 1 1 89 01236789 012 0123456789 0123456789 0 0 0
1 5 1 12 09 023456 012 0123456789 0123456789 01 01234689 02345678
1 5 1 2 0 6 0 3 456 01 0123456789 0123456789
1 5 1 2 0 6 01 0123456789 0123456789 01 02789 012345678
1 5 1 2 0123 0123456789 012 0123456789 0123456789 01 02 08
1 5 1 2 3 456 012 0123456789 0123456789 01 012456789 02345689
1 5 1 2 3 67 012 0123456789 0123456789 012 023456 0123468
1 5 1 2 34 078 012 0123456789 0123456789 01 02 08
1 5 1 2 4 0 01 0123456789 0123456789 012 012346789 02468
1 5 1 2 4 01 012 0123456789 0123456789 01 0236 0248
1 5 1 2 4 1 012 0123456789 0123456789 0 0 0
1 5 1 2 4 12 02 012345678 0123456789 0 0 0
1 5 1 2 4 2 012 0123456789 0123456789 0 0 0
1 5 1 2 4 23 02 012345 0123456789 012 0234569 012468
1 5 1 2 4 3 01 0145689 0123456789 012 0123456789 012346789
1 5 1 2 4 3 12 0123456789 0123456789 01 02369 0248
1 5 1 2 4 34 02 01234567 0123456789 01 012346 02468
1 5 1 2 4 4 012 012346789 0123456789 01 02 08
1 5 1 2 4 45 02 0123456 0123456789 01 02679 023468
1 5 1 2 4 5 01 016789 0123456789 01 0123456789 0123456789
1 5 1 2 4 5 12 0123456789 0123456789 012 012349 023456789
1 5 1 2 4 67 012 0123456789 0123456789 0 0 0
1 5 1 2 4 7 01 0123456789 0123456789 0 0 0
1 5 1 2 4 7 12 0123789 0123456789 012 012345689 0123456789
1 5 1 2 4 78 02 0123456789 0123456789 01 0123456 0123456789
1 5 1 2 4 8 0 9 6 012 0123456789 0123456789
1 5 1 2 4 8 0 9 67 012 0123456789 0123456789
1 5 1 2 4 8 01 09 01789 012 0123456789 0123456789
1 5 1 2 4 8 1 0 123 012 0123456789 0123456789
1 5 1 2 45 0189 01 01234689 0123456789 012 0123456789 0123456789
1 5 1 2 5 123 012 0123456789 0123456789 01 01236 02468
1 5 12 02 01235 0123456789 012 0123456789 0123456789 0 0 0
1 5 2 0 3 2345678 012 01234569 0123456789 0 0 0
1 5 2 0 345 0123456789 012 0123456789 012346789 0 0 0
1 5 2 0 5 0123 01 0123456789 0123456789 01 01236 023468
1 5 2 0 56 0123456 012 0123456789 012346789 01 01236 023468
1 5 2 0 6 2345 012 0123456789 0123456789 01 01236 02468
1 5 2 0 678 0123456789 012 012345689 0123456789 0 0 0
1 5 2 0 8 456789 012 0123456789 0123456789 0 0 0
1 5 2 0 8 9 012 0123456789 0123456789 01 02346 0248
1 5 2 01 089 0123456789 012 0123456789 0123456789 01 026789 02468
1 5 2 1 0 1234 012 023456789 0123456789 012 01234569 012345678
1 5 2 1 01 01456789 012 01234569 012346789 012 0123456789 012345689
1 5 2 1 1 1 012 0123456789 0123456789 0 0 0
1 5 2 1 1 12345 012 0123456789 0123456789 01 026789 02468
1 5 2 1 123 0123456789 012 012345689 0123456789 012 01234569 0124689
1 5 2 1 34 0123456789 012 0123456789 0123456789 01 02 08
1 5 2 1 456 0123456789 01 0123456789 0123456789 0 0 0
1 5 2 1 6789 0123456789 012 0123456789 0123456789 01 01269 023468
1 5 2 12 09 01245678 012 0123456789 0123456789 01 02346 0248
1 5 2 2 012 045678 012 0123456789 023456789 012 02346789 01234678
1 5 2 2 23 089 01 0123456789 0123456789 012 0249 0248
1 5 2 2 3 012 012 0123456789 0123456789 012 0123469 01245678
1 5 2 2 3 23 012 0123456789 0123456789 012 012345679 02468
1 5 2 2 3 3456789 012 012345679 0123456789 0 0 0
1 5 23 02 01345 0123456789 012 012345689 012345689 0 0 0
1 5 3 0 12 0123456789 012 012345679 012345678 0 0 0
1 5 3 0 2 456789 012 0123456789 012345689 0 0 0
1 5 3 0 23 01239 012 0123456789 0123456789 0 0 0
1 5 3 0 34 012345678 012 0123456789 0123456789 0 0 0
1 5 3 0 4 345 012 0123456789 0123456789 0 0 0
1 5 3 0 45 0156789 012 0123456789 0123456789 01 01236 02468
1 5 3 0 5 12345 012 0123456789 0123456789 012 029 0248
1 5 3 0 56 045678 01 0123456789 01234678 0 0 0
1 5 3 0 67 02789 012 0123456789 0123456789 01 0269 0248
1 5 3 0 7 2 0 01234 0123456789 012 02369 0248
1 5 3 0 7 2 01 0123456789 0123456789 01 0269 0248
1 5 3 0 78 02345678 012 01234569 0123456789 01 0269 0248
1 5 3 0 8 0 01 0123456789 0123456789 0 0 0
1 5 3 0 89 01245689 012 0123456789 0123456789 01 013456789 012456789
1 5 3 0 9 2 0 01234 0234678 012 0123456789 0123456789
1 5 3 0 9 2 0 45 012346789 012 0123456789 012456789
1 5 3 0 9 2 01 1256789 0123456789 012 012346789 0124568
1 5 3 0 9 23456 012 0123456789 012345678 0 0 0
1 5 3 0 9 678 012 0123456789 0123456789 0 0 0
1 5 3 01 019 0123456789 012 0123456789 0123456789 0 0 0
1 5 3 12 12459 012345678 012 0123456789 0123456789 012 0123469 024568
1 5 34 02 05 0145 01 0123456789 0123456789 012 01234569 012346789
1 5 4 0 0 123456 012 0123456789 0123456789 0 0 0
1 5 4 0 0 6 01 0123456789 0123456789 01 01236 023468
1 5 4 0 0 67 012 0123456789 0123456789 01 0123689 02468
1 5 4 0 01 089 012 0123456789 012456789 012 012345689 02468
1 5 4 0 1 012 012 0123456789 0123456789 01 01234689 024689
1 5 4 0 1 23 012 0123456789 0123456789 01 02679 02468
1 5 4 0 1 34 02 0124 01246789 012 0123456789 02345689
1 5 4 0 1 4 0 0 23456 012 0123456789 02468
1 5 4 0 1 4 0 01 06789 012 0123456789 02468
1 5 4 0 1 4 0 1 0123 012 0123456789 02345678
1 5 4 0 1 4 0 1 3456 012 0123456789 0234568
1 5 4 0 1 4 0 12 06789 012 0123456789 012468
1 5 4 0 1 4 0 2 0123 012 0123456789 0234689
1 5 4 0 1 4 0 2 345 012 0123456789 0123456789
1 5 4 0 1 4 0 2 567 012 0123456789 0123456789
1 5 4 0 1 4 0 2 789 012 0123456789 0123456789
1 5 4 0 1 4 0 23 0129 012 0123456789 012456789
1 5 4 0 1 4 0 3 234 012 0123456789 01245678
1 5 4 0 1 4 0 3 456 012 0123456789 0123456789
1 5 4 0 1 4 0 3 678 012 0123456789 0123456789
1 5 4 0 1 4 0 34 089 012 0123456789 0123456789
1 5 4 0 1 4 0 4 01 012 0123456789 0123456789
1 5 4 0 1 4 0 4 123 012 0123456789 0123456789
1 5 4 0 1 4 0 4 3456 012 0123456789 02345678
1 5 4 0 1 4 0 45 06789 012 0123456789 01234568
1 5 4 0 1 4 0 5 01234 012 0123456789 0123468
1 5 4 0 1 4 0 5 456789 012 0123456789 02468
1 5 4 0 1 4 0 56 0129 012 0123456789 02468
1 5 4 0 1 4 0 6 234 012 0123456789 02346789
1 5 4 0 1 4 0 6 456 012 0123456789 0123456789
1 5 4 0 1 4 0 6 678 012 0123456789 0123456789
1 5 4 0 1 4 0 67 089 012 0123456789 0123456789
1 5 4 0 1 4 0 7 012 012 0123456789 012345678
1 5 4 0 1 4 0 7 234 012 0123456789 0123456789
1 5 4 0 1 4 0 7 456 012 0123456789 023456789
1 5 4 0 1 4 0 7 678 012 0123456789 0123456789
1 5 4 0 1 4 0 78 0189 012 0123456789 0123456789
1 5 4 0 1 4 0 8 1234 012 0123456789 0245689
1 5 4 0 1 4 0 8 4567 012 0123456789 012468
1 5 4 0 1 4 0 89 0123456789 012 0123456789 0124689
1 5 4 0 1 4 01 09 01239 012 0123456789 02468
1 5 4 0 1 4 1 01 03456789 012 0123456789 0246789
1 5 4 0 1 4 1 1 01234 012 0123456789 02468
1 5 4 0 1 4 1 1 4567 012 0123456789 0123468
1 5 4 0 1 4 1 12 012789 012 0123456789 02468
1 5 4 0 1 4 1 2 234 012 0123456789 0245678
1 5 4 0 1 4 1 2 45678 012 0123456789 012456789
1 5 4 0 1 4 1 2 89 012 0123456789 0123456789
1 5 4 0 1 4 1 23 0129 012 0123456789 0123456789
1 5 4 0 1 4 1 3 2345 012 0123456789 023456789
1 5 4 0 1 4 1 3 5678 012 0123456789 0123456789
1 5 4 0 1 4 1 3 89 012 0123456789 023456789
1 5 4 0 1 4 1 34 019 012 0123456789 0123456789
1 5 4 0 1 4 1 4 123 012 0123456789 012345689
1 5 4 0 1 4 1 4 345 012 0123456789 0123456789
1 5 4 0 1 4 1 4 567 012 0123456789 0123456789
1 5 4 0 1 4 1 4 789 012 0123456789 0123456789
1 5 4 0 1 4 1 45 09 012 0123456789 0123456789
1 5 4 0 1 4 1 5 012 012 0123456789 012456789
1 5 4 0 1 4 1 5 234 012 0123456789 0123456789
1 5 4 0 1 4 1 5 456 012 0123456789 0123456789
1 5 4 0 1 4 1 5 678 012 0123456789 012346789
1 5 4 0 1 4 1 56 089 012 0123456789 0123456789
1 5 4 0 1 4 1 6 012 012 0123456789 0123456789
1 5 4 0 1 4 1 6 23 012 0123456789 023456789
1 5 4 0 1 4 1 6 345 012 0123456789 0123456789
1 5 4 0 1 4 1 6 567 012 0123456789 0123456789
1 5 4 0 1 4 1 67 012345678 012 0123456789 012345678
1 5 4 0 1 4 1 78 02346789 012 0123456789 02468
1 5 4 0 1 4 1 89 0123456789 012 0123456789 0123468
1 5 4 0 1 4 12 09 0123456789 012 0123456789 02468
1 5 4 0 1 4 2 012 023456789 012 0123456789 0124568
1 5 4 0 1 4 2 2 4567 012 0123456789 0124689
1 5 4 0 1 4 2 23 01789 012 0123456789 0234568
1 5 4 0 1 4 2 3 1234 012 0123456789 023456789
1 5 4 0 1 4 2 3 4567 012 0123456789 0234568
1 5 4 0 1 4 2 3 789 012 0123456789 024568
1 5 4 0 1 4 2 34 0129 012 0123456789 0234568
1 5 4 0 1 4 2 4 2345 012 0123456789 024568
1 5 4 0 1 4 2 4 5678 012 0123456789 024689
1 5 4 0 1 4 2 45 0189 012 0123456789 0245678
1 5 4 0 1 4 2 5 2345 012 0123456789 0124689
1 5 4 0 1 456 012 01234569 0123456789 012 0123469 024689
1 5 4 0 1 6 01 0123456789 0123456789 012 012349 02345678
1 5 4 0 1 67 012 0123456789 0123456789 0 0 0
1 5 4 0 1 78 012 0123456789 0123456789 01 0123679 0245689
1 5 4 0 1 8 0 01234 012345678 012 012346789 01234678
1 5 4 0 1 8 012 012456789 0123456789 01 0123456789 02468
1 5 4 0 12 0189 012 0123456789 0123456789 0 0 0
1 5 4 0 2 12 012 0123456789 012456789 012 012369 023468
1 5 4 0 2 234 012 0123456789 012456789 012 0123469 0123456789
1 5 4 0 2 4 0 0 1234567 012 012346789 012345678
1 5 4 0 2 4 0 01 012789 012 0123456789 0123456789
1 5 4 0 2 4 0 1 23456 012 0123456789 01234568
1 5 4 0 2 4 0 12 06789 012 0123456789 0123456789
1 5 4 0 2 4 0 2 0123456 012 0123456789 0123456789
1 5 4 0 2 4 0 23 0123456789 012 0123456789 0124689
1 5 4 0 2 4 0 34 0123456789 012 0123456789 0234568
1 5 4 0 2 4 0 45 0123456789 012 0123456789 02345678
1 5 4 0 2 4 0 5 56789 012 0123456789 023456789
1 5 4 0 2 4 0 56 0123456789 012 0123456789 0124678
1 5 4 0 2 4 0 67 01234589 012 0123456789 0123456789
1 5 4 0 2 4 0 78 0156789 012 0123456789 0123456789
1 5 4 0 2 4 0 8 123456789 012 0123456789 012345678
1 5 4 0 2 4 0 89 01234569 012 0123456789 0123456789
1 5 4 0 2 45 01 0129 01246789 012 0123456789 023456789
1 5 4 0 2 5 0 0 012 012 0123456789 012456789
1 5 4 0 2 5 0 0 234 012 0123456789 0123456789
1 5 4 0 2 5 0 0 456 012 0123456789 0123456789
1 5 4 0 2 5 0 0 678 012 0123456789 0123456789
1 5 4 0 2 5 0 01 089 012 0123456789 0123456789
1 5 4 0 2 5 0 1 01 012 0123456789 0123456789
1 5 4 0 2 5 0 1 123 012 0123456789 0123456789
1 5 4 0 2 5 0 1 345 012 0123456789 0123456789
1 5 4 0 2 5 0 1 56 012 0123456789 0123456789
1 5 4 0 2 56 01 01236 0246789 012 0123456789 0123456789
1 5 4 0 2 6 0 0 012 012 0123456789 012345689
1 5 4 0 2 6 0 0 2345 012 0123456789 012345678
1 5 4 0 2 6 0 0 56 012 0123456789 0123456789
1 5 4 0 2 6 0 0 678 012 0123456789 0123456789
1 5 4 0 2 6 0 01 0126789 012 012345689 012345689
1 5 4 0 2 6 0 12 01789 012 0123456789 0123456789
1 5 4 0 2 6 0 2 12 012 0123456789 0123456789
1 5 4 0 2 6 0 2 234 012 0123456789 0123456789
1 5 4 0 2 6 0 23 245678 012 012345689 0123456789
1 5 4 0 2 6 0 3 2 01 0123456789 0123456789
1 5 4 0 2 6 0 3 23 012 0123456789 0123456789
1 5 4 0 2 6 0 3 3 01 0123456789 0123456789
1 5 4 0 2 6 0 34 03468 012 0123456789 0123456789
1 5 4 0 2 6 0 4 8 01 0123456789 0123456789
1 5 4 0 2 6 0 4 8 12 0123456789 0123456789
1 5 4 0 2 6 0 4 89 02 01234567 0123456789
1 5 4 0 2 6 0 4 9 01 0123456789 0123456789
1 5 4 0 2 6 0 45678 0245689 012 01234569 0123456789
1 5 4 0 2 6 01 0189 012345678 01 0123456 0123456789
1 5 4 0 2 678 012 0123456789 0123456789 01 026 048
1 5 4 0 2 89 012 0123456789 0123456789 01 01234689 02346789
1 5 4 0 23 09 012 0123456789 0123456789 0 0 0
1 5 4 0 3 0123456 012 0123456789 0123456789 0 0 0
1 5 4 0 3 678 012 0123456789 0123456789 0 0 0
1 5 4 0 34 089 012 0123456789 0123456789 0 0 0
1 5 4 0 4 012 012 0123456789 0123456789 01 0123456789 0234568
1 5 4 0 4 234 012 0123456789 0123456789 01 01236 02468
1 5 4 0 4 45 012 0123456789 0123456789 01 012369 02468
1 5 4 0 4 56 012 0123456789 0123456789 01 0123456 012468
1 5 4 0 4 67 01 012346789 0123456789 01 01234689 012468
1 5 4 0 4 78 01 02345679 0123456789 012 0123456789 024678
1 5 4 0 4 8 01 23456789 023456789 012 0123456789 0245689
1 5 4 0 4 8 1 678 0123456789 012 0123456789 0123456789
1 5 4 0 4 89 012 012345689 0123456789 01 0123456789 02456789
1 5 4 0 45 09 012 0123456789 0123456789 01 01236 02468
1 5 4 0 5 0 12 0123469 0123456789 01 01234567 0123456789
1 5 4 0 5 01 02 012 02345689 01 0123456789 0123456789
1 5 4 0 5 1 01 123456789 0123456789 01 01236789 02468
1 5 4 0 5 12 012 0123459 0123456789 012 0123456789 012346789
1 5 4 0 5 23 01 0123456789 0123456789 012 0123469 012468
1 5 4 0 5 34 012 0129 01234568 01 0123456789 012345678
1 5 4 0 5 4 0 01 012346789 012 0123456789 01246789
1 5 4 0 5 4 0 12 0145678 012 0123456789 0123456789
1 5 4 0 5 4 0 2 1 01 0123456789 0123456789
1 5 4 0 5 4 0 2 1 12 0123456789 0123456789
1 5 4 0 5 4 0 2 12456789 012 012345679 0123456789
1 5 4 0 5 4 0 23 0123459 012 012346789 0123456789
1 5 4 0 5 4 0 3 67 012 0123456789 0123456789
1 5 4 0 5 4 0 3 789 012 0123456789 0123456789
1 5 4 0 5 4 0 34 019 012 0123456789 0123456789
1 5 4 0 5 4 0 4 123456 012 012346789 0123456789
1 5 4 0 5 4 0 45 678 012 0123456789 0123456789
1 5 4 0 5 4 0 5 67 012 0123456789 0123456789
1 5 4 0 5 4 0 5 789 012 0123456789 0123456789
1 5 4 0 5 4 0 56 09 012 0123456789 0123456789
1 5 4 0 5 4 0 6 01 012 0123456789 0123456789
1 5 4 0 5 4 0 6 12 012 0123456789 0123456789
1 5 4 0 5 4 0 6 23 012 0123456789 0123456789
1 5 4 0 5 4 0 6 34567 012 0123456789 0123456789
1 5 4 0 5 4 0 67 278 012 0123456789 0123456789
1 5 4 0 5 4 0 7 23 012 0123456789 0123456789
1 5 4 0 5 4 0 7 345 012 0123456789 0123456789
1 5 4 0 5 4 0 7 567 012 0123456789 0123456789
1 5 4 0 5 4 0 78 01789 012 0123456789 0123456789
1 5 4 0 5 4 0 8 12345 012 0123456789 0123456789
1 5 4 0 5 4 0 8 5678 012 0123456789 0123456789
1 5 4 0 5 4 0 89 0189 012 0123456789 0123456789
1 5 4 0 5 4 0 9 1234 012 0123456789 0123456789
1 5 4 0 5 4 01 01239 0245689 01 012345679 0123456789
1 5 4 0 5 4 1 3 0123 01 0123456789 0123456789
1 5 4 0 5 4 1 346 01234678 01 0123456789 0123456789
1 5 4 0 5 4 1 6 2345 012 0123456789 0123456789
1 5 4 0 5 4 1 6 5678 012 0123456789 0123456789
1 5 4 0 5 4 1 67 01289 012 0123456789 0123456789
1 5 4 0 5 4 12 0179 0234689 012 0123456789 0123456789
1 5 4 0 5 45 012 012345689 012456789 012 01234569 0123456789
1 5 4 0 5 56 012 0123456789 0123456789 012 012345689 012468
1 5 4 0 5 67 012 012345689 0123456789 012 01269 02468
1 5 4 0 5 78 012 0123456789 0123456789 012 0123456789 012345678
1 5 4 0 5 89 012 012345689 0123456789 01 026789 02468
1 5 4 0 56 019 012 0123456789 0123456789 012 0249 0248
1 5 4 0 6 1 01 0123456789 0123456789 012 01234569 02468
1 5 4 0 6 12 012 0123489 012345678 012 0123456789 012346789
1 5 4 0 6 2 0 3 4567 012 0123456789 0124678
1 5 4 0 6 2 0 34 01789 012 0123456789 01234689
1 5 4 0 6 2 0 4 123456789 012 0123456789 0245689
1 5 4 0 6 2 012 0123456789 0123456789 01 0123456789 02468
1 5 4 0 6 234 012 0123456789 0123456789 01 023469 024678
1 5 4 0 6 456 012 0123456789 023456789 012 012456789 012456789
1 5 4 0 6 6 012 0123456789 012345689 012 01234569 0123456789
1 5 4 0 6 6 2 4 67 01 0123456789 0123456789
1 5 4 0 67 06789 012 012346789 012345678 012 0123456789 0123456789
1 5 4 0 7 01 012 01234569 0123456789 012 0123456789 012345678
1 5 4 0 7 123 012 0123456789 0123456789 012 0246789 024678
1 5 4 0 78 01346 012 0123456789 0123456789 01 01236 012468
1 5 4 0 8 12 012 01236789 0123456789 01 01236 02468
1 5 4 0 8 23 012 0123456789 0123456789 01 01236 012468
1 5 4 0 8 34 012 0123456789 0123456789 01 02346 024568
1 5 4 0 8 456 01 0123456789 0123456789 01 01236 012468
1 5 4 0 8 678 012 0123456789 0123456789 012 01234569 01234689
1 5 4 0 8 89 01 0123456789 0123456789 01 01236 012468
1 5 4 0 89 019 012 0123456789 0123456789 0 0 0
1 5 4 0 9 12 012 0123456789 0123456789 012 0123469 02468
1 5 4 0 9 23 012 0123456789 0123456789 01 026789 02468
1 5 4 0 9 34 01 0123456789 0123456789 0 0 0
1 5 4 01 019 0123456 012 0123456789 0123456789 01 023456 024689
1 5 4 1 12 0456789 012 0123456789 0123456789 0 0 0
1 5 4 1 2 01246 012 0126789 023456789 01 012345679 0123456789
1 5 4 1 245679 0234678 012 012345689 0123456789 012 0129 023468
1 5 4 1 9 34 012 0123456789 0123456789 0 0 0
1 5 4 1 9 456 012 0123456789 0123456789 01 0124569 0234689
1 5 4 1 9 67 02 0123456789 0123456789 012 01234569 0234568
1 5 4 1 9 78 01 01234569 0123456789 012 01234679 012468
1 5 4 12 09 089 012 0123456789 0123456789 0 0 0
1 5 4 2 0 01 012 0123456789 0123456789 0 0 0
1 5 4 2 0 12 01 0123456789 0123456789 012 01234569 0123468
1 5 4 2 0 23 01 0123456789 0123456789 012 02456789 02468
1 5 4 2 0 345 012 0123456789 0123456789 012 02459 0123458
1 5 4 2 0 567 012 0123456789 0123456789 0 0 0
1 5 4 2 0 789 012 0123456789 0123456789 0 0 0
1 5 4 2 01 09 012 0123456789 0123456789 01 01236 012468
1 5 4 2 1 01 012 012346789 0123456789 012 01234569 023468
1 5 4 2 1 1234 012 0123456789 0123456789 012 0129 023468
1 5 4 2 1 4567 012 0123456789 0123456789 0 0 0
1 5 4 2 12 01789 012 0123456789 012345678 0 0 0
1 5 4 2 2 123 012 0123456789 0123456789 012 01234569 02468
1 5 4 2 23 234568 012 0123456789 0123456789 0 0 0
1 5 45 02 034 0126789 01 012346789 0123456789 012 0123456789 02468
1 5 5 0 0 2 1 67 03456789 012 0123456789 02468
1 5 5 0 0 2 1 789 012345689 012 0123456789 02468
1 5 5 0 01 0123456789 012 012346789 0123456789 01 023456 012468
1 5 5 0 12 09 01 0123456789 0123456789 0 0 0
1 5 5 0 2 0123456 012 0123456789 0123456789 0 0 0
1 5 5 0 2 67 012 0123456789 0123456789 0 0 0
1 5 5 0 2 789 012 0123456789 0123456789 0 0 0
1 5 5 0 23 0129 012 0123456789 0123456789 0 0 0
1 5 5 0 34 023456789 012 0123456789 0123456789 0 0 0
1 5 5 0 4 56 012 0123456789 0123456789 01 01236 0246789
1 5 5 0 45 0123456789 012 01234569 0123456789 012 02459 01248
1 5 5 0 56 012389 012 0123456789 0123456789 0 0 0
1 5 5 0 6 3456789 012 0123456789 0123456789 01 02 08
1 5 5 0 6789 012345689 012 0123456789 0123456789 012 0129 0268
1 5 5 0 9 1234 01 0123456789 0123456789 02 02 04
1 5 5 01 09 0245678 012 0123456789 0123456789 0 0 0
1 5 5 1 0 2 012 0123456789 0123456789 01 02 08
1 5 5 1 0 23 012 0123456789 0123456789 0 0 0
1 5 5 1 01 0123456789 012 0123456789 012346789 01 01269 02468
1 5 5 1 1 34567 012 0123456789 0123456789 01 01236 02468
1 5 5 1 1 7 01 0123456789 0123456789 01 01236 023468
1 5 5 1 12 012345678 012 012345679 0123456789 01 01236 024568
1 5 5 1 23 0123678 012 0123456789 0123456789 0 0 0
1 5 5 1 3 3456 012 012345689 0123456789 012 0123469 0246789
1 5 5 1 34 06789 012 012346789 0123456789 01 029 028
1 5 5 1 45 0123456789 012 0123456789 02345678 0 0 0
1 5 5 1 56 0123456789 012 0123456789 0123456789 0 0 0
1 5 5 1 6789 012456789 01 01234569 012345678 01 023456 012468
1 5 5 1 9 0 0 01 012345678 01 0123456789 0123456789
1 5 5 1 9 0 0 12 0123489 01 0123456789 0123456789
1 5 5 1 9 0 0 23 0123459 01 0123456789 0123456789
1 5 5 1 9 0 0 3 5678 01 0123456789 0123456789
1 5 5 1 9 0 0 34 012389 01 0123456789 0123456789
1 5 5 1 9 0 0 45 03456789 01 0123456789 0123456789
1 5 5 1 9 0 0 5 012 012 0123456789 0123456789
1 5 5 1 9 0 0 567 0123456789 01 012345679 0123456789
1 5 5 1 9 0 012 0123456789 0123456789 0 0 0
1 5 5 12 09 0123456789 012 0123456789 0123456789 0 0 0
1 5 5 2 0 2345 012 0123456789 0123456789 01 0123456 0123468
1 5 5 2 01 01256789 02 0123456 0123456789 01 01234689 0124678
1 5 5 2 1 2 01 016789 0123456789 012 012346789 012468
1 5 5 2 12 012345689 012 0123456789 0123456789 0 0 0
1 5 5 2 2 56789 012 0123456789 0123456789 01 01236 012468
1 5 5 2 23 0129 012 012346789 012346789 012 012345689 01234689
1 5 5 2 34 0123456789 012 0123469 0123456789 01 0123456 0124689
1 5 5 2 45 0123489 012 01234569 0123456789 0 0 0
1 5 56 02 015 0123456789 012 0123456789 0123456789 0 01 06
1 5 6 0 12 0123456789 012 012346789 0123456789 01 0236 0248
1 5 6 0 23 0123456789 012 0123456789 023456789 0 06 04
1 5 6 0 34 0789 012 0123456789 0123456789 01 029 068
1 5 6 0 4 012345678 012 0123456789 0123456789 0 0 0
1 5 6 0 45 0123489 012 01234569 0123456789 01 0123689 02468
1 5 6 0 5 4 012 0123456789 0123456789 01 02346 0248
1 5 6 0 5 45 012 0123456789 0123456789 012 02349 01248
1 5 6 0 5 56789 012 0123456789 0123456789 0 0 0
1 5 6 0 56 0123459 012 0123456789 0123456789 01 01236789 0124678
1 5 6 0 67 056789 012 012345689 0123456789 01 01236 02468
1 5 6 0 7 012 012 0123456789 01234689 0 0 0
1 5 6 0 789 0123456789 012 0123456789 012345689 0 0 0
1 5 6 01 09 01234678 012 0123456789 0123456789 0 0 0
1 5 6 1 0 789 012 0123456789 0123456789 0 0 0
1 5 6 1 01 0129 012 0123456789 0123456789 012 0123456789 02468
1 5 6 1 123 023456789 012 0123456789 0123456789 0 0 0
1 5 6 1 34 023456789 012 0123456789 0123456789 0 0 0
1 5 6 1 4 456789 012 01234569 0123456789 01 02 08
1 5 6 1 45 012349 012 012345678 0123456789 012 023456789 023456789
1 5 6 1 5 4 01 012345689 0123456789 012 0123456789 02345678
1 5 6 1 5 4 12 0126789 0123456789 012 01234569 02345678
1 5 6 12 2569 02456789 012 023456789 0123456789 012 0123456789 023456789
1 5 6 2 2 45 01 0123456789 0123456789 0 0 0
1 5 6 2 2 567 012 0123456789 0123456789 01 012346789 02456789
1 5 6 2 2 7 012 0123456789 0123456789 0 0 0
1 5 6 2 2 789 012 0123456789 0123456789 0 0 0
1 5 6 2 23 09 012 0123456789 0123456789 01 023467 0468
1 5 6 2 3 01 01 0123456789 0123456789 01 06789 012346789
1 5 6 2 3 123 01 0123456789 0123456789 01 0126789 024678
1 5 6 2 3 34 012 0123456789 0123456789 0 0 0
1 5 6 2 3 456 012 0123456789 0123456789 01 012679 0124678
1 5 6 2 3 67 012 0123456789 0123456789 012 01245679 0245689
1 5 6 2 3 78 012 0123456789 0123456789 012 0129 024689
1 5 6 2 34 089 012 0123456789 0123456789 012 026789 02468
1 5 6 2 4 012 012 0123456789 012345689 01 026789 02468
1 5 6 2 4 23 012 0123456789 0123456789 0 0 0
1 5 6 2 4 345 012 01234569 0123456789 0 0 0
1 5 6 2 4 56 012 0123456789 0123456789 0 0 0
1 5 6 2 4 67 012 0123456789 0123456789 0 0 0
1 5 6 2 4 789 01 0123456789 0123456789 012 01234679 012345678
1 5 6 2 45 09 012 0123456789 0123456789 01 0123469 0124689
1 5 6 2 5 01 012 0123456789 0123456789 01 01236 0124568
1 5 6 2 5 123 012 0123456789 0123456789 0 0 0
1 5 6 2 5 345 012 0123456789 0123456789 0 0 0
1 5 67 02 05 012345 01 012345689 0123456789 01 01234569 023468
1 5 7 0 01 056789 01 0123469 0123456789 012 023456789 012345678
1 5 7 0 1 0 012 0123456789 0123456789 01 026789 02468
1 5 7 0 1 012345 012 0123456789 012456789 0 0 0
1 5 7 0 1 5 012 0123456789 0123456789 0 0 0
1 5 7 0 12 056789 012 0123456789 0123456789 0 0 0
1 5 7 0 2 012 012 0123456789 0123456789 01 012345689 0123468
1 5 7 0 2 2 01 0123456789 0123456789 0 0 0
1 5 7 0 2 23 012 0123456789 0123456789 01 0123456789 012456789
1 5 7 0 2 3 2 4 12 01 0123456789 0123456789
1 5 7 0 2 3 2 4 234 012 0123456789 0123456789
1 5 7 0 2 3 2 4 45678 01 0123456789 0123456789
1 5 7 0 2345 012345678 012 0123456789 0123456789 01 0123456 0123456789
1 5 7 0 5 2 012 0123456789 0123456789 012 02346789 02468
1 5 7 0 5 2 2 0123 0123456789 012 012346789 02468
1 5 7 0 5 2345 012 0123459 0123456789 012 0123469 02468
1 5 7 0 5 56 012 01234569 0123456789 012 0123469 02468
1 5 7 0 5 6 2 0123 01234689 012 0123456789 02468
1 5 7 0 56 0123456789 012 0123456789 02456789 012 0123456789 02468
1 5 7 0 6 6 01 0123456789 0123456789 0 0 0
1 5 7 0 678 0123456789 012 0123456789 012456789 0 0 0
1 5 7 0 89 0123456789 012 0123456789 0123456789 0 0 0
1 5 7 01 09 016789 012 0123456789 0123456789 012 012369 02468
1 5 7 1 01 0123456789 012 0123456789 012345689 012 0123469 02468
1 5 7 1 1 9 012 012346789 0123456789 012 0123456789 0123456789
1 5 7 1 123 0123456789 012 012345689 023456789 012 01234569 024568
1 5 7 1 3 0123 012 0123456789 012456789 012 01234569 012345689
1 5 7 1 34 0123456789 012 01234569 0123456789 0 0 0
1 5 7 1 45 0123489 012 0123456789 0123456789 0 0 0
1 5 7 1 5 4567 012 0123456789 0124568 012 0123456789 0123456789
1 5 7 1 56 012456789 012 0123456789 0123456789 012 0249 0234568
1 5 7 1 6 7 01 0123456789 0123456789 0 0 0
1 5 7 1 6 7 12 0123456789 0123456789 0 01234 0123456789
1 5 7 1 6 7 2 2 45 01 0123456789 0123456789
1 5 7 1 6 7 2 2 567 01 0123456789 0123456789
1 5 7 1 6 7 2 2 78 01 0123456789 0123456789
1 5 7 1 6 7 2 2 8 01 0123456789 0123456789
1 5 7 1 6 7 2 2 89 012 0123456789 0123456789
1 5 7 1 6 7 2 2 9 01 0123456789 0123456789
1 5 7 1 6 7 2 23 09 012 0123456789 0123456789
1 5 7 1 6 7 2 3 0 01 0123456789 0123456789
1 5 7 1 6 7 2 3 01 012 0123456789 0123456789
1 5 7 1 6 7 2 3 1 01 0123456789 0123456789
1 5 7 1 6 7 2 3 12 012 01234589 0123456789
1 5 7 1 6 7 2 3 23 01 0123456789 0123456789
1 5 7 1 6 7 2 3 34 01 0123456789 0123456789
1 5 7 1 6 7 2 3 456 01 0123456789 0123456789
1 5 7 1 6 7 2 3 67 01 0123456789 0123456789
1 5 7 1 6 7 2 3 7 01 0123456789 0123456789
1 5 7 1 6 7 2 3 78 012 0123456789 0123456789
1 5 7 1 6 7 2 3 8 01 0123456789 0123456789
1 5 7 1 6 7 2 3 89 012 0123456789 0123456789
1 5 7 1 6 7 2 3 9 01 0123456789 0123456789
1 5 7 1 6 7 2 34 09 012 0123456789 0123456789
1 5 7 1 6 7 2 4 0 01 0123456789 0123456789
1 5 7 1 67 0123789 02 0124 012456789 012 023456789 0123456789
1 5 7 1 78 0123456789 012 0123456789 0123456789 0 0 0
1 5 7 1 89 0156789 012 0123456789 0123456789 0 0 0
1 5 7 1 9 123467 02 012346 012345678 01 0123456789 012345689
1 5 7 12 09 0123789 012 0123456789 0123456789 012 01234569 012346789
1 5 7 2 0123 0123456789 012 0123456789 02346789 0 0 0
1 5 7 2 3 2345678 012 0123456789 0123456789 012 0123689 0123468
1 5 7 2 3 8 2 2 567 012 0123456789 02345678
1 5 7 2 3 8 2 23 0789 012 0123456789 01234678
1 5 7 2 3 8 2 3 01 012 0123456789 024568
1 5 7 2 3 89 012 0123469 0123456789 012 0123456789 0234689
1 5 7 2 34 09 02 012345 0123456789 012 0123456789 012456789
1 5 7 2 4 0 0 56 01789 012 0123456789 0123456789
1 5 7 2 4 0 0 6 1234 012 0123456789 01245689
1 5 7 2 4 0 0 6 45 012 0123456789 0123456789
1 5 7 2 4 0 0 6 56 012 0123456789 012345689
1 5 7 2 4 0 0 6 67 012 0123456789 0123456789
1 5 7 2 4 0 0 6 7 012 0123456789 0123456789
1 5 7 2 4 0 0 6 78 012 0123456789 0123456789
1 5 7 2 4 0 0 6 89 012 0123456789 0123456789
1 5 7 2 4 0 0 67 09 012 0123456789 012456789
1 5 7 2 4 0 0 7 01 012 0123456789 012345678
1 5 7 2 4 0 0 7 12 012 0123456789 01245689
1 5 7 2 4 0 0 7 2 012 0123456789 0123456789
1 5 7 2 4 0 0 7 23 012 0123456789 0123456789
1 5 7 2 4 0 0 7 34 012 0123456789 0124568
1 5 7 2 4 0 0 7 45 012 0123456789 02456789
1 5 7 2 4 0 0 7 56 012 0123456789 0123456789
1 5 7 2 4 0 0 7 67 012 0123456789 0245678
1 5 7 2 4 0 0 7 7 012 0123456789 0123456789
1 5 7 2 4 0 0 7 78 012 0123456789 0123456789
1 5 7 2 4 0 0 7 89 012 0123456789 012456789
1 5 7 2 4 0 0 78 09 012 0123456789 0123456789
1 5 7 2 4 0 0 8 01 012 0123456789 012345689
1 5 7 2 4 0 0 8 12 012 0123456789 0123456789
1 5 7 2 4 0 0 8 23 012 0123456789 012456789
1 5 7 2 4 0 0 8 3 012 0123456789 012345689
1 5 7 2 4 0 0 8 34 012 0123456789 0123456789
1 5 7 2 4 0 0 8 45 012 0123456789 012456789
1 5 7 2 4 0 0 8 56 012 0123456789 0245678
1 5 7 2 4 0 0 8 67 012 0123456789 012456789
1 5 7 2 4 0 0 8 78 012 0123456789 0234678
1 5 7 2 4 0 0 8 8 012 0123456789 023456789
1 5 7 2 4 0 0 8 89 012 0123456789 012456789
1 5 7 2 4 0 0 89 09 012 0123456789 0123456789
1 5 7 2 4 0 0 9 01 012 0123456789 0234678
1 5 7 2 4 0 0 9 12 012 0123456789 023456789
1 5 7 2 4 0 0 9 23 012 0123456789 01234678
1 5 7 2 4 0 0 9 34 012 0123456789 0123456789
1 5 7 2 4 0 0 9 45 012 0123456789 023456789
1 5 7 2 4 0 0 9 5 012 0123456789 02346789
1 5 7 2 4 0 01 09 02345678 012 0123456789 0123456789
1 5 7 2 4 0 1 01 089 012 0123456789 0123456789
1 5 7 2 4 0 1 12 0123456 012 0123456789 0123456789
1 5 7 2 4 0 12 0123456789 0123456789 012 029 012489
1 5 7 2 45 0123456789 012 0123456789 0123456789 0 0 0
1 5 7 2 5 01234 012 0123456789 0123456789 0 0 0
1 5 78 02 05 012345 012 0123456789 0123456789 01 02689 0468
1 5 8 0 01 01689 012 0123456789 0123456789 0 0 0
1 5 8 0 1 1234 012 0123456789 0123456789 0 0 0
1 5 8 0 12 0123456789 012 0123456789 0123456789 0 0 0
1 5 8 0 234 0123456789 012 0123456789 012345678 012 0123456789 0123456789
1 5 8 0 4 3456 012 0123456789 0123456789 012 0123469 02468
1 5 8 0 45 016789 012 0123456789 0123456789 012 0123456789 0246789
1 5 8 0 5 1 012 0123456789 0123456789 0 0 0
1 5 8 0 567 0123456789 012 0123456789 0123456789 0 0 0
1 5 8 0 78 012345689 012 012345679 0123456789 0 0 0
1 5 8 0 8 123456 012 0123456789 0123456789 01 012369 0234678
1 5 8 0 89 012346789 01 012345689 02456789 012 01234569 024568
1 5 8 0 9 45 012 0123456789 0123456789 0 0 0
1 5 8 01 09 0123456789 012 0123456789 012346789 0 0 0
1 5 8 1 01 0123456789 012 01234569 0123456789 01 012369 0234689
1 5 8 1 1 6 012 0123456789 0123456789 012 0123456789 0124689
1 5 8 1 12 0126789 012 0123456789 0123456789 01 012369 02468
1 5 8 1 234 0123456789 012 0123456789 0123456789 012 012369 0234689
1 5 8 1 4 0123456 012 0123456789 0123456789 0 0 0
1 5 8 1 456 0123456789 012 0123456789 0123456789 0 0 0
1 5 8 1 67 01234568 012 0123456789 0123456789 0 0 0
1 5 8 1 7 3 12 0123456789 0123456789 01 01234569 012456789
1 5 8 1 7 34 02 03468 012345678 012 0123456789 0123456789
1 5 8 1 7 45678 012 0123456789 0123456789 012 0234569 0124568
1 5 8 1 789 012345689 012 0123456789 012345678 01 026789 012468
1 5 8 12 0129 0123456789 012 0123456789 0123456789 0 0 0
1 5 8 2 2 234 01 0123456789 0123456789 01 012369 012468
1 5 8 2 2 456789 012 0123456789 0123456789 0 0 0
1 5 8 2 23 012349 012 0123456789 0123456789 01 02346 0248
1 5 8 2 34 012345689 012 0123456789 012345689 0 0 0
1 5 8 2 4 567 0 0134 024689 012 0123456789 024678
1 5 8 2 4 7 0 45 09 012 0123456789 0123456789
1 5 8 2 4 7 0 5 012 012 0123456789 0124678
1 5 8 2 4 7 0 5 23 012 0123456789 0123456789
1 5 8 2 4 7 0 5 345 012 0123456789 0123456789
1 5 8 2 4 78 01 0123456789 0123456789 012 01234689 0245678
1 5 8 2 4 8 12 0123456789 0123456789 012 012345679 02468
1 5 89 02 045 0124589 012 0123456789 0123456789 012 0249 01248
1 5 9 0 01 023456789 012 0123456789 0123456789 01 024569 01248
1 5 9 0 1 012345678 012 01236789 0123456789 01 01236 0123468
1 5 9 0 1 8 012 0123456789 0123456789 012 01234569 0234689
1 5 9 0 12 012345689 012 0123456789 0123456789 0 01 0248
1 5 9 0 23 01236789 012 023456789 012456789 012 0123456789 02468
1 5 9 0 34 0123456789 012 0123456789 0123456789 01 01269 023468
1 5 9 0 4 8 1 67 0123456789 012 0123456789 0123456789
1 5 9 0 45 012345689 012 0123456789 0123456789 01 02346 024689
1 5 9 0 56 06789 01 01369 0234568 01 012346 0123456789
1 5 9 0 6 01 012 0123456789 0123456789 012 0123469 024568
1 5 9 0 6 123 012 012345689 01234689 012 012346789 0123456789
1 5 9 0 6 3 0 4 89 012 0123456789 0123456789
1 5 9 0 6 3 0 45 0129 012 0123456789 0123456789
1 5 9 0 6 3 01 245689 012345689 012 0123456789 0123456789
1 5 9 0 6 3456 012 0123456789 012345689 012 01234569 0234689
1 5 9 0 67 0123456789 012 0123456789 0123456789 01 026789 024678
1 5 9 01 0789 0123456789 012 0123456789 0123456789 0 0 0
1 5 9 1 0 0123456789 012 012345679 0123456789 0 0 0
1 5 9 1 01 0129 012 0123456789 012345689 01 02 08
1 5 9 1 1 34567 012 0123456789 0123456789 0 0 01
1 5 9 1 1 78 012 01234569 0123456789 01 01234689 0124689
1 5 9 1 12 01289 012 012345679 012346789 01 01236789 0123456789
1 5 9 1 2 345 012 0123456789 0123456789 0 0 0
1 5 9 1 2 5678 012 0123456789 0123456789 0 0 0
1 5 9 1 23 012349 012 012346789 012456789 01 0123456789 012346789
1 5 9 1 3 4567 012 0123456789 0123456789 01 0123469 023468
1 5 9 1 34 012345689 012 0123456789 0123456789 0 0 0
1 5 9 1 4 678 01 0123456789 0123456789 0 0 0
1 5 9 1 4 8 012 0123456789 0123456789 0 0 0
1 5 9 1 45 012389 012 0123456789 0123456789 01 023456 02468
1 5 9 1 5 3 01 012345679 0123456789 012 01234569 0124689
1 5 9 1 56 0123456789 012 0123456789 0123456789 01 023456 012468
1 5 9 1 67 012789 012 0123456789 0123456789 0 0 0
1 5 9 1 78 0123456789 012 0123456789 0123456789 01 023456 012468
1 5 9 1 89 012345689 012 0123456789 0123456789 01 026 08
1 5 9 12 09 01236789 012 0123456789 0123456789 012 012345679 012346789
1 5 9 2 01 0123456789 012 012345689 0123456789 0 0 0
1 5 9 2 12 0456789 012 0123456789 0123456789 01 01269 012468
1 5 9 2 2 01 012 0123456789 0123456789 012 01234569 012456789
1 5 9 2 23 0123456789 012 0123456789 0123456789 01 0236 0248
1 5 9 2 34 0123456789 012 012345679 0123456789 012 02349 01245678
1 5 9 2 45 0123789 012 012345679 012345689 01 0123456 0123456789
1 5 9 2 5 3 0 0 5 01 0123456789 0123456789
1 5 9 2 5 3 01 0123456789 012345678 012 01234589 0123456789
1 5 9 2 5 34 012 0123456789 0123456789 0 012367 02456789
1 5 9 2 5 45 012 0123456789 0123456789 01 0126789 02468
1 56 09 02 05 0125 012 0123456789 0123456789 01 01236 024678
1 6 0 0 0 23 012 0123456789 0123456789 0 0 0
1 6 0 0 0 345678 012 0123456789 023456789 012 012369 0124678
1 6 0 0 01 0123456789 012 012346789 0123456789 012 0123679 02468
1 6 0 0 1 89 012 0123456789 0123456789 012 0123469 0234689
1 6 0 0 12 09 012 0123456789 0123456789 01 02 08
1 6 0 0 2 012 012 0123456789 0123456789 012 01234679 0234689
1 6 0 0 2 2 01 0123456789 0123456789 012 01234689 01234568
1 6 0 0 2 2345 012 0123456789 0123456789 0 0 0
1 6 0 0 2 5 01 089 024568 01 01236789 0123456789
1 6 0 0 2 5 1 012345678 0123456789 012 01289 0123456789
1 6 0 0 23 05678 012 0123456789 0123456789 0 0 0
1 6 0 0 3 0 012 0123456789 012345689 012 02349 02489
1 6 0 0 3 0123 012 0123456789 0123456789 01 01234689 01245678
1 6 0 0 34 0123456789 012 01236789 0123456789 012 0234689 012468
1 6 0 0 456 01234689 012 012346789 012345689 0 0 0
1 6 0 0 67 0123456789 012 012345679 0123456789 0 0 0
1 6 0 0 789 0123456789 012 0123456789 0123456789 0 0 0
1 6 0 0 9 23 012 0123456789 0123456789 0 0 0
1 6 0 01 019 0123456789 012 0123456789 01245678 0 0 0
1 6 0 1 1 123456789 012 0123456789 0123456789 012 01234569 012468
1 6 0 1 123 0123456789 012 012345679 0123456789 0 0 0
1 6 0 1 3 1245 012 0123456789 0123456789 0 0 0
1 6 0 1 3 67 012 0123456789 0123456789 0 0 0
1 6 0 1 345 0123456789 012 0123456789 0124678 0 0 0
1 6 0 1 5678 01234568 012 0123456789 0123456789 0 0 0
1 6 0 1 8 7 01 0123456789 0123456789 0 0 0
1 6 0 1 89 01789 012 0123456789 0123456789 01 01236 012468
1 6 0 1 9 1 01 0123456789 0123456789 0 0 0
1 6 0 12 09 0123456789 012 012345679 012345678 012 02345679 02468
1 6 0 2 0 2 01 23456 0123456789 012 0123456789 0123456789
1 6 0 2 0 23 012 0126789 02345678 012 0123456789 0123456789
1 6 0 2 01 0123456789 012 0123456789 0123456789 012 02459 02458
1 6 0 2 12 012345689 012 0123456789 012345678 01 0123456789 023468
1 6 0 2 2 4 012 0123456789 0123456789 0 0 0
1 6 0 2 2 45 012 0123456789 0123456789 0 0 0
1 6 0 2 23 0156789 012 0123456789 0123456789 0 0 0
1 6 0 2 3 12345678 012 0123456789 0123456789 0 0 0
1 6 0 2 34 0289 012 01234569 01234678 01 023456789 01246789
1 6 0 2 4 2 0 012345678 0123456789 012 012456789 012345689
1 6 0 2 4 2 0 8 01234 012 0123456789 0123456789
1 6 0 2 4 2 0 8 456789 012 0123456789 0123456789
1 6 0 2 4 2 01 089 01234569 012 0123456789 0123456789
1 6 0 2 4 2345678 012 01236789 0123456789 012 01234569 0234678
1 6 0 2 45 089 012 0123456789 0123456789 0 0 0
1 6 0 2 5 01234 012 0123456789 0123456789 01 01236 023468
1 6 01 02 015 0123456789 012 0123456789 023456789 0 0 0
1 6 1 0 123 0123456789 012 0123456789 0123456789 012 026789 01245689
1 6 1 0 3 0123456 012 0123456789 0123456789 01 01236 02468
1 6 1 0 34 0123456789 012 0123456789 0123456789 01 023469 0124568
1 6 1 0 4 9 0 01 01345678 012 0123456789 0123456789
1 6 1 0 4 9 0 1 12 012 0123456789 0123456789
1 6 1 0 45 019 012 0123456789 0123456789 01 012346 0123456789
1 6 1 0 56 0123456789 012 012345679 012345689 01 012346 0123456789
1 6 1 0 6 9 0 0 1234 01 01234569 0123456789
1 6 1 0 6 9 0 0 456 01 01234569 0123456789
1 6 1 0 6 9 0 0 6789 01 0123456789 0123456789
1 6 1 0 6 9 0 01 01234569 01 0123456789 0123456789
1 6 1 0 6 9 0 1 789 01 0123456 0123456789
1 6 1 0 6 9 0 12 0129 01 0123456789 0123456789
1 6 1 0 6 9 0 2 23 01 0123456789 0123456789
1 6 1 0 6 9 0 23 234 01 012345679 0123456789
1 6 1 0 6 9 0 3 345 01 01234569 0123456789
1 6 1 0 6 9 0 34 01245689 01 012345679 0123456789
1 6 1 0 6 9 0 45 09 01 012345679 0123456789
1 6 1 0 6 9 0 5 0123 01 0123456789 0123456789
1 6 1 0 6 9 0 5 345 01 0123456 0123456789
1 6 1 0 6 9 0 5 6789 01 0123456 0123456789
1 6 1 0 6 9 0 56 019 01 0123456 0123456789
1 6 1 0 6 9 0 6 1234 01 012345679 0123456789
1 6 1 0 6 9 0 6 456 01 0123456789 0123456789
1 6 1 0 6 9 0 6 67 01 0123456789 0123456789
1 6 1 0 6 9 0 67 01789 01 0123456789 0123456789
1 6 1 0 6 9 0 7 1245 01 0123456789 0123456789
1 6 1 0 6 9 0 7 567 01 012345679 0123456789
1 6 1 0 6 9 0 7 78 01 012345679 0123456789
1 6 1 0 6 9 0 7 89 01 012345679 0123456789
1 6 1 0 6 9 0 78 0129 01 012345679 0123456789
1 6 1 0 6 9 0 8 456 01 012345679 0123456789
1 6 1 0 6 9 0 8 678 01 01234569 0123456789
1 6 1 0 6 9 0 89 0189 01 0123456 0123456789
1 6 1 0 6 9 0 9 1234 01 0123456 0123456789
1 6 1 0 6 9 0 9 456 01 012345679 0123456789
1 6 1 0 6 9 01 09 01678 01 01234569 0123456789
1 6 1 0 6 9 1 0 123 01 01234569 0123456789
1 6 1 0 6 9 1 0 345 01 012345679 0123456789
1 6 1 0 6 9 1 0 567 01 012345679 0123456789
1 6 1 0 6 9 1 0 789 01 0123456789 0123456789
1 6 1 0 6 9 1 01 019 01 01234569 0123456789
1 6 1 0 6 9 1 1 12456789 01 01234569 0123456789
1 6 1 0 6 9 1 12 012349 01 0123456 0123456789
1 6 1 0 6 9 1 2 4567 01 01234569 0123456789
1 6 1 0 678 0123456789 012 01234569 023456789 01 04569 0123456789
1 6 1 01 089 02346789 012 012346789 012345689 0 0 0
1 6 1 1 01 0123456789 012 0123456789 0123456789 01 026 048
1 6 1 1 12 013456789 012 0123456789 0123456789 0 0 0
1 6 1 1 2 123 012 0123456789 0123456789 012 01269 024568
1 6 1 1 2 3456789 012 0123456789 0123456789 0 0 0456
1 6 1 1 23 019 012 0123456789 0123456789 01 0123469 024678
1 6 1 1 3 12 012 0123456789 0123456789 0 0 0
1 6 1 1 34 0123456789 012 0123456789 0123456789 0 0 0
1 6 1 1 4 56789 012 0123456789 0123456789 01 01236 02468
1 6 1 1 45 01239 012 0123456789 0123456789 0 0 0
1 6 1 1 56 0123456789 012 0123456789 0123456789 0 0 0
1 6 1 1 67 0123456789 012 0123456789 012346789 01 0234569 02468
1 6 1 1 789 0123456789 012 012346789 0123456789 0 0 0456
1 6 1 1 9 56789 012 0123456789 0123456789 01 01236 024568
1 6 1 1 9 9 01 0123456789 0123456789 012 012346789 01245678
1 6 1 12 09 0123459 012 0123456789 0123456789 01 0236 0248
1 6 1 2 01 056789 012 012345689 0123456789 0 0 0
1 6 1 2 1 01234567 012 0123456789 0123456789 0 0 0
1 6 1 2 12 01789 012 0123456789 0123456789 0 0 0
1 6 1 2 23 0123456789 012 0123456789 0123456789 0 0 0
1 6 1 2 34 012346789 012 0123456789 0123456789 0 0 0
1 6 1 2 4 8 012 0123456789 0123456789 012 0129 023468
1 6 1 2 45 0123489 012 0123456789 0123456789 0 0 0
1 6 12 02 05 012345678 012 0123456789 0123456789 0 0 0
1 6 2 0 01 089 012 0123469 0123456789 01 0123456789 0123456789
1 6 2 0 1 0 01 12345689 0123456789 01 012456789 0123456789
1 6 2 0 1 01234 012 01234579 0123456789 0 01 067
1 6 2 0 1 4 0 01 013456789 012 0123456789 0123456789
1 6 2 0 1 4 0 1 12345 012 0123456789 0123456789
1 6 2 0 1 4 0 1 56789 012 0123456789 0123456789
1 6 2 0 1 4 0 12 0129 012 0123456789 0123456789
1 6 2 0 12 012456789 012 0123456789 0123456789 012 01236 024678
1 6 2 0 2 234567 012 0123456789 0123456789 01 01236 02468
1 6 2 0 23 0123789 012 012346789 0123456789 0 0 0
1 6 2 0 34 0123456789 012 0123456789 0123456789 0 0134 02345678
1 6 2 0 4 34 012 0123456789 0123456789 01 0123456789 02468
1 6 2 0 4 4 012 0123456789 0123456789 01 0123679 0123468
1 6 2 0 456 0123456789 012 012345689 0234568 012 01236789 0123456789
1 6 2 0 6 2 0 8 0 01 0123456789 0123456789
1 6 2 0 6 2 0 8 01 012 0123456789 0123456789
1 6 2 0 6 2 0 8 12 012 0123456789 0123456789
1 6 2 0 6 2 0 8 23 012 0123456789 0123456789
1 6 2 0 6 2 0 8 3 01 0123456789 0123456789
1 6 2 0 6 23456789 012 0123456789 023456789 012 012345689 0123456789
1 6 2 0 67 012349 012 0123456789 0123456789 01 024569 02468
1 6 2 0 789 0123456789 012 0123456789 0123456789 01 01236 02468
1 6 2 0 9 01234567 012 0123456789 0123456789 0 0 0
1 6 2 0 9 7 01 14689 0124568 012 0123456789 0123456789
1 6 2 0 9 7 1 124 046789 012 0123456789 0123456789
1 6 2 0 9 7 1 45 01789 012 0123456789 0123456789
1 6 2 01 019 023456789 012 01234569 012346789 012 0123456789 0124678
1 6 2 1 12 0456789 012 0123456789 0123456789 01 01269 0246
1 6 2 1 2 0 01 0123456789 012345689 012 0123456789 0124678
1 6 2 1 2 0 1 3 23456789 012 012346789 02346789
1 6 2 1 2 0 1 34 0123456789 012 0123456789 012346789
1 6 2 1 2 0 1 45 01289 012 0123456789 0123456789
1 6 2 1 2 0 1 5 234567 012 0123456789 0123456789
1 6 2 1 2 0 1 56 01789 012 0123456789 012345689
1 6 2 1 2 0 1 6 12345 012 0123456789 012346789
1 6 2 1 2 0 1 67 012356789 012 0123456789 024689
1 6 2 1 2 0 1 7 34567 012 0123456789 0123456789
1 6 2 1 2 0 1 78 01234789 01 0123456789 01246789
1 6 2 1 2 0 1 8 4 012 0123456789 0123456789
1 6 2 1 2 0 1 8 45 012 0123456789 0123456789
1 6 2 1 2 0 1 8 56 012 0123456789 0123456789
1 6 2 1 2 0 1 8 67 012 0123456789 0123456789
1 6 2 1 2 0 1 8 78 012 0123456789 0123456789
1 6 2 1 2 0 1 89 0289 012 0123456789 0123456789
1 6 2 1 2 0 1 9 23456789 012 023456789 0123456789
1 6 2 1 2 0 12 09 0129 012 012345689 0123456789
1 6 2 1 2 0 2 0 2345 012 0123456789 0123456789
1 6 2 1 2 0 2 0 567 012 0123456789 0123456789
1 6 2 1 2 0 2 01 01789 012 0123456789 0123456789
1 6 2 1 2 0 2 1 123 012 0123456789 0123456789
1 6 2 1 2 0 2 1 345 012 0123456789 0123456789
1 6 2 1 2 0 2 1 56 012 0123456789 0123456789
1 6 2 1 2 0 2 12 0126789 012 0123456789 0123456789
1 6 2 1 2 0 2 23 023456789 012 0123456789 0123456789
1 6 2 1 2 0 2 3 34 012 0123456789 02468
1 6 2 1 2 0 2 3 45 02 0123456789 0123456789
1 6 2 1 2 0 2 3 5 012 0123456789 0123456789
1 6 2 1 2 0 2 34 012356 012 0123456789 0123456789
1 6 2 1 2 0 2 45 013456789 012 0123456789 0123456789
1 6 2 1 2 012345 02 013567 0123456789 012 012346789 0123456789
1 6 2 1 2 567 012 01236789 0123456789 012 0123456789 0123456789
1 6 2 1 2 8 0 0 01 012 0123456789 0123456789
1 6 2 1 2 8 0 01234567 0123456789 012 0123456789 0123456789
1 6 2 1 23 0189 012 0123456789 0123456789 0 0 0
1 6 2 1 3 123456 012 0123456789 0123456789 0 0 0
1 6 2 1 34 016789 012 012346789 0123456789 0 0 0
1 6 2 1 4 1 01 0123456789 0123456789 01 01236 012468
1 6 2 1 45 01234568 012 012346789 0123456789 0 0 0
1 6 2 1 5 568 01 0123456789 0123456789 0 0 0
1 6 2 1 5 89 012 0123456789 0123456789 0 0 0
1 6 2 1 5 9 12 012679 0123456789 012 0123456789 0123456789
1 6 2 12 05679 0234689 012 0123456789 012346789 01 01234689 01234568
1 6 2 2 01 089 012 0123456789 0123456789 012 0126789 02346789
1 6 2 2 1 01 012 0123456789 0123456789 012 0129 0123456789
1 6 2 2 1 1 01 0123459 012345689 012 0123456789 0123456789
1 6 2 2 1 12 012 0123456789 0123456789 0 0 0
1 6 2 2 1 23 012 0123456789 0123456789 01 01236 0234568
1 6 2 2 1 3456 012 0123456789 012345678 01 024569 024678
1 6 2 2 1 67 012 0123456789 0123456789 0 0 0
1 6 2 2 1 78 012 0123456789 0123456789 0 0 0
1 6 2 2 1 89 02 012345678 0123456789 012 0123456789 012345689
1 6 2 2 12 09 012 0123456789 0123456789 012 0123469 012345678
1 6 2 2 2 01 012 0123456789 0123456789 0 0 0
1 6 2 2 2 12 012 0123456789 0123456789 012 0123469 023468
1 6 2 2 2 23 012 0123456789 023456789 012 0123469 02468
1 6 2 2 2 3 01 0123456789 0123456789 012 0123456789 0123456789
1 6 2 2 24 0134 012 0123456789 0123456789 0 0 0
1 6 2 2 4 1234 012 0123456789 0123456789 01 026789 024678
1 6 2 2 4 45 012 0123456789 012345689 01 023456 024689
1 6 2 2 4 56 012 0123456789 0123456789 01 01234569 0124568
1 6 2 2 4 67 012 0123456789 0123456789 01 0123679 02346789
1 6 2 2 4 78 012 0123456789 0123456789 012 0123469 01245689
1 6 2 2 4 89 012 0123456789 0123456789 0 0 0
1 6 2 2 4 9 01 0123456789 0123456789 012 01234679 02456789
1 6 2 2 45 09 012 0123456789 0123456789 01 01236 01245678
1 6 2 2 5 01 012 0123456789 0123456789 01 023469 024689
1 6 2 2 5 12 012 0123456789 012345689 012 0234679 012456789
1 6 2 2 5 23 012 0123456789 0123456789 012 0129 023468
1 6 2 2 5 34 012 0123456789 0123456789 01 0123456789 0124568
1 6 2 2 5 4 012 0123456789 0123456789 01 026789 012468
1 6 23 02 05 01245 012 0123456789 0123456789 012 012349 02456789
1 6 3 0 0 345 0 012345678 0123456789 012 012345689 0124689
1 6 3 0 0 5 01 01289 0123456789 012 02346789 012468
1 6 3 0 0 5 1 345678 0123456789 012 012346789 024568
1 6 3 0 0 567 012 01234589 0123456789 012 0123456789 0124689
1 6 3 0 01234 0123456789 012 012345679 012345689 01 023469 02346789
1 6 3 0 4 7 01 0123456789 0123456789 01 01234569 0123456789
1 6 3 0 45 0123789 012 0123456789 0123456789 012 0246789 02468
1 6 3 0 56 013456789 012 0123456789 023456789 0 0 0
1 6 3 0 6 1 012 0123456789 0123456789 01 0269 0248
1 6 3 0 6 12346 012 0123456789 0123456789 01 02345678 0123456789
1 6 3 0 67 01236789 01 0123456789 012346789 012 01289 0123456789
1 6 3 0 7 34 01 0126789 0123456789 01 012345679 01234678
1 6 3 0 7 4567 012 0123456789 0123456789 01 012369 02468
1 6 3 01 0789 012346789 01 0123456789 0123456789 01 01236789 02468
1 6 3 1 01 024569 012 012345689 0123456789 01 02346 0248
1 6 3 1 1 6 01 236 0123489 01 0123456789 0123456789
1 6 3 1 1 6 1 34 012456789 012 0123456789 0123456789
1 6 3 1 1 6 1 456 012345678 01 023456789 0123456789
1 6 3 1 1 6 1 6 234 012 0123456789 0123456789
1 6 3 1 1 6 1 6 456 01 0123456789 0123456789
1 6 3 1 1 6 1 6 67 012 0123456789 0123456789
1 6 3 1 1 6 1 6 789 01 0123456789 0123456789
1 6 3 1 1 6 1 67 0129 012 012345689 0123456789
1 6 3 1 1 6 1 7 234 012 0123456789 0123456789
1 6 3 1 1 6 1 7 45 012 0123456789 0123456789
1 6 3 1 1 6 1 7 5678 01 0123456789 0123456789
1 6 3 1 1 6 1 7 89 012 0123456789 0123456789
1 6 3 1 1 6 1 78 019 01 012346789 0123456789
1 6 3 1 1 6 1 8 12345678 01 0123456789 0123456789
1 6 3 1 1 6 1 89 089 01 0123456789 0123456789
1 6 3 1 1 6 1 9 0123 012 0123456789 0123456789
1 6 3 1 1 6 1 9 3456 012 0123456789 0123456789
1 6 3 1 1 6 12 09 06789 01 01256789 0123456789
1 6 3 1 1 6 2 0 012345 01 012346789 0123456789
1 6 3 1 1 6 2 01 0156789 01 0123456789 0123456789
1 6 3 1 1 6 2 12 0123456789 01 0123456789 0123456789
1 6 3 1 1 6 2 2 3456 01 0123689 0123456789
1 6 3 1 1 6 2 2 6789 01 012346789 0123456789
1 6 3 1 1 6 2 23 01234569 01 012345679 0123456789
1 6 3 1 1 6 2 34 0126789 01 012346789 012456789
1 6 3 1 1 6 2 4 23456 01 0123456789 0123456789
1 6 3 1 1 6 2 45 06789 01 0123456789 0123456789
1 6 3 1 1 6 2 5 01234 012 0123456789 0123456789
1 6 3 1 12 016789 012 0123456789 0123456789 01 01236789 02456789
1 6 3 1 2 1234 012 0123456789 0123456789 01 02 08
1 6 3 1 2 45678 01 0123456789 0123456789 0 0 0
1 6 3 1 23 012456789 012 0123456789 0123456789 01 029 028
1 6 3 1 345 0123456789 012 0123456789 02456789 01 012369 0123456789
1 6 3 1 56 0123456789 012 0123456789 012346789 01 01236 012468
1 6 3 1 67 01456789 012 0123456789 0123456789 0 0 0
1 6 3 1 7 12 012 0123456789 0123456789 01 023469 024689
1 6 3 1 7 2 01 169 23456 012 0123456789 0123456789
1 6 3 1 7 2 1 1 56789 012 0123456789 02345689
1 6 3 1 7 2 1 12 0129 012 0123456789 012345678
1 6 3 1 7 2 1 2 234567 012 0123456789 0123456789
1 6 3 1 7 2 1 29 234578 012 0123456789 0123456789
1 6 3 1 7 2 12 09 056789 012 01234569 0123456789
1 6 3 1 7 2 2 0 01234 012 0123456789 0123456789
1 6 3 1 7 2 2 02 45678 012 0123456789 023456789
1 6 3 1 7 2 2 2 56789 012 0123456789 012345678
1 6 3 1 7 234567 012 01234569 012456789 012 01234679 012345689
1 6 3 1 78 01789 012 0123456789 0123456789 01 01234569 02468
1 6 3 1 8 1 01 0123456789 0123456789 012 02469 024678
1 6 3 1 8 1 12 01256789 0123456789 012 0123456789 01234568
1 6 3 1 89 012345689 012 012345679 0123456789 01 02 08
1 6 3 1 9 23456789 012 0123456789 0123456789 0 0 0
1 6 3 12 0129 0123456789 012 012345679 0123456789 0 0 0
1 6 3 2 2 3 01 0123456789 0123456789 0 0 0
1 6 3 2 2 34567 012 0123456789 0123456789 0 0 0
1 6 3 2 2 7 01 0123456789 0123456789 01 01236 023468
1 6 3 2 23 0123456789 012 012345679 0123456789 0 0 0
1 6 3 2 345 0123456789 012 0123456789 0123456789 0 0 0
1 6 3 2 5 123 012 0123456789 0123456789 0 0 0
1 6 34 02 05 012345678 012 0123456789 0123456789 0 0 0
1 6 4 0 0123 012345689 012 0123456789 0123456789 012 01234569 02468
1 6 4 0 3 012345678 01 0123456789 012345689 0 0 0
1 6 4 0 34 089 012 0123456789 0123456789 01 01236789 024678
1 6 4 0 45 0123456789 012 0123456789 0123456789 01 0123456 0124689
1 6 4 0 5 2 0 012345 012345678 012 0123456789 012346789
1 6 4 0 5 2345 012 0123456789 0123456789 01 02689 0468
1 6 4 0 567 0123456789 012 0123456789 012456789 0 0 0
1 6 4 0 78 01256789 012 0123456789 0123456789 0 0 0
1 6 4 0 89 023456789 012 0123456789 0123456789 0 0 0
1 6 4 01 09 0123456789 012 0123456789 0123456789 01 0234569 0245678
1 6 4 1 01 0123456789 012 0123456789 0123456789 0 0 0
1 6 4 1 1 23456 012 0123456789 0123456789 0 0 0
1 6 4 1 123 0123456789 012 012345689 0123456789 012 0126789 0123468
1 6 4 1 3 012 012 012346789 012345678 012 0124689 0124678
1 6 4 1 3 2 01 1234589 012345689 012 01234689 012456789
1 6 4 1 3 234567 012 012345689 012456789 012 012349 024678
1 6 4 1 3 7 01 0123456789 0123456789 0 0 0
1 6 4 1 3 7 12 0123456789 0123456789 0 0 0
1 6 4 1 3 78 012 0123456789 0123456789 01 012346 02468
1 6 4 1 345 012345689 012 012346789 023456789 01 01234689 012346789
1 6 4 1 5 23 012 0123456789 0123456789 01 012346789 023468
1 6 4 1 5 3 12 0123789 0123456789 012 0123456789 01234568
1 6 4 1 56 03456789 012 0123456789 0123456789 012 01234569 0234568
1 6 4 1 6 0123 012 0123456789 012345678 0 0 0
1 6 4 1 6 3456 012 0123456789 0123456789 0 0 0
1 6 4 12 016789 012456789 012 0123456789 012346789 0 0 0
1 6 4 2 123 012345678 012 0123456789 0123456789 01 01236 023468
1 6 4 2 3 56 012 0123456789 0123456789 0 0 0
1 6 45 02 0345 01246789 012 0123456789 0123456789 0 0 0
1 6 5 0 0 1 01 0123456789 0123456789 012 012369 024678
1 6 5 0 0 1 1 89 0123456789 012 0123456789 0123456789
1 6 5 0 0 1 1 9 123 012 0123456789 0123456789
1 6 5 0 0 1 1 9 3456 012 0123456789 0123456789
1 6 5 0 0 1 1 9 67 012 0123456789 0123456789
1 6 5 0 0 1 1 9 78 012 0123456789 0123456789
1 6 5 0 0 1 1 9 89 012 0123456789 0123456789
1 6 5 0 0 1 12 019 02456789 012 0123456789 0123456789
1 6 5 0 0 1 2 12 01278 012 0123456789 0123456789
1 6 5 0 0 1 2 2 2345 012 0123456789 0123456789
1 6 5 0 0 1 2 2 5678 012 012345689 0123456789
1 6 5 0 0 1 2 23 0123456789 012 0123456789 012456789
1 6 5 0 0 1 2 34 0129 012 0123456789 0123456789
1 6 5 0 0 1 2 4 23467 012 0123456789 0123456789
1 6 5 0 0 12 012 012456789 012345678 012 0123456789 0123456789
1 6 5 0 01 2345678 012 01234569 01234568 012 012345679 02345689
1 6 5 0 1234 0123456789 012 0123456789 0123456789 0 0 0
1 6 5 0 456 0234569 012 0123456789 0123456789 01 01236 023468
1 6 5 0 67 01256789 012 02456789 012345689 012 01234569 023456789
1 6 5 0 78 0123456789 012 0123456789 0123456789 0 0 0
1 6 5 0 8 45 02 012345 0123456789 01 0123456789 012456789
1 6 5 0 8 5 0 012345 0123456789 012 02369 02468
1 6 5 0 8 5 01 0123456789 0123456789 012 0234679 02468
1 6 5 0 8 5 1 456789 0123456789 012 02369 02468
1 6 5 0 8 5 12 012349 0123456789 012 02679 02468
1 6 5 0 8 567 012 0123456789 012345678 012 0123456789 012456789
1 6 5 0 8 7 01 0125689 01246 012 0123456789 0123456789
1 6 5 0 8 7 1 2346 01456789 012 0123456789 0123456789
1 6 5 0 8 789 012 012345679 0123456789 012 0123469 0234689
1 6 5 0 9 0 0 01 012345689 012 0123456789 0123456789
1 6 5 0 9 0 0 12 012345678 012 0123456789 012345689
1 6 5 0 9 01234567 012 012346789 012345689 01 01234569 012346789
1 6 5 0 9 8 012 0123456789 012345689 0 0 0
1 6 5 0 9 89 012 0123456789 0123456789 0 0345 0128
1 6 5 01 09 019 012 0123456789 0123456789 01 0256 02468
1 6 5 1 0 1 01 0123456789 0123456789 01 02689 024568
1 6 5 1 0 123456789 012 0123456789 0123456789 0 0 0
1 6 5 1 012 0123456789 012 0123456789 012345689 0 0 0
1 6 5 1 23 0456789 012 0123456789 0123456789 0 0 0
1 6 5 1 34 012345678 012 0123456789 0123456789 0 0 0
1 6 5 1 4 0 012 0123456789 0123456789 01 024569 02468
1 6 5 1 45 0123489 012 01234569 012345689 0 0 0
1 6 5 1 5 4 012 0123456789 0123456789 0 0 0
1 6 5 1 56 0456789 012 0123456789 0123456789 0 0 0
1 6 5 1 6 0123456 012 0123456789 0123456789 0 0 0
1 6 5 1 67 0123456789 012 0123456789 0123456789 0 0 0
1 6 5 1 78 0123456789 012 012345679 0123456789 01 01269 012468
1 6 5 1 89 012389 01 0123456789 0123456789 012 012346789 02468
1 6 5 1 9 3 12 012456789 0123456789 012 0123456789 02468
1 6 5 12 09 0123456789 012 0123456789 012346789 01 0123469 024568
1 6 5 2 01 01456789 01 0123456789 0123456789 012 0123469 0124689
1 6 5 2 12 0123456789 012 0123456789 0123456789 0 0 0
1 6 5 2 2 0 1 345 0123456789 012 0123456789 02468
1 6 5 2 2 0 1 5678 0123456789 012 0123456789 02468
1 6 5 2 2 0 12 2389 0123456789 012 0123456789 02468
1 6 5 2 2 012345 012 0123456789 0123456789 01 012346789 02468
1 6 5 2 2 5 012 0123456789 012346789 01 012345689 0123456789
1 6 5 2 2 567 012 023456789 0245689 012 0123456789 0123456789
1 6 5 2 23 01789 012 0123456789 0123456789 0 0 0
1 6 5 2 3 12 012 0123456789 0123456789 01 0123469 02468
1 6 5 2 345 0123456789 012 0123456789 012456789 0 0 0
1 6 5 2 5 1234 012 0123456789 0123456789 012 01234569 02468
1 6 5 2 5 4 01 0123456789 0123456789 0 01234567 0123456789
1 6 5 2 5 4 12 0123456789 02345678 01 012346789 0123456789
1 6 56 02 05 05 01 0123456789 0123456789 012 012346789 012345689
1 6 6 0 0 0 12 023456789 0123456789 012 01245679 0245678
1 6 6 0 0 01 02 012345 0123456789 012 0123456789 012346789
1 6 6 0 0 1 0 1234567 0123456789 012 012346789 01234568
1 6 6 0 0 1 01 012789 0123456789 012 0123456789 01245689
1 6 6 0 0 1 12 023456789 0123456789 012 012346789 01245689
1 6 6 0 01 124689 02 012345 0123456789 012 0123456789 0234678
1 6 6 0 1 9 0 0 123 012 0123456789 0123456789
1 6 6 0 12 019 012 01234569 02345689 012 0123456789 012346789
1 6 6 0 2 123 012 0123456789 0123456789 0 0 0
1 6 6 0 23 234568 012 0123456789 0123456789 0 0 0
1 6 6 0 34 023456789 012 0123456789 012456789 0 0 0
1 6 6 0 4 0123456789 012 0123456789 0123456789 01 01269 02468
1 6 6 0 4 9 1 456 0123456789 01 0123456789 012345678
1 6 6 0 4 9 1 6 56 012 012345679 0123456789
1 6 6 0 4 9 1 6789 0123456789 012 01234569 0123456789
1 6 6 0 4 9 1 9 5 012 0123456789 0123456789
1 6 6 0 4 9 12 09 0456789 012 0123456789 0123456789
1 6 6 0 4 9 2 01234 0123456789 012 012346789 0123456789
1 6 6 0 456 01236789 012 012345689 012345678 012 012346789 0124689
1 6 6 0 6 3 0 01 0123456789 012 0123456789 02468
1 6 6 0 6 3 0 12 0123456789 012 0123456789 02468
1 6 6 0 6 3 012 023469 0123456789 012 0123456789 02468
1 6 6 0 6 34567 012 0123456789 0123456789 01 02689 02468
1 6 6 0 67 0123456789 012 012345689 0123456789 0 0 0
1 6 6 0 78 01789 01 0123456789 0123456789 0 0 0
1 6 6 0 8 12345678 012 012346789 0123456789 0 0 0
1 6 6 0 8 8 01 0123456789 0123456789 0 0 0
1 6 6 0 8 8 12 012346789 0123456789 012 012369 0234689
1 6 6 0 89 0123456789 012 0123456789 0123456789 0 0 0
1 6 6 1 012 0123456789 012 01234679 012346789 0 0 0
1 6 6 1 23456789 0123456789 012 012356789 023456789 0 0 0
1 6 6 12 09 0456789 01 0123456789 012345689 0 0 0
1 6 67 02 01234 01246789 012 012345679 012345678 01 023456 024568
1 6 7 0 0 12345678 012 0123456789 0123456789 01 012346789 0234568
1 6 7 0 0 8 01 0123456789 0123456789 0 0 0
1 6 7 0 01 0123456789 012 0123456789 0123456789 0 0 0
1 6 7 0 12 01789 01 0123456789 0123456789 01 01236 01234678
1 6 7 0 2 1234 01 0123456789 0123456789 01 01236 0123468
1 6 7 0 23 0123456789 012 0123456789 0123456789 0 0 0
1 6 7 0 34 012345678 012 0123456789 0123456789 0 0 0
1 6 7 0 456 45678 012 0123456789 0123456789 01 01236 012468
1 6 7 0 67 0123456789 012 012346789 012345689 01 02346 02468
1 6 7 0 78 012789 012 0123456789 0123456789 01 0234569 02345689
1 6 7 0 8 2346 012 01234679 0123456789 01 012346 0234678
1 6 7 0 8 6 0 45 012456789 012 0123456789 012345689
1 6 7 0 8 678 012 0123456789 0123456789 01 012346789 024689
1 6 7 0 89 0123489 012 0123456789 0123456789 0 0 0
1 6 7 0 9 4 012 0123456789 0123456789 0 0 0
1 6 7 01 09 012456789 012 0123456789 0123456789 0 0 0
1 6 7 1 0 23 012 0123456789 0123456789 0 0 0
1 6 7 1 01 0123456789 012 0123456789 0123456789 0 0 0
1 6 7 1 123 0123456789 012 0123456789 012346789 0 0 0
1 6 7 1 34 023456789 012 012346789 0123456789 0 0 0
1 6 7 1 4 01234 012 0123456789 0123456789 0 0 0
1 6 7 1 4 45678 01 0123456789 0123456789 0 0 0
1 6 7 1 45 089 012 0123456789 0123456789 01 02 08
1 6 7 1 5 012345 012 0123456789 0123456789 0 0 0
1 6 7 1 56 056789 012 012346789 0123456789 012 012346789 01234568
1 6 7 1 6 012345 012 0123456789 0123456789 0 0 0
1 6 7 1 6 67 01 0123456789 0123456789 0 0 0
1 6 7 1 67 0123789 012 012345689 0123456789 0 0 0
1 6 7 1 7 3456 012 012345679 0123456789 0 0 0
1 6 7 1 78 016789 012 0123456789 0123456789 01 026789 02468
1 6 7 1 8 1234567 012 0123456789 0123456789 0 0 0
1 6 7 1 89 01234789 012 012345689 0123456789 012 0123469 02468
1 6 7 12 09 0123456 012 0123456789 0123456789 0 0 0
1 6 7 2 01 012789 01 012346789 0124568 012 0123456789 023456789
1 6 7 2 1 2 1 0123 012345689 012 0123456789 0123456789
1 6 7 2 12 023456789 012 0123456789 012345678 01 01236789 02468
1 6 7 2 2 01234567 012 0123456789 012345689 012 0129 02345689
1 6 7 2 23 012789 012 0123456789 0123456789 01 01236 0123468
1 6 7 2 3 23456 012 0123456789 0123456789 01 01236 0123468
1 6 7 2 34 0123456789 012 01234569 0123456789 0 0 0
1 6 7 2 4 6789 012 0123456789 0123456789 01 01236 0123468
1 6 7 2 45 09 012 0123456789 02346789 012 029 0248
1 6 7 2 5 0123 012 0123456789 0123456789 0 0 0
1 6 78 02 05 0345 012 0123456789 0123456789 0 0 0
1 6 8 0 0 012489 012 0123456789 023456789 01 01236 024568
1 6 8 0 0123456 012345689 012 0123456789 012456789 01 01236 02468
1 6 8 0 67 0123456789 012 0123456789 0123456789 0 0 0
1 6 8 0 78 01789 012 0123456789 0123456789 0 0 0
1 6 8 0 8 12 012 0123456789 0123456789 0 0 0
1 6 8 0 8 23456 012 0123456789 0123456789 0 0 0
1 6 8 0 8 67 012 0123456789 0123456789 012 01234679 0123456789
1 6 8 0 8 78 012 0123456789 0123456789 0 0 0
1 6 8 0 89 0189 012 0123456789 0123456789 0 0 08
1 6 8 0 9 12345 012 0123456789 0123456789 01 01236 02468
1 6 8 01 09 056789 012 0123456789 0123456789 0 0 0
1 6 8 1 0 01234567 012 0123456789 0123456789 01 026789 024568
1 6 8 1 01 012345678 012 0123456789 0123456789 01 02 08
1 6 8 1 12 0123456789 012 0123456789 01234678 0 0 0
1 6 8 1 23 01236789 012 0123456789 012345678 0 0 0
1 6 8 1 34 03456789 012 0123456789 01234689 0 0 0
1 6 8 1 4 0123 012 023456789 02456789 012 0123456789 012468
1 6 8 1 4 3 12 0126789 01245689 012 0123456789 02468
1 6 8 1 4 345 012 0123456 02346789 012 0123456789 01234689
1 6 8 1 4 56789 012 0123456789 0123456789 012 01246789 02468
1 6 8 1 45 019 012 0123456789 0123456789 01 012369 012468
1 6 8 1 5 123 012 0123456789 0123456789 0 0 0
1 6 8 1 56 013456789 012 0123456789 0123456789 0 0 0
1 6 8 1 6 12345678 012 01234689 0123456789 0 0 0
1 6 8 1 67 01234589 012 0123456789 0123456789 0 0 0
1 6 8 1 78 01235678 012 0123456789 0123456789 0 0 0
1 6 8 1 8 34567 012 0123456789 0123456789 0 0 0
1 6 8 1 8 7 012 0123456789 0123456789 0 0 0
1 6 8 1 89 0124789 012 0123456789 0123456789 0 0 0
1 6 8 1 9 45 012 0123456789 012456789 012 0123456789 0124689
1 6 8 1 9 56 012 0123456789 0123456789 0 0 0
1 6 8 1 9 6789 012 0123456789 0123456789 0 0 0
1 6 8 1 9 9 01 01234569 0123456789 0 0 0
1 6 8 12 09 01239 012 0123456789 0123456789 0 0 0
1 6 8 2 0 345678 012 0123456789 023456789 01 01236 02468
1 6 8 2 0 89 012 01234689 0124568 012 0123456789 0123456789
1 6 8 2 0 9 12 0234679 012345689 012 012345689 012345689
1 6 8 2 01 09 02 012345 012345678 012 0123456789 012345678
1 6 8 2 1 012345 012 0123456789 0123456789 0 0 0
1 6 8 2 12 056789 012 0123456789 0123456789 0 0 0
1 6 8 2 2 012 012 012345689 0123456789 01 026789 02345678
1 6 8 2 2 234 012 0123456789 0123456789 012 012346789 012345689
1 6 8 2 2 456 012 0123456789 0123456789 012 01234689 012345678
1 6 8 2 2 678 012 0123456789 023456789 01 0123469 02468
1 6 8 2 2 89 012 0123456789 0123456789 0 0 0
1 6 8 2 23 0129 012 0123456789 0123456789 0 0 0
1 6 8 2 3 23 012 0123456789 012345689 01 026789 02468
1 6 8 2 3 345678 012 0123456789 0123456789 01 01269 02468
1 6 8 2 34 012389 012 0123456789 0123456789 0 0 0
1 6 8 2 4 345 012 0123456789 0123456789 0 0 0
1 6 8 2 4 5678 012 0123456789 0123456789 0 0 0
1 6 8 2 45 01234589 012 012345689 0123456789 0 0 0
1 6 89 02 01345 02345689 012 01234569 0123456789 012 024689 02468
1 6 9 0 4 01245 012 0123456789 0123456789 012 012346789 0234689
1 6 9 0 4 5678 012 012369 023456789 012 01234569 012345678
1 6 9 0 45 089 01 012346789 023456789 012 0123456789 02345678
1 6 9 0 5 0123 012 012345679 0123456789 01 012345679 024689
1 6 9 0 5 3 0 1 6789 012 0123456789 0123456789
1 6 9 0 5 345 01 01234569 01246789 012 0123456789 012346789
1 6 9 0 5 56 01 0126789 012346789 012 0123456789 0124689
1 6 9 01 2356 0123456789 012 0123456789 0123456789 01 012346 012468
1 6 9 1 3 6 01 0123489 0123456789 012 01234569 023456789
1 6 9 1 34 01236789 012 0123456789 0123456789 0 0 0
1 6 9 1 4 345 012 0123469 0123456789 01 012346 012345678
1 6 9 1 45 056789 012 0123456789 0123456789 0 0 0
1 6 9 1 5 012345 012 0123456789 0123456789 012 01234569 012345678
1 6 9 1 5 56789 012 012346789 0123456789 012 012345679 012345678
1 6 9 1 5679 0245689 012 01234569 0123456789 01 0123456789 012345689
1 6 9 1 9 67 012 0123456789 0123456789 01 0236 0248
1 6 9 12 09 012789 012 012346789 0123456789 0 0 0
1 6 9 2 02 2345678 012 023456789 0123456789 01 02346789 0124568
1 6 9 2 23 0123456789 012 0123456789 0123456789 012 0234679 024689
1 6 9 2 3 9 012 0123456789 0123456789 01 012345679 02456789
1 6 9 2 345 01245689 012 0123456789 0123456789 01 0123469 023468
1 67 09 02 05 0125 012 0123456789 01245689 0 0 0
1 7 0 0 0 234567 012 0123456789 0123456789 01 01236 01245678
1 7 0 0 01 0789 012 0123456789 0123456789 01 01234689 0123456789
1 7 0 0 1 012 012 0123456789 0123456789 012 01234679 02345678
1 7 0 0 1 2345678 012 0123456789 0123456789 0 0 0
1 7 0 0 12 01239 012 0123456789 0123456789 012 0123469 02468
1 7 0 0 2 34567 012 012346789 012345678 012 01234569 01246789
1 7 0 0 23 012789 012 0123456789 0123456789 0 0 0
1 7 0 0 3 23 012 0123456789 0123456789 01 01236 012468
1 7 0 0 3 34 01 0123456789 0123456789 01 01236 012468
1 7 0 0 3 456789 012 01234569 0123456789 01 029 028
1 7 0 0 3 9 012 0123456789 0123456789 01 02689 012468
1 7 0 0 34 019 012 0123456789 0123456789 01 02 08
1 7 0 0 4 124678 012 0123456789 0123456789 0 06 04
1 7 0 0 45 0123489 012 0123456789 0123456789 01 0289 02468
1 7 0 0 56 01456789 012 012345679 0123456789 01 01236 024689
1 7 0 0 6 12 012 0123456789 0123456789 0 0 0
1 7 0 0 6 2 12 023456789 0123456789 01 01236 0123468
1 7 0 0 67 023456789 012 0123456789 0123456789 0 0 0
1 7 0 0 7 0 01 0123456789 0123456789 0 0 0
1 7 0 0 7 012 012 0123456789 0123456789 01 012345679 0124678
1 7 0 0 7 234 012 0123456789 0123456789 012 0123469 02468
1 7 0 0 7 45 012 0123456789 0123456789 012 0123469 024689
1 7 0 0 7 5678 012 0123456789 0123456789 0 0 0
1 7 0 0 7 89 012 0123456789 023456789 01 02 08
1 7 0 0 78 09 012 0123456789 012456789 0 0 0
1 7 0 0 8 012 012 0123456789 023456789 0 0 0
1 7 0 0 8 23 012 0123456789 012456789 0 0 0
1 7 0 0 8 34 012 0123456789 0124568 0 0 0
1 7 0 0 8 45678 012 0123456789 0123456789 01 023469 024689
1 7 0 0 89 01234589 012 0123456789 0123456789 0 0 0
1 7 0 01 09 0126789 012 0123456789 0123456789 0 0 0
1 7 0 1 01 023456789 012 0123456789 0123456789 01 01236 012468
1 7 0 1 1 01234 012 0123456789 0123456789 0 0 0
1 7 0 1 1 456789 012 0123456789 0123456789 01 01236 024568
1 7 0 1 12 01239 012 0123456789 012345678 0 0 0
1 7 0 1 23 0345689 012 0123456789 0123456789 01 02369 0248
1 7 0 1 3 0123456 012 0123456789 0123456789 01 0269 0468
1 7 0 1 34 012456789 012 0123456789 012345689 0 0 0
1 7 0 1 45 06789 012 0123456789 0123456789 0 0 0
1 7 0 1 56 0123456789 012 0123456789 012345689 0 0 0
1 7 0 1 6 123 012 0123456789 0123456789 0 0 0
1 7 0 1 6 345 012 0123456789 0123456789 0 0 0
1 7 0 1 6 678 012 01234569 0123456789 012 0123456789 0123468
1 7 0 1 6 8 0 23456789 0123456789 012 012345679 0124568
1 7 0 1 6 8 01 0123459 0123456789 01 01234679 012468
1 7 0 1 6 8 1 56789 0123456789 012 01234689 012468
1 7 0 1 6 8 12 012349 0123456789 012 0123456789 0124568
1 7 0 1 67 089 012 0123456789 0123456789 012 0123469 012468
1 7 0 1 7 0123456 012 0123456789 0123456789 0 06 04
1 7 0 1 78 0456789 012 0123456789 0123456789 01 02 08
1 7 0 1 89 016789 012 0123456789 0123456789 0 0 0
1 7 0 1 9 12345689 012 0123456789 0123456789 01 023469 02468
1 7 0 12 09 0129 012 0123456789 0123456789 01 01236 02468
1 7 0 2 0 2345 012 0123456789 0123456789 012 024569 0248
1 7 0 2 01 056789 012 0123456789 0123456789 0 0 0
1 7 0 2 1 012345 012 0123456789 01234689 0 0 0
1 7 0 2 12 056789 012 0123456789 0123456789 0 0 0
1 7 0 2 2 0123456 012 0123456789 0123456789 012 01234569 01234689
1 7 0 2 23 016789 012 0123456789 0123456789 0 0 0
1 7 0 2 3 123 012 0123456789 0123456789 012 0234569 012468
1 7 0 2 3 345678 012 0123456789 0123456789 0 0 0
1 7 0 2 3 8 12 0123456789 02345689 012 01234569 0123456789
1 7 0 2 3 89 012 0123456789 0234568 01 012456789 012456789
1 7 0 2 34 049 012 0123456789 012345678 01 01236789 0123468
1 7 0 2 4 456 012 0123456789 02345689 0 0 0
1 7 0 2 4 67 012 0123456789 02346789 0 0345 02468
1 7 0 2 4 78 012 0123456789 012345689 012 01234569 012346789
1 7 0 2 4 8 01 0123456789 0123456789 01 012369 01234689
1 7 0 2 4 8 12 012456789 0123456789 012 0123456789 01234689
1 7 0 2 45 0189 012 0123456789 012345689 012 012345689 0124689
1 7 0 2 5 1 01 01234789 0123456789 012 0123456789 01234678
1 7 0 2 5 1 12 012456789 0123456789 012 01234569 01234689
1 7 0 2 5 12 012 0123456789 0123456789 012 01236789 012346789
1 7 0 2 5 234 012 0123456789 0123456789 01 0123469 0124568
1 7 01 02 015 0124589 012 0123456789 01245678 0 0 0
1 7 1 0 1 567 012 0123469 01245689 012 0123456789 0123456789
1 7 1 0 1 7 1 34 0234689 01 0123456789 0123456789
1 7 1 0 1 78 012 012345679 012345678 012 0123456789 023456789
1 7 1 0 12 01289 012 0123456789 0123456789 0 0 0
1 7 1 0 2 234 012 0123456789 0123456789 0 0 0
1 7 1 0 23 012345678 012 0123456789 0123456789 01 01236 02468
1 7 1 0 3456 012345689 012 0123456789 0123456789 0 0 0
1 7 1 0 67 0123458 012 0123469 0123456789 012 01234689 012345678
1 7 1 0 7 5 0 0 01248 01 0123456789 0123456789
1 7 1 0 7 5 0 0 8 012 0123456789 0123456789
1 7 1 0 7 5 0 0 89 012 0123456789 0123456789
1 7 1 0 7 5 0 01 09 012 0123456789 012345689
1 7 1 0 7 5 0 1 0126 012 0123456789 0123456789
1 7 1 0 7 5 0 1 678 01 0123456789 0123456789
1 7 1 0 7 5 0 1234 012489 01 0123456789 0123456789
1 7 1 0 7 5 0 45 01289 01 0123456789 0123456789
1 7 1 0 7 5 0 5 2346 012 0123456789 0123456789
1 7 1 0 7 5 0 5 678 01 012346789 0123456789
1 7 1 0 7 5 0 56 023489 012 0123456789 0123456789
1 7 1 0 7 5 0 67 24568 01 0123456789 0123456789
1 7 1 0 7 5 0 7 23 012 0123456789 012345689
1 7 1 0 7 5 0 7 34 012 0123456789 0123456789
1 7 1 0 7 5 0 7 45 012 0123456789 0123456789
1 7 1 0 7 5 0 78 0125678 012 0123456789 0123456789
1 7 1 0 7 5 01 0189 0234678 01 0123456789 0123456789
1 7 1 0 7 5 12 129 024678 01 0123456789 0123456789
1 7 1 0 7 5 2 2 45 012 0123456789 0123456789
1 7 1 0 7 56 02 02346789 024568 01 0123456789 0123456789
1 7 1 01 0789 012346789 012 0123456789 024678 0 0 0
1 7 1 1 0 012 012 01234569 01234568 012 02459 02489
1 7 1 1 0 234567 012 0123456789 012345678 012 02459 02489
1 7 1 1 01245 0123456789 012 0123456789 0123456789 0 0 0
1 7 1 1 56 0129 012 0123456789 0123456789 0 0 0
1 7 1 12 01679 012345678 012 012346789 0123456789 0 0 0
1 7 12 02 01234 012345678 012 0123456789 012345678 01 01236789 024678
1 7 2 0 13456 01245689 012 012346789 0123456789 012 02459 012489
1 7 2 0 6 45678 012 0123456789 0123456789 0 0 0
1 7 2 0 6 8 12 0123456789 0123456789 0 0 0
1 7 2 0 6 89 02 0123456789 0123456789 0 0 0
1 7 2 0 6 9 012 0123456789 0123456789 0 0 0
1 7 2 0 67 09 012 0123456789 0123456789 0 0 0
1 7 2 0 7 01 012 0123456789 0123456789 0 0 0
1 7 2 0 7 1 01 0123456789 0123456789 0 0 0
1 7 2 0 78 012689 012 0123456789 0123456789 0 0 0
1 7 2 0 8 12 01 0123456789 0123456789 0 0 0
1 7 2 0 8 23 012 0123456789 0123456789 0 0 0
1 7 2 0 8 345 012 0123456789 0123456789 012 0123459 0246789
1 7 2 0 8 567 012 0123456789 0123456789 01 02346 0248
1 7 2 0 89 23478 012 0123456789 012345678 0 0 0
1 7 2 0 9 4 0 012345678 0123456789 01 02346789 0124678
1 7 2 0 9 456 01 012345689 0123456789 012 0123469 0234689
1 7 2 0 9 6 1 0 6 012 0123456789 0123456789
1 7 2 0 9 6 1 0 678 012 0123456789 0123456789
1 7 2 0 9 67 01 0123456789 0123456789 01 0123456789 012345689
1 7 2 0 9 78 01 012345789 0123456789 01 012346789 012346789
1 7 2 0 9 8 01 2456789 0123456789 01 012346789 012456789
1 7 2 0 9 89 012 0123456789 0123456789 01 023456789 0245678
1 7 2 01 09 02349 012 0123456789 0123456789 01 02369 0248
1 7 2 1 01 045689 012 0123456789 023456789 01 02456789 02468
1 7 2 1 1 0 0 67 0123456789 012 0123456789 012345689
1 7 2 1 1 0 012 023456789 0123456789 012 0123456789 01246789
1 7 2 1 1 01 02 0123456 0123456789 012 0123456789 01245678
1 7 2 1 1 1 01 16789 0123456789 012 0123456789 012456789
1 7 2 1 1 1 1 123456789 0123456789 01 02345689 012345689
1 7 2 1 12 012 012 0123459 0123456789 012 0126789 0124689
1 7 2 1 2 0 01 0123456789 0123456789 0 0 0
1 7 2 1 2 01 012 0123456789 0123456789 0 0 0
1 7 2 1 2 1 01 0123456789 0123456789 0 0 0
1 7 2 1 23456789 012345689 012 023456789 0123456789 0 0 0
1 7 2 12 019 0123456789 01 01236 0123456789 012 01234689 0245689
1 7 2 2 1 7 0 2345 0123456789 012 02346789 02345678
1 7 2 2 1 7 01 012356789 0123456789 012 0123456789 01245678
1 7 2 2 1 7 1 3456 0123456789 012 012345689 023456789
1 7 2 2 12 012478 012 01236789 0123456789 01 012456789 0123468
1 7 2 2 2 4 01 0123456789 0123456789 01 023456 024689
1 7 2 2 2 4 12 012356789 0123456789 012 012346789 02468
1 7 2 2 2 4 2 345 0123456789 012 012346789 02468
1 7 2 2 2 45 02 0125 0123456789 012 0123456789 0123468
1 7 2 2 2 5 0 234 0123456789 012 0123456789 02468
1 7 2 2 2 5 0 456 0123456789 012 012346789 02468
1 7 2 2 2 5 0 67 0123456789 012 012346789 02468
1 7 2 2 2 5 0 789 0123456789 012 0123456789 02468
1 7 2 2 2 5 01 09 0123456789 012 0123456789 02468
1 7 2 2 2 5 1 012 0123456789 012 023456789 02468
1 7 2 2 2 5 1 234 0123456789 012 012346789 02468
1 7 2 2 2 5 1 456 0123456789 012 0123456789 02468
1 7 2 2 2 5 1 67 012345678 012 0123456789 02468
1 7 2 2 2 5 1 78 0123456789 012 0123456789 02468
1 7 2 2 2 5 1 89 0123456789 012 0123456789 02468
1 7 2 2 2 5 12 019 0123456789 012 012346789 02468
1 7 2 2 2 5 2 12 0123456789 012 0123456789 02468
1 7 2 2 2 5 2 23 0123456789 012 0123456789 02468
1 7 2 2 2 5 2 3 0123456789 012 0123456789 0245678
1 7 2 2 2 5 2 345 0123456789 012 0123456789 02468
1 7 2 2 2 56 02 015 012345689 012 0123456789 02468
1 7 2 2 2 6 0 12345 0123456789 012 012345679 02468
1 7 2 2 2 6 0 5678 0123456789 012 012345689 02468
1 7 2 2 2 6 01 01289 0123456789 012 012346789 0245689
1 7 2 2 2 6 1 2345678 0123456789 012 012346789 02468
1 7 2 2 23 2345678 012 0123456789 0123456789 012 0269 02468
1 7 2 2 34 0156789 012 0123456789 0123456789 0 0 0
1 7 2 2 4 1245 012 0123456789 0123456789 0 0 0
1 7 2 2 4 567 012 0123456789 0123456789 01 02 08
1 7 2 2 45 278 012 0123456789 0123456789 0 0 0
1 7 2 2 5 2 01 0123456789 0123456789 0 0 0
1 7 2 2 5 23 012 01234589 0123456789 01 0269 02468
1 7 2 2 5 3 0 123 012346789 012 0123456789 0123456789
1 7 2 2 5 3 0 3 2345 012 012345689 0123456789
1 7 2 2 5 3 0 3 5678 012 0123456789 012468
1 7 2 2 5 3 0 34 01239 012 0123456789 0123456789
1 7 2 2 5 3 0 4 34 012 0123456789 0123456789
1 7 2 2 5 3 0 4 4 12 0123456789 0123456789
1 7 2 2 5 3 0 45 045689 012 0123456789 0123456789
1 7 2 2 5 3 0 5 01 012 0123456789 023456789
1 7 2 2 5 3 0 5 12 012 0123456789 0123456789
1 7 2 2 5 3 0 5 23 012 0123456789 0123456789
1 7 2 2 5 3 0 56 02346789 012 0123456789 01246789
1 7 2 2 5 3 0 6 45 012 0123456789 023456789
1 7 2 2 5 3 0 6 56 012 0123456789 0123456789
1 7 2 2 5 3 0 6 67 012 0123456789 023456789
1 7 2 2 5 3 0 6 78 012 0123456789 0123456789
1 7 2 2 5 3 0 6 89 012 0123456789 024689
1 7 2 2 5 3 0 67 09 012 0123456789 023456789
1 7 2 2 5 3 0 7 01 012 0123456789 0123456789
1 7 2 2 5 3 0 7 12 012 0123456789 023456789
1 7 2 2 5 3 0 7 23 012 0123456789 0123456789
1 7 2 2 5 3 0 7 34 012 0123456789 02345678
1 7 2 2 5 3 0 7 45 012 0123456789 0123456789
1 7 2 2 5 3 0 7 56 012 0123456789 0123456789
1 7 2 2 5 3 0 7 67 012 0123456789 0123456789
1 7 2 2 5 3 0 7 789 012 0123456789 01245678
1 7 2 2 5 3 0 78 012345679 012 0123456789 0123456789
1 7 2 2 5 3 0 89 0123456789 012 0123456789 012456789
1 7 2 2 5 3 0 9 78 012 0123456789 0123456789
1 7 2 2 5 3 01 09 089 012 0123456789 0123456789
1 7 2 2 5 3 1 0 01 012 0123456789 0123456789
1 7 2 2 5 3 1 0 12 012 0123456789 0123456789
1 7 2 2 5 3 1 0 23 012 0123456789 0123456789
1 7 2 2 5 3 1 0 34 012 0123456789 0123456789
1 7 2 2 5 3 1 0 45 012 0123456789 0123456789
1 7 2 2 5 3 1 01234567 0123456789 01 0123456789 01245689
1 7 2 2 5 3 1 7 67 012 0123456789 012345678
1 7 2 2 5 3 1 7 789 012 0123456789 012456789
1 7 2 2 5 3 12 012789 0123456789 012 0123459 01234568
1 7 2 2 5 345 012 012345689 0123456789 012 0249 0248
1 7 2 2 5 5 012 0123456789 0123456789 012 0123456789 024689
1 7 23 02 05 05 02 013456789 012345689 012 0123456789 012346789
1 7 3 0 0 0 01 09 0345678 012 0123456789 0123456789
1 7 3 0 01 012456789 012 0123456789 0123456789 0 0 0
1 7 3 0 12 0123459 012 0123456789 01246789 0 0 0
1 7 3 0 23 056789 012 0123456789 0123456789 0 0 0
1 7 3 0 34 01234689 012 0123456789 0123456789 0 0 0
1 7 3 0 4 4 012 0123456789 0123456789 012 02346789 024678
1 7 3 0 4 45 012 0123456 0123456789 012 01234569 02468
1 7 3 0 4 567 012 0123456789 0123456789 01 0123456789 02468
1 7 3 0 45 012378 012 0123456789 0123456789 0 0 0
1 7 3 0 5678 0123456789 012 0123456789 0123456789 0 0 0
1 7 3 0 8 234 012 0123456789 0123456789 0 0 0
1 7 3 01 26789 01245678 012 0123456789 0123456789 0 0 0
1 7 3 1 89 012346789 012 0124569 0123456789 012 02369 02468
1 7 3 1 9 4 01 0123456789 0123456789 012 02346789 0245678
1 7 3 1 9 4 1 012 024 012 0123456789 0123456789
1 7 3 1 9 4 1 2 01 012 0123456789 0123456789
1 7 3 1 9 4 1 2 12 012 0123456789 0123456789
1 7 3 1 9 4 1 2 23 012 0123456789 0123456789
1 7 3 1 9 4 1 2 34 012 0123456789 023456789
1 7 3 1 9 4 1 2 45 012 0123456789 023456789
1 7 3 1 9 4 1 2 56 012 0123456789 012346789
1 7 3 1 9 4 1 2345 0123456789 012 0123456789 0124678
1 7 3 1 9 45 012 0123456789 0123456789 012 01234569 024678
1 7 3 1 9 56789 012 012345679 0123456789 01 01236 023468
1 7 3 12 09 0123459 012 0123456789 0123456789 01 029 028
1 7 3 2 0 5 0 1234 0123456789 012 0123456789 0123456789
1 7 3 2 0 5 0 4 3456 012 0123456789 0123456789
1 7 3 2 0 5 0 45 01236789 012 0123456789 0123456789
1 7 3 2 0 5 0 56 0123456789 012 0123456789 012456789
1 7 3 2 0 5 01 06789 01234689 012 0123456789 024689
1 7 3 2 0 5 1 01 01456789 012 0123456789 024568
1 7 3 2 0 567 012 0123456789 0123456789 01 045679 02468
1 7 3 2 0 789 012 0123456789 0123456789 0 034 0123
1 7 3 2 01 0129 012 0123456789 0123456789 01 012346 02468
1 7 3 2 1 234 012 0123456789 0123456789 0 0 0
1 7 3 2 12 045689 012 0123456789 0123456789 0 0 0
1 7 3 2 2 123 012 0123456789 0123456789 0 0 0
1 7 3 2 2 345 012 0123456789 023456789 012 0123456789 02468
1 7 3 2 2 56 012 0123456789 0123456789 01 026 048
1 7 3 2 2 67 012 0123456789 0123456789 0 0 0
1 7 3 2 23 0789 012 0123456789 0123456789 012 01234679 02468
1 7 3 2 3 12 012 0123456789 0123456789 012 02369 0248
1 7 3 2 3 23 012 0123456789 0123456789 01 0269 0468
1 7 3 2 3 34567 012 0123456789 02346789 01 01236 02468
1 7 3 2 3 789 012 012346789 0123456789 012 0123456789 02468
1 7 3 2 3 9 01 2345689 0123456789 012 0123456789 02468
1 7 3 2 34 09 012 0123456789 0123456789 012 0234679 023468
1 7 3 2 4 01 012 0123456789 0123456789 012 0124569 0234689
1 7 3 2 4 123 012 0123456789 0123456789 012 0234569 0245689
1 7 3 2 4 3 012 012346789 0123456789 012 0123456789 024678
1 7 3 2 4 34 012 012345689 0123456789 012 01234689 02468
1 7 3 2 4 45 012 0123456789 012345689 01 0123469 012456789
1 7 3 2 4 5678 012 0123456789 0123456789 0 0 0
1 7 3 2 4 89 012 0123456789 0123456789 012 0126789 012468
1 7 3 2 45 0129 012 0123456789 012345689 012 0123456789 02468
1 7 3 2 5 2 01 23456789 012345678 012 0123456789 0123456789
1 7 3 2 5 23 01 016789 01234568 012 0123456789 02468
1 7 3 2 5 3 1 1 5678 012 0123456789 02468
1 7 3 2 5 3 1 12 01289 012 0123456789 02468
1 7 3 2 5 34 01 01234678 0234568 012 0123456789 02468
1 7 3 2 5 45 012 0123456789 0123456789 01 01236 024678
1 7 34 02 01235 012345689 012 023456789 012456789 012 0123469 0124689
1 7 4 0 3 45 012 01234589 0123456789 012 01234679 012345678
1 7 4 0 3 5 0 2345 0123456789 012 0123456789 0123456789
1 7 4 0 3 5 012 012456789 0123456789 012 012346789 01234689
1 7 4 0 34 02345678 012 0123456789 0123456789 01 012689 02468
1 7 4 0 4 67 012 0123456789 0123456789 0 0 0
1 7 4 0 467 012346789 012 0123456789 0123456789 0 0 0
1 7 4 01 012789 01246789 012 0123456789 012346789 0 0 0
1 7 4 1 2 67 012 0123456789 0123456789 01 02 08
1 7 4 1 23 02346789 012 0123456789 0123456789 01 0126789 024678
1 7 4 1 3 67 012 0123456789 0123456789 0 0 0
1 7 4 1 3 789 012 0123456789 0123456789 0 0 0
1 7 4 1 34 09 012 0123456789 0123456789 0 0 0
1 7 4 1 4 012 012 012345679 0123456789 012 0123456789 02468
1 7 4 1 4 2 0 01 0123456789 012 0123456789 02468
1 7 4 1 4 2 0 123 023456789 012 0123456789 02468
1 7 4 1 4 2 0 34 0123456789 012 0123456789 02468
1 7 4 1 4 2 0 456 01234569 012 0123456789 02468
1 7 4 1 4 2 0 67 012345678 012 0123456789 02468
1 7 4 1 4 2 01 0789 01245689 012 0123456789 02468
1 7 4 1 4 2 1 0123 012489 012 0123456789 02468
1 7 4 1 4 2 1 34 0123456789 012 0123456789 02468
1 7 4 1 4 2 1 456 01245678 012 0123456789 02468
1 7 4 1 4 2 1 67 012345689 012 0123456789 02468
1 7 4 1 4 2 12 0789 023456789 012 0123456789 02468
1 7 4 1 4 2 2 012 02346789 012 0123456789 02468
1 7 4 1 4 2 2 234 02456789 012 0123456789 02468
1 7 4 12 0469 02345678 012 0234569 01234689 012 0123469 02468
1 7 4 2 012 0123456789 012 0123456789 02468 0 0 0
1 7 4 2 23 0123456789 012 0123456789 02468 0 0 0
1 7 4 2 34 0123456789 012 0123456789 02468 0 0 0
1 7 45 02 045 012345689 012 0123456789 012468 0 0 0
1 7 5 0 012 0123456789 012 01234569 0123456789 01 012369 0234689
1 7 5 0 234 0129 012 01234569 0123456789 012 026789 0234568
1 7 5 0 4 1 0 2345 0123456789 012 0123456789 012345689
1 7 5 0 4 1 0 56 012389 012 0123456789 012346789
1 7 5 01 0469 012456789 012 0123456789 0123456789 01 0679 01245689
1 7 5 1 0 012 012 012345679 0123456789 012 026789 0124568
1 7 5 1 0 23467 012 0123456789 012345678 0 0 0
1 7 5 1 01 0178 012 0123456789 0123456789 0 0 0
1 7 5 1 1 12345678 012 0123456789 012346789 01 01236 0124678
1 7 5 1 12 0123489 012 0123456789 0123456789 0 0 0
1 7 5 1 2345 245678 012 0123456789 0123456789 0 0 0
1 7 5 1 567 0689 012 01234569 012345689 012 0123456789 023456789
1 7 5 1 78 0236789 012 012456789 0123456789 012 0123456789 012346789
1 7 5 1 89 012345689 012 0123456789 0123456789 0 0 0
1 7 5 12 09 01245678 012 012345679 0123456789 0 0 0
1 7 56 02 012 0123456789 012 0123456789 0123456789 0 067 02489
1 7 6 0 01 09 01 01234568 0123468 012 0123456789 0123456789
1 7 6 0 12 0123456 012 0123456789 0123456789 012 0123456789 012346789
1 7 6 0 23 0123489 012 0123456789 0123456789 012 0234569 012345689
1 7 6 0 3 1 01 12345679 023456789 01 012345689 012346789
1 7 6 0 3 12 012 01234569 012456789 012 0123456789 0123456789
1 7 6 0 34 012345689 012 012345679 0123456789 012 023469 02468
1 7 6 0 45 278 012 0123456789 0123456789 01 0123456789 012345689
1 7 6 0 5 2 2 45 01289 012 0123456789 0123456789
1 7 6 0 5 2 2 5 23 012 0123456789 02346789
1 7 6 0 5 23 012 01234569 0123456789 012 0123456789 0123456789
1 7 6 0 5 346 012 0123456789 0123456789 012 01234569 01234568
1 7 6 0 5 67 012 0123456789 0123456789 012 023469 024678
1 7 6 0 5 78 012 0123456789 0123456789 012 01269 0124678
1 7 6 0 56 01289 012 0123456789 0123456789 012 02345679 01234689
1 7 6 0 6 2345 012 0123456789 0124568 012 0123456789 0123456789
1 7 6 0 6 5 01 236789 0124689 012 0123456789 0123456789
1 7 6 0 6 5 1 34 0123456789 012 0123456789 0123456789
1 7 6 0 6 567 012 0234569 0234678 012 0123456789 0123456789
1 7 6 0 6 7 0 89 0123456789 012 0123456789 0123456789
1 7 6 0 67 2345678 012 0123456789 0123456789 012 0123456789 012345689
1 7 6 0 789 012346789 012 0123456789 0123456789 01 01236 024568
1 7 6 0 9 67 012 0123456789 0123456789 012 02349 024678
1 7 6 0 9 789 012 0123456789 0123456789 01 0123679 023468
1 7 6 01 09 09 01 01234569 0123456789 012 012346789 023468
1 7 6 1 0 0 1 678 0123456789 012 0123456789 012345689
1 7 6 1 0 01 012 012345689 0123456789 012 012346789 0234678
1 7 6 1 0 1 01 06789 0123456789 012 0123456789 012345678
1 7 6 1 0 123 012 0123456789 0123456789 012 0129 02468
1 7 6 1 0 3456 012 0123456789 0123456789 0 0 0
1 7 6 1 0 678 012 0123456789 0123456789 01 029 028
1 7 6 1 0 89 012 0123456789 0123456789 012 012345679 02468
1 7 6 1 01 019 012 0123456789 0123456789 01 01269 0245678
1 7 6 1 1 123 012 0123456789 0123456789 01 0123469 02468
1 7 6 1 1 345 012 0123456789 0123456789 012 01234569 012346789
1 7 6 1 1 567 012 0123456789 0123456789 012 0234 023468
1 7 6 1 1 7 0 6 89 012 0123456789 0123456789
1 7 6 1 1 78 012 0123456789 0123456789 01 01234679 0234568
1 7 6 1 12 089 012 012345679 0123456789 01 012369 02468
1 7 6 1 2 01 012 0123456789 0123456789 01 0236 0248
1 7 6 1 2 12 02 012345689 0123456789 012 0123456789 0123456789
1 7 6 1 2 234 012 0123456789 012346789 012 012345689 023456789
1 7 6 1 2 45 012 0123456789 0123456789 0 0 0
1 7 6 1 2 56 012 03456789 0123456789 01 012345689 0123456789
1 7 6 1 2 6 12 012345679 0123456789 012 0123456789 01234568
1 7 6 1 234 0678 012 04569 0234568 012 0123456789 0123456789
1 7 6 12 014679 01234689 012 0123456789 0123456789 01 01236 012468
1 7 6 2 1 2345678 012 0123456789 0245689 0 0 0
1 7 6 2 12 01289 012 0123456789 012456789 012 01234689 02468
1 7 6 2 2 2 1 2 123456 012 0123456789 012345678
1 7 6 2 2 23 012 0123456789 0123456789 012 0123456789 02346789
1 7 6 2 2 345678 012 0123456789 0123456789 01 0123456789 02468
1 7 6 2 3 245678 012 0123456789 0123456789 01 01269 024678
1 7 67 02 04 01248 012 0123456789 012456789 01 012369 012468
1 7 7 0 01 0123456789 012 0123456789 0124689 0 0 0
1 7 7 0 1 01 012 0123456789 01245678 0 0 0
1 7 7 0 12 0123456 012 0123456789 012345678 0 0 0
1 7 7 0 23 2345678 012 0123456789 02456789 0 0 0
1 7 7 0 3 6789 012 0123456789 0123456789 0 0 0
1 7 7 0 345 02456789 012 0123456789 01246789 0 0 0
1 7 7 0 5 234 012 0123456789 012346789 0 0 0
1 7 7 0 56 023456 012 0123456789 02456789 0 0 0
1 7 7 0 67 06789 012 0123456789 0123456789 0 0 0
1 7 7 0 7 0123 012 0123456789 01245689 0 0 0
1 7 7 0 7 34568 012 0123456789 0123456789 0 0 0
1 7 7 0 78 0459 012 0123456789 012345689 0 0 0
1 7 7 0 8 567 012 0123456789 023456789 0 0 0
1 7 7 0 89 01789 012 0123456789 023456789 0 0 0
1 7 7 0 9 123 012 0123456789 02345678 01 0123456789 0123456789
1 7 7 01 09 0123456 012 012346789 01234689 012 01234569 0123456789
1 7 7 1 012 02456789 012 0123456789 012345678 0 0 0
1 7 7 1 2 5678 012 0123456789 0123456789 0 0 0
1 7 7 1 2 89 012 0123456789 0123456789 0 0 0
1 7 7 1 23 01269 012 0123456789 0123456789 01 023456 024689
1 7 7 1 345 02345678 012 0123456789 012456789 01 0123469 024678
1 7 7 1 5 2345 012 0123456789 0123456789 0 0 0
1 7 7 1 5678 01245678 012 0123456789 0123456789 0 0 0
1 7 7 1 89 04568 012 0123456789 0246789 012 012346789 0123456789
1 7 7 12 09 0123456 012 0123456789 023456789 01 012346 02489
1 7 7 2 012 01234689 012 0123456789 02346789 0 0 0
1 7 7 2 23 012345689 012 0123456789 012345678 0 0 0
1 7 7 2 3 34567 012 012346789 012345689 01 01236 023468
1 7 7 2 3 78 012 0123456789 0123456789 012 0123456789 0123456789
1 7 7 2 34 0189 012 0123456789 0123456789 01 0236 0248
1 7 7 2 4 123 012 0123456789 0123456789 01 01234689 02468
1 7 7 2 4 3456 012 0123456789 0123456789 01 01236 01234689
1 7 7 2 4 6789 012 0123456789 0123456789 0 0 0
1 7 78 02 0145 01269 012 012345689 0123456789 012 0123469 012345678
1 7 8 0 1 678 012 0123456789 0123456789 01 02679 02345678
1 7 8 0 1 8 12 012345679 0123456789 012 01234569 0123456789
1 7 8 0 1 8 2 2 45 012 0123456789 0123456789
1 7 8 0 1 8 2 2 5 012 0123456789 0123456789
1 7 8 0 1 8 2 2 567 012 0123456789 0123456789
1 7 8 0 1 8 2 23 0789 012 0123456789 0123456789
1 7 8 0 1 8 2 3 0123456 012 0123456789 0123456789
1 7 8 0 1 89 02 0134 0234678 012 0123456789 0123456789
1 7 8 0 1 9 0 456 0123456789 012 0123456789 0123456789
1 7 8 0 12 09 012 0123456789 0123456789 012 0123456789 0123456789
1 7 8 0 2 0 012 0123456789 012345689 012 0123456789 01234678
1 7 8 0 2 01 012 0123456789 0123456789 012 01234569 02345678
1 7 8 0 2 123 012 0123456789 0123456789 01 01236 023468
1 7 8 0 23 2348 012 012345789 0123456789 012 0123456789 0245678
1 7 8 0 3 2 01 2356789 012456789 012 0123456789 012345678
1 7 8 0 3 2 1 3467 023456789 012 0123456789 0123456789
1 7 8 0 3 2 12 0789 012345678 012 0123456789 023456789
1 7 8 0 3 23 02 0123 01234678 012 0123456789 0123456789
1 7 8 0 3 3 0 3 45 012 0123456789 012456789
1 7 8 0 3 3 0 3 5678 012 0123456789 0123456789
1 7 8 0 3 3 0 34 089 012 012345679 0123456789
1 7 8 0 3 3 0 5 0123 012 0123456789 0123456789
1 7 8 0 3 3 01 0156789 012346789 012 0123456789 0123456789
1 7 8 0 3 3 1 1 234567 012 0123456789 0123456789
1 7 8 0 3 3 1 12346 01234678 012 0123456789 0123456789
1 7 8 0 3 3 1 6 34567 012 0123456789 0123456789
1 7 8 0 3 34 012 0126789 0123456789 012 0123456789 0246789
1 7 8 0 345 023456789 012 0123456789 02346789 01 0126789 0124689
1 7 8 0 5 789 012 0126789 0123456789 012 0123456789 0123456789
1 7 8 0 67 01234 012 01236789 012456789 012 0123469 0124568
1 7 8 0 7 456789 012 0123456789 0123456789 01 02 08
1 7 8 0 78 01239 012 0123456789 0123456789 01 024569 02489
1 7 8 0 8 3 012 0123456789 0123456789 01 01236 02468
1 7 8 0 89 02346789 012 0123456789 0123456789 012 0129 02468
1 7 8 0 9 2 01 0123456789 0123456789 0 0 0
1 7 8 0 9 23 012 01234589 0123456789 0 0 0
1 7 8 0 9 3 01 0123456789 0123456789 0 0 0
1 7 8 0 9 34 012 0123456789 0123456789 0 0 0
1 7 8 0 9 4 012 0123456789 0123456789 0 0 0
1 7 8 0 9 45 012 0123456789 0123456789 0 0 0
1 7 8 01 019 0245678 012 0123456789 0123456789 0 0 0
1 7 8 1 123 01245689 012 0123456789 01246789 012 0123456789 02346789
1 7 8 1 3 2 01 0126789 0123456789 012 0123456789 012345689
1 7 8 1 3 23456 012 0123456789 0123456789 012 0124569 0234689
1 7 8 1 345 0123456789 012 012345689 0123456789 0 0 0
1 7 8 1 5 678 01 0123456789 0123456789 01 0269 0248
1 7 8 1 56 0123456789 012 0123456789 0123456789 012 0234569 0234568
1 7 8 1 67 09 012 0123456789 0123456789 0 0 0
1 7 8 1 7 01 012 0123456789 0123456789 012 012346789 012346789
1 7 8 1 7 12 012 0123456789 0123456789 0 0 0
1 7 8 1 7 2345 012 012345689 0123456789 012 0123469 01245678
1 7 8 1 7 56 01 0123456789 012346789 012 01236789 012346789
1 7 8 1 78 0236789 012 0123456789 0123456789 0 0 0
1 7 8 12 089 02345689 012 0123456789 0123456789 01 01236 023468
1 7 8 2 01 019 012 023456789 0123456789 01 0123456789 012456789
1 7 8 2 1 12 012 012345679 0123456789 01 012369 02468
1 7 8 2 1 23 012 0123456789 0123456789 01 0123456 01234689
1 7 8 2 1 345 012 0123456789 0123456789 01 012369 024568
1 7 8 2 1 567 012 0123456789 0123456789 01 02346 02468
1 7 8 2 1 789 012 0123456789 0123456789 01 01269 02468
1 7 8 2 123 023456789 012 0123456789 0123456789 012 0123456789 02468
1 7 8 2 3 456 012 012346789 0123456789 01 023456 024689
1 7 8 2 3 678 012 0123456789 0123456789 0 0 0
1 7 8 2 3 89 012 0123456789 0123456789 01 01236 024689
1 7 8 2 34 012456789 012 0123456789 0123456789 0 0 0
1 7 8 2 45 09 012 0123456789 0123456789 01 026789 023468
1 7 8 2 5 01 012 0123456789 0123456789 012 0123469 01234689
1 7 8 2 5 1234 012 01234569 0123456789 0 0 0
1 7 8 2 5 45 01 023456789 0123456789 012 0123456789 0123456789
1 7 8 2 5 5 01 0123456789 0123456789 012 0123456789 0123456789
1 7 89 02 05 05 012 0123456789 0123456789 012 012369 012345678
1 7 9 0 0 01234 012 0123456789 0123456789 0 0 0
1 7 9 0 0123 0124568 012 02345689 02468 012 0123456789 0123456789
1 7 9 0 34 012346 01 0123456789 0123456789 02 05 01234
1 7 9 0 4 2348 01 0123456789 023456789 01 026789 024568
1 7 9 0 45 089 012 0123456789 012345689 0 0 0
1 7 9 0 56 012468 012 0123456789 0123456789 0 0 0
1 7 9 0 6 01 012 0123456789 0123456789 012 012346789 02468
1 7 9 0 6 1 01 123456789 0123456789 012 0123456789 01245689
1 7 9 0 6 12 012 0123456789 0123456789 0 0 0
1 7 9 0 6 23 012 0123456789 0123456789 0 0 0
1 7 9 01 06789 0123456789 012 012346789 0123456789 0 0 0
1 7 9 1 012 024789 012 0123456789 0123456789 0 0 0
1 7 9 1 2345 01245678 012 0123456789 0245678 0 0 0
1 7 9 1 56789 0123456789 012 0123456789 0123456789 0 0 0
1 7 9 12 01239 0123456789 012 0123456789 012345689 0 0 0
1 78 09 02 03456 02345678 012 0123456789 0123456789 0 0 0
1 8 0 0 678 012346789 012 012346789 0123456789 012 0123456789 0124689
1 8 0 0 8 7 0 0123456 0123456789 012 012346789 0245689
1 8 0 0 8 7 0 6789 0123456789 012 0123456789 01245689
1 8 0 0 8 7 01 01239 012345689 012 0123456789 012456789
1 8 0 0 8 7 1 345 0123456789 012 0123456789 0123456789
1 8 0 0 8 789 01 023456789 023456789 012 0234569 023456789
1 8 0 0 89 012349 012 0123456789 0123456789 0 0 0
1 8 0 01 09 045678 012 0123456789 0123456789 0 0 0
1 8 0 1 0 012 012 0123456789 0123456789 0 0 0
1 8 0 1 0 2346 012 0123456789 0123456789 0 0 0
1 8 0 1 0 6 012 0123456789 0123456789 0 0 0
1 8 0 1 0 67 012 0123456789 0123456789 0 0 0
1 8 0 1 0 78 012 0123456789 0123456789 0 0 0
1 8 0 1 0 8 012 0123456789 0123456789 0 0 0
1 8 0 1 01 01289 012 0123456789 0123456789 0 0 0
1 8 0 1 1 234567 012 012345679 0123456789 0 0 0
1 8 0 1 12 012456789 012 0123456789 012456789 0 0 0
1 8 0 1 234 0123456789 012 0123456789 0123456789 0 0 0
1 8 0 1 4 5689 012 0123456789 0123456789 012 01234679 0123456789
1 8 0 1 45 09 012 01234569 0123456789 012 0123456789 023456789
1 8 0 1 5 0123 012 0123456789 012345678 01 012 024689
1 8 0 1 567 023468 012 0123456789 0123456789 01 0126789 012468
1 8 0 1 78 089 012 0123456789 0123456789 01 0123456789 02468
1 8 0 1 8 0 2 45 0124589 012 0123456789 0123456789
1 8 0 1 8 01234567 012 0123456789 02456789 02 01234 02489
1 8 0 1 89 089 012 0123456789 0123456789 0 0 0
1 8 0 12 09 01236 012 0123456789 023456789 0 0 0
1 8 0 2 01 01348 012 0123456789 0123456789 0 0 0
1 8 0 2 12 0123456789 012 0123456789 0123456789 0 0 0
1 8 0 2 2 23 012 0123456789 0123456789 0 0 0
1 8 0 2 23 234 012 0123456789 0123456789 01 023469 0245689
1 8 0 2 3 345 01 0123456789 012345689 012 0123456789 012345678
1 8 0 2 3 5 1 78 0123456789 012 0123456789 024568
1 8 0 2 3 5 1 8 2345678 012 0123456789 012468
1 8 0 2 34 056 012 01289 0124689 012 0123456789 0245678
1 8 0 2 4 0 1 2345678 0123456789 012 0123456789 012346789
1 8 0 2 4 0 1 89 01234568 012 0123456789 0123456789
1 8 0 2 4 0 1 9 012 012 0123456789 0123456789
1 8 0 2 4 0 1 9 2 012 0123456789 0123456789
1 8 0 2 4 0 1 9 2345 012 0123456789 0123456789
1 8 0 2 4 0 1 9 5678 012 0123456789 0123456789
1 8 0 2 4 0 12 09 012489 01 0123456789 0123456789
1 8 01 02 0145 012458 012 0123456789 0123456789 012 01234689 0123468
1 8 1 0 123 02345678 012 01234569 0123456789 01 01236 024568
1 8 1 0 34 01346789 012 0123456789 0245678 012 0123456789 0123456789
1 8 1 0 45 0123489 012 0123456789 0123456789 01 01236 0124689
1 8 1 0 5 123 012 0123456789 0123456789 0 0 0
1 8 1 0 5 3456 012 0123456789 012345689 0 0 0
1 8 1 0 5 6789 012 0123456789 0123456789 0 0 0
1 8 1 0 56 019 012 0123456789 012345678 0 0 0
1 8 1 0 6 123 012 0123456789 0123456789 0 0 0
1 8 1 0 67 234689 012 0123456789 0123456789 0 0 0
1 8 1 0 789 012345689 012 012345689 0123456789 0 0 0
1 8 1 01 019 012345678 012 012346789 012345689 012 02345679 0234689
1 8 1 1 1 234 012 0123456789 012345689 0 0 0
1 8 1 1 1 45678 012 0123456789 0123456789 012 023469 024568
1 8 1 1 12467 02489 012 0123456789 0123456789 01 02 08
1 8 1 1 7 4567 012 0123456789 0123456789 0 0 0
1 8 1 1 78 04789 012 0123456789 023456789 012 01234679 0124568
1 8 1 1 89 019 012 0123456789 0123456789 0 0 0
1 8 1 1 9 123467 012 0123456789 012345678 0 0 0
1 8 1 12 019 012456789 012 0123456789 0123456789 012 01234689 02468
1 8 1 2 1 234 01 0123456789 0123456789 0 0 0
1 8 1 2 1 4 01 0123456789 0123456789 0 0 0
1 8 1 2 1 45 012 0123459 0123456789 0 0 0
1 8 1 2 1 5 01 0123456789 0123456789 0 0 0
1 8 1 2 1 567 012 0123456789 0123456789 0 0 0
1 8 1 2 12 0234789 012 0123456789 0123456789 0 0 0
1 8 1 2 23 245678 012 0123456789 012345689 0 0 0
1 8 1 2 3 23456 012 0123456789 0123456789 0 0 0
1 8 12 02 0134 06789 012 0123456789 0123456789 0 0 0
1 8 2 0 123 0123489 012 0123456789 0123456789 01 01236 012468
1 8 2 0 34 01234568 012 0123456789 012345689 012 0123456789 0123456789
1 8 2 0 45 089 012 012346789 012345678 012 012345689 0123456789
1 8 2 0 5 012 012 0123456789 012456789 012 0123456789 0245678
1 8 2 0 5 2345 012 012345679 0123456789 01 012345679 012346789
1 8 2 0 567 0123456789 012 012346789 0123456789 0 0 0
1 8 2 0 789 0234789 012 0123456789 0123456789 0 0 0
1 8 2 01 01239 012345678 012 0123456789 01234568 0 0 0
1 8 2 1 345 012456789 012 01234569 0123456789 0 0 0
1 8 2 1 56 0126789 012 0123456789 023456789 0 0 0
1 8 2 1 67 2348 012 012346789 0123456789 0 0 0
1 8 2 12 023789 0123456789 012 012346789 01234678 0 0 0
1 8 2 2 34 012346789 012 0123456789 0123456789 0 0 0
1 8 2 2 45 2345678 012 0123456789 0123456789 0 0 0
1 8 2 2 5 345 012 012345689 0123456789 01 0123456789 0123456789
1 8 23 02 015 02345678 012 0123456789 0123456789 01 023456789 02456789
1 8 3 0 1345 0123456789 012 012346789 01246789 0 0 0
1 8 3 0 5678 0123456789 012 012346789 01245678 012 0234569 01234568
1 8 3 0 8 123 012 0123456789 0123456789 012 01234569 01234568
1 8 3 0 8 345678 012 0123456789 0123456789 0 0 0
1 8 3 0 89 0189 012 012346789 012345689 012 023456789 012345689
1 8 3 0 9 12 01 012345679 0123456789 012 0123456789 012346789
1 8 3 01 0129 012346789 012 012346789 0123456789 0 0 0
1 8 3 1 23 01249 012 0123456789 0123456789 0 0 0
1 8 3 1 34567 012345678 012 012345689 012346789 0 0 0
1 8 3 1 7 78 01 0123456789 01246789 01 0123456789 01234689
1 8 3 1 78 01289 012 0123456789 012346789 0 012346789 01234678
1 8 3 12 089 0123456 012 02346789 012345689 012 01234679 012468
1 8 3 2 0123 012345678 012 01234569 0123456789 0 0 0
1 8 3 2 3 23 012 0123456789 0123456789 0 0 0
1 8 3 2 3 345 012 0123456789 012345678 0 0 0
1 8 3 2 3 5678 012 0123456789 0123456789 0 0 0
1 8 3 2 3 89 012 0123456789 0123456789 0 0 0
1 8 3 2 34 01245689 012 0123456789 0123456789 0 0 0
1 8 34 02 05 01245 012 0123456789 0123456789 0 0 0
1 8 4 0 0 234567 012 012345679 0123456789 0 0 0
1 8 4 0 01 012789 012 012345689 0123456789 0 0 0
1 8 4 0 12 0123456789 012 012345679 0123456789 0 0 0
1 8 4 0 2 45 012 0123456789 0123456789 0 0 0
1 8 4 0 2 56 012 012345689 012345689 012 0123456789 012456789
1 8 4 0 2 6 1 0 567 012 0123456789 012345678
1 8 4 0 2 67 012 0123456789 023456789 012 01234569 0124689
1 8 4 0 2 78 012 0123456789 0123456789 012 0123456 024689
1 8 4 0 2 89 012 0123456789 023456789 01 01236 02468
1 8 4 0 2 9 01 0123456789 012345678 012 01234569 0123456789
1 8 4 0 2 9 1 4 567 012 0123456789 0123456789
1 8 4 0 2345 01289 012 0123456789 0123456789 012 024569 0234568
1 8 4 0 5 0 012 012345679 02345678 012 0123456789 0123456789
1 8 4 0 5 01 012 0123456789 0123456789 012 0123456789 012456789
1 8 4 0 56 012346 012 012345689 0123456789 012 023456789 02468
1 8 4 0 678 0123456 012 0123456789 012346789 01 0123456789 02468
1 8 4 0 8 456 012 0123456789 0123456789 0 0 0
1 8 4 0 89 234678 012 012345679 012346789 01 02346789 012345678
1 8 4 0 9 4 0 012345 0123456789 012 0123456789 0234678
1 8 4 0 9 4 0 56789 02346789 012 0123456789 012345689
1 8 4 0 9 4 01 09 012789 012 0123456789 024689
1 8 4 0 9 4 1 0 2345678 012 0123456789 0123456789
1 8 4 0 9 4 1 01 01234589 012 0123456789 0234689
1 8 4 0 9 4 1 12 01256789 012 0123456789 012345678
1 8 4 0 9 4 1 2 234567 012 0123456789 012345678
1 8 4 01 09 012345678 012 0123456789 012345678 012 0123469 0123468
1 8 4 1 0 4 1 7 789 012 0123456789 0123456789
1 8 4 1 0 4 1 78 012346789 012 0123456789 0123456789
1 8 4 1 0 4 1 8 89 012 0123456789 0123456789
1 8 4 1 0 4 1 89 019 012 0123456789 0123456789
1 8 4 1 0 4 1 9 12 012 0123456789 0123456789
1 8 4 1 0 4 1 9 2 012 0123456789 0123456789
1 8 4 1 0 4 1 9 23 012 0123456789 0123456789
1 8 4 1 0 4 1 9 34 012 0123456789 0123456789
1 8 4 1 0 4 1 9 45 012 0123456789 0123456789
1 8 4 1 0 4 1 9 56 012 0123456789 0123456789
1 8 4 1 0 4 1 9 67 012 0123456789 0123456789
1 8 4 1 0 4 1 9 7 012 0123456789 0123456789
1 8 4 1 0 4 1 9 78 012 0123456789 0123456789
1 8 4 1 0 4 1 9 89 012 0123456789 0123456789
1 8 4 1 0 4 12 09 0129 012 0123456789 0123456789
1 8 4 1 0 4 2 0 23 012 0123456789 0123456789
1 8 4 1 0 4 2 0 34 012 0123456789 0123456789
1 8 4 1 0 4 2 0 45 012 0123456789 0123456789
1 8 4 1 0 4 2 0 56 012 0123456789 0123456789
1 8 4 1 0 4 2 0 678 012 0123456789 0123456789
1 8 4 1 0 4 2 0 89 012 0123456789 0123456789
1 8 4 1 0 4 2 01 09 012 0123456789 0123456789
1 8 4 1 0 4 2 1 01234 012 0123456789 0123456789
1 8 4 1 0 4 2 1 456 012 0123456789 0123456789
1 8 4 1 0 4 2 12 016789 012 0123456789 0123456789
1 8 4 1 0 4 2 2 1234 012 0123456789 0123456789
1 8 4 1 0 4 2 2 4567 012 0123456789 0123456789
1 8 4 1 0 4 2 23 0178 012 0123456789 0123456789
1 8 4 1 0 45 02 01234 0123456789 012 012345679 023456789
1 8 4 1 0 5 0 3456 0123456789 012 01234569 0123456789
1 8 4 1 0 5 0 6 45 012 0123456789 0123456789
1 8 4 1 0 5 0 6 5 012 0123456789 0123456789
1 8 4 1 0 5 0 678 01256789 012 012345689 0123456789
1 8 4 1 0 5 0 8 01 01 0123456789 0123456789
1 8 4 1 0 5 01 0123489 0123456789 012 0123456789 0123456789
1 8 4 1 0 5 1 456 0123456789 012 0123456789 0123456789
1 8 4 1 0 5 1 678 0123456789 012 0123456789 0123456789
1 8 4 1 0 5 12 0189 023456789 012 0123456789 0123456789
1 8 4 1 0 5 2 12 023456789 012 0123456789 0123456789
1 8 4 1 0 5 2 234 0234568 012 012345679 0123456789
1 8 4 1 0 567 012 0123456 023456789 012 0123456789 02456789
1 8 4 1 0 7 0 34568 01234568 012 0123456789 02468
1 8 4 1 0 7 01 089 02345689 012 0123456789 02468
1 8 4 1 0 7 1 0123 02456789 012 0123456789 02468
1 8 4 1 0 7 1 345 012345689 012 0123456789 02468
1 8 4 1 0 7 1 56 012456789 012 0123456789 02468
1 8 4 1 0 7 1 678 01246789 012 0123456789 02468
1 8 4 1 0 7 1 89 012345679 012 0123456789 02468
1 8 4 1 0 7 12 09 01234789 012 0123456789 02468
1 8 4 1 0 7 2 0 456789 012 0123456789 02468
1 8 4 1 0 7 2 01 012349 012 0123456789 02468
1 8 4 1 0 7 2 1 45678 012 0123456789 02468
1 8 4 1 0 7 2 12 012389 012 0123456789 02468
1 8 4 1 0 7 2 2 345678 012 0123456789 02468
1 8 4 1 0 7 2 23 012389 012 0123456789 02468
1 8 4 1 012 0278 02 034 0345678 012 0123456789 02468
1 8 4 1 245 0124568 012 0123456789 0123456789 012 02349 0248
1 8 4 1 5 012345 012 012345689 0123456789 0 0 0
1 8 4 1 5 56789 012 0123456789 0123456789 0 0 0
1 8 4 1 56 049 012 0123456789 0123456789 0 012345 0123456789
1 8 4 1 67 045689 012 012345679 012345678 012 01234569 01234568
1 8 4 1 7 0124 012 012346789 012345678 012 0123456789 012346789
1 8 4 1 7 4567 012 0123456789 0123456789 01 02346789 023468
1 8 4 1 78 01234789 012 0123456789 0123456789 012 023469 02348
1 8 4 1 8 456789 012 0123456789 012345678 0 0 0
1 8 45 01 089 0129 012 01234569 0123456789 012 0123456789 012346789
1 8 5 0 0 0 0 12 0456789 012 0123456789 0123456789
1 8 5 0 0 0 0 2 0 012 0123456789 0123456789
1 8 5 0 0 0 0 23 0123456789 012 012345689 0123456789
1 8 5 0 0 0 0 34 0123456789 01 0123456789 0123456789
1 8 5 0 0 01 01 0246 012348 012 0123456789 0123456789
1 8 5 0 0 1 0 0123456 0123456789 01 012346789 0123456789
1 8 5 0 0 1 0 6789 0123456789 012 0123456789 0123456789
1 8 5 0 0 1 01 01234569 0123456789 012 0123456789 01246789
1 8 5 0 0 1 1 678 0123456789 012 0123456789 0123456789
1 8 5 0 0 1 12 01289 0123456789 012 012345689 0123456789
1 8 5 0 0 1 2 2345 0123456789 012 0123456789 0123456789
1 8 5 0 0 12 012 0123456789 012345689 012 0123456789 0123456789
1 8 5 0 0 23 012 0123456789 023456789 01 02689 012468
1 8 5 0 0 3 12 01289 0124689 012 0123456789 0123456789
1 8 5 0 0 34 012 0123456789 0123456789 012 012345678 023456789
1 8 5 0 0 4 1 2345678 023456789 012 0123456789 012456789
1 8 5 0 0 45 012 0123456789 0123456789 01 023456789 0245689
1 8 5 0 0 56 012 0123456789 0123456789 01 023456789 02345689
1 8 5 0 0 67 012 0123456789 0123456789 01 026789 02468
1 8 5 0 0 7 012 0123456789 0123456789 0 0 0
1 8 5 0 0 78 012 0123456789 0123456789 01 01236 024689
1 8 5 0 0 89 012 0123456789 0123456789 01 012346789 012345678
1 8 5 0 01 09 012 0123456789 0123456789 012 012346789 023468
1 8 5 0 1 0 01 01234569 02456789 01 0123456789 0123456789
1 8 5 0 1 0 12 0126789 012456789 012 012346789 0123456789
1 8 5 0 1 01 02 0123456 012345678 012 012345689 02345678
1 8 5 0 1 1 01 0123456789 0123456789 012 01234689 0123456789
1 8 5 0 1 12 012 0123456789 0123456789 012 0234569 01234568
1 8 5 0 1 23 012 0123456789 0123456789 012 0123456789 0123456789
1 8 5 0 1 3 01 0123456789 0123456789 012 01234569 02345678
1 8 5 0 1 34 012 0123456789 0123456789 0 0 0
1 8 5 0 1 45 012 0123456789 0123456789 01 012369 023468
1 8 5 0 1 56 012 0123456789 0123456789 01 01234569 024689
1 8 5 0 1 67 012 0123456789 0123456789 0 0 0
1 8 5 0 1 78 012 0123456789 0123456789 0 01234 01234689
1 8 5 0 1 8 0 1 23 012 0123456789 0123456789
1 8 5 0 1 8 01 0123456789 0123468 01 013456789 0123456789
1 8 5 0 1 8 1 7 23 012 0123456789 0123456789
1 8 5 0 1 8 1 7 34 012 0123456789 0123456789
1 8 5 0 1 8 1 7 4 012 0123456789 0123456789
1 8 5 0 1 8 1 7 45 012 0123456789 0123456789
1 8 5 0 1 8 12 012789 01234568 012 0123456789 0123456789
1 8 5 0 1 89 02 012345 0123456789 01 0123456789 0123456789
1 8 5 0 1 9 012 0123456789 0123456789 012 012345679 0234568
1 8 5 0 12 09 02 012345 012345678 012 0123456789 0123468
1 8 5 0 2 01 012 0123456789 0123456789 012 0123469 02468
1 8 5 0 2 1 012 0123456789 0123456789 01 012345679 0234678
1 8 5 0 2 12 012 0123456789 0123456789 012 012346789 0124678
1 8 5 0 2 23 012 0123456789 0123456789 01 012346 02468
1 8 5 0 2 34 012 0123456789 0123456789 01 02 08
1 8 5 0 2 4 012 0123456789 0123456789 01 0123456789 02468
1 8 5 0 2 45 02 012345 01245689 01 0123456789 0123456789
1 8 5 0 2 5 0 2 89 012 0123456789 0123456789
1 8 5 0 2 5 0 23456789 012345689 012 01234569 0123456789
1 8 5 0 2 5 012 0123456789 0123456789 012 0123456789 023456789
1 8 5 0 2 56 012 0123456789 0123456789 012 012369 012345689
1 8 5 0 2 67 012 0123456789 0123456789 01 012345689 0124678
1 8 5 0 2 7 012 0123456789 0123456789 01 0169 0246
1 8 5 0 2 78 012 0123456789 0123456789 01 0236 0248
1 8 5 0 2 89 012 0123456789 0123456789 01 01236 0124678
1 8 5 0 2 9 12 0123456789 0123456789 012 012346789 012468
1 8 5 0 23 09 012 0123456789 0123456789 012 023469 012489
1 8 5 0 3 01 012 0123456789 0123456789 012 012346789 024568
1 8 5 0 3 12 012 0123456789 0123456789 01 01236 02468
1 8 5 0 3 23 012 0123456789 0123456789 012 02679 024568
1 8 5 0 3 34 012 0123456789 0123456789 01 01236789 0124568
1 8 5 0 3 4 01 0123456789 0123456789 012 0123456789 0123456789
1 8 5 0 3 45 012 0123456789 0123456789 012 01234569 0245689
1 8 5 0 3 5 1 1234 024678 012 0123456789 0123456789
1 8 5 0 3 5 1 4 012 012 0123456789 0123456789
1 8 5 0 3 5 1 4 23 012 0123456789 0123456789
1 8 5 0 3 5 12 0123456789 01234568 012 01234569 0123456789
1 8 5 0 3 56 012 0123456789 0123456789 01 02 08
1 8 5 0 3 67 012 0123456789 0123456789 0 0 0
1 8 5 0 3 78 02 0123456789 0123456789 01 01234569 01234689
1 8 5 0 3 8 01 0123456789 0123456789 012 0123456789 012346789
1 8 5 0 3 89 012 0123456789 0123456789 01 01236 02468
1 8 5 0 34 09 012 0123456789 0123456789 012 0249 02468
1 8 5 0 4 01 012 0123456789 012345678 012 01234569 012345678
1 8 5 0 4 1 012 0123456789 0123456789 012 023456789 0123456789
1 8 5 0 4 12 012 0123456789 012345689 012 0124689 01245678
1 8 5 0 4 23 012 0123456789 0123456789 01 0236 0248
1 8 5 0 4 34 012 0123456789 0123456789 012 02345689 0124568
1 8 5 0 4 45 012 0123456789 023456789 01 01236789 01245689
1 8 5 0 4 5 0 01 0145689 012 0123456789 0123456789
1 8 5 0 4 5 0 12 0123456 012 0123456789 0123456789
1 8 5 0 4 5 012 0123456789 0123456789 01 01236 023468
1 8 5 0 4 56 012 0123456789 0123456789 01 0236 0248
1 8 5 0 4 67 012 0123456789 0123456789 012 029 024568
1 8 5 0 4 78 012 0123456789 0123456789 01 01234679 0234568
1 8 5 0 4 89 012 0123456789 0123456789 01 023456789 0234568
1 8 5 0 4 9 012 0123456789 0123456789 012 0234679 024678
1 8 5 0 45 09 012 0123456789 0123456789 012 012789 02345689
1 8 5 0 5 01 012 0123456789 0123456789 0 0 0
1 8 5 0 5 12 012 0123456789 0123456789 01 02345679 0124689
1 8 5 0 5 23 012 0123456789 0123456789 01 023456 012468
1 8 5 0 5 34 012 0123456789 0123456789 012 02345689 012468
1 8 5 0 5 4 12 0123456789 012346789 01 0123456789 0123456789
1 8 5 0 5 45 012 0123456789 0123456789 01 02456789 0124678
1 8 5 0 5 56 012 0123456789 0123456789 012 01234569 0234568
1 8 5 0 5 67 012 0123456789 0123456789 012 012345689 02345678
1 8 5 0 5 78 012 0123456789 012346789 01 01236 02468
1 8 5 0 5 89 012 0123456789 012456789 0 0 0
1 8 5 0 56 09 012 0123456789 0123456789 012 012345689 02468
1 8 5 0 6 0 012 0123456789 012456789 012 02346789 02468
1 8 5 0 6 01 012 0123456789 0123456789 01 026789 023468
1 8 5 0 6 12 012 0123456789 0123456789 0 0 0
1 8 5 0 6 23 012 0123456789 0123456789 012 01234689 012468
1 8 5 0 6 34 012 0123456789 0123456789 012 012346789 023468
1 8 5 0 6 45 012 0123456789 0123456789 01 023469 02468
1 8 5 0 6 5 012 0123456789 0123456789 01 01234567 01245678
1 8 5 0 6 56 02 0123456 01234568 012 0123456789 012456789
1 8 5 0 6 6 01 01234789 0123456789 012 012346789 0123456789
1 8 5 0 6 67 012 0123456789 0123456789 01 024569 02468
1 8 5 0 6 78 012 0123456789 012346789 012 0123456789 0123456789
1 8 5 0 6 8 0 012345 01234678 012 0123456789 0123456789
1 8 5 0 6 8 01 0123456789 023456789 012 012346789 0124678
1 8 5 0 6 89 012 0123456789 0123456789 01 012346 0246789
1 8 5 0 6 9 01 0123456789 0123456789 012 0123456789 02346789
1 8 5 0 67 09 012 0123456789 0123456789 012 029 02468
1 8 5 0 7 01 012 0123459 012345678 012 012345679 0123456789
1 8 5 0 7 1 012 0123456789 012456789 012 01234679 024689
1 8 5 0 7 12 012 0123456789 0123456789 01 01236 02468
1 8 5 0 7 23 012 0123456789 0123456789 0 013 012468
1 8 5 0 7 34 012 0123456789 0123456789 012 0123469 02468
1 8 5 0 7 45 012 0123456789 012345689 01 0123456789 012456789
1 8 5 0 7 56 012 0123456789 0123456789 012 012369 02468
1 8 5 0 7 6 012 0123456789 0123456789 01 0236 0248
1 8 5 0 7 67 02 01234567 012345678 01 0123456789 012456789
1 8 5 0 7 7 01 0123456789 0123456789 012 012369 01246789
1 8 5 0 7 78 012 0123456789 0123456789 0 0 0
1 8 5 0 7 89 012 0123456789 0123456789 0 0 0
1 8 5 0 78 09 02 0123456789 0123456789 01 0123456 0123456789
1 8 5 0 8 0 012 0123456789 023456789 012 01246789 0123456789
1 8 5 0 8 01 012 0123456789 0123456789 01 012345689 012456789
1 8 5 0 8 12 012 0123456789 0123456789 012 023469 012468
1 8 5 0 8 23 012 0123456789 012345689 01 02 08
1 8 5 0 8 34 012 0123456789 0123456789 01 0123679 024568
1 8 5 0 8 4 01 0123456789 0123456789 012 0123456789 012456789
1 8 5 0 8 4 12 0123456789 0123456789 012 012345679 0123456789
1 8 5 0 8 45 02 0123456 01234568 012 012346789 0123456789
1 8 5 0 8 5 012 0123456789 02346789 012 01234569 012456789
1 8 5 0 8 56 02 0123456 0123456789 012 0123456789 012346789
1 8 5 0 8 67 012 0123456789 012345678 01 02 08
1 8 5 0 8 78 012 0123456789 0123456789 0 0 0
1 8 5 0 8 89 012 0123456789 0123456789 01 01236 012468
1 8 5 0 8 9 012 0123456789 0123456789 012 01234569 0123468
1 8 5 0 89 09 012 0123456789 01234689 01 012346789 012345689
1 8 5 0 9 01 012 0123456789 0123456789 012 012345679 0123468
1 8 5 0 9 12 012 0123456789 0123456789 012 012345679 012468
1 8 5 0 9 2 01 0123456789 012345678 012 0123456789 01234689
1 8 5 0 9 23 012 0123456789 0123456789 012 0123456789 01234568
1 8 5 0 9 3 01 0123456789 0123456789 012 0123456789 01234689
1 8 5 0 9 34 012 0123456789 0123456789 012 0123456789 024568
1 8 5 0 9 4 01 0123456789 0123456789 01 0123456789 0123456789
1 8 5 0 9 4 1 01234 01245689 01 0123456789 0123456789
1 8 5 0 9 4 1 456789 012346789 012 012345689 0123456789
1 8 5 0 9 4 12 012349 0123456789 012 0123456789 0123456789
1 8 5 0 9 45 012 0123456789 0123456789 012 012345689 02346789
1 8 5 0 9 56 012 0123456789 0123456789 012 01236789 0124568
1 8 5 0 9 67 012 0123456789 0123456789 012 01246789 023468
1 8 5 0 9 78 012 0123456789 0123456789 0 0 0
1 8 5 0 9 8 012 0123456789 0123456789 0 0 0
1 8 5 0 9 89 02 012345 012345678 012 0123456789 02468
1 8 5 01 09 09 012 0123456789 0123456789 01 024569 024568
1 8 5 1 0 0 01 0123456789 0123456789 012 01234569 0123456789
1 8 5 1 0 0 12 03456789 0123456789 012 0123456789 0123456789
1 8 5 1 0 0 2 0 89 012 0123456789 0123456789
1 8 5 1 0 01 02 012345 012345689 012 012346789 012456789
1 8 5 1 0 1 01 0123456789 0123456789 012 012345679 0123456789
1 8 5 1 0 12 012 0123456789 0123456789 01 01234569 023468
1 8 5 1 0 23 012 0123456789 0123456789 01 0123469 01234689
1 8 5 1 0 3 012 0123456789 012345689 012 012346789 012468
1 8 5 1 0 34 012 0123456789 0123456789 012 01234569 0123456789
1 8 5 1 0 4 1 3456789 0123456789 012 0123456789 0123456789
1 8 5 1 0 45 012 0123456789 0123456789 0 0 0
1 8 5 1 0 56 012 0123456789 0123456789 01 0123456789 01245678
1 8 5 1 0 67 012 0123456789 0123456789 0 0 0
1 8 5 1 0 7 1 3456789 02346789 012 0123456789 0123456789
1 8 5 1 0 78 012 0123456789 0123456789 012 0123456 01245678
1 8 5 1 0 89 012 0123456789 0123456789 01 012345689 024678
1 8 5 1 01 09 012 0123456789 0123456789 012 02459 02458
1 8 5 1 1 01 012 0123456789 012345689 01 012345689 01245678
1 8 5 1 1 1 012 0123456789 0123456789 012 02459 0245678
1 8 5 1 1 12 012 0123456789 012345689 01 01236 0123456789
1 8 5 1 1 2 1 3 234 01 0123456789 0123456789
1 8 5 1 1 2 12 0123456789 012345689 01 012369 0123456789
1 8 5 1 1 23 02 0123456789 012345689 012 0123456789 02345678
1 8 5 1 1 3 1 01234 0123456789 012 0123456789 0123456789
1 8 5 1 1 3 1 4 1 012 0123456789 0123456789
1 8 5 1 1 34 012 0123456789 0123456789 0 03 02
1 8 5 1 1 45 012 0123456789 0123456789 01 02456 0123456789
1 8 5 1 1 56 012 0123456789 0123456789 01 029 028
1 8 5 1 1 6 01 03456789 012346789 01 0123456789 01245689
1 8 5 1 1 67 012 0123456789 0123456789 01 012345679 0123468
1 8 5 1 1 7 012 0123456789 0123456789 01 01236 012468
1 8 5 1 1 78 012 0123456789 0123456789 01 02 08
1 8 5 1 1 89 012 0123456789 0123456789 01 012689 01245678
1 8 5 1 12 09 012 0123456789 0123456789 01 02346 024568
1 8 5 1 2 01 012 0123456789 012345678 01 0123456789 0123456789
1 8 5 1 2 1 0 2345678 012456789 012 012345679 0123456789
1 8 5 1 2 1 012 0123456789 0123456789 01 01234569 023456789
1 8 5 1 2 12 012 0123456789 0123456789 012 0123456789 01234568
1 8 5 1 2 2 12 0123456789 0123456789 012 01234689 01234689
1 8 5 1 2 23 012 0123456789 0123456789 012 0123456789 0234678
1 8 5 1 2 34 012 0123456789 0123456789 01 0123469 024678
1 8 5 1 2 45 012 0123456789 0123456789 01 02346789 024678
1 8 5 1 2 56 012 0123456789 0123456789 0 0 0
1 8 5 1 2 67 012 0123456789 0123456789 0 0 0
1 8 5 1 2 78 012 0123456789 0123456789 01 02 08
1 8 5 1 2 8 012 0123456789 0123456789 01 012679 012468
1 8 5 1 2 89 012 0123456789 0123456789 012 012346789 02468
1 8 5 1 23 09 012 0123456789 0123456789 012 02469 02468
1 8 5 1 3 0 012 0123456789 0123456789 012 0123469 024568
1 8 5 1 3 01 012 0123456789 0123456789 01 01234679 024678
1 8 5 1 3 12 012 0123456789 0123456789 0 0 0
1 8 5 1 3 23 012 0123456789 0123456789 0 0 0
1 8 5 1 3 34 02 0123456789 0123456789 012 012346789 02468
1 8 5 1 3 4 12 0123456789 0123456789 012 0123469 024689
1 8 5 1 3 45 012 0123456789 0123456789 012 0123456789 012456789
1 8 5 1 3 56 012 0123456789 0123456789 012 0126789 023468
1 8 5 1 3 67 012 0123456789 0123456789 01 02346 024689
1 8 5 1 3 7 012 0123456789 0123456789 01 023469 024689
1 8 5 1 3 78 02 015 024678 0 0123456789 0123456789
1 8 5 1 3 8 0 12345 012456789 01 012345679 0123456789
1 8 5 1 3 8 012 0123456789 0123456789 012 01234569 0245678
1 8 5 1 3 89 012 0123456789 0123456789 01 0123456 02468
1 8 5 1 34 09 012 0123456789 0123456789 01 01234679 01245678
1 8 5 1 4 0 01 0123456789 0123456789 01 0123456789 012345689
1 8 5 1 4 01 012 0123456789 0123456789 012 0124589 01245678
1 8 5 1 4 1 01 0123456789 0123456789 012 0123456789 02468
1 8 5 1 4 12 012 0123456789 0123456789 012 01234569 012345678
1 8 5 1 4 2 01 0123456789 012345689 012 012346789 0124568
1 8 5 1 4 2 12 0123456789 0123456789 012 0123456789 0234568
1 8 5 1 4 2 2 34 01234678 012 0123456789 0123456789
1 8 5 1 4 23 012 0123456789 0123456789 012 02456789 0123456789
1 8 5 1 4 34 02 012345678 0123456789 012 01236789 0123456789
1 8 5 1 4 4 012 0123456789 0123456789 012 0123456789 0123456789
1 8 5 1 4 45 012 0123456789 0123456789 0 0 0
1 8 5 1 4 56 012 0123456789 0123456789 012 01234569 0124678
1 8 5 1 4 6 12 0123456789 0123456789 012 0123456789 012345689
1 8 5 1 4 67 012 0123456789 0123456789 01 01236 023468
1 8 5 1 4 78 012 0123456789 0123456789 012 01234569 01234678
1 8 5 1 4 8 12 0123456789 0123456789 012 0123456789 012345678
1 8 5 1 4 89 012 0123456789 0123456789 0 0 0
1 8 5 1 45 09 012 0123456789 0123456789 012 02469 023468
1 8 5 1 5 01 012 0123456789 0123456789 012 012346789 02468
1 8 5 1 5 1 01 0123456789 0123456789 012 0123469 0245678
1 8 5 1 5 12 012 0123456789 0123456789 012 01234569 01234568
1 8 5 1 5 23 012 0123456789 0123456789 012 01234689 012345678
1 8 5 1 5 3 01 0123456789 012345689 01 012346 012346789
1 8 5 1 5 34 012 0123456789 0123456789 012 023456789 01234689
1 8 5 1 5 45 012 0123456789 0123456789 01 01236 02468
1 8 5 1 5 56 012 0123456789 0123456789 01 023469 02468
1 8 5 1 5 6 01 0123456789 0123456789 012 0123469 023468
1 8 5 1 5 67 012 0123456789 0123456789 01 02346789 0124689
1 8 5 1 5 78 012 0123456789 0123456789 01 0289 0268
1 8 5 1 5 89 012 0123456789 0123456789 01 0123456789 02468
1 8 5 1 5 9 0 012345 012345689 012 0123456789 0123456789
1 8 5 1 5 9 012 0123456789 0123456789 01 012369 023468
1 8 5 1 56 09 02 012345678 0123456789 012 0123456789 023468
1 8 5 1 6 0 012 0123456789 0123456789 01 0123456789 0123456789
1 8 5 1 6 1 012 0123456789 0123456789 012 029 0248
1 8 5 1 6 12 012 0123456789 0123456789 01 0234679 012468
1 8 5 1 6 2 12 012345789 023456789 012 012346789 0123456789
1 8 5 1 6 2 2 5 34 012 0123456789 0123456789
1 8 5 1 6 2 2 5 45 012 0123456789 0234678
1 8 5 1 6 23 012 0123456789 0123456789 012 012345689 02468
1 8 5 1 6 34 012 0123456789 0123456789 012 012346789 0124678
1 8 5 1 6 45 012 0123456789 0123456789 01 01236 012468
1 8 5 1 6 56 012 0123456789 0123456789 012 029 024568
1 8 5 1 6 6 012 0123456789 0123456789 012 012679 024689
1 8 5 1 6 67 012 0123456789 0123456789 01 023456 02468
1 8 5 1 6 78 02 012345 0123456789 012 0123456789 01234678
1 8 5 1 6 89 012 0123456789 0123456789 0 0 0
1 8 5 1 6 9 012 0123456789 0123456789 01 01236 02456789
1 8 5 1 67 09 02 012345 0123456789 012 0123456789 012456789
1 8 5 1 7 0 012 0123456789 0123456789 01 0123469 023468
1 8 5 1 7 01 012 0123456789 0123456789 01 026 048
1 8 5 1 7 12 012 0123456789 0123456789 01 01236 024568
1 8 5 1 7 23 012 0123456789 0123456789 01 01236 012468
1 8 5 1 7 34 012 0123456789 0123456789 012 01234569 012345678
1 8 5 1 7 4 01 0123456789 0123456789 01 0123469 012345678
1 8 5 1 7 45 012 0123456789 0123456789 01 0123469 01234678
1 8 5 1 7 56 012 0123456789 0123456789 01 0123469 0123456789
1 8 5 1 7 6 012 0123456789 0123456789 012 01234569 0124568
1 8 5 1 7 67 012 0123456789 0123456789 01 0123679 0245678
1 8 5 1 7 78 012 0123456789 0123456789 01 01236789 01246789
1 8 5 1 7 89 012 0123456789 0123456789 0 0 0
1 8 5 1 78 09 012 0123456789 0123456789 012 0249 0248
1 8 5 1 8 0 012 0123456789 0123456789 012 02349 024689
1 8 5 1 8 01 012 0123456789 0123456789 01 026789 02468
1 8 5 1 8 12 02 0125 01234568 012 012346789 023456789
1 8 5 1 8 2 01 0123456789 0123456789 012 02346789 02345678
1 8 5 1 8 23 012 0123456789 023456789 01 0123469 0123468
1 8 5 1 8 3 12 0123456789 012345689 012 0123456789 0123456789
1 8 5 1 8 34 02 012345678 0123456789 012 012346789 012345678
1 8 5 1 8 4 012 0123456789 0123456789 012 01234569 01245689
1 8 5 1 8 45 012 0123456789 0123456789 01 01269 024678
1 8 5 1 8 56 02 012345678 0123456789 012 0123456789 012345689
1 8 5 1 8 67 012 0123456789 0123456789 012 02349 0123489
1 8 5 1 8 7 01 0123456789 012345689 01 0123456789 0123456789
1 8 5 1 8 78 012 0123456789 0123456789 012 02349 024678
1 8 5 1 8 8 012 0123456789 0123456789 01 0123456789 0123468
1 8 5 1 8 89 012 0123456789 0123456789 012 0289 012345689
1 8 5 1 89 09 012 0123456789 0123456789 012 012346789 0123456789
1 8 5 1 9 0 0 123 012456789 01 0123456789 0123456789
1 8 5 1 9 0 012 0123456789 0123456789 01 012346 0123468
1 8 5 1 9 01 012 0123456789 0123456789 012 02459 02348
1 8 5 1 9 12 012 0123456789 0123456789 012 02349 0248
1 8 5 1 9 23 012 0123456789 0123456789 012 029 024568
1 8 5 1 9 34 012 0123456789 0123456789 01 029 028
1 8 5 1 9 4 01 0123456789 0123456789 012 012346789 02468
1 8 5 1 9 45 012 01234589 012456789 012 012346789 02468
1 8 5 1 9 5 012 0123456789 012456789 01 012456789 0245678
1 8 5 1 9 56 02 012345 0123456789 012 0123456789 0123456789
1 8 5 1 9 6 012 0123456789 0123456789 01 01234569 0234689
1 8 5 1 9 67 012 0123456789 0123456789 012 0123456789 024678
1 8 5 1 9 78 012 0123456789 0123456789 012 0123469 0245678
1 8 5 1 9 8 012 0123456789 0123456789 012 0246789 0246789
1 8 5 1 9 89 012 0123456789 0123456789 012 023456789 02468
1 8 5 12 09 09 012 0123456789 0123456789 012 012345679 0123456789
1 8 5 2 0 0 0 123 012456789 012 0123456789 0123456789
1 8 5 2 0 0 0 3456789 012346789 012 0123456789 0123456789
1 8 5 2 0 0 012 0123456789 0123456789 012 0123456789 01234568
1 8 5 2 0 01 02 012345678 0123456789 012 02349 02345689
1 8 5 2 0 1 01 012345679 0123456789 012 012346789 0123456789
1 8 5 2 0 12 012 0123456789 0123456789 012 012346789 012468
1 8 5 2 0 23 012 0123456789 0123456789 012 01234689 02468
1 8 5 2 0 3 012 0123456789 0123456789 01 01236 012345678
1 8 5 2 0 34 012 0123456789 0123456789 012 0123456789 02345678
1 8 5 2 0 45 012 0123456789 0123456789 01 026 048
1 8 5 2 0 56 012 0123456789 0123456789 01 026789 023468
1 8 5 2 0 6 012 0123456789 0123456789 012 01234569 023456789
1 8 5 2 0 6 2 2 6 012 0123456789 0123456789
1 8 5 2 0 67 02 012345 0123456789 012 01234569 0123456789
1 8 5 2 0 78 012 0123456789 023456789 0 0 0
1 8 5 2 0 8 012 0123456789 0123456789 01 02346789 0234689
1 8 5 2 0 89 012 0123456789 0123456789 01 012369 012468
1 8 5 2 01 09 012 0123456789 0123456789 0 0 0
1 8 5 2 1 01 012 0123456789 0123456789 0 0 0
1 8 5 2 1 12 012 0123456789 0123456789 01 01234569 012346789
1 8 5 2 1 2 012 0123456789 0123456789 0 0 0
1 8 5 2 1 23 012 0123456789 0123456789 01 012689 0234568
1 8 5 2 1 34 012 0123456789 0123456789 012 02349 024678
1 8 5 2 1 45 012 0123456789 0123456789 012 02349 02489
1 8 5 2 1 56 012 0123456789 0123456789 01 023469 02468
1 8 5 2 1 6 012 0123456789 0123456789 012 02459 02348
1 8 5 2 1 67 012 0123456789 0123456789 01 0123469 0234689
1 8 5 2 1 78 012 0123456789 0123456789 01 026789 024568
1 8 5 2 1 89 012 0123456789 0123456789 01 01236 02468
1 8 5 2 12 09 012 0123456789 0123456789 0 0 0
1 8 5 2 2 0 012 0123456789 0123456789 0 0 0
1 8 5 2 2 01 012 0123456789 0123456789 012 02349 012456789
1 8 5 2 2 12 012 0123456789 0123456789 012 026789 012468
1 8 5 2 2 23 012 0123456789 0123456789 012 01236789 012345689
1 8 5 2 2 3 01 0123456789 0123456789 012 012346789 02468
1 8 5 2 2 34 012 0123456789 0123456789 012 012349 012345689
1 8 5 2 2 45 012 0123456789 0123456789 0 0 0
1 8 5 2 2 5 012 0123456789 0123456789 01 02345689 023468
1 8 5 2 2 56 012 0123456789 0123456789 0 03468 024568
1 8 5 2 2 67 012 0123456789 0123456789 01 01245689 0245678
1 8 5 2 2 7 1 012345678 0123456789 012 0123456789 01246789
1 8 5 2 2 78 012 0123456789 0123456789 01 0123469 0234678
1 8 5 2 2 89 012 0123456789 0123456789 012 01236789 0234689
1 8 5 2 2 9 012 0123456789 0123456789 0 0 0
1 8 5 2 23 09 02 015 01248 012 0123456789 0123456789
1 8 5 2 3 0 01 0123456789 0123456789 012 0123456 02345689
1 8 5 2 3 01 012 0123456789 0123456789 01 01234569 01246789
1 8 5 2 3 1 012 0123456789 0123456789 01 02 08
1 8 5 2 3 2 01 0123456789 0123456789 012 01236789 024689
1 8 5 2 3 23 012 0123456789 0123456789 01 02689 0468
1 8 5 2 3 34 012 0123456789 0123456789 01 0234569 0124568
1 8 5 2 3 4 012 0123456789 0123456789 01 01236 012468
1 8 5 2 3 45 02 012345678 0123456789 012 012369 0123456789
1 8 5 2 3 5 01 0123456789 0123456789 012 0123456789 02345678
1 8 5 2 3 56 012 0123456789 0123456789 01 01236 0123468
1 8 5 2 3 67 012 0123456789 0123456789 012 029 0248
1 8 5 2 3 78 012 0123456789 0123456789 01 01234689 02468
1 8 5 2 3 8 012 0123456789 0123456789 0 0 0234
1 8 5 2 3 89 012 0123456789 0123456789 012 012346789 01245678
1 8 5 2 3 9 1 1234567 0123456789 012 012345689 012345689
1 8 5 2 34 09 012 0123456789 0123456789 01 024569 0234568
1 8 5 2 4 0 12 0123456789 0123456789 012 0123456789 0124689
1 8 5 2 4 1 012 0123456789 0123456789 01 0236 0248
1 8 5 2 4 12 012 0123456789 0123456789 012 01234569 012456789
1 8 5 2 4 23 012 0123456789 0123456789 012 01234569 0123468
1 8 5 2 4 3 01 0123456789 0123456789 012 0123456789 024689
1 8 5 2 4 34 012 0123456789 0123456789 01 0123679 0124678
1 8 5 2 4 45 012 0123456789 0123456789 0 0 0
1 8 5 2 4 5 0 0123456789 0123456789 012 01234689 01234568
1 8 5 2 4 56 012 0123456789 0123456789 01 0126789 0246789
1 8 5 2 4 6 01 0123456789 012345689 012 023456789 0123456789
1 8 5 2 4 67 012 0123456789 012346789 01 012346789 012345678
1 8 5 2 4 7 01 0123456789 0123456789 01 01236 01234678
1 8 5 2 4 7 12 012356789 012456789 012 0123456789 02456789
1 8 5 2 4 78 012 0123456789 0123456789 01 0123456789 0245689
1 8 5 2 4 89 012 0123456789 0123456789 01 0123679 0124568
1 8 5 2 4 9 012 0123456789 0123456789 012 0234689 023468
1 8 5 2 45 09 012 0123456789 0123456789 0 0 0
1 8 5 2 5 01 02 01234567 0123456789 012 012346789 0246789
1 8 5 2 5 1 012 0123456789 0123456789 012 01234569 0123468
1 8 5 2 5 12 012 0123456789 0123456789 012 012346789 02456789
1 8 5 2 5 23 012 0123456789 0123456789 01 012369 02468
1 8 5 2 5 3 01 01289 012346789 012 012345689 012346789
1 8 5 2 5 34 012 0123456789 0123456789 012 01246789 01245678
1 8 5 2 5 4 0 12345678 0123456789 012 012346789 01234678
1 8 5 2 5 45 012 0123456789 0123456789 012 0126789 0124568
1 8 5 2 5 5 01 0123456789 0123456789 02 01245 024568
1 8 56 02 05 015 012 0123456789 0123456789 012 0126789 0245678
1 8 6 0 0 12 012 012345679 0123456789 012 023469 012345689
1 8 6 0 0 2345 012 0123456789 0123456789 01 0123679 012468
1 8 6 0 01 012345689 012 0123456789 0123456789 0 0 0
1 8 6 0 123 012456789 012 0123456789 0123456789 012 01269 02468
1 8 6 0 3 234678 012 0123456789 0123456789 0 0 0
1 8 6 0 34 01289 012 0123456789 0123456789 0 0 0
1 8 6 0 4 23467 012 0123456789 023456789 0 0 0
1 8 6 0 456 04678 012 0123456789 0123456789 012 012346789 02468
1 8 6 0 6 45 01 012345679 0123456789 012 0123456789 024689
1 8 6 0 678 0125678 012 0123456789 0123456789 0 0 0
1 8 6 0 8 123 012 0123456789 0123456789 0 0 0
1 8 6 0 8 3456 012 0123456789 023456789 0 0 0
1 8 6 0 8 67 012 0123456789 0123456789 0 0 0
1 8 6 0 89 0123456789 012 0123456789 0123456789 01 0269 0468
1 8 6 01 019 012346789 012 0123456789 012345689 0 0 0
1 8 6 1 12 01234589 012 0123456789 012345678 0 0 0
1 8 6 1 234 04568 012 0123456789 0123456789 0 0 0
1 8 6 1 4 67 012 0123456789 0123456789 0 0 0
1 8 6 1 456 012346789 012 0123456789 0123456789 0 0 0
1 8 6 1 67 01246789 012 0123456789 02345689 0 0 0
1 8 6 1 7 678 012 0123456789 012345689 0 0 0
1 8 6 1 78 02389 012 0123456789 012345689 0 0 0
1 8 6 1 89 013489 012 0123456789 0123456789 01 02689 0468
1 8 6 1 9 2345 012 0123456789 0123456789 0 0 0
1 8 6 12 019 01234689 012 0123456789 0123456789 0 0 0
1 8 6 2 1 126789 012 0123456789 0123456789 0 0 0
1 8 6 2 12 0234569 012 0123456789 012345678 0 0 0
1 8 6 2 23 23678 012 0123456789 0123456789 0 0 0
1 8 6 2 3 345 012 0123456789 0123456789 0 0 0
1 8 6 2 34 012345678 012 0123456789 01245689 0 0 0
1 8 6 2 45 0789 012 0123456789 012346789 012 0123679 0245689
1 8 6 2 5 01 012 0123456789 0123456789 012 023469 02468
1 8 67 02 015 012345678 012 012346789 0234678 0 0 0
1 8 7 0 1 456789 012 0123456789 012345678 0 0 0
1 8 7 0 123 012489 012 01234689 0123456789 012 0123456789 012345678
1 8 7 0 34 012346 012 0123456789 0123456789 0 0 0
1 8 7 0 4 1234568 012 0123456789 0123456789 0 0 0
1 8 7 0 456 02345689 012 0123456789 01234689 0 0 0
1 8 7 0 6 0123 012 0123456789 0123456789 0 0 0
1 8 7 0 678 023456789 012 0123456789 02346789 0 0 0
1 8 7 0 8 4567 012 0123456789 02345678 012 0129 02468
1 8 7 01 089 01245678 012 0123456789 0123456789 0 0 0
1 8 7 1 01 023456789 012 0123456789 012346789 0 0 0
1 8 7 1 12 01234678 012 0123456789 012346789 0 0 0
1 8 7 1 234 012345678 012 0123456789 0234689 012 0123456789 01234568
1 8 7 1 4567 012345689 012 012346789 0123456789 0 0 0
1 8 7 1 78 0456789 012 0123456789 0123456789 0 0 0
1 8 7 1 8 5678 012 0123456789 0123456789 01 026 048
1 8 7 1 8 89 012 0123456789 0123456789 012 024569 02468
1 8 7 1 8 9 01 0123456789 0123456789 0 0 0
1 8 7 1 89 09 012 01234589 0123456789 012 012345679 02468
1 8 7 1 9 0 012 0123456789 0123456789 0 0 0
1 8 7 1 9 0123456 012 01234569 0123456789 01 012346789 012456789
1 8 7 12 019 01234678 012 01234679 01234568 012 012346789 0123456789
1 8 7 2 12 0123456789 012 012369 0123456789 012 023456789 01246789
1 8 7 2 234 012456789 012 0123456789 0123456789 01 01236 024689
1 8 7 2 4 89 012 012346789 0123456789 01 0123456 0123456789
1 8 7 2 4 9 0 0123 0123456789 012 0123456789 0234568
1 8 7 2 4 9 0 34567 0123456789 012 012346789 0245678
1 8 7 2 45 019 012 0123456789 0123456789 01 0123456789 024689
1 8 7 2 5 1 0 0 012 012 0123456789 012345689
1 8 7 2 5 1 0 012 012345689 012 0123456789 0123456789
1 8 7 2 5 12 012 0123456789 0123456789 012 01234569 012456789
1 8 7 2 5 23 012 0123456789 012345678 01 02678 012456789
1 8 78 02 05 0345 012 0123456789 0123456789 012 0123456789 012345689
1 8 8 0 01 012345678 012 012345689 0123456789 01 02789 0268
1 8 8 0 1234 0123456789 012 0123469 02346789 01 0126789 024689
1 8 8 0 4 2 01 0123456789 012456789 012 0123456789 02468
1 8 8 0 4 23 012 012349 0123456789 012 012345679 0123456789
1 8 8 0 45 0123456789 012 012346789 0245689 01 012689 012468
1 8 8 0 56 0456789 012 0123456789 0123456789 0 0 0
1 8 8 0 6 45 012 0123456789 0123456789 012 012346789 01234689
1 8 8 0 6 5678 012 0123456789 0123456789 01 026789 024568
1 8 8 0 67 029 01 0123456789 0123456789 01 012679 0234568
1 8 8 0 7 234 012 023456789 0123456789 0 0 0
1 8 8 0 7 45 012 0123456789 0123456789 01 01234689 02468
1 8 8 0 789 0245678 012 0123456789 0123456789 01 023456 012456789
1 8 8 0 9 23 012 0123456789 0123456789 01 02346789 024568
1 8 8 0 9 34 012 0123456789 0123456789 01 02456789 0124689
1 8 8 0 9 45 012 0123456789 0123456789 012 01234569 0245689
1 8 8 01 19 23456 012 0123456789 0123456789 012 024689 012468
1 8 8 1 1 4 12 0129 02345689 012 0123456789 02468
1 8 8 1 1 45 02 01269 012346789 012 0123456789 024689
1 8 8 1 1 56789 012 012345679 0123456789 01 01236 02468
1 8 8 1 12 019 012 0123456789 0123456789 01 012346 01234678
1 8 8 1 2 1 0 3 3456 012 0123456789 0123456789
1 8 8 1 2 1 0 3 678 012 0123456789 0123456789
1 8 8 1 2 1 0 34 012489 012 012345679 0123456789
1 8 8 1 2 1 0 4 89 012 0123456789 0123456789
1 8 8 1 2 123 012 0123456789 012346789 012 01234569 012346789
1 8 8 1 2 345 012 012345689 0123456789 01 01234689 0124689
1 8 8 1 2 56 012 0123456789 0123456789 012 01234689 0245689
1 8 8 1 23 06789 012 0123456789 0123456789 012 0123469 0124568
1 8 8 1 3 012 012 0123456789 0123456789 0 0 0
1 8 8 1 3 23 012 0123456789 0123456789 012 029 0248
1 8 8 1 3 34567 012 0123456789 0123456789 01 02689 024568
1 8 8 1 3456 0123456789 012 0123456789 012345678 01 026789 02456789
1 8 8 1 6 234 012 0123456789 0123456789 012 0123679 023468
1 8 8 1 6 45 02 012345 012345689 012 0123456789 0123456789
1 8 8 1 6 5 0 012 0126789 012 0123456789 023456789
1 8 8 1 6 5 0 2 1245 012 0123456789 0123456789
1 8 8 1 6 5 01 0123456789 0123456789 012 0123456789 02346789
1 8 8 1 6 5 1 34 023456789 012 0123456789 02345689
1 8 8 1 67 056789 012 0123456789 01245678 01 02346789 0245689
1 8 8 1 7 012 012 0123456789 023456789 01 0123469 012345689
1 8 8 1 78 234567 012 01234569 0123456789 01 01236 0124568
1 8 8 1 89 0178 012 01234569 0123456789 012 01234679 02468
1 8 8 12 09 01268 012 0123456789 0123456789 01 02689 0468
1 8 8 2 01 089 012 012345689 0123456789 0 0 0
1 8 8 2 1 012 012 012345679 0123456789 0 0 0
1 8 8 2 1 23 012 0123456789 0123456789 01 01269 024678
1 8 8 2 1 34 012 012345689 0123456789 01 0123456789 01234678
1 8 8 2 1 4 12 01234569 0123456789 01 0123456789 012346789
1 8 8 2 12 0456 012 0123456789 0123456789 0 0 0
1 8 8 2 2 5678 012 0123456789 0123456789 01 0269 0468
1 8 8 2 23 0189 01 0123456789 0123456789 01 01236 01246789
1 8 8 2 3 1234 012 012346789 0123456789 012 023456789 02345678
1 8 8 2 34 0456789 01 0123456789 0123456789 012 012346 024689
1 8 8 2 4 01 012 0123469 0123456789 01 012345689 02345678
1 8 8 2 4 1 01 0123456789 0123456789 01 0123456 01245678
1 8 8 2 4 12456 012 0123456789 0123456789 01 0269 02468
1 8 8 2 45 026789 012 012345679 0123456789 0 0 0
1 8 8 2 5 234 012 0123456789 0123456789 012 0123469 01234678
1 8 8 2 5 45 012 0123456789 0123456789 01 026789 02468
1 8 89 02 015 0124589 012 0123456789 0123456789 0 0 0
1 8 9 0 123 012345689 012 012346789 01246789 01 01236 024678
1 8 9 0 345 012456789 012 0123456789 012345678 0 0 0
1 8 9 0 567 01234568 012 0123456789 0124689 0 0 0
1 8 9 0 78 01245678 012 0123456789 012456789 0 0 0
1 8 9 0 89 015689 012 0123456789 0123456789 01 01236 012468
1 8 9 01 0129 012345678 012 0123456789 01234568 012 0249 01248
1 8 9 1 2 567 012 0123456789 023456789 0 0 0
1 8 9 1 2345678 0123456789 012 02345689 0123456789 0 0 0
1 8 9 1 89 01234568 012 0123456789 0123456789 0 0 0
1 8 9 1 9 456 012 0123456789 012345689 0 0 0
1 8 9 1 9 6789 012 0123456789 0123456789 01 01236 02468
1 8 9 12 09 019 012 0123456789 0123456789 0 0 0
1 8 9 2 0 123 012 0123456789 0123456789 012 0123469 0123468
1 8 9 2 0 3 01 0123456789 0123456789 012 01234569 02346789
1 8 9 2 01 023456789 012 012345679 0123456789 01 01236 02468
1 8 9 2 1 456 012 0123456789 0123456789 0 0 0
1 8 9 2 1 678 012 0123456789 0123456789 0 0 0
1 8 9 2 12 089 012 0123456789 0123456789 01 0236 0248
1 8 9 2 23 01234 012 0123456789 0123456789 01 02 08
1 8 9 2 34 01234678 012 01234569 0123456789 012 01245689 0234689
1 8 9 2 4 7 01 0123456789 012346789 012 0123456789 0123456789
1 8 9 2 45 02345789 012 0123456789 0123456789 012 012456789 01234568
1 89 09 02 05 0125 012 0123456789 0123456789 01 01236 02468
1 9 0 0 0 2345 012 0123456789 012345678 01 01236789 0234678
1 9 0 0 0 567 012 0123456789 012345689 012 0123456789 024689
1 9 0 0 0 78 012 012346789 012456789 012 012346789 024678
1 9 0 0 0 89 012 0123456789 0123456789 0 0 0
1 9 0 0 01 0129 012 0123456789 0123456789 0 0 0
1 9 0 0 1 234 012 0123456789 0123456789 0 0 0
1 9 0 0 12345 012345678 012 0123456789 012345678 0 0 0
1 9 0 0 5 234567 012 0123456789 0123456789 0 0 0
1 9 0 0 56 078 012 0123456789 0123456789 01 01234569 02468
1 9 0 0 6 012345678 012 0123456789 0123456789 0 0 0
1 9 0 0 78 012345678 012 0123456789 0123456789 0 0 0
1 9 0 0 8 3456 012 0123456789 0123456789 01 012369 024568
1 9 0 0 8 67 01 023456789 0123456789 012 02345679 02468
1 9 0 0 8 789 012 0123456789 023456789 012 0249 0248
1 9 0 0 89 019 012 0123456789 0123456789 0 0 0
1 9 0 0 9 1234 012 0123456789 012456789 01 024 0458
1 9 0 0 9 456 012 0123456789 0123456789 01 01234569 0124678
1 9 0 0 9 678 012 01236789 0123456789 012 0123456789 0124568
1 9 0 0 9 8 1 34 01345689 012 0123456789 0123456789
1 9 0 0 9 8 1 45 0123456789 012 0123456789 0123468
1 9 0 0 9 8 12 056789 012346789 012 0123456789 024568
1 9 0 01 09 0289 012 0123456789 0123456789 01 01236 02468
1 9 0 1 0 23 012 0123689 012345678 012 0123456789 02468
1 9 0 1 0 3 1 012 0123456789 012 0123456789 02468
1 9 0 1 0 34 012 0123456789 0123456789 01 0236789 02468
1 9 0 1 0 456 012 0123456789 023456789 01 012369 0123468
1 9 0 1 0 678 012 0123456789 012345689 012 01234569 01234568
1 9 0 1 01 089 012 0123456789 0123456789 01 023469 02468
1 9 0 1 1 012 012 0123456789 0123456789 0 0 0
1 9 0 1 1 234 012 0123456789 01234568 012 0245679 012468
1 9 0 1 1 45 012 0123456789 0123456789 012 0126789 0124568
1 9 0 1 12 0156789 012 0123456789 012346789 012 0129 023468
1 9 0 1 2 123 012 0123456789 0123456789 01 012456789 0123456789
1 9 0 1 2 34 012 0123456789 0123456789 012 0123469 023456789
1 9 0 1 23 01456789 012 0123456789 0123456789 01 026789 0245678
1 9 0 1 34 0123678 012 0123456789 0123456789 0 0 0
1 9 0 1 4 3456 012 0123456789 0123456789 0 0 0
1 9 0 1 45 06789 012 0123456789 0123456789 0 0 0
1 9 0 1 5 01 012 0123456789 0123456789 0 0 0
1 9 0 1 5 123 012 0123456789 0123456789 01 02346 0248
1 9 0 1 5 3467 012 0123456789 023456789 0 0 0
1 9 0 1 5 78 012 0123456789 023456789 0 0 0
1 9 0 1 567 0145689 012 0123456789 012345689 0 0 0
1 9 0 1 78 0126 01 0123456789 0123456789 0 0 0
1 9 0 1 8 2345 012 0123456789 0123456789 0 0 0
1 9 0 1 8 567 012 0123456789 0123456789 0 0 0
1 9 0 1 89 2678 012 0123456789 0123456789 01 0234569 024689
1 9 0 12 09 012346789 012 0123456789 0123456789 0 0 0
1 9 0 2 1 012 012 023456789 0123456789 01 01234679 02468
1 9 0 2 1 2345 012 0123456789 0123456789 012 012369 02468
1 9 0 2 1 56 012 012345679 0123456789 0 0 0
1 9 0 2 12 0678 012 0123456789 0123456789 0 0 0
1 9 0 2 2 01245678 012 0123456789 0123456789 01 02 08
1 9 0 2 234 01289 012 012346789 0123456789 0 0 0
1 9 0 2 4 12 012 0123456789 0123456789 012 01234569 02468
1 9 0 2 4 2 1 3456 0123456789 012 0123456789 0123456789
1 9 0 2 45 0234589 012 012346789 0123456789 01 023456789 02345678
1 9 01 02 05 0124567 012 0123456789 012345678 0 0 0
1 9 1 0 0123 02346789 012 0123456789 023456789 0 0 0
1 9 1 0 45689 01234568 012 012346789 0123456789 01 01236 0123468
1 9 1 0 9 6 01 0123456789 0123456789 012 029 0248
1 9 1 0 9 6 12 013456789 0123456789 012 0123469 012468
1 9 1 01 09 016789 012 0123456789 0123456789 01 01236 02345689
1 9 1 1 0 1 01 0123456789 0123456789 0 0 0
1 9 1 1 0 1 12 0123456789 0123456789 012 01234569 02468
1 9 1 1 0 123 012 012345689 0123456789 01 0123469 023468
1 9 1 1 0123456 012456789 012 012345689 023456789 0 0 0
1 9 1 12 0126789 0123456789 012 012346789 02468 0 0 0
1 9 1 2 23 234678 012 0123456789 012345689 012 012346789 01234568
1 9 1 2 3 45678 012 0123456789 0123456789 012 0123456789 01234678
1 9 1 2 34 01289 012 0123456789 01234568 0 0 0
1 9 12 02 045 02348 012 0123456789 0123456789 0 0 0
1 9 2 0 0 0123 012 0123456789 0123456789 0 0 0
1 9 2 0 0 345 012 0123456789 0123456789 0 0 0
1 9 2 0 0 5 012 0123456789 0123456789 0 0 0
1 9 2 0 0 5678 012 0123456789 0123456789 01 02 08
1 9 2 0 0 8 012 0123456789 0123456789 01 01236 0123468
1 9 2 0 01 01289 012 0123456789 0123456789 0 0 0
1 9 2 0 1 2 012 0123456789 0123456789 0 0 0
1 9 2 0 1 23456 012 0123456789 0123456789 01 01236789 01245689
1 9 2 0 1 6789 012 0123456789 0123456789 0 0 0
1 9 2 0 12 09 012 0123456789 0123456789 01 02 08
1 9 2 0 2 0123 012 0123456789 0123456789 0 0 0
1 9 2 0 2 345 012 0123456789 0123456789 01 02 08
1 9 2 0 2 56 012 0123456789 0123456789 0 0 0
1 9 2 0 2 67 012 0123456789 0123456789 0 0 0
1 9 2 0 23 0789 012 0123456789 0123456789 0 0 0
1 9 2 0 3 01 012 0123456789 0123456789 0 0 0
1 9 2 0 3 1 01 0123456789 0123456789 01 01236 024689
1 9 2 0 3 123 012 0123456789 0123456789 0 0 0
1 9 2 0 3 3 01 0123456789 0123456789 0 0 0
1 9 2 0 3 34 012 0123456789 0123456789 0 0 0
1 9 2 0 3 45 012 0123456789 0123456789 01 01236 02468
1 9 2 0 3 5 012 0123456789 0123456789 0 0 0
1 9 2 0 3 56 012 0123456789 0123456789 0 0 0
1 9 2 0 3 6 12 0123456789 0123456789 0 0 0
1 9 2 0 34 06789 012 0123456789 0123456789 0 0 0
1 9 2 0 4 01 012 0123456789 0123456789 012 0123456789 0124689
1 9 2 0 4 12 012 0123456789 0123456789 01 02 08
1 9 2 0 4 2 012 0123456789 0123456789 0 0 0
1 9 2 0 4 23 012 0123456789 0123456789 01 023469 02468
1 9 2 0 4 3456 012 0123456789 0123456789 0 0 0
1 9 2 0 4 67 012 0123456789 0123456789 01 023456 0246789
1 9 2 0 4 78 012 0123456789 0123456789 012 02469 02468
1 9 2 0 4 89 012 0123456789 0123456789 01 01236 02468
1 9 2 0 45 09 01 0123456789 0123456789 0 0 0
1 9 2 0 5 012 012 0123456789 012345689 0 0 0
1 9 2 0 5 2 012 012456789 0123456789 0 0 0
1 9 2 0 5 234 012 0123456789 0123456789 0 0 0
1 9 2 0 5 4 012 0123456789 0123456789 0 0 0
1 9 2 0 5 45 012 0123456789 0123456789 0 0 0
1 9 2 0 5 56 012 0123456789 0123456789 0 0 0
1 9 2 0 5 6 01 0123456789 0123456789 01 02 08
1 9 2 0 5 67 012 0123456789 0123456789 01 02679 02468
1 9 2 0 5 78 012 0123456789 0123456789 0 0 0
1 9 2 0 56 01289 012 0123456789 0123456789 0 0 0
1 9 2 0 6 234 012 0123456789 0123456789 01 01236 02468
1 9 2 0 6 45 012 0123456789 0123456789 0 0 0234
1 9 2 0 6 56 012 01234589 0123456789 012 012345689 0123456789
1 9 2 0 6 67 01 0123456789 0123456789 0 0 0
1 9 2 0 6 7 012 0123456789 0123456789 01 02 08
1 9 2 0 6 78 012 0123456789 0123456789 0 0 0
1 9 2 0 6 89 012 0123456789 0123456789 0 0 0
1 9 2 0 67 09 012 0123456789 0123456789 01 026789 023468
1 9 2 0 7 0 12 0123456789 0123456789 012 02346789 02468
1 9 2 0 7 01 02 0123456789 0123456789 0 0 0
1 9 2 0 7 1 012 0123456789 0123456789 0 0 0
1 9 2 0 7 123 012 01234569 0123456789 01 02345689 02345678
1 9 2 0 7 3 012 0123456789 0123456789 0 0 0
1 9 2 0 7 345 012 0123456789 0123456789 01 023 028
1 9 2 0 7 5 012 0123456789 0123456789 01 0234569 02468
1 9 2 0 7 56 012 0123456789 0123456789 0 0 0
1 9 2 0 7 67 012 0123456789 0123456789 0 0 0
1 9 2 0 7 78 012 0123456789 0123456789 0 0 0
1 9 2 0 78 089 012 0123456789 0123456789 012 0123456789 0123456789
1 9 2 0 8 01 012 0123456789 0123456789 0 0 0
1 9 2 0 8 12 012 0123456789 0123456789 0 0 0
1 9 2 0 8 2 012 0123456789 0123456789 0 0 0
1 9 2 0 8 23 012 0123456789 0123456789 0 0 0
1 9 2 0 8 34 012 0123456789 0123456789 0 0 0
1 9 2 0 8 45 012 0123456789 0123456789 01 01269 02468
1 9 2 0 8 56 012 0123456789 0123456789 0 0 0
1 9 2 0 8 678 012 012345679 0123456789 0 0 0
1 9 2 0 8 8 01 0123456789 0123456789 0 0 0
1 9 2 0 89 0189 012 0123456789 0123456789 01 02 08
1 9 2 0 9 12 012 0123456789 0123456789 0 0 0
1 9 2 0 9 23 012 0123456789 0123456789 0 0 0
1 9 2 0 9 34 012 0123456789 0123456789 0 0 0
1 9 2 0 9 4 012 012456789 0123456789 0 0 0
1 9 2 0 9 456 012 0123456789 0123456789 0 0 0
1 9 2 0 9 678 012 0123456789 0123456789 0 0 0
1 9 2 0 9 89 01 012456789 0124568 01 0123456789 0123456789
1 9 2 01 09 09 01 0123456789 0123456789 02 01234 012456789
1 9 2 1 0 0 12 0123456789 0123456789 012 029 0248
1 9 2 1 0 01 012 0123456789 0123456789 01 01236 02468
1 9 2 1 0 12 012 0123456789 0123456789 012 02459 0248
1 9 2 1 0 23 012 0123456789 0123456789 0 0 0
1 9 2 1 0 3 01 012345689 012345678 01 0126789 0245678
1 9 2 1 0 34 012 0123456789 0123456789 0 0 0
1 9 2 1 0 45 012 0123456789 0123456789 0 0 0
1 9 2 1 0 567 012 012345679 0123456789 0 0 0
1 9 2 1 0 78 012 0123456789 0123456789 0 0 0
1 9 2 1 0 8 012 0123456789 0123456789 012 0123469 023468
1 9 2 1 0 89 02 012345 0123456789 012 0123456789 024568
1 9 2 1 0 9 01 0123456789 0123456789 02 034 028
1 9 2 1 01 09 012 0123456789 0123456789 0 0 0
1 9 2 1 1 01 012 0123456789 0123456789 0 0 0
1 9 2 1 1 12 012 0123456789 0123456789 0 0 0
1 9 2 1 1 2 12 0123456789 0123456789 012 0123456789 024689
1 9 2 1 1 2345 012 0123456789 012345678 012 029 01248
1 9 2 1 1 56789 012 0123456789 012456789 01 026789 024568
1 9 2 1 12 019 012 012345679 0123456789 0 0 0
1 9 2 1 2 1 012 0123456789 0123456789 0 0 0
1 9 2 1 2 12 012 0123456789 0123456789 0 0 0
1 9 2 1 2 234 012 012345689 0123456789 0 0 0
1 9 2 1 2 456 012 0123456789 0123456789 0 0 0
1 9 2 1 2 6789 012 0123456789 0123456789 01 01236 024568
1 9 2 1 23 019 01 0123456789 0123456789 01 02346 0468
1 9 2 1 3 1 012 0123456789 0123456789 0 0 0
1 9 2 1 3 12 012 0123456789 0123456789 0 0 0
1 9 2 1 3 23 02 01234567 0123456789 0 01 0248
1 9 2 1 3 34 012 0123456789 0123456789 012 012369 02468
1 9 2 1 3 45 012 0123456789 0123456789 0 0 0
1 9 2 1 3 56 012 0123456789 0123456789 0 0 0
1 9 2 1 3 67 01 0123456789 0123456789 0 0 0
1 9 2 1 3 7 012 0123456789 0123456789 0 0 0
1 9 2 1 3 78 012 0123456789 0123456789 0 0 0
1 9 2 1 3 89 012 01234589 0123456789 01 01236 012468
1 9 2 1 3 9 012 0123456789 0123456789 0 0 0
1 9 2 1 34 019 012 0123456789 0123456789 0 0 0
1 9 2 1 4 12 012 0123456789 0123456789 01 02 08
1 9 2 1 4 234 012 0123456789 0123456789 01 01236 012468
1 9 2 1 4 45 012 0123456789 0123456789 01 02346 023468
1 9 2 1 4 6 01 0123456789 0123456789 0 0 0
1 9 2 1 4 67 012 01234569 0123456789 0 0 0
1 9 2 1 4 7 012 0123456789 0123456789 0 0 0
1 9 2 1 4 78 012 0123456789 0123456789 0 0 0
1 9 2 1 4 89 012 0123456789 0123456789 0 0 0
1 9 2 1 45 09 012 01234569 0123456789 01 01236 01245678
1 9 2 1 5 0 01 0123456789 0123456789 01 02 08
1 9 2 1 5 01 012 0123456789 0123456789 0 0 0
1 9 2 1 5 12 012 0123456789 0123456789 012 012369 024689
1 9 2 1 5 2 012 0123456789 0123456789 0 0 0
1 9 2 1 5 23 012 0123456789 0123456789 012 023469 024678
1 9 2 1 5 3 12 0123456789 0123456789 0 0 0
1 9 2 1 5 34 012 0123456789 0123456789 012 01234569 0124568
1 9 2 1 5 456 012 0123456789 0123456789 0 0 0
1 9 2 1 5 6 12 0123456789 0123456789 0 0 0
1 9 2 1 5 7 01 0123456789 0123456789 012 01234569 02468
1 9 2 1 5 789 012 0123456789 0123456789 0 0 0
1 9 2 1 56 09 012 012346789 0123456789 0 0 0
1 9 2 1 6 0 01 0123456789 0123456789 01 029 028
1 9 2 1 6 01 012 0123456789 0123456789 0 0 0
1 9 2 1 6 12 012 0123456789 0123456789 01 026789 02468
1 9 2 1 6 23 012 0123456789 0123456789 012 0123456789 0124568
1 9 2 1 6 345 012 0123456789 0123456789 01 01236 024678
1 9 2 1 6 5 012 0123456789 0123456789 0 0 0
1 9 2 1 6 56 012 0123456789 0123456789 01 0269 0468
1 9 2 1 6 679 012 0123456789 0123456789 01 029 028
1 9 2 1 67 019 012 0123456789 0123456789 01 026789 02468
1 9 2 1 7 123 012 012345679 0123456789 0 013456 02468
1 9 2 1 7 345 01 0123456789 0123456789 01 01234689 02468
1 9 2 1 7 5 01 0123456789 0123456789 01 01234569 02468
1 9 2 1 7 56 012 0123456789 0123456789 0 0 0
1 9 2 1 7 67 012 0123456789 0123456789 0 0 0
1 9 2 1 7 7 01 0123456789 0123456789 01 02 08
1 9 2 1 7 78 01 012456789 0123456789 012 0123456789 0123456789
1 9 2 1 7 8 0 2 89 012 0123456789 0123456789
1 9 2 1 7 8 0 2 9 012 0123456789 0123456789
1 9 2 1 7 8 0 234 02456789 012 012345689 0123456789
1 9 2 1 7 8 0 4 5 012 0123456789 0123456789
1 9 2 1 7 8 0 456 02345678 012 0123456789 012456789
1 9 2 1 7 8 0 6 8 012 0123456789 012345689
1 9 2 1 7 8 0 6 89 012 0123456789 0123456789
1 9 2 1 7 8 0 67 09 012 0123456789 0123456789
1 9 2 1 7 8 0 7 01 012 0123456789 0123456789
1 9 2 1 7 8 0 7 12 012 0123456789 023456789
1 9 2 1 7 8 0 7 234 012 0123456789 012456789
1 9 2 1 7 8 0 7 45 012 0123456789 012456789
1 9 2 1 7 8 0 7 5678 012 012345679 0123456789
1 9 2 1 7 8 0 78 089 012 0123456789 0123456789
1 9 2 1 7 8 0 8 01 012 0123456789 0123456789
1 9 2 1 7 8 0 8 12 012 0123456789 0123456789
1 9 2 1 7 8 0 8 234 012 0123456789 0123456789
1 9 2 1 7 8 0 8 45 012 0123456789 012456789
1 9 2 1 7 8 0 8 56 012 0123456789 012346789
1 9 2 1 7 8 0 8 67 012 0123456789 0123456789
1 9 2 1 7 8 0 89 2345678 012 0123456789 012345678
1 9 2 1 7 8 0 9 67 012 0123456789 0234689
1 9 2 1 7 8 0 9 78 012 0123456789 02345678
1 9 2 1 7 8 0 9 89 012 0123456789 0123456789
1 9 2 1 7 8 01 09 049 012 0123456789 024689
1 9 2 1 7 8 1 0 45 012 0123456789 01234568
1 9 2 1 7 8 1 0 56 012 0123456789 02346789
1 9 2 1 7 8 1 0 67 012 0123456789 023456789
1 9 2 1 7 8 1 0 78 012 0123456789 0123456789
1 9 2 1 7 8 1 0 89 012 0123456789 0123456789
1 9 2 1 7 8 1 01 09 012 0123456789 012345689
1 9 2 1 7 8 1 1 01 012 0123456789 0123456789
1 9 2 1 7 8 1 12 0126789 012 0123456789 0123456789
1 9 2 1 7 8 1 2 01 012 0123456789 0123456789
1 9 2 1 7 8 1 23 12345678 012 0123456789 0245689
1 9 2 1 7 8 12 013456789 0123456789 012 01236789 023456789
1 9 2 1 7 8 2 1234 012345678 01 0123456789 01234568
1 9 2 1 7 8 2 4 01 012 0123456789 0123456789
1 9 2 1 7 8 2 4 12 012 0123456789 0123456789
1 9 2 1 7 8 2 4 23 012 0123456789 012456789
1 9 2 1 7 8 2 4 34 012 0123456789 012345678
1 9 2 1 7 8 2 4 45 012 0123456789 012346789
1 9 2 1 7 8 2 4 56 012 0123456789 01246789
1 9 2 1 7 8 2 4 67 012 0123456789 0123456789
1 9 2 1 7 8 2 4 78 012 0123456789 0123456789
1 9 2 1 7 8 2 4 89 012 0123456789 0123456789
1 9 2 1 7 8 2 45 09 012 0123456789 0123456789
1 9 2 1 7 8 2 5 01 012 0123456789 023456789
1 9 2 1 7 8 2 5 123 012 0123456789 01245678
1 9 2 1 7 8 2 5 34 012 0123456789 012456789
1 9 2 1 7 8 2 5 45 012 0123456789 0123456789
1 9 2 1 78 0234589 012 0123456789 023456789 012 01234569 023468
1 9 2 1 8 567 012 0123456789 0123456789 01 02346789 0245689
1 9 2 1 8 78 012 01234569 0123456789 012 02349 0234678
1 9 2 1 8 8 01 0123456789 0123456789 0 034 024568
1 9 2 1 8 89 012 012345789 0123456789 01 026 048
1 9 2 1 8 9 01 0123456789 0123456789 0 0 0
1 9 2 1 89 09 012 012345679 0123456789 0 0 0
1 9 2 1 9 012 012 0123456789 0123456789 0 0 0
1 9 2 1 9 23 01 0123456789 0123456789 01 024569 024568
1 9 2 1 9 3 12 0123456789 0123456789 01 0123469 02468
1 9 2 1 9 345 012 012345679 0123456789 012 0123456789 02345689
1 9 2 1 9 5 012 0123456789 0123456789 0 0 0
1 9 2 1 9 567 012 0123456789 0123456789 0 0 0
1 9 2 1 9 7 01 1234569 0123456789 01 0123456789 0123456789
1 9 2 1 9 78 012 0123456789 0123456789 01 012 0248
1 9 2 12 09 089 012 0123456789 0123456789 01 01236789 012468
1 9 2 2 0 0123 012 0123456789 0123456789 01 02346 0248
1 9 2 2 0 34 012 0123456789 0123456789 0 0 0
1 9 2 2 0 456 012 0123456789 0123456789 0 0 0
1 9 2 2 0 6 012 0123456789 0123456789 0 0 0
1 9 2 2 0 67 012 0123456789 0123456789 0 0 0
1 9 2 2 0 78 012 0123456789 0123456789 0 0 01
1 9 2 2 0 8 01 0123456789 0123456789 012 0123456789 0123456789
1 9 2 2 01 089 012 0123456 0123456789 012 0123456789 012345689
1 9 2 2 1 01234 012 0123456789 0123456789 0 0 0
1 9 2 2 1 45678 012 0123456789 0123456789 0 0 0
1 9 2 2 12 01289 012 0123456789 0123456789 0 0 0
1 9 2 2 2 23 01 01234569 0123456789 01 023456 024568
1 9 2 2 2 345 012 0123456789 0123456789 01 02 08
1 9 2 2 2 5678 012 0123456789 0123456789 01 02346 01248
1 9 2 2 2 89 01 01236789 0123456789 01 0123469 01234689
1 9 2 2 23 09 012 0123456789 0123456789 012 0123469 01245689
1 9 2 2 3 01 012 012345679 0123456789 012 0123469 0123456789
1 9 2 2 3 1 012 0123456789 0123456789 0 0 0
1 9 2 2 3 12 012 0123456789 0123456789 0 0 0
1 9 2 2 3 23 01 026789 0234689 012 0123456789 0123456789
1 9 2 2 3 3 1 9 567 012 0123456789 0123456789
1 9 2 2 3 3 12 09 01789 012 0123456789 0123456789
1 9 2 2 3 3 2 0 12345 012 0123456789 0123456789
1 9 2 2 3 34 02 0123456789 0123456789 012 02345679 0123456789
1 9 2 2 3 4 012 0123456789 0123456789 0 0 0
1 9 2 2 3 456 012 0123456789 0123456789 0 0 0
1 9 2 2 3 67 012 0123456789 0123456789 01 0123469 024689
1 9 2 2 3 78 012 012345679 0123456789 01 0123469 01234689
1 9 2 2 34 089 012 01234569 0123456789 012 0123456789 012468
1 9 2 2 4 0123 012 0123456789 0123456789 01 01236 012468
1 9 2 2 4 345 012 0123456789 0123456789 0 0 0
