TOTAL_VALUES=1000000
P=50
PARTITIONS=20000
004069230064 189202164000
013034006132 192232042000
004014157076 192178017000
004059232000 192178087232
001178203064 191007035000
008227076120 192173128000
023167137000 192241074000
005062085148 192080016078
013107195216 192086018000
005133060000 190242172000
005135027000 192054255000
005053232000 192076179000
003175137000 192198200000
015230120032 192012093000
005053003176 192058097000
013104185112 192077113000
002019056000 192241125000
002255251232 185121240124
002016055000 192195068192
008029229000 192208001010
005035160068 192189249000
002094128000 192178245082
023196016000 192178096204
002019005160 191101012000
023033080000 192108212000
032114112094 192178080059
004068111139 192008063000
017235168000 192049136000
001037027064 192197248000
004031209168 192188216000
004069218162 190098156008
001005000000 192227248000
004185000000 192151216000
008041186000 192178028164
003173048000 192229157000
005135211244 192178245060
013034044128 192083125000
002017109136 192197055000
005072000000 192080016063
008046192000 190120096000
004031214192 185159003028
032112154168 192108070000
002057255064 192178120200
008018046000 192196248000
005045112000 189204236000
014032084000 192139074000
005160104000 192034103000
013224186000 192190078000
004148000000 192178086047
018238140000 191234082062
008009039000 192131040000
004068075247 192178098084
002255249100 192178071200
008225240000 192099146104
001022040000 192178110124
003004024000 192147248000
001255075000 192109043000
005187116088 185246100000
004028192000 192231207000
005102128000 192198142000
001007224000 192078116000
005059205000 192178241076
002057154001 192144114000
005045062016 192178104102
008150068000 192178240044
002017114000 188064162130
005237000000 192178249051
001179112064 192077118000
002057038000 192178255232
001075204000 192241056000
001236060000 192206024000
005011010208 185222148000
005062063181 192178080152
004069064064 191007136000
003172044000 187055176000
002017203224 192204004000
001249096000 185025038000
001255004000 192178242135
005135252128 192178254004
005053004240 192175052000
020157061000 191096117000
001208168120 192042004000
004068127064 185091009024
005182026000 192150020000
002018048000 192233201064
001045000000 192203041000
005198143000 190090086000
004031215209 189085160000
003164152000 190008078000
002255249036 185184151000
004015020230 192230103000
005180020008 190086054000
005063020000 192100023000
001208148015 185155075000
005182056000 192178098045
005226169128 192233196082
001252186000 190093104000
013034094064 192241112000
017077172000 192052112000
001222144000 192144000000
023083184000 192068183000
003175105000 192178186000
005253083000 192200128000
001022051000 192094121000
003165080000 191101069000
005129128000 185200128000
002063151250 187188056000
003002037000 192084121000
002021175188 192223139000
002255249027 192163005016
005062061029 192150250000
008026018000 190091204000
005062063020 185164156000
001192000000 192075020000
001178203000 192178044148
013034018128 192094070000
005083048000 192109132000
023045021140 190242166226
013107188000 192178076012
008030200000 192193160008
005104062000 192178111152
003163239212 192107180000
001208169016 189034128000
005083092000 192223101000
005056018096 192178069218
002021006000 192094224000
002094032000 185234118000
023129169000 192121062000
013105160192 192207069000
004053128000 185099026208
004015021228 192195056000
006042243000 192178084105
017000019128 192120008000
005231057000 192071051000
003175059064 192172220000
002057225030 192178251082
006065176000 192069100000
008036008000 192094062000
013034012000 192150224000
027050050000 192043254000
013108007255 192065056000
002018043000 192033111000
001072000000 192234091000
005056019032 189036223000
004068063168 192178254037
004069246148 192188018000
005100144000 192135077000
004016052048 190113064000
004009000000 190147092000
004068039124 192035211000
005082000000 192133022000
038121082217 192178109134
005042211095 192041173000
020060218000 192165192000
005062060202 192178029234
008025172000 190103122040
034096012244 188241177032
005062042124 188214058000
001178192000 185217126000
004015023144 192178097092
014001059233 192036007000
004068063093 181232144000
004068075173 185214132000
004015019000 192048138000
005083215000 192223180000
002018060000 192124255000
005023065230 192178099190
015230100002 191096014000
002058048172 192178245000
002022016064 192186141160
003163136000 190147178000
005010008000 192071033000
003174174000 192206142000
012174212000 192077160000
005182240000 192131120000
002018212152 192070134000
005008208000 192124031000
005062062156 185238063000
013105028032 192005074000
001255227000 192178080204
023167228000 192243040000
004068039096 192153058000
005129252000 192210175000
005045062026 188114218076
001178064000 190196128000
001208107000 192178080132
020153052000 192218065000
005135237224 192147254000
008227139160 192233206240
017092246000 192107255000
023056097000 192154043000
005062047000 192232058000
001023121000 185230136000
002255250206 188165025006
024204192000 192178243062
003174250000 185094192000
013104184112 192026040000
005158222000 192196219000
005180132076 192206175000
004015018128 192238028000
005196178160 192069102000
004069064224 186233112000
004028136072 189032112000
001208147189 190208128000
003164202000 192232038000
004002133112 192162219000
008044128000 187251002244
005187107120 192135072000
001208172156 192188174036
002027116000 192024112000
002022116168 190214253000
002078032000 192236092000
005022167000 192178080216
006077016000 188129126000
004068068150 185239024230
004068070247 192150071000
023255058080 192154116000
005045226000 192178104032
004068075196 192152248128
012050064000 192178242144
001245051000 192136104000
005135214160 192235088000
005178043112 192031020000
001233032000 192137111000
004068062046 185217124000
008029230040 192208020000
005059013000 188072228000
003171128000 192178075104
001208169004 192178251178
008038080000 192243038000
001067224000 192206180000
005062061205 188165025160
003002033128 192088142000
005135059229 192113064000
004042072128 190113096000
005135213144 192232096000
008029230212 188165025219
005254078000 192234249000
001186080000 188119090000
004068062118 192103120000
005183038226 192008153024
005032192000 192120242000
005181182000 192228023000
001193218000 188213065000
001010010000 190242166051
002056081000 188073187000
005062060121 188072119000
005035200000 181215251000
004069171030 192189157000
023032063221 192136052000
001000024000 192185000000
004069231211 192178246072
002255251200 192043174000
008042120064 190220082000
012010219000 185253054000
002057255128 192094110000
002016078000 192199178000
001009241226 187031004204
008025034000 192178248168
005062043128 192178251216
023255040104 192178068152
005159218044 185218152000
001228128000 192104022000
004068039180 185011040042
004042035016 192178243098
004002133224 192175020000
005231241000 192177120000
005062048236 192112243000
005035048000 192227158000
005104041156 190158147000
005062085106 192178083142
005187121246 192178248024
005062061054 192178029097
004055136000 190185178000
002016240000 192051226000
002255254044 192178111015
005061092000 188114218060
004002018000 185223083000
005175223002 192189100000
008021240000 192178107024
004069231230 192208001234
001037034184 192178211000
002021175063 192206057000
023033097150 188213088000
005053005148 192138024000
005102112000 192165200000
005157019000 192165173000
014022072000 192197200000
018165224000 192188068000
001209064000 192165164000
002094156000 192178254234
017020232000 192195214000
002056128000 185224208000
008012062000 192115083000
012154000000 192160050000
004068106064 190241076000
004068074208 192150232000
002027243000 192189176000
004167000000 192102148000
005135192000 188162076000
023033099040 192068172000
001032238000 192156222000
020020096000 192178247200
004036020000 192197065000
003164091000 178088128000
002017109193 187185012000
008047146128 189252128000
008029231034 192178075070
005083212000 192207037000
001227192000 192072112000
017248209000 192189026000
002019007021 192145232000
001241200000 188170239000
002017108048 188246228000
005053004180 192092168000
020157139000 192012215000
005226149108 192012024000
003004016000 187214007000
002255254024 192177017000
005199004000 192193177000
005102096000 192233197085
005003027000 192178069010
020132176008 192178110074
002189242000 192151248000
023045021040 192150076000
024227128000 190060026000
008224112000 189219052000
023202038000 188144002070
005196167248 192172234000
005253046000 192178098112
001001126000 192102240000
004026184000 192178249000
001213120000 192178252236
005062006000 192068157000
003171000000 192072107144
002058203000 192177050000
002020254000 192142198000
002016184000 192178085084
001032234052 192209048000
005062047222 191234084031
023176058000 190255040000
002016026000 190092166000
031186170000 192198076000
001208112148 192234246000
005181015064 192132034000
005230195000 192114012000
014192069000 192228087000
023143233000 192092182000
005159238000 188191200000
012193064000 192178105128
004068038020 192035120000
002063168206 192137063000
004068110062 192190076000
008029230074 192178247030
002188171000 192178069019
002019092000 192096128000
001006137000 192178081043
005042211112 192178254125
034119121000 192195219000
008052199128 188208049000
023012042000 189199134000
001235136000 190182164000
004031215252 192178158204
005011012124 188214224000
012036066000 192190074000
016119057000 185242224000
005104054128 190103125080
002023099000 185076063000
018066075000 192190024000
017000017088 192001110000
004232224000 185150034000
005011008128 192199004000
008002228000 192178240108
023254227000 192040238064
005039028160 192223234000
004016054080 186083180000
005062042018 185244010000
004031215236 192103025000
020060248000 192190124000
008020050000 185036118000
004042072096 192031022010
003174058000 187109064000
004069223234 192200004000
001118016000 192241122000
013107162000 192178111008
005187127048 187087048000
001011000000 192178084106
002188011000 192077232000
023227030000 192178070231
004069215028 192156170000
001024200000 192041140000
002058052000 190007088064
005035160047 192108207135
004059176032 192101186240
002255249156 190159236000
005045181220 192112181000
005053007255 192196016000
003163239134 185231033144
005135028076 192136010000
001007244000 192035157000
012189194000 190146240000
012009016000 192176112000
012190096000 192136066000
001178199008 178250001064
005159219046 192054174000
008020003000 192178106082
016134032000 190111026000
004068111233 192145064000
005062060174 192209062128
005135059244 192153189000
002019005144 179199176000
001030056000 192100026000
005062059053 192193081000
008036228000 185144000071
023103132200 192048250000
008227117032 191237128000
004068030085 188137240000
005011012096 192229169000
005003085000 192135207000
004015018072 192104041000
004034122096 190215152000
002057164000 192178107176
005253046192 188165172000
032059058176 192069156000
005061008000 192206117000
005178044007 192229111016
003173134000 192195200000
013105016192 192121132000
002016243000 192132053000
006049096000 192185136000
008012096000 192234148000
005056019021 192043255000
001044096000 192135047000
023168184000 185194184176
002018215144 186082056000
001018128064 192178121246
012027066000 192166016000
023220146000 192178029068
001193146000 185018172072
005062061180 192178110052
015020104000 192178120012
008052233020 192072125064
004069220243 185253150000
020209116000 192151237000
004015017000 192040112000
004015018032 192209026248
005062059252 188240094016
012031164000 192230000000
005045176000 185005129000
005039037000 192178106212
001010064000 192101177000
001232244000 192092184000
001231000000 190097111032
005175144000 192081064000
006042064000 181233127000
013224121000 192124212000
005039017064 191096128000
005252161000 191101163000
004015017128 188240020000
003173172000 192229236000
002027192000 192138191022
004069217081 192035205000
017081250000 191101098000
004068111248 192044017000
005062085080 192147224000
008029231247 192229111128
005157041000 192238208136
004016048232 192065185080
005187107064 190211146000
002255254052 192240125096
023155154000 192227008000
013034120064 192153200000
012041134128 192195150000
002094196000 190014005000
005053006154 185129172000
005045062252 190131128000
005083235000 192151112000
004069215029 192049086000
003175176000 192190152000
005101111000 192233206165
001236061000 192016040000
014037032000 192127092000
005053003042 187188242000
002021175206 192178071024
005039053112 192133007000
012228147000 192169118000
008033004000 185057004082
002018128000 192209026012
012028120000 192071151000
004068039088 192193037000
013105020192 192203224000
008027176000 192178253204
002017056000 192172026000
005062047148 192233201160
023146061000 191007160000
002019004120 192233206224
003002091000 192178254136
003165235000 192178082252
004015144000 192147117000
001213113020 192080081000
009163000000 192165003000
001032201000 192218204000
023154104000 192223132000
005135059080 188231098032
003162056000 192178086032
002057152001 188121033239
005231025000 192124164000
001208172157 185247230096
002021175136 192178108112
005202024000 192178242192
017126196128 192085048000
008029230210 192190026000
004031208117 192080017252
002057170000 192048027000
005149128000 192064252000
005180045000 192051048000
002021175160 192178110036
005062044141 185175066000
013104187144 192240140000
032112188039 192175164000
005135170064 192193012000
008029109077 192216201000
005056021082 192206035000
001032234048 190015252000
005149064000 192229111136
002058103000 192158003000
013104136000 192178151000
004002016128 192050196000
005053005099 192178082140
002255253228 192210047000
004069248232 192108091000
001208112084 192203174000
003175096000 192233197084
005053003164 192012032000
013034142192 192159034000
005150192000 192055244000
004068127239 192141088000
012172038000 192156240000
003004012064 192171110000
001232014000 185188168000
012203032000 190006120000
018173087000 192150126000
023227063128 192099146068
005172202000 192071029000
008014080000 192188208000
004068071182 180110224000
032114117184 192178108144
005045181208 185157060000
005181216000 190152128000
018172248000 185249217080
005063164000 192178104232
002188005000 192031192000
013034182128 192229111001
005044232000 185138246000
002019005132 192218230000
005062060128 192146156000
005062116000 190013203000
013104125000 192178028100
005062060096 192011008000
017070024032 192178108134
001250000000 192178037000
002022244000 192178028009
005062060054 190103121016
017000012096 192178242048
013021255044 192112016000
004069138000 192096176000
017248253000 192178104096
005159237052 192092186000
020047110000 190006000000
001255007000 192225156000
008004162000 192188003000
004068063176 192033255000
005104037128 192164021016
005180012000 191101168000
013032248000 192114148000
008029109053 192178106225
004069066000 192121178000
020202132000 192073066000
004069207072 192210154000
004031213064 191241098000
023135197000 192178240160
002021175126 192107177000
004068110025 192195185000
001187216000 192126072000
002022242000 192238208128
026016000000 192127020000
023150244227 192166226000
031044038000 192153121000
005157016000 192195213000
002179160000 192230144000
005159238018 186169004000
005023025008 192174124000
005202048000 192176150000
005053006058 190060220000
023151004000 192178074180
023161192000 192178099164
002019007081 192047192000
002059164064 192188250000
008064048000 192139020000
005053000174 192178206000
001179164000 192195225000
004068111202 189194024000
001081064000 192185084000
008042122128 192055008000
004055144000 192026124000
004069220248 190212064000
008047063000 192135227000
012111165000 190083124000
002255249105 192117128000
005053000072 192207063000
005063028000 192198147192
004166000000 192178247012
002018032000 192178106014
002189058000 192223010048
001023073000 192072107156
002057225010 190086093056
003166062000 192193227000
005003052000 192048021000
004042073128 192003228000
005104050032 192178240162
003174026000 190212091128
002056080000 192092114000
005045232000 192228117000
004031212096 188168208000
005042213000 192176250000
031058128000 192109120000
001009250000 192120005000
005196161144 192054040000
005001128000 190152064000
002020232000 188121056000
004068039134 192214098000
005003020000 185240252048
004069231022 187249037080
023165076000 192056000000
002058107000 192178029200
003162033000 192094213000
004069223176 192100079000
001247006000 192051049000
004042212000 192099146056
005053003244 192104096000
002018215032 192178121208
003175157000 190010067000
005062060060 192178252040
001037069235 192094226000
002016004000 192036134000
023160152168 192244200000
002017109246 192178085141
003174220000 192169090000
001178198252 192178244090
008021012000 187017080000
004068111244 192104180000
008023071000 192110220000
005189002000 191234082064
004042035024 192139010000
005196237208 192178243096
013034043000 192178070198
005187121144 185200076000
008029230194 187041140000
008225193000 187251000025
023038243061 192178243158
012047184000 192080255000
001118036000 192231222000
005042211192 192056101000
002255249079 190089172000
012019225000 192178098192
005160196000 192067145000
002255253116 192206216000
005153240000 192067190000
023150061000 192225058000
004068063201 192135212000
014138245000 188121036196
012128000000 192206188000
003161050000 192206108000
005011008160 192178240082
012041134000 192178028056
008048245141 192236128000
004015023222 185225252000
004069064220 192068076000
018065002000 192178251118
013034004176 185205212000
005178044006 192178099030
008227077152 185241252000
002019007243 192129088000
012178048000 192068145000
002019252000 186064016000
005039019230 185211062000
002057216000 192178085140
002037000000 192178247202
002019005032 185255192000
005132128000 190009000000
004002133110 192236001000
002255248192 192232011000
032112163016 192178098116
004068039034 192173176000
008048243051 192140220000
014003000000 189201189000
001028104000 192244032000
017000001104 192124132000
001213150170 192178249008
008219000000 192164038000
003171224000 192139133000
002189187000 192178109105
001255120000 192127064000
005035172064 192107233000
005175190144 192178245230
002019032000 191101232000
005056018080 179049188000
008017106000 192121106000
008010065000 192178080089
003164105000 192075018000
017092184000 192178071188
002255253196 191200000000
001011088000 192154008000
023103131064 192033164000
014119000000 192138008000
008041140000 192177016000
012052048000 192178087110
006048160000 192228110000
005062047240 192233202200
003173035000 192227198000
005183102000 188208136000
005252026000 192178070146
002255251219 185044244000
008025035000 185129025000
001213113000 192043188000
008021216000 192231128000
001230122000 192092078000
008245000080 188228080000
017000016254 192237099064
001255127000 192197160048
008243127000 192008058000
003164020000 192234052000
008040111000 192178045251
002018214223 188172200128
023255074144 192105104000
002027088000 185184077000
003174025000 190131236000
013225216000 189199140000
008025112000 192064029000
001039032000 192036185000
004068059110 192203179000
001028172000 192178076029
005003082000 189247016000
001037035073 192178121120
005253017000 192065100000
012010016000 192226052000
005035160160 192178120008
004069215026 189138224000
005135001156 192016156000
023027092000 190054007000
005134208224 192086151000
012181192000 190054184000
005175190095 185230152000
005035112000 192178252228
005059104000 192131095000
017000014016 192244254000
008048247096 192178075130
002021175100 186192240000
008023054000 192075084000
001020120000 189203128000
002189252000 192154018000
005180173000 192225062000
005062039216 192160251000
023188073000 192229120000
008009038000 192071178000
020202236000 192204000000
008009040000 192178250072
008029231217 192138048000
005053005119 192161048000
008043092000 192100179000
002255249032 192178096024
003004012003 192137236000
002021175006 192234160000
001022068000 186209108000
005196178088 192178240098
004068127035 192231056000
005254162000 192026108000
003175066000 187249056032
005255148101 188114209144
013034003032 192131182000
002255249002 185248086000
013034006168 185186064254
008041074000 192178082168
001178202064 192080088000
005010222000 192197242000
008048087000 192233200246
016007016000 192237071000
014102108000 192178109028
005230186128 190215244000
005056020192 188064162238
005175204000 192173086128
002058095000 192030192000
005167056000 192029208000
012235150000 192234037000
005008071000 192234090000
001194160000 192173099080
002022017000 188074208000
015190008000 192178097208
003033055000 192229126000
001208114250 185085000201
023128004000 190054192000
005045062248 187175128000
005153170000 190151064000
001073252000 190150008000
002021175028 192198128000
002059076096 192195228000
004036160000 185212028000
023193042000 192083254000
002022116158 192138193000
001018126000 192144022000
004031215240 192235200000
012047038000 192195142000
005104174000 192206238000
013106239232 189218080000
001018112000 189038128000
004068071016 186183134000
005039014000 192178106000
005062034040 185151008016
005196052000 192231198000
016007004000 188215032000
003160210000 192068205000
003120000000 192178149000
003096000000 192107190000
002018213040 192188034234
001066072000 173000093042
001037069224 192178074162
008048128000 192206146000
003175078000 192228091000
001208115128 192207249000
005062043200 192145070000
004014046000 192071183000
008031120000 189084136000
001009244032 192121120000
018255128000 192136022000
004069220028 192127233000
014017096000 187218016000
004068068109 192233198024
014148192000 185100211128
006148052000 190131000000
005035160058 192178028196
001208178024 185096196000
005159218110 192236030000
023203064000 192156156000
005011008082 185038096054
006016064000 187000248000
004068110224 191117129000
004042072108 192175125032
005003086000 192042052000
001208179000 192152180000
006042240000 192099146100
004001117076 192234156000
004068073187 192198066000
002021175124 192075188000
008018062000 192043212000
005202020000 192141096000
002058048017 192233207136
008227085096 192228008000
002018184000 192178246156
004069218160 192219118000
005154084000 192189132000
004069231088 192071199000
023058136024 188064162008
005059114000 192095112000
001000192000 192210010000
002017108050 192144092000
001009241128 190102114000
038005001014 192161178000
001031036000 192173086000
013088208000 192178106214
005253216000 188121036193
003164238000 185243218000
008244067000 189127164000
003172063016 192103110000
004069223152 188191018000
012189064000 192197160104
005018000000 192178110104
001007064000 185013008064
008030185000 192096159000
004016048008 192006072000
001222128000 192233206192
002018082064 192092176000
005135015000 192178251236
004068039021 192178247017
002016168000 192108067000
005154154032 191101052000
014000008000 191102160000
002019007178 192012169000
009134048000 192178107087
001178104000 188000040000
003162176000 192170156000
023168104002 187214000064
002057255000 185073164000
002019118000 192107119000
024026096000 190010128000
031133037000 192234105000
005187024000 189001042000
023131054000 192113071000
005135071120 192178045156
005062152000 190158104000
004042072236 192071237000
006072176000 192187031000
017000018050 192005044000
008006178000 192178072193
001037029064 192235086000
013104223000 192192048155
005159236016 192178099044
015098128000 192175036000
001023093000 192178253198
002019007222 186067120000
016220000000 192178120186
023138164000 192178120103
005228000000 192016137000
005053006216 192241062000
023196040000 192082247000
005230204000 192178255172
005183211016 192036187000
005057038000 192160051000
008008048000 192178105164
003169100000 191101094000
005187106064 192081067000
004068037106 192198000000
012206183192 192150239000
004068068008 192215061000
005062061130 192225098000
023187217000 192023144000
001208178212 185190009184
018035140000 192204014000
005062059070 192185086000
023005000000 192160173000
023149172000 192193016000
006079064000 192229108000
003165184000 185252114000
002016172000 192218176000
008014208000 192156244000
003033051128 192223024000
005057088000 192075057000
014001100230 192206028000
014148032000 192094036000
003172083000 192082049000
017094000030 192000080000
004001115176 192216086000
003160212000 192178044160
005255148011 190151002000
005196209160 192178071178
005135051096 192207024000
003002032128 190086080128
003175064079 192195156000
008227077080 192132089000
012215165223 191096176004
004016054185 192065185004
013021113000 192178254164
005182132000 192076229000
001071116000 192172128000
001208173000 185110061252
005003048000 192156255000
005180027064 192190193000
012029032000 192238208008
008048244048 192153255000
003004015192 192075128000
004014044064 192178120250
001074076096 189197176000
003004009000 186086198000
004018032080 188043007104
023058137220 192178105070
017093003000 192178121242
005008019000 192206211000
004068068088 192162180000
004071040000 192154196248
020020020008 190152074000
023145136085 191111128000
002023104000 192139155000
002058058000 192159111000
012107054000 192080248000
023196192000 192178105066
012185165000 192158246000
005023026000 192240158128
008227141200 192178107147
018154192000 192178118000
008052233019 185236228128
002021175222 192146169000
004031103064 188003110000
017001089128 192178250012
005149148000 185139036000
003167012000 190103100052
001007144000 192178240086
002255249153 192234100000
002018215176 192084110000
003004012054 192193069000
001037034160 189247192000
023247053000 192233199022
013225184000 192178108016
005144033230 188059240000
023047112000 192189166000
005195021000 188132221224
005196253049 190150192000
017070120000 192161088000
005249163000 189050128000
023161074000 192211217000
023089200008 192178071087
002004000000 185091034152
004031215040 185201125000
008036104000 192019121000
003104000000 192238212000
005035160129 186084040000
012178052000 192077140000
012111164000 192036016000
002019007034 192218160000
001037036000 192178075050
013104154128 192139040000
004069207128 185140160000
005180135032 192233195236
017000018240 192152111000
002019185000 192197114000
013034108064 192085095000
001018128254 187203240000
005196214096 192199000000
001020066000 187248068019
019012080000 191235255000
037018152000 192203012000
004068111117 192178111046
003004012062 192233000000
004059058168 192195055000
002059077052 192189124000
004069227005 186087000000
008029231029 192031177000
012202128000 188246023000
004068037033 192175227000
001213105000 188255179000
004068072130 192178075174
013034014014 192214102000
005253046184 192115068000
001003000000 192096112000
002017120036 192243212000
005053007072 188254124000
005196220060 192211016000
006133128000 192207128000
005039053000 185168162000
001023120000 192235192000
006044128000 192124060000
008042126194 192096178000
002255253184 192094254000
015177084000 192040072000
008038242000 187191052000
005159208000 192186064000
008029231216 185177072000
001227224000 192178243100
004068074000 192071128000
023012032212 192233194031
032059080112 192178111028
001208114048 192178253210
038103037096 192082127000
031056237000 192176044000
003166252000 176010083078
002255249136 192178105083
023138006000 192178109024
008029109111 192178069154
008227113113 185091122000
002018100000 191238224000
005039010128 192189117000
001199251000 192176003000
003169034000 192031182000
013107194212 192165018000
003161080000 192214108000
005035172129 192066192000
008245129128 192212013000
005180132104 192122180000
001032212227 188254124096
005056017238 192206137000
005042199000 192092104000
012048144000 192178068251
005172064000 192092108000
004069219222 187052192000
005062060113 192124116000
005231080064 188132244000
001248219000 192165228000
013105066064 192214192000
005062081000 189008128000
002027092000 192088081000
002017109142 189201000000
015197039132 192178250028
006064130000 192178108220
012207176000 192236147006
003172060000 188121048248
003174080000 192203155000
002017146000 188072200000
002017109232 185198026000
005196250064 192190241000
005196063061 192088123000
002255252132 192234129000
014097024000 192178084036
002063151248 192040047000
003175141000 192241094000
005187116116 192195178000
005053000192 192068123000
023058139228 188241132000
023166249000 192136176000
003171210000 192178076128
014207136000 192069248000
001032200000 192069246000
002017111110 189195004000
002021175004 192100095000
015158116000 192178243124
005062049083 192178243080
002059168000 192208001232
013034011064 192206153000
002019007249 190103124000
020157029000 191037064000
002255254208 192076032000
005175190110 190141032000
001208179160 192149231000
002255254124 192178249002
002058128000 192178045162
005178045000 192178084060
004042035021 192197160018
004170000000 180235182192
008034120000 191237200000
005196178096 192149243000
023064096000 188123224000
005159217072 191196000000
001208168231 189204128000
001092000000 192195204000
004059180048 190010051000
005254030064 192196240000
004002192000 192208003000
002022145000 192102017000
008029228053 192178071128
017067112000 192178107220
002255249074 187253255015
012153031000 192193164000
005010048000 192176248000
005022212000 192050144000
005008180000 190113040000
005003029000 192072252000
002057136000 192165044000
002021175155 188114092000
002255251192 189247118000
002017108122 192132112000
012045016000 188114216016
001232246000 192056100000
003224000000 185092199010
001009244013 190225164000
001195000000 192162019000
004068037028 192135210000
004068070000 192085132000
013110050000 192178098216
023231012000 192012226000
005053003165 192121150000
001208170114 192121027000
008024245000 185164174000
002017015000 190196244000
018065152000 184025146000
023225128000 192178084080
003033055240 192178106174
023180236000 189126040000
012096053000 188234136000
008215000000 192189086000
005253158000 192178107108
003002052000 192203006000
023012032240 192229111008
023058158000 192206016000
023179044000 185184159050
004044000000 188137138088
004069000000 192169112000
005105245000 192095081000
005077000000 192207088000
004034124000 188241062000
008225250000 192040238128
002027108000 188254078016
001247202000 192178121102
005062042032 190090160000
031135094000 188130132000
004068073008 192160208000
002023136000 191007108000
005053006024 190005224000
023032063190 192185132000
008018120000 190187083000
005039002088 188059234000
005195070000 192129047036
004031214152 189190128000
012172180000 192080208000
023175026000 192231150000
005167192000 188255240000
001025048000 192178245094
002018214000 192129094000
002255251223 190103100184
004055128000 192195085000
003033057128 192083202000
004068073248 185072015000
008024211000 192152164000
002058164000 192178242112
008035058000 192228116000
001247194000 192203176000
031169097113 192178248200
002015000000 192149052000
005053007208 192095085000
005062060022 190008234000
002255249181 192197000000
001208112000 192178069190
002018212200 192178045224
013016140000 192133075000
005159238009 192178255181
005016000000 190156016000
004033132000 192065043000
004068038078 191186080000
004031096000 190057017000
001071104000 192233196089
004069247000 192231133000
004068111171 192178099148
018035096000 188124000000
005057247128 190108080000
020095105000 189113216000
008020072000 192210228000
017000113100 192214109000
004068062122 192161080000
023170128000 185104136024
005062061225 192178138216
017000136019 192162006000
004068038085 192058184000
023058138106 192057097000
013033162000 192006009000
013106160000 192178078116
002019236000 192178105182
002057018000 192156254000
004069171022 192176223000
002056112064 192232066000
012010064000 192140224000
003033055096 188121036207
005010230000 192110172000
023147234000 192203195000
002056250000 188227030000
004068037234 191096003004
004004224000 192178254090
005254040000 192178252192
005045062201 192096045000
008039042000 192240125192
005183180000 192173099064
005187083000 192231080000
002255253169 192178080020
005199032000 192152019000
005104054160 185182184000
017250092000 188165133128
012199024000 192108055000
001037128000 192206231000
004068070072 192166138000
002023176000 185241140000
001119200000 192178246080
004033139210 192188144000
002255249161 192147096000
005062060160 187061016000
002057154016 192240102056
005180054034 192170064000
001208148060 192064158000
002063150000 192178246048
002128000000 189124111240
002021175247 186160059000
008025024000 190086083000
018066080000 192178246084
005104038192 188035016000
004042096000 192231252000
005230000000 192080026000
005053001008 192190238000
005254104000 181078240000
005145169104 192131002000
008037040000 192178185000
001025032000 192186180000
013105070128 192236080000
013106232109 192211218000
001208114218 192120112000
004069137144 192118020000
005035170136 188056000000
005255148085 185194087000
002058002000 190159036000
008042232000 192244096000
005133176000 186208016000
017118196224 192229254000
005039062000 192160100000
002057225018 192189142000
005135237240 192161175000
005129210000 185145190000
017085006080 192044092000
013105089240 185095159068
013105241000 192226080000
002021116000 192111254000
002058101000 185247009011
016240008000 188255132000
023255042224 192001123000
004069231164 192150018000
002058106000 192141049000
012131208000 190242072000
002019099000 189113184000
023130137119 192026174000
004068074004 188064008000
002019007112 192061128000
002059164100 191242072000
008015211000 192066033000
002058048250 192104244000
005187092000 188212252000
008044144000 192122243000
004069231166 192054050000
006112000000 185215004000
005102099000 186064003000
002057225064 192161086000
004068033233 192178247014
012189224000 184107230064
008011000000 184170201248
013087096000 192067051000
004189000000 192042251000
023038243072 192173076064
023200083000 190242009000
005011010064 189220064000
002018250000 192178240038
001203114000 192189195000
012205080000 192008172000
005045152000 192178138032
023180114000 185227168000
005159218038 192209008000
005010128000 192033182000
002017108024 192178076025
003175122000 188112203000
004059176064 192178068248
004068039120 187062112000
017118200000 192203144000
002016006000 192219249000
004069142000 192198144000
005104031000 192178105048
002017115000 192099146101
005255148154 185243058000
005062048130 192178158004
001224190000 186178160000
004015021042 192199002000
008245014112 191241115000
013017132020 192108074000
001007168175 188190023000
024152072000 192230105000
005045228000 192190180000
008244037224 192210226000
023157041000 192178246202
004042032104 192178071246
001178008000 192055188000
002021118000 192197178000
012071146000 192178255184
004031215241 192048105000
005154096000 192097220000
003002075000 192233195143
003005112000 192154196064
012070026000 192190135000
002016170000 192178110116
008045151000 192072107154
003163250000 188214150000
023136150000 192178068092
005062061154 185143190000
002255252052 192208144000
005187105000 192232192000
005056019044 192234103000
008029231222 185113141144
004068074033 192035251000
002018067000 192152070000
006046088000 192178068236
012016092000 192185176000
005053007150 185203056000
004018040128 192178075056
002018214064 192042132000
013016112000 185200236000
005062059012 192178252112
008248000000 185170174000
045040096000 192233194195
003163193000 190156198000
002019007076 192047180000
005231036000 192238058000
005044080000 192178068182
004068070052 192150001032
002057225014 187191112000
005062057115 192216104000
023147253000 186005199000
006050192000 189202000000
013034054128 192178106168
012023000000 192188117000
003175222000 187103048000
003163243000 192211216000
002057225016 192178248036
002017152000 185247228088
001010128000 185247010000
001242000000 192107187000
005062059072 192216106000
005129188000 192078044000
005230008000 192146173000
002017108049 192178110008
038121068043 192038000000
002018008000 186189244000
005135059184 192178251134
023058083000 192049091000
004031212044 192111107000
002018213000 192082102000
005001003244 192206036000
012204048000 190099031000
008049087000 192099146045
003169128000 192108105128
001009070000 192240159128
011210224000 192105160000
005062044140 192206195000
013034013128 192016191000
023046084000 192193090000
005188003000 192178084178
001006000000 192109078000
002019198000 192094104000
004059213000 192148088000
008052204128 192107102000
023060184000 192171210000
001081088000 192156136000
005135068242 192238208064
001177220000 192178244128
002019172000 186235080000
001023012000 192091148000
003166045000 192055020000
005189202000 191007184000
005141128000 192069046000
005023018096 185162160000
003174096000 192178083032
002016196000 192101064000
002058048063 185236206000
001208170128 187228006000
005255205000 185146230120
002017109112 192206167000
008225002000 192207237000
020153107000 192175000096
012171088000 192025052000
023164241000 190242157061
001194000000 192047028000
005196041128 192197232000
001018128240 190114112000
004230000000 189050210000
003164000000 192178072120
004068072026 189220061000
001081032000 189198128064
013035096000 192178104052
001213064000 192210210000
017119064000 192178085142
004068033198 192103208000
008042120248 192178247176
002018210000 190074128000
002022192000 192178109224
008018164000 192178249112
023082224000 192178096238
003169111000 192026118000
005053000224 189089255000
005135059102 192076217000
012232000000 188165021032
001208168128 192054137000
005252164064 185071065032
014001061249 192169019000
002022146000 185163001000
008052233224 192178247130
002019007226 192131160000
005011012212 192210183000
004001180236 192019235000
008000020000 192107001000
032114125022 192231040000
001229202000 192159068000
001179112050 192084112000
008224096000 192178045112
012111032000 192101095000
003002034128 187202000000
017044227000 192208001012
005145146000 192150028000
004068070132 192225171000
002183000000 187251001000
008029109220 192173097000
005181015000 185153020202
014022096000 189012224000
004031214160 192178096206
002058048112 192178107104
023032002000 192031022009
005062060130 185120018000
005011010170 192178254170
004037154000 190157034000
013017240000 192040252000
004231000000 192042118000
005154154224 192188254000
004068070210 192034051000
008029230226 185067128128
012035176000 192034232000
005045187000 190093229000
002016103000 190106186000
002059200000 192178110214
005011013048 192234141000
024248117000 192109013000
005083120000 192172241000
013104129128 192210164000
004068059104 190217000000
008036112000 190255048000
043132068000 189196000000
008017050000 188042190192
005062043126 191101179224
003171160000 192120060000
004068039100 187210234000
005034176000 192159082000
005020000000 188242000000
023044128000 192178107068
005154236000 188210064000
005196063224 192178108186
002021172000 185154190000
005187114004 192178243120
003005134000 192218120000
004068072213 192178241034
004068075245 192178070116
018172071000 192178029221
015197039200 192152112000
002020051000 192178254070
002021247000 192194168000
005062048166 185096188000
004018033000 188095154096
023246061020 188247096000
034157218128 192178243192
008024210000 192178243186
005039227000 192152014000
008029230023 192178081146
004038229112 192207192000
005133128000 192178029240
005062048224 192178249232
013248097000 192178248040
007193228000 188234128000
023168220000 192178104238
005180132160 190242157048
004068039080 192206120000
005062062044 191107192000
004068038124 188249128000
002019007221 188064137000
005011010212 192178029230
005062058120 192178242160
005062061252 192197192000
005039108064 185255056000
005159218072 192193144000
005100200000 192178107141
008029109100 192055144000
023103131096 192178106008
005183211046 186184000000
003004015016 192178072124
023019197048 192178106074
005044144000 190086135000
015036068000 192178240012
008042126159 185200036220
003166255000 191096064000
005038128000 192233192213
013104255128 192173064000
004069248236 192082154000
005039028162 192178046222
002255252144 192178071238
004001116032 192198147181
005180052001 192012050000
038121071014 192178241052
008227116124 192056028000
005102108000 192178105064
005062113000 188227112000
004068073160 192049116000
002058048240 190090124000
004069170112 192171083000
015158132032 192233207000
018238054000 192178106010
015158193000 192031212000
002018213044 192227128000
001009243034 192178122192
004069249044 185103112000
023255082056 192147244000
005183161000 192178070004
004069170144 192127094000
001208112056 186086152000
013107185228 192178072194
023148024128 192178075165
001024232000 192086125000
008049216080 192142012000
005255151000 185001062254
002189001000 192178107033
031057030000 185206226197
002255249006 190159068000
005040104000 192178254036
004068039121 192178252204
002058166000 190196240000
005254224000 192178070230
002188004000 192160130000
002255183077 192109041000
005187121003 192244203000
015158162000 190097200000
002058048024 192233193080
002016202000 192203084000
002016181000 192178074178
001209094000 192124120000
002059213000 188231098026
008034161000 192020232000
005035170032 192101134000
004069231240 192088040000
002255254083 185212224000
005062062244 185201228000
003164128000 192178109184
004069143168 185048216000
005056021208 189215200000
002019007224 188212126000
001032240000 192193178000
008005250000 192042184000
008243018000 192165057000
005187107128 192235201000
005100245000 178092187000
005062059092 192225170000
002021208000 192175236000
002022068000 192148007000
001028176000 192178116000
005255151072 190242157128
005053007190 192141044000
004031208118 190098141034
003002000000 191036228000
003033052000 187094054000
004042032052 192076069000
023136083000 192195216000
002023208000 192020000000
032112137200 192138159000
002021175134 186189192000
001023248000 192234158000
005119000000 185183000000
002019004116 192158231000
013106100000 187249048000
005129244000 192178069148
032109024224 192046111060
005023072000 185190011126
014138128000 192185134000
012047179000 192178080222
004016051128 192178045090
001179246000 192206255000
005042211131 192176171000
020156172000 186177144000
002022116129 188191208000
002023240000 192178044092
001023160000 192206077000
004034122064 192116000000
001227000000 186046172000
004028139060 192207248000
002018215096 192077186000
004069064226 192178106226
002059053000 192159073000
014102039000 189247045098
001187240000 192113068000
005039004000 192231089000
003161252000 192034128000
005008188000 192233195142
004069137032 192178244194
001224039000 192234157000
002255249007 192084020000
023169200000 192178028198
005180043064 191101025000
005053007216 192178255100
003173234000 192188034192
004068072215 192178074208
005053003138 192158208000
002255251048 192188002000
002018021000 192174120000
003174237000 192178254146
005182107000 192189251000
012042202000 192035002000
002021175040 187126128000
023134178000 186121232000
005045036000 187249001000
005053000176 188116010000
002018249000 192093162000
004069223168 192094160000
004042035020 185241070000
005180120000 192234176000
004079107176 191232002128
002057151000 192053080000
004069170050 190152079000
002020196000 185082152000
003005096000 192086254000
004069239010 192178029012
005062061202 192162106000
005200030108 192234032000
005011008140 192218208000
004068039076 192136154000
002058146000 192056191000
005187104000 192120121000
005135059152 190213000000
005180138000 187045192000
002255249131 192162198000
001208112153 192121172000
007192000000 192218224000
001018117000 192121104000
023149022000 192035032000
002255252011 189126088000
003004012036 192169128000
023015190000 192178109094
023152089000 192065068000
004034123000 192176043000
005062061073 192197158184
023026039000 192176120000
013104185128 192178253158
013087128000 192115236000
008039145000 192188034232
005053006144 192178104174
009194000000 188190032000
004068059000 192178083072
008025162000 188210254000
001208112032 190196136000
017079035040 192177112000
004069231157 188144002065
005175190202 184029028000
018064066010 185221128000
004001117064 192178240132
008042245000 192207152000
032115088000 192178082216
013226214000 192134192000
004028142239 190217125000
005183117000 192103190000
014001068000 192139222000
013034017129 185199228000
003166061000 192102239000
005183130000 192112066000
013104204000 192178245170
003005144000 192085060000
001233004000 192178247020
002037128000 192178097024
005062059045 192124194000
032112175126 192102096000
008045041000 192110157000
012038192000 192210247000
004068070055 192076130000
012180252000 192107169000
008042107000 192124228000
008023200000 192215192000
005011014136 192189254000
018154176000 188065165000
023255029120 184107217184
004068110064 192121166000
005196160000 191216048000
023045021249 192064202000
005011012037 191232016000
005196158000 192153096000
023174076000 192080232000
023246060176 192064048000
001186094000 192160016000
002019007016 191219096000
004016052112 192023128000
005152150000 192229087136
005129187000 188114220020
002255254016 190084162000
012192020000 192163148000
013107185136 189210000000
005011012103 188231189000
002027238000 185145000000
005023002000 192199109000
005253205000 192210240000
004028136020 192098120000
018239126000 192129047000
002018253000 192165070000
002020028000 190098153000
005059221000 192204072000
005039063128 186251038000
005063024000 192240105064
008029230130 192223136000
003161096000 192001048000
002017111192 188119079128
005042180000 187017075000
037059164128 192233192096
005196105232 192236146000
008015024000 192178099026
004069227003 188094133168
004033218064 192241032000
005175190060 192048225128
004068063056 192061048000
017087076000 192228080000
005255148168 192075096000
004068038064 192225152000
004033208000 192109231000
005062043202 192198029000
012030008000 185127183000
005188035000 190103125004
005154068000 192040233000
003143020096 192199208000
003166010000 192146130000
001179002000 192178246138
005101064000 192178249212
002255254074 192186191000
005061064000 192146251000
023212185000 190151060000
012131192000 192136108000
005104049080 192193102000
004068039156 192178122016
004068037192 190115204000
008035120000 191096016000
023014088000 192050199000
001178095000 190114232000
002021164000 192223176000
001030164000 192164172000
001208145246 192088034000
001238013000 192178111144
004002132042 192233204044
008244133240 191037160000
014118000000 192107101000
001032205000 192049024000
004042209128 192058101000
003004012026 192157159000
005022236000 192008047000
008039160000 187249074064
003163064000 192188075000
012051024000 185121025076
005253029001 192178081248
003173185000 192142035000
002019006020 192046120000
023236154000 185214172000
012041131000 192025184000
002058208000 192161177000
005196053192 188228128000
008227068080 192138030000
004068074106 188136160000
008216072000 192178055000
005062034016 192091112000
006016213000 190061248000
005135071208 189194134000
031200208000 192178242248
002255183104 192178097020
002020134000 185206226208
004068062207 192082150000
003002053000 192036099000
004059180051 192206236000
004001117032 177244060000
001201000000 190187018000
004069208062 192051050000
018244184000 192094049000
001073096000 190108042000
002018213032 192152192000
013034124000 192178108215
002020138000 192146136000
027123009232 192173006000
002017109038 192245012000
005139218000 192028028000
005011014208 192178028012
005061195000 192223224000
001199248000 192178138004
023211114068 192178029186
005180135103 192169040000
005230196000 187060160000
002188186000 192210064000
005035103000 192234002000
004068063011 192164000000
008052233080 192082048000
005039097140 185047072000
001009241040 192178046044
023026022000 190248096000
001209185000 192096247000
003004014000 192210152000
001009242000 192115176000
001006232000 192207226000
012160096000 192161176000
024039128000 192226064000
004068111189 192054120000
003168175000 190241142000
003160164000 192172027000
008023136000 192067009000
003169044000 187185008000
005062047214 192149120000
013105223076 192225111000
008026186000 192178084030
003002069000 192241124000
036140002000 192189070000
008024202000 192195152000
001245048000 192096158000
002023102000 192178073198
002023128000 184094024000
002200000000 192005232000
008025036000 192056025000
008019243000 192229002000
002021052000 192178254189
008003048000 192161250000
004069064000 190228176000
004069230121 192138028000
008060192000 192216087000
005157030000 192144018000
004068073120 192178240114
001208114128 192178080008
013034024034 192080016148
001076080000 192012167000
002024000000 192178245076
004015021136 188215034000
005010000000 192178087032
005144176000 192067148000
004068071184 190006048000
002063196000 192165119000
002019007252 192092159000
005104049000 192241063000
001074072000 192208037000
005187126000 185243114000
006066096000 192208060000
017079246014 192238208131
023012033123 192138191000
005105252000 187111180000
005056017132 192228124000
001179112176 192178254232
003168224000 189233064000
004055088128 189195136000
008003073000 192186008000
032112156064 186064001216
008034050000 192160154000
008245028192 192178248110
002017108032 192155032000
002017108064 185187238000
001208146060 192243111000
013034206000 192244247000
016136000000 192145231000
016012072000 192178244012
001213112128 192210223000
014017128000 192153169000
001007176000 187251002126
023172248000 192207081000
013104142000 192109088000
013106238048 192146122000
013107194060 192178068022
002063156194 192171103000
005061014000 192240107000
002018212050 192156213000
012110240000 192121024000
005231223000 192147026000
002057255008 192147000000
001079005000 190103121236
020157239000 192234231000
008037165000 190156008000
008042126244 192124127000
005182049128 186005176000
023012033114 192178255020
013225154000 192226045000
002058215000 192241110000
004016049232 192200224000
023026205000 192178241016
004068014090 192165143000
001208168076 192178242206
002021003000 192178044080
004069235068 192195174000
006015112000 192238059000
001082208000 192149108000
005039249000 192178111012
038106226000 192075025000
014206018000 192071193000
017090001104 185016066000
003160088000 192178075080
005154225000 185187000000
005008048000 192098050000
002255249024 192092098000
005135049160 192233196160
001037069240 190153088000
001249064000 192233199076
001032252000 185217132000
004069245192 189219056000
002019080000 188114106000
005060000000 192149234000
004069064018 185018012080
003173144000 192178253226
013104146000 192135081000
008035224000 192241044000
005175212000 192178119064
008044002128 192077235000
004068062007 192173094000
005039041028 192138138000
004015018067 192228086000
003161032000 189199250000
001074076072 192086158000
001082232000 192198181000
004042033034 192233206225
003162242000 189014128000
005159218069 192178068116
001032217000 192238004000
017253028000 192030219000
005180040003 188072093000
023036001000 192178150000
008040086000 192199160000
005039254000 192100193000
005196168064 192178099216
004034128000 192154095000
004069248206 192178080028
005011010120 192178250192
002255253042 192030061000
027124059000 185150028000
016102064000 192178255116
002019004192 192190144000
008227141128 192124126000
017019104000 192008090000
004068063012 192031253000
008227192000 192223152000
008021164000 192071246000
001178193064 185180028000
005159237024 188240092040
013225206000 188072028000
005062060161 192222020000
002021066000 184171177000
004028137064 192178254010
018155132000 192219031000
002018212196 192188171000
001179112192 192121192000
005252074000 192112060000
005254030140 192178081042
002018213041 192110216000
005145169000 185181052000
013034069000 192197068000
012034112000 192189245000
003002096000 190153004000
002018164000 192185179000
013108000072 192190236000
001236128000 192086144000
004069151224 189247222000
013105101128 185164089128
002058252000 185165205000
001007248000 192033148000
018131000000 192031255000
005159237032 192178138215
001056000000 185195045000
005180134064 185041116000
005023024128 192204064000
005008080000 192146167000
003043128000 192172032000
003165252000 192193096000
004069151104 192178249018
013032250000 192221240000
004068074172 192178069178
001194016000 192178029056
005053003140 192233199073
001012128000 192233203178
023026200000 192055083000
005180132176 190226252000
004069246141 192216128000
023146066000 188095094000
006148050000 189220144000
004068072179 192178096140
001028100000 192178253224
020033235000 192165220000
016103048000 192006026000
005252228000 192178108044
005062062108 192173099000
008024000000 192170139000
005180020000 187063152000
002017080000 192058104000
002018215116 185017250000
004001117084 192178029226
017118196192 192233199064
004031192000 191096158064
001208144000 192121054000
018064056000 188040128000
001208114037 192086160000
001052000000 185254164000
008022088000 192178098196
005062092000 192164162000
023058138000 192035008000
023045160000 192231036064
005053004072 192160245000
004042032101 192178029053
002017120104 192207140000
001230096000 192178075002
005062058004 192132068000
004069203110 192103044000
005035172160 192186141132
004069226030 192178244108
003165090000 186251200000
005149108000 190083008000
005182208000 191241176000
008060143000 192080029000
005059108000 185095244000
008008236000 192092129000
002022172000 186224195000
002018212136 192178068062
005179120000 192131232000
002017208000 192027240000
005135194000 189219160000
012146042000 192165124000
005053001034 192229087004
004069231192 192178110076
005149168000 192132081000
023249058224 192178106070
002023158000 192057050000
005100246000 192206073000
008042161000 192065185194
004068033204 192012073000
005180104000 192160125000
004240000000 188165001060
005062058148 192150077000
001079072000 191240176000
023058137120 192119048000
015024088000 192195012000
001011096000 187033137000
001037035075 185001047064
005133012000 192118064000
005196125041 185146249064
005254058000 185061152000
005159218096 192086090000
005187111160 192198016000
005175190075 192044082000
002057120000 192178097088
005182037000 192131084000
005053007116 185148112008
005129254000 192195116000
020047013000 192178107014
013108000128 192233193033
008009128000 190071080000
002021076000 188114220208
002020200000 192178084136
005231244000 185186055000
005200030200 192178138192
032112204078 192178248213
008018162000 185215211000
004069239104 192080091000
002018213192 190143190000
001213115145 192190224000
013107184012 192111050000
013104102064 192229096000
005135048000 190099088000
004016055096 185215200000
001079184000 192053096000
013034055096 192178081080
008047008000 190158188000
014192157000 190187020000
008029228090 192234107000
005053005152 185161040000
002017110120 192162132000
002255251246 192151032000
001208148220 192230176000
017000017016 192178029091
023106192000 192238209016
005053240000 188241194000
003166088000 192233201139
005180179016 192178046138
001179192000 192084027000
004068063082 185194229000
016007064000 192230098000
005252240000 192177008000
018068174008 185010167176
002023085000 192109204000
001024088000 187188046000
004016032000 185249028000
002255253248 192189133000
002182112000 192055124000
013108000060 192050192000
005062061053 192193048000
005062059009 192178080237
002059076032 189247218000
005135042192 188092104000
020153123000 192035079000
001230120000 192241126000
004068033226 192211064000
005182130072 185018172228
002057214000 192160028000
003163241000 192233196188
004068110231 192178069078
005179090239 192137162000
005254024000 192178121152
005135086000 192139149000
008044040000 192095082000
002023184000 188241080048
004068038041 192230070000
013105124000 192178245168
004015017224 192008158000
002016136000 192178068061
023058138036 192233197080
023045022192 192115056000
002018214077 192041238000
005181015128 192178243156
004068111116 192178247008
005195209000 192206052000
018068160009 192178082244
008227073064 192221192000
001208179088 191097028000
005022128000 192178121080
005062044015 192193126000
001024220000 185164090000
004068038008 192178105040
004014157074 192138054000
002019098000 192197244000
005255149096 192223200000
002058116000 190215112000
001028012000 192208001003
002019005131 192178253176
020193000000 192233198142
001007164000 192088143000
006047104000 192234159000
005062043194 192178073038
023012039191 192195208000
002059015000 192036011000
005175190097 190014034000
005135022000 192165170000
001020116000 192208048000
003172074000 185174244000
008041000000 188095154000
004068062151 185119191008
005053003118 192223158000
008015174000 188095158096
005187127000 192178098042
013034036192 192145024000
008048246236 192194136000
005181190000 192197130000
005062061030 192189248000
005135046128 192109010000
023029019000 192206118000
017079038192 190013048000
032114127214 192195154000
034003128000 185245163000
005175000000 192195146000
008023151000 192150234000
001209080000 185090140000
023026245000 188215012000
001178000000 190147248000
018165056000 192233194116
005039050000 192207113000
002255249069 185123208000
002255249093 192072003000
013104252176 192241096000
008227114000 192197048000
001039072000 192178249070
012015064000 192011032000
004034096000 190103105136
005062060005 186148228000
005180135067 192133037000
013108001096 192042096000
002059010000 192099146054
005023024032 192035147000
004068073155 189198139000
004068062096 192030144000
018172238000 192208002000
008000040000 191160064000
001018128224 192228094000
023211244000 192055018000
003002079000 192133104000
004016050120 189194136000
002255253000 192109026000
004037155208 192231118000
008030209000 192067142000
014029012000 190156062000
005159016000 192141040000
004068038246 192101180000
013034004014 192229087008
005255146224 192219018000
005062049040 185234254010
015158167000 185229028000
005149224000 192060224000
002058074000 185166146000
002057039000 192178120024
006024000000 184104196239
005035160146 192166152000
017091001024 192001008000
004220000000 192081075000
004031215218 192073057000
006130064000 192238209131
023106048000 192195044000
009009032000 190159134000
005022209234 192188136000
005252002000 192178074234
004068127176 183108112000
001007168160 192231064000
023137048000 192221148000
008041205000 192234060000
004042072234 192233193038
005175190109 192055040000
008006246000 192240100000
001213152000 192176045000
005053001036 192184113000
012172096000 192186044000
002255249090 191096144000
008029228177 192019168000
013105160064 192177074000
005053006112 192067185000
002057084000 192210244000
004068071133 192031116000
002058176000 190150113000
018238015000 190098156088
013227130000 187189034000
005039022128 192178080004
001009072000 192131104000
001180000000 192096097000
002019208000 185181140000
008034012000 192206048000
003002054000 192240176000
004068037224 190152176000
008028184000 192198078000
001037034188 190196077000
017000015144 192222128000
005152132000 189196024000
013249112000 192232044000
002056226000 192048092000
002027241000 192131046000
002255253128 192209064000
002059008000 192177044000
008046063000 192129026000
004068074096 192085126000
012148128000 192135063000
005062051000 192178098206
004068068056 192111217000
005053001069 186086180000
005008079000 192026210000
002037064000 192199032000
005175190044 192189042000
012034000000 187179153000
023033224000 190111018000
017020216000 192053098000
005149032000 192135118000
001067232000 192052064000
002255254064 187130158248
015197039240 192178074174
001178205176 192070172000
008020255000 188234000000
002016138000 185174156140
008227110001 192233207032
008220240000 192041136000
032109036140 192042117000
004059180044 188042190160
001177128000 192178104028
002022234000 192190228000
005062061208 190054008000
008048123000 192243037000
008009104000 192178248252
005132136000 192178243040
005010137000 192142016128
005253210000 192160197000
004069171021 192091171000
013034025000 190084078000
002255249164 192189159000
008045151066 192207198000
003175234000 188116042000
002016188000 192178046200
023033098178 192096078000
001118000000 192082160000
005175190079 192171003000
005010138224 192112184000
013225120000 188187246000
005062060037 187189094000
005053003078 185174032000
005181116000 192178045229
005001044000 190211140000
008227087075 187109112000
005180134040 192178106064
003163239210 192178080239
004026190000 192234218000
004016048014 192053108000
005244000000 192178029220
004028136080 192197160128
001009241231 192178087208
012133007000 192208001235
005062016032 192065135000
008040139000 190096058000
017156184000 190242157000
008030042000 190111180000
013034159192 185225126000
005062061228 192178099152
001186093030 189249192000
006073196000 191253016000
031028068000 192196164000
042060232000 192118052000
015200000000 192131004000
002017109160 192233195235
005253078000 192178099012
005135122241 192235066000
002018082032 187249134000
002017041000 192243128000
005154154206 191096189000
013034000032 192216060000
013033024000 190127248000
008036006000 188121036186
014001100108 192190133000
008228224000 192177062000
008029228120 186123080000
038116206000 192189255000
008048244208 192151084000
005062057112 192223130000
017079254020 186233104000
005062062020 192178029219
005175190083 192099146122
002019007064 191101144000
005188036000 191096232000
008220172000 192241092001
002017120106 192243192000
023195048000 192209026070
003162248000 192178073050
023218080000 192178120102
005039019228 192083068000
004069203120 192104173000
005178044048 185111202240
005062049088 192177180000
008034062000 192070210000
012071145000 192178084232
005253116000 192083236000
023012048000 192207106000
002022116180 192139075000
002021175144 192133042000
004068076000 185171220000
027123212005 192238194000
008236000000 192178110134
003002090000 192083242000
001009071009 192145164000
001009071128 192156251000
001010144000 192214103000
002018214109 192093112000
023189137000 185068188000
024196192000 192178249017
008014118000 192241008000
005039108016 192152029000
004184048000 192146143000
004016053192 188072089000
001037082000 192178122012
001032230000 189203132000
013034038192 190121248000
002023172000 192178109208
008037110000 192093056000
005008192000 192178097056
023136028016 192178240018
001037035072 192178029119
008039012000 187190136000
017068112000 192101255000
005035170128 192120002000
005056017040 192102093000
005062062248 192219001000
023174106000 192178109148
023045016184 192138096000
005135030000 190146119000
008048247064 192023172000
005023016024 192236152000
002063225000 188165017084
002255253236 190187065000
002185252000 192207194000
023186040000 192178249024
015230117000 192240106128
005135059000 192178044238
001194216000 190114144000
005187106068 192076121000
012189000000 190123032000
005003038000 192233192112
008004034000 192178084166
002183188000 192178107185
013227226000 192070164000
001224038000 192178105142
003172095000 184171176160
005160110000 192233198144
002019214064 188229116000
002027102000 192064030000
001241128000 192178251152
005151240000 192230016000
001000008000 192234184000
016002140251 189038023000
004016055032 188064144000
005183095000 192178251136
008036091000 192049143000
001037027128 192065143000
001238004000 192225104000
034099027000 192178073037
004028138118 192178071100
023059088000 192178080084
008042126144 192138092000
005196064000 192071021000
004002133114 192233192224
001213151000 192233199220
004019014000 192160171000
015177024000 192108119000
005180043001 185215036000
023139029000 192170160000
005062059230 192153028000
023072232000 186170029000
008035192000 192138009000
005152189000 192083120000
001009241230 192171106000
002019005156 192206045000
001229204000 192108204000
006046080000 192165064000
002018160000 192160057000
001255112000 191096171000
005062061090 192178241015
005010218200 192159074000
001024240000 190057018000
017047064000 188003112000
004068073114 185254053000
001236016000 185241059000
001177064000 192006184000
005180060000 192133093000
017118080000 185232028000
015158149016 192152040000
004068110160 192001204000
005010198000 185162253200
002189024000 192231036003
002023228000 192157037000
002019007048 192184066000
004015023138 192195134000
005053003120 192178099076
005062049030 192054206000
004016052192 192135185000
012228004000 192197160076
005104042200 191232002032
006077008000 190149135000
005053006111 192178072154
008008034000 192084244000
026011072000 192178072028
001023032000 192198025000
003164012000 185121025242
001032224000 192033146000
002255250128 190221160000
008002100000 192231160000
005011013082 185235086000
013104159128 192178107224
004015020080 192054165000
015248012176 192041171000
013033161000 192040239200
003173132000 192189090000
005180134046 192234004000
023026231000 192178248112
002059204000 192203060000
005053005040 185078004000
002021175025 192006160000
008021235000 190143191000
023033097087 192124012000
023012037024 192133245000
013108003096 192163160000
023186044000 192178046236
012222192000 192156207000
013034009224 190215230000
013105089148 185192176000
004068037199 192189234000
003163216000 192208185000
004059048000 192197149000
008042126192 185222221000
005039025176 190104096000
008052199112 192176104000
005226171000 186147231000
014001100026 188121038016
005159218046 182054128128
002018211000 192071156000
017156126000 192080010000
005105210000 192161144000
005062043224 192190056000
002019162000 192178109088
005023025064 192176239000
001233192000 188116060000
001023174000 192118050000
005159218087 192178158029
005226014000 192234014000
012032160000 192193162000
012054129000 192150046000
008021082000 192233197060
002059161000 187190042000
008036238000 192178104126
020132016000 192086064000
005062044020 192178120098
001208170116 192178096048
005104240000 192241072000
002255249172 192229150000
005196214032 192147222000
008227108000 185026111024
002021175141 185127022000
005042211121 192176048000
004068038089 185240024000
004076000000 185188012000
003164138000 192178071048
012175168000 192098008000
008035210000 192104245000
023109220000 192152078000
004037154186 192243016000
008024029000 192221156000
023053040000 192088193000
005039029128 188241080017
002063234058 192104144000
004001116048 192178242246
004031212028 192178046134
006065188000 188164095000
017116120000 192189212000
005105064000 192178252006
008033031000 192172216000
008221000000 192175003000
001208112192 192218142000
023135166000 190106168000
005183122000 192092155000
008002180000 192190196000
004016049207 192024092000
002181128000 190159012000
005105136000 192099105056
023058138219 185234254012
004198128000 192165219000
005157032000 192142032000
004002136000 180108161000
002019004084 192203160000
005062048192 192149068000
002058048122 192047112000
013105223016 185246041246
005039202000 192084210000
023255015024 190007070000
001213104064 192178243240
015158023100 192178120240
023255037192 192192050000
005154154127 192214114000
002187192000 192178108136
020150100000 192139236000
005163032000 192178080057
002021068000 192178105204
004016054100 188170080000
002016008000 192042095000
004059176096 192187196000
002018112000 192055133000
005053000080 192003160000
001233128000 192178096012
002016032000 192178080202
003002033000 188119084000
004069218106 192178108024
004068075050 192237030000
008014201000 185183115073
013034191128 188227070000
005135071064 192178242078
008031232000 192231209000
002058048018 192026252000
005226168000 192237110000
005253028008 185089219013
004071153112 192241073000
023146246000 192197158179
001247004000 188121038128
005057000000 192178245184
008029230000 185250184000
013034216000 192190233000
008018018000 192149239000
002182120000 192221152000
008033132000 192178202000
001255123000 188164069128
002059076064 192223184000
002022216000 192156225000
001208178176 185236064000
008034169000 190108208000
004001113000 192067232000
013072000000 192134160000
001179113050 192178251038
001028008000 192223029000
013034064128 192178076041
018068196000 192178069014
001025036000 190098141124
017000001225 192238176000
013105089140 185123092192
008192032000 187161175000
002018215168 192130144000
005062058124 192012002000
003164044000 192190131000
005175190108 192178004000
005001045000 192178096028
020047042000 192178085124
013034012160 192054105000
012035144000 192233197208
012231104000 192210155000
002058048146 185244031004
001028042000 192173025000
005188009000 192104067000
004054000000 192205000000
004001128000 190053048000
032112170008 192148243000
032118016192 192145184000
012111062000 186147164000
004069250000 192178106136
004069180008 192160060000
002018215100 192085091000
003169028000 192236196000
016190000000 192121237000
006017088000 190098158032
001241016000 192178110144
002018212176 185248188000
023033100224 185154189000
005135071096 192135197000
013104146064 192166140000
005062085036 190215024000
004059180024 185123252000
005011010216 192052061000
012031204000 185200232208
005255146160 192177035000
001224181000 192165034000
005056056000 190130064000
001074200000 192139159000
002017220000 192178086016
008019055000 192173024000
005062085091 192124028000
013227034000 192203147000
002018076000 192076048000
005035220000 190196188000
005135029000 192218068000
004068072093 192223009000
012108000000 192178240192
002017108056 192178068066
004069231212 192135044000
017000018100 186028108224
012178146000 190131193000
005062020024 192178029247
003175068000 192154205000
001010134000 190131250000
008042121131 192055171000
008008092000 192177067000
008012004000 192188086000
002255252007 192195195000
005035032000 188072096000
002027062000 190242103000
013033108000 188121036153
008026244000 192086066000
004069171054 185113224000
002019007089 192138099000
001006144000 192198121000
005035175000 192178252206
004068070036 192234132000
002018012000 192178047000
032112191040 185238249000
002019090000 192233195119
002016192000 192188157000
001082240000 192139254000
005253157000 192225163000
008023068000 188253104000
023178236000 192081115000
002255249157 188164044000
004037155211 192139088000
014102113000 192154081000
005196219200 192198139000
017119196032 189247127128
005001003232 192231036005
005039041016 192233195144
023168144000 191223064000
006243192000 192178240000
008029231208 192055210000
004068063009 192231224000
005035170132 192197072000
017090001128 192146140000
001245064000 192184069000
005255078000 192138066000
023059104000 192057100000
018245228000 190071000000
012071144000 192173081000
006016136000 190090128000
002022241000 192099106000
005129245000 192178104088
015248015112 191096212000
008244004064 192132236000
006243128000 192233197160
001208179094 192161064000
013108002206 192190001000
001193214000 192234017000
016103000000 192124030000
002016048000 190089164000
023046146000 192178028160
004068072176 192055002000
003162010000 192203226000
001208178214 188144016000
017078187064 192121020000
013105099192 192006177000
005165184000 192177014000
003004008000 192111008000
002057240000 192078185000
002059076004 192133076064
001208180000 192033029000
018096064000 192178109092
005044208000 191227129000
013077064000 192178099158
023188090000 192178255226
004184128000 185110061240
001224064000 187151192000
005002000000 185146127000
017000090000 192233206128
014001050064 192178029199
008008032000 192111129000
003164062000 192165041000
003033055064 192084086000
006082000000 192145084000
017071056000 192031206000
024117102000 192081224000
004068063089 192177073000
015197038149 192178032000
016143012000 188214021000
012161066000 190052224000
003002038000 192178080012
002022124000 192178251240
001179080000 192208001064
008209039000 192178085072
002058094000 185087010000
023235150224 191237236000
005149124000 192061192000
003173034000 192178097082
004069064111 192232067000
034144018224 185191225232
023246060173 192147081000
006044200000 192188119000
002018236000 185081028000
004243000000 192178105180
005035160052 192133000000
017091216000 192077138000
003169115000 192147124000
013105064152 192001136000
005253083064 192081098000
001075224000 190131192000
001208148061 192103040000
005062059234 192231036000
004068039232 185094190128
005034249000 192233198164
002022148000 192178073144
002018212188 192188133000
001010192000 192195107000
023132156000 192178080232
001208112048 192187060000
004068037105 188043008000
002179128000 188234140024
002255249144 192025109000
023026139000 192030095000
005199003000 192068032000
015230244000 192210192000
008046200000 192160195000
002255254132 192088125000
005183121000 192160155000
018238080000 192244224000
023134237000 192149244000
002058204000 185241056000
004068062131 192178029092
006067000000 185219024000
008042125064 190242180040
001193213000 192174110000
003160240000 190052063000
008008224000 192178081032
002063156240 192069230000
002019004077 192178084084
018068071000 192165008000
005053001044 192178246024
001241230000 192178029010
005061119000 185180124000
005062049112 192078024000
008244162000 192178080018
031059084000 192178104100
004069226064 192082117000
004001192000 192178085106
004037154235 192232004000
002017203240 192071038000
003004012056 192178248150
013034058000 192137056000
006066021000 188208126000
008245131000 192178098158
005062085040 192178082016
005022160000 192077144000
005062060104 192206116000
002255253241 188042057160
005249160000 192054225000
004068127122 190084234000
001178024000 190255128000
005182023000 192071014000
020157076000 192178244068
005104224000 192075005000
013034138000 192152118000
012031108000 192088025000
002094120000 192178098208
013020032000 189201176000
005134208248 185232000000
018245140000 192020246000
023165050000 187060061000
001213151160 188130204000
004069064009 192083221000
002063144000 188240018000
005180172000 192230115236
023152176000 192065185134
005187127108 185243072000
003002039128 191101029000
017252013000 192100099000
008034144000 192044192000
005180101000 192178068139
004014157080 192178086056
002255253112 185229242000
008038146000 189192080000
002181000000 192178080227
001022006000 185131196000
005188093000 190008156000
005039022000 192204192000
005135046000 188170072000
023166129000 192178253222
002016129000 192178045026
017000017162 192227150000
008042016000 192178105176
008004028000 192178243136
023149084000 192127128000
018155016000 192237068000
008034069000 192178254196
004028139086 192178110194
001023133000 192139203000
005053006124 192178068108
012154157000 192178255032
005255142000 192238001000
004015016000 192178108222
001017000000 192233194112
005056020236 192028100000
005199160000 192080016059
002179172000 192109086000
005206232000 192156080000
005249240000 192154208000
005045188000 192040255000
004175000000 185200034000
008034183000 192102064000
004042072115 192152123000
013104096224 192154119000
001237245000 192178104148
001118037000 192234124000
005062134000 186064002016
004001116144 188072006000
004191000000 188241003000
005135051094 192036202000
023130061000 187251002002
002018213188 192160168000
001007168174 192241036000
004008020160 189218098000
004033224000 185209116000
005062058104 192108226000
002022032000 185044163000
027135072000 192230087000
003160146000 192190231000
008040113000 192133126000
017000089072 185241209000
017043064000 192231030000
002255253186 185027060000
008046084000 192034073000
002056159000 190094000000
001225162000 192035118000
014102015000 192096184000
003171176000 192178086104
005254031088 192176067000
005062058076 192052186000
013105178192 192147128000
005196096000 192026200000
004068072131 192140230000
005175174000 192109089000
001009241032 192165088000
002022024000 192231003000
003002093000 192042030128
001208168114 192231077000
008046216064 192240102048
004042035046 192121249000
008044001000 177021096000
014102066000 190000096000
003169120000 192146116000
005104054144 187041170000
001021064000 185162252012
002058048048 192178243022
002017000000 185235187000
005035172065 192178241096
008020056000 186087224000
018245058000 187253253240
017000018128 187095192000
003169012000 192178081000
005180177000 185210060000
005196162000 192190156000
013080000000 190094120038
001065184000 192198174000
024072160000 192178046232
008041100000 192178240020
004068059160 192149066000
002018241000 186237120000
027063128000 192178252252
018064212000 192107111000
004069211066 185037223036
024142120000 188075252000
004068074128 192152001000
005062062220 192178254168
001023184000 192189046000
023012034128 192008250000
001238020000 192035050000
002022030000 192178075096
005135059232 192173092016
001037027044 192154048000
012129130000 192044066000
005039051144 190150032000
015248013016 192046080000
012010220000 187095048000
008042120226 192163018000
005062048127 192073225000
002018212072 192076117000
003000000000 192229087016
013224008000 192150246000
003162214000 178251022000
001178199012 188131128000
017140000000 192178080002
023212248000 190156248000
012006000000 185094016000
001073064000 186015150000
005062060169 192200190048
001176000000 185167177000
008029231183 192233195140
004042035047 192034025000
014192139000 192115168000
023142109000 192036029000
018098160000 191096009000
012053000000 191007064000
001028192000 192190067000
013034143000 190098181000
004038229096 192092100000
020020001000 185045013080
005253174000 192219252000
012035014000 192142020000
019012053000 192149122000
001039192000 185126035000
031210012232 192136110000
031014075028 192109203000
003162232000 192087000000
004069231203 192144034000
008042068000 192228018000
012189148000 192178098014
008038074000 192137057000
005189204000 192210249000
008021080000 192120004000
031222076000 192178104056
018173115000 185163080032
005175060000 191000000000
001022144000 192178241068
013107184172 192187000000
002018212073 190158212000
020095232000 192095087000
001178205064 192175182000
001241240000 192234035000
005001086000 192156072000
002016082000 189195238000
001018128006 192233205032
008008228000 192048028000
002063148000 192154050000
002059117000 191253068000
001118036192 192121058000
012050000000 192124182000
004031208128 192178074024
008003230000 192178097076
005045096000 185247231166
020206000000 190226192000
005180064000 192178106192
005062061237 192207158000
001237176000 192178071042
017000113112 192178085232
001032212226 188121036136
001208145224 192195052000
032114124195 192233195232
001178203128 192238020000
008042127032 185234030000
003168176000 192070132000
008047033000 192244255000
002059065000 192151028000
005039051192 192240096000
001238001000 185102008000
002016077000 192230068000
020153042000 192048112000
001179227000 185096043064
012229148000 190248088068
005003050000 192178072108
001030088000 192178068014
005187116124 185178232000
023019063000 192178028216
003172058000 185084157200
013227032000 192187062000
002023014000 192240106032
002255183106 192236116000
003166028000 192065208000
005178109000 185253061000
001030192000 192178086118
004059214000 192058255000
002021175254 192233197057
002017108092 192178111056
013034014004 192178083024
005022157000 190112040000
020033219000 189201096000
005062085084 192203242000
003175057000 192218016000
002182160000 188212022000
027109112008 185253176000
014102238000 192184114000
023145121000 192233199216
003175106000 184104194104
006067064000 191241096000
012156000000 192178028197
004034120000 185169236216
003165251000 188057000000
005181056000 192207255000
003160098000 192170129000
013249229000 192187132000
002052000000 192209026013
005001054000 192067084000
004069231216 192146153000
003165221000 192154000000
005062061170 192129045000
001082192000 192102085000
017001186064 192076192000
004036040112 192178086128
008043048000 185206192000
013227132000 192189062000
005056021074 190115021000
008005136000 192166251000
008029231027 185192046128
002216000000 192102191000
002018214032 185235184128
002255254108 192161005000
003160084000 192237029000
005011008130 192178096128
002059128000 190006170000
001247193000 192176213000
032112161084 185230012040
006016104000 192178078044
003165139000 190242104000
005003096000 192195098000
002057225000 192178251116
005202188000 185167088000
005249226000 191005072000
005180132128 188137184000
001242064000 192080057000
001011094000 192086119000
001032232000 190152254000
013104234000 190007088112
004068127000 192178245202
002188238000 192234038000
004068106131 192197243000
001007016000 192067159000
002019192000 185092074108
005188152000 192233224000
013244197160 192178039128
004069170129 192178105174
008029109113 192233205096
005183111000 192240138000
001208115192 185043229064
004068063073 192198150000
005227120000 189221032000
005135192016 192165004000
003164189000 192178099114
005011013067 192149145000
023045090000 192178254000
017000015016 192178085054
002021252000 185228076000
012169192000 192178109061
012238056000 192178241206
002255249148 185253159000
001022062000 185114075000
001213115200 192066034000
008020120000 192153178000
005255148042 192036076000
005042211088 188244064000
020150042000 192208001132
004068037226 188121064000
001213156000 187018032000
002059020000 185035254000
005011010200 192108121000
001178017000 192218008000
005255148136 192178255110
002020116000 192071088000
004068068058 192178087236
005008189128 192126000000
005022155000 192178072240
004068127232 192055200000
005039019237 192152148000
023218238000 192135183000
003164140000 192048034000
005181087000 192178097019
005135237225 192043185000
017081248000 192219104000
013034218192 192223010052
005180134041 192178097046
005062058248 192149099000
002018213048 192012188000
013107185180 190242089000
005183155000 192160109000
004069171064 192178240216
002017252000 192055016000
005104104000 192135178000
002179168000 192175151000
001214072000 192134148000
008029228098 192195160000
018245248000 185251044192
008038023032 192148204000
004069217088 192236176128
013105103064 192229087001
023255011144 192193190000
003166206000 192118008000
016140000000 191156024000
004068072202 192231194000
004068063152 192232032000
005101046000 192178105018
005175141000 190098170056
003172064064 192160236000
005001053000 191101089000
001018131000 192178249240
005183211194 192159096000
023054206000 192068064000
001076228000 192237098192
005196044024 192065161000
002017176000 192082136000
002255252025 192006224000
008052233192 192068042000
005062059018 188125016032
013034174000 190111132000
002058210000 192136144000
012151224000 192232062000
005056019052 192150203000
003165236000 192066160000
005135021128 192231135000
004068038079 192147064000
008011201000 192195068170
023134090000 192178242152
023135161000 190131208000
008052199108 192178099024
031040250192 192166136000
004068070192 192236144000
001178192128 192093221000
005180179064 192218130000
001237246000 192102001000
002255249047 192156058000
005062047236 192035221000
001194032000 192067173000
023027179128 192225064000
001248128000 192159169000
002255254110 185156184000
005003047000 192070219000
002017109208 192197160053
002058198000 192184076000
002056188000 192229111131
001023088000 187109192000
016229252000 192146119000
005056018200 187251000000
032112132228 192046112000
005062020025 192196223000
002255248141 192085120000
023135233000 185232192000
008014084000 192208152000
002018215050 192190220000
008015246000 192228016000
008015203000 192075012000
002188008000 192178250232
002152064000 190092136000
003166056000 185068164000
018065212000 186121131000
008003231000 188165134176
018245246000 192094109000
001240004000 189001165000
004068062071 185227060000
001237192000 192129084000
023168104011 192093215000
001031192000 185117000000
003172128000 185178128000
004042033112 192173030000
002022116000 192223138000
012036224000 192214116000
005144034000 192178248022
005135024168 192178251193
018245184000 192178083106
005135042160 188144002066
004068062056 191101188000
003160136000 192178111106
017001164012 192197197000
001208104000 185217064000
017079035128 185200125052
001022128000 188253112000
023166044000 190123070000
015230246000 192236147004
014002192000 190214255000
001084160000 188215108000
005159237128 192206092000
005083223000 192178246242
012035112000 192102158000
003161208000 192196152000
013105221060 190121223000
018068137000 192134138000
017000169000 192160067000
023152237000 192141024000
023135144000 192230102000
005062023019 192207182000
012045160000 192189183000
008014000000 185195036000
014102114000 192005008000
003172063020 192178072148
002255253200 188214106020
005104057128 192088091000
008044233000 192189194000
004068070196 192064246000
005053003059 192178071244
002016116000 185153192000
004019008000 192178093000
004068037166 192070175000
004042032064 191218160000
017000001126 190084184000
002059218000 192189204000
004016049096 192229001000
008042126246 192043189000
004068072044 188117000000
001044064000 192034248000
004068071049 192178075204
005053001228 192235224000
024051124154 189149192000
017235224000 192234093000
014032022000 190084004000
005196251128 192178075058
002059151000 187126152000
001209028000 192137042000
002019213000 192153047000
002063156196 192057132000
008227052050 192133070000
002018189000 192086002000
013106163160 185158149160
002017101000 192126080000
004068110053 187061026000
024224044000 187214000082
002059160000 192016145000
008021084000 192198149000
023188184000 192178108213
004068062189 192189250000
002018215132 192178249072
001208112021 192178240088
023190202000 185129024192
005040160000 192173112000
004016055064 192178246028
006001032000 190114160000
017043048000 192206066000
001071119000 192100048000
023019196054 192178029064
004028142236 192178099162
005053007000 192178253028
008041134000 192178252160
004068037034 192225032000
004068062078 192178081047
005062160000 192208001009
001025192000 192178106162
008035018000 192206043000
005187116144 190086043128
002021024000 192112036000
005159217068 185229058000
001231193000 192234106000
005187128000 192206122000
012202202000 192178098172
005135059119 190187039000
001071102000 192159106000
023235045000 192188151000
005135047000 185185236000
023145252000 191234080014
005157139000 192146101000
008029231250 188074162000
023255064192 192243075000
005132000000 192188174040
023173160000 192132014000
002188224000 192209062232
002016119000 192055129000
002058048254 192178246152
017083024000 192178158028
005062042029 190111192000
005187116176 192108019000
008227088000 192109140000
004068073240 185236242000
015221040000 192233195102
003165096000 192178243148
018068136000 192186141129
005140164000 192149055000
012021155000 185254065008
005062061098 192184236000
001178144000 192233199011
001032251000 192234064000
020020053128 192238209064
023038118120 192178081078
005034248064 192070152000
003175104000 192233192192
008244138000 192055208000
014001100113 185176024000
008018248000 192178071068
035246000000 192083201000
005159218118 192230121000
008033139000 192162060000
002017108244 192152119000
004224000000 181118043160
020138226000 192178070008
002018022000 192178243032
003172069000 190141168000
002021248000 192188248000
003174000000 192069080000
004068063084 192132044000
002255253192 192178244221
004002133226 178176120000
001208148222 192173160000
004037154224 192178106032
023128090000 192188116000
004014157073 192197189000
023181074000 192178247057
001179113128 192197069000
017066136000 192178029164
017085039000 192197160072
004059213140 192178029177
005083047000 192082224000
004069208224 192133121000
008045176000 192178072222
005255148061 185179089000
001028156000 185217228000
005144177000 192178243146
001018128248 187253168000
005053003128 192236236000
004002132048 192056248000
005010139000 192121181000
003172087000 192178099212
001208178192 192177100000
012199216000 192152043000
002023106000 192175192000
002059078128 192166036000
013226215000 192178111184
005062042039 192058142000
001193152000 185244034000
014128016000 185107068000
005188132000 192111117000
002017196000 192178240008
013224089000 191096235000
005059168000 192178086018
009195176000 192208001192
005144112000 185173116000
005042202000 192186029000
005039028192 192178081036
005255152128 192232118000
008028232000 192233197112
017252064000 192152125000
008227096000 192178120084
004068062070 192178071153
020202226000 185194187080
001006240000 192207184000
023145232160 192206012000
004059058162 192177018000
005202186000 190215068000
001011080000 189084224000
002022152000 192162144000
023056104000 192110018000
005231250000 192203201000
008024200000 192232081000
006016056000 192082044000
004004192000 192156169000
005188110000 188072104000
004016048012 192189158000
005183211064 188241146000
004068075136 192211039000
003171250000 192229186000
004015156047 192070145000
001213104000 192241034000
002022116144 192237224000
013034163128 192009194000
002020015000 187061035000
005133056000 192084008000
008038048000 192178240106
004068030080 185187132000
004002133104 192088056000
002058048020 192071140000
023255043016 192033048000
004016054116 192178107204
005144081000 185112084000
008049080000 192178246112
017156120000 192068018000
002056136000 192178251160
005011013110 192165095000
004042033035 192178249248
002255252039 192240125176
005231045000 192190055000
002017042000 192118036000
002019007073 192189200000
005160016000 192184096000
013224237000 189032096000
005255150080 192178029104
005135068128 192199063000
004015020064 192178028190
005154083000 188066032000
002023210000 187176028000
023091010000 192178110240
008029231226 188121059136
002021175062 192178087152
023033100088 192126112000
003172084000 185182152000
014143248000 192178081068
001208178128 192234214000
004036040064 185157114000
008244133237 192178244168
001011020000 192119164000
020148000000 192102000000
005035160176 190147009000
023057111003 192190244000
001208168000 192075112000
013034009200 192185085000
012196064000 192163005248
001001004000 192139001000
002058048033 192209026010
001228224000 192175247000
002016121000 192193195000
006075000000 192070250000
008038093000 190052120000
005062059052 192178098032
020157174000 192197201000
001022064000 192111141000
005159120000 192175244000
001004001000 192234155000
001000064000 192235096000
002255249135 192149209000
002019007006 192152205000
015197039232 191096183000
002019044000 192228028000
003005252000 190001000000
004068036196 189012208000
004020096000 192245026000
038126228000 190242168032
008021100000 192131150000
008042096000 192171080000
003143064000 189216114000
001037035076 192233192252
017008152000 187190089000
023045170000 192178240124
002188007000 192193201000
004068072216 192178010000
004001114169 192178110034
001032237000 192189230000
004042033157 192178084234
014192138000 192238209136
004030176096 192189022000
002255249130 192233201138
005077032000 192120244000
005062061025 192233199008
017118007008 192073035000
001028180000 192068193000
012047128000 185220082000
003005000000 192189223000
017000001178 192138166000
017000019028 190227192000
002056185000 192191000000
018161026000 192145125000
008029231245 192146217000
001022060000 185218200000
005053000140 192173076016
001001010000 192041174000
002027120000 192023146000
002017109110 192178254072
005253001000 192178078096
005255148246 188253002000
001078126000 190118128000
023033096051 176121208000
002110016000 192109058000
004069215211 192178085254
002017096000 192157072000
004068111118 185208248000
005180100000 192091128000
031057041000 192178254220
001007168172 192170026000
013105096064 192178086148
002019006111 192178241176
004069231207 192227192000
001023122000 192186030000
005056019036 192115160000
006096000000 192237094064
003005184000 192178097032
002019005146 186144140000
005135071124 192112248000
005059234000 185012110000
005059192000 192056230000
005196041210 192221154000
005154158000 190242166034
003160034000 185237112000
005183254002 192147014000
001208168096 192094204000
003166064000 192101185000
020029000000 192101042000
020060148000 192148240000
004014152000 192178106086
002192000000 192169126000
002059044000 192108105003
005062060237 192233193250
002023232000 185200013000
008042126156 192050068000
023091111096 187189084000
001032212192 192123000000
015230129000 192238018000
005053000112 192150001005
008043020000 192068139000
005042158000 192133059000
001073250000 186209121000
008042126225 192178070074
005181112000 185025028116
008015064000 164163066000
002018213208 192232065000
005003034000 192077077000
023019199000 192178046216
006014164000 192178111190
013105080192 192060128000
008255252000 192244160000
005135032000 192178158193
004001117124 188093106000
023103131128 192166008000
002017109016 192178243150
002027126000 192206125000
008029231176 185085001188
004059176000 192178028074
008227088249 189202232000
005175159000 189197128000
002063226000 190115020102
008010202000 190217127000
001179112170 192178098132
023237122096 192152143000
005053001208 188068190000
002021176000 191096053000
023255050152 192178243182
001232004000 192052162000
013034163000 188165016190
005063128000 192084169000
012010040000 186065034000
017001072016 192178107194
005181021080 192084011000
005183140000 192102040000
013104183056 192198152000
001237132000 192148048000
004020073032 190093095000
015248015000 187214005128
002018214092 192178109080
004069240020 192149228000
017248155000 189202241233
005056042000 192203172000
008030085000 192108020000
002255249020 192084069000
006077012000 192193089000
004069215092 192178087172
013107192000 192055044000
005062061128 192207103000
003143032000 185241245000
023032236032 192178109244
023215054183 192216136000
004068063026 192178241040
003164045000 192112063000
013034024016 192145028000
005183211184 192176175000
004030176000 189011192000
004069245218 185183070000
005042127000 192008114000
008026094000 188075106000
018065211000 185217180000
005039053114 192189028000
004015192000 185253053000
020152076000 192225016000
005102000000 190060008000
003160216000 192178070171
002255249182 192197158028
004016049200 185224092000
020156187000 185221185128
002056174000 192196246000
005101045000 192019213000
013134000000 192178068154
004125000000 192178028048
004016054128 192100094000
031095160000 192178085208
001018128096 192208001080
002057152004 192233201144
035230197016 192178105186
002255254041 189203164000
023057098194 192169018000
004001117096 191239224000
004042074172 192178081074
005056017216 185075028056
004001181000 192126128000
005135071224 192136111000
003005176000 192222010000
003165136000 192193075000
002058048124 192178241100
002021242000 185239123000
005135168176 192178045065
001237016000 192178246070
023159200016 192080062000
004069231172 192109042000
013104183048 192216208000
008026112000 192147080000
012018014000 192148036000
008242050000 192211012000
005159218146 192178104078
002021175054 185199168000
005253114000 192156188000
020157149000 192150129000
005045182000 187013192000
004069231128 191096095000
002018212064 192178099054
002255183078 185137098000
002255183076 192178108148
001007168192 192175125064
005153160000 192178086232
005202022000 192047064000
013107184228 192145068000
008037188000 192102192000
005062060045 192178075206
005180076000 185206226204
004068110060 192178028049
023143226000 192178120027
001238000000 186033038000
005062047136 190184000000
001208148032 192154012000
005101086000 192190010000
012153226000 192109041056
002185248000 192134208000
005226156000 185212084000
012178050000 192178099080
002016153000 185244160000
013108000054 192088109000
003174208000 192208023000
012070176000 192229110000
008037200000 192203134000
004059177128 192175169000
008049136000 185205048000
002255254070 185037064000
005145178000 192122251000
006001002000 192195068128
006141224000 192225024000
017000001123 192178120016
004028234224 185244168000
002016001000 192178087160
023010244000 192178087048
001208148120 192178099018
001037028000 187245208000
005044056000 192245019000
005196104064 192157025128
004068073012 190241200000
012155000000 192112096000
003169124000 188255174000
004068063024 192178110060
005196253144 192041064000
005030000000 192178070014
002058048079 192178245154
005062061158 192102086000
005255148204 192175172000
012034130000 192238208144
002017109216 192197160046
001208170120 192068051000
001227200000 192121004000
004059058164 192178097146
002056112008 192178029252
001023064000 192047184000
005199025000 192135138000
005252118000 192033224000
002255254028 192178029246
004069171040 192162204000
001075016000 192036242000
005150008000 192157064000
008014166000 187253216000
001241008000 192206200000
002182175000 192177081000
016010033000 192178200000
004068063200 192146005000
004068106126 192160065000
001208168080 192124101000
002017109036 192076150000
003174122000 192178241086
001208152000 188170164064
005053004192 192189236000
004016052000 192178250090
005150128000 185125188000
002019007074 192178092000
013034087000 192238208130
008018012000 192178087020
001074208000 192216084000
005062044228 191101205042
002022020000 192099144000
005008078000 192233205128
008006144000 188231170000
004069215030 192160147000
005255151096 185235100000
005135251104 192178240072
002021175000 185255125000
003174233000 192221153000
020143034000 192035199000
002021175220 192193181000
004068071008 186225176000
001186093016 192240125064
003004012001 192178245138
005062061210 192233206236
003163237000 187236160000
001024048000 192178073032
005182120000 192077173000
004068068120 185239118018
005196103096 192178081045
001255192000 192165016000
016106000000 192206171000
005040042000 192237073000
004069223195 185153151007
018244056000 192178241152
023137004000 190217118000
004026189000 192233200224
016012002000 192178098164
002018052000 192233193087
006130014000 192231171000
005042211168 192178069217
004068038087 192234059000
004068062040 192178241124
008027000000 192178240168
002022254000 192207038000
003143016000 192193088000
013105181064 192112212000
002017064000 192178069103
014143252245 190109088000
003172005000 192146028000
005045062192 192233203177
002021175128 192178082038
008020008000 192121134000
034096060000 187121144000
001208112023 192043154000
002017108040 192194144000
001081096000 192171082000
005180027000 192197160016
002022016075 192178044240
003164124000 192088129000
012182172000 189202160000
004042073084 192178044099
006141252000 192178068210
005053006000 185146249024
023227062018 192178072104
005062047196 186145158000
003165144000 192188048000
001007162000 185114158000
014018092000 192178045032
012231166000 192103122064
008164000000 192161148000
005231239064 192178121092
002016009000 192211043000
002017108236 192152182000
002017109224 192203037000
002019040000 192233195234
002255255000 185140149206
005062059037 192175142000
013034062064 192068225000
023230184000 192171084000
002255249117 192178074202
001230064000 192178250170
002255248149 192195114000
005255200000 192026028000
012189200000 192178068080
008024087172 192154058000
004016050122 188074243136
002255254121 192178253120
005135049182 192132026000
001179216000 192223159000
001076224000 192198188000
005061117000 192093150000
005135067008 189247045128
008029231059 185245029032
002189069000 192171112000
013034182000 192135054000
003162011000 192206094000
002060000000 192243086000
001037029096 185018174055
006044192000 192142226000
013106238148 185207028000
005039041024 192178248100
002018214236 192159130000
003163234000 192024089000
013105015040 192233207040
016002140192 192178072095
002019005147 192169160000
034143109080 185066176000
013034009236 190001102000
001238027000 192103047000
004068110144 192225153000
031015255160 192206096000
001178192160 192203198000
001179113017 186004054000
002019196000 192218001000
023103157096 192178096144
001179112144 185168004000
005159238228 190086022000
002016066000 192107238000
001208172192 185253194000
008048245142 192028017000
008047145080 192178106213
004068038231 192233203180
004069203109 190242133052
002063151048 192012067000
002022016128 192178110220
001208147000 192159124000
002189046000 185182021126
005196112000 192088007000
004020073016 189001044000
002021224000 192178241132
002021175120 192238216000
013104255016 192193015000
023171092000 192178248044
001209090000 190103103096
002018065000 186233120000
004069231233 186064033000
023255075216 192178099172
003175124000 190103243000
002058175000 192072016000
005182185000 192005004000
002255249001 192171100000
023045021190 192232128000
002058048174 192132052000
004033160000 189222248000
014129110000 188075113000
005062043127 192178254188
005105228000 192178085206
005062019000 192184116000
005254136000 192203001000
004016049000 188130182000
002023130000 192131192000
005003041000 192073046000
013226040000 188170246000
002018214128 192237016000
017000113074 192073028000
005053005098 192233196090
001023180000 192152113000
002017102000 192108102000
002058165000 192054139000
008023132000 191096255000
005059100000 192004064000
004002133120 189089239000
013034009112 192133088000
016128128000 192033167000
002255251187 190150085000
017033131072 192101115000
003174112000 192108230000
001023008000 192178245072
017066104000 192173086064
003163096000 192231255000
023106176000 189203236000
001022011000 192227204000
004016052206 192156114000
004069202144 187251002222
008227161192 192189149000
005182193000 192178084068
002063170000 192043156000
001213115207 192195183000
002018215137 190098133176
008227073090 192131109000
023045016208 192236240000
001079128000 192119111184
003002087000 192234164000
003003016000 186232062000
020157210000 192178254017
008025032000 192197155000
002057180000 192162192000
023230052000 189035208000
013226128000 185225226000
005230005000 192209056000
001239064000 188164030128
023255004072 187188048000
008024176000 192176042000
008227139112 185044067000
001179160000 191223128000
004016051024 188114214192
004068071181 192234140000
001004016000 192030053000
004068038009 192178189000
002021175090 192195240000
015040076000 192178104128
005144091000 192219244000
002016010000 192141164000
005159218106 192068221000
008048243011 192112164000
008045125000 192238027000
013106164096 192075015000
004068073138 192234255000
013034219128 192042206000
004069215207 192178096200
002017203248 192184112000
001237005000 192121183000
012155228000 192178253016
004068070015 190211172000
002255254080 186066000000
004069208209 192178247042
005188120000 187252011008
002255248142 192135098000
001248192000 190094189000
014139000000 192076224000
005252071168 192237074000
005059112000 192154196254
008031066000 192206009000
005199037000 187254254000
023215054010 192188241000
005135122192 190066004000
004068111224 192233203128
008018040000 192233196128
018165194000 192178252180
004069206229 192033012000
004001114171 187124112000
002017111206 188121036086
023019062144 192178046248
005062085063 191101167000
004068127017 185034138000
004028138084 192223150000
012167025000 192136015000
014052048000 192237104000
005039011160 192178121044
001039096000 190212089096
005153188000 192092234000
004068127031 192083118000
008026127000 192178254104
004042074096 192208001136
005154144000 192153040000
002020156000 192229129000
008039211000 192092172000
001242016000 185153149030
002022225000 185001254042
001119205000 190217026000
005062060106 188164046000
014102098072 192178252196
002255250012 192100164000
005028000000 180240192054
005062058060 192178028098
012164066000 192162212000
001245032000 190212108000
005196097224 192082112000
008047051000 192178248218
023255025000 192234078000
002255248032 192077182000
023027110000 185113010136
004068068048 192233197152
001009241240 192153212000
013225221000 185134066074
005027096000 187001108000
023131038000 192050232000
023137230000 192149067000
008026096000 192203229000
001023092000 192233196000
023134220000 192193128000
002017013000 192103123068
001009244052 192016108000
012108080000 190196025000
004068070074 190159000000
002056036000 188065200000
005053001010 192174112000
002063151224 192178249210
004069215042 190187117000
023045089110 192119096000
020139032000 188246210000
002021175170 192041164000
013105098048 192031214000
012219040000 192012166000
015000080000 190214134000
013105010000 192065185140
001084192000 190217096000
004059176197 192207078000
005187122000 192193160000
003005216000 192112088000
001187184000 190147010000
013226086000 192189128000
002017108078 185001252000
002255254084 192195064000
002094207000 192178028058
001208147170 192178247046
012003064000 192230106000
001037069128 192222002000
031097224000 192178080014
013249116000 192207173000
004016054181 185249217084
001037080000 192122150000
012028124000 192056024000
017052000000 192175124000
003165142000 192075207048
005011012211 192099146071
005053003072 192178108152
003171179000 192178084128
031006045000 192085088000
005011013192 192194160000
004068074195 192195068168
005159238012 192141120000
001020067000 192175166144
001000197000 187179192000
008064000000 192178240104
006016000000 190216048000
006070016000 192085231000
017044212000 192198148064
013034003046 190158224000
001193219000 192178086204
002056102000 192178254152
004036040160 185128072000
001023004000 185122001000
005154046000 188208160000
012161140000 192040239139
003172070000 192178249020
002018212071 192170053000
004002016064 181215090000
003163033000 192177156000
002016035248 192178071113
017094000052 192036133000
008225234000 192238210000
005045201000 189247174000
002019004092 192197225000
023236251000 192149136000
002255249192 192056196000
003172076000 192019127000
001000018000 192210208000
004068127177 190098170000
008052206010 192206182000
005175223032 192188044000
005062061188 192178072136
004015018064 192235112000
008005004000 192065251000
004042033188 192034048000
023198005000 192147242000
001023114000 192150085000
001038209000 192178045184
012180056000 192040069000
004068075000 192210172000
004068074102 192203228000
004002016068 192178029024
001237181000 184028084000
001004032000 192178075008
005254056000 192105076000
031223039000 192214128000
006015102000 192178107122
008227066128 190110124000
004069180064 192178106246
023194222000 192159139000
005059004000 192166104000
002255251220 192147112000
002057252224 192146134000
008005005000 192137099000
008011176000 192100169000
002056112000 192206218000
003166207000 192141228000
002027208000 192189155000
001249110000 192178097184
005062042096 185226076000
023184188000 192236065000
005159218214 192166242000
002027104000 192133125000
018155178000 192178068048
002255249083 192178241098
005159218109 192178072140
004068063087 192075236000
001074076000 192230107000
002019007236 192178098106
004031215201 192187139000
001214093000 191235012000
004069223244 192189004000
005187072000 192178243109
023133070000 189195064000
008029230096 192178078034
005083213000 190182204000
001118003000 192178244096
002017109146 188003085000
003172025000 192104250000
001208112082 192234116000
003165108000 192236147008
012200060000 192109123000
002019214032 192044007000
013227136000 192212012000
002020056000 192016094000
002255254040 192069118000
005062042130 185117076000
008007096000 192115180000
002059104000 185113096000
005255148213 192234006000
013105029000 192229156000
002112000000 192101043000
023059244000 192081249000
005053003192 187229024000
005104074000 192207054000
003164052000 190159116000
002255250032 190111144000
023008224000 192231175000
004036040019 190212067000
002017110176 192064205000
005159088000 191096176128
008029231241 192068253000
008029230152 192195144000
002023097000 192094219000
017118076000 192178081108
002018214144 192178083080
013034018018 192178120104
027130240000 192173073000
005183144000 188212124000
013248074000 192178148000
023142016000 192145080000
004068073039 192064197000
001231200000 185144161230
004069208216 192207228000
002255251190 188114217244
008042098000 192178247124
006052000000 192156126000
002059248000 192178099144
002078046000 192188170000
002021175135 192231124000
003005214000 192229064000
003004012032 185206226158
008049087064 185108212158
005172178000 192186190096
013104253192 187041246000
012038069000 192219248000
006064096000 190242166040
004015018000 192195236000
005188092000 192071086000
014137035000 192178254069
002058249000 192156106000
002022076000 187052096000
038084132128 192178243114
004001114192 192178243110
002255251212 192146208000
002255255192 190061064000
005105056000 188214036000
004034000000 189194056000
005165144000 192124015000
001078104000 192178076021
008034046000 192178248250
004042075219 189090112000
001244196000 192153008000
008029109144 192096103000
002185192000 186146128000
001009096000 192189161000
002027056000 189203083248
004001116060 192001203000
005180020026 190216036000
002021175005 185196221176
002019007160 185252012000
008048246136 192233197032
005010138216 192184080000
005043128000 192158052000
001237136000 192178107126
004036040032 192178106068
023033101000 192187029000
002255248150 192153026000
004069206236 192195243000
002056056000 192243064000
038100120000 192178068200
005062043220 192178099038
023156208032 192195072000
008045120000 192001101000
004068063057 192218015000
004031215233 192178107096
001208179176 185052137000
008030234000 192233193088
005056017016 185173146128
005053007238 192129009000
015248003120 192178108187
005012000000 192005072000
003164123000 192233200152
005255148029 192178255216
004025024248 192241092004
005062061016 192034019000
003175058000 192165094000
015190160000 192193202000
003172046000 192188204000
005206228000 192148103000
004069137027 192178255204
008021028000 192047038000
003174121000 188210090000
008015072000 186145172000
004069223222 192190204000
005226015000 185229065000
017000001036 189051156000
002022054000 188165131032
002059252000 192178255200
008014048000 189076070000
002019250000 190225176000
008000044000 185243005064
003002044064 192188034236
004033130064 190127249000
012069186000 190112214000
002255249106 192134240000
012156144000 192156228000
023103142000 192160003000
005135038191 190098141076
003175059096 192233207048
005196253004 192178253024
006073223000 188095224000
023045179136 192093248000
002020249000 192147210000
005104080000 192133076012
012033064000 185190106000
002021074000 192178247158
004068070038 192112033000
004042075168 192178097044
004068074006 192135146000
008029230228 189247253121
002017111064 192035224000
005200032000 192109041200
018244080000 192069032000
002018213186 192208024000
023089192132 188132166000
005187116160 191097068000
008002072000 185239117000
023027007000 192071026000
012015056000 185190124002
014137000000 192126062000
003169130000 192188187000
004068037174 190103121232
003004012000 192178158120
008002197000 192147149000
005231028000 192006142000
004035096000 188043012000
008047149000 185210080000
018068136002 192024106000
005180224171 192236216000
012208150000 192071022000
002057208000 192137062000
023174113000 192071160000
023247125000 192178110236
005104042004 192155160000
032112138199 192177004000
013106239176 185200038232
008033232000 192178245198
002255251254 185075016000
004002064000 192049144000
003164169000 192189192000
002057149000 192133250000
007196000000 192075048000
023036176000 188215031000
013107185184 190014116000
005062085207 192187152000
001018160000 192203033000
004068039200 190150086000
002017168000 192100016000
005062048000 192178099146
002017108085 192178028000
014192144000 192233195134
004068075071 190241096000
002022061000 192235084000
001022032000 192178075006
004015018113 185003232000
008014165000 185221069000
020153091000 192195196000
002015193224 192178084162
016012080000 185239119040
005062060144 192178070094
002021175161 190014035000
004068036160 192189120000
002189075000 186046148000
005011009004 192035051000
020095110000 190052062000
018245245000 192208000000
002020109000 192040201000
005101038000 188165002172
017078050000 192165012000
001255031000 192162232000
023131220000 192054196000
013106210120 190185116000
017044192000 192206235000
002017109056 192178071224
002018082128 192133016000
005062060009 190008068000
004068037216 192178067128
002017109029 192178072066
008043010000 192153117000
003002042128 192070213000
023150013000 192205030000
005154186000 192233196176
002017109034 188213004000
002094001000 186033039000
001178205128 192071208000
005144093000 192071229000
012176246000 192178246030
004031215000 192146138000
005040254000 192077252000
013105204048 192193112000
004015020068 192001208000
005062060036 192157078000
001023014000 192178252144
005062058036 192069016000
002255249016 192112224000
005196109047 192178242177
002255254128 185245244000
008019203000 192178240083
005253240000 188231246000
004015021124 185199068000
001208174000 192026140000
005062085144 192188070000
013108008000 192178071236
005183211028 188095146000
002018214216 192145251064
004068039212 190090200000
002058020000 184086249000
005187111192 192057119000
003002067000 192229224000
005045181217 192178250060
002136000000 192068068000
005254031084 190123208000
002020040000 185018172034
014035184000 192028136000
004069218179 192094074000
004068072203 192178098134
023137050000 192178068237
004069230016 192178243122
001030048000 192178099188
008044237000 192148194000
008007223000 185010007064
017000093000 192178096184
013034077192 192178065000
004016053032 187176044000
023045021174 192178250212
004031208049 192149117000
001178112000 192178046048
023061118000 184105066000
004068075172 190242166032
004068038073 192055092000
005231255000 190105160000
015221156080 192152248140
002023088000 190007074132
004069200064 190143192000
004068073224 191242192000
001007028000 192082141000
004059214188 192016100000
008052233194 192240200000
014056152000 192100157000
023019224000 192207104000
008029230221 185230012230
004069231197 185234215000
005053004048 192178111192
023246056000 192178071102
005188227000 192092017000
005062061125 192096160000
002255249017 185232144000
008023138000 192177121000
005159056000 190168000000
023066152000 192065213000
017079250008 190034192000
023152034000 192016167000
004042075028 188172199000
005160047000 192022096000
005062059013 192099146006
002189044000 192178080042
004001115240 192153174000
001244000000 192197209000
008038072000 192124217000
023059213000 192203247000
002255249151 192178107144
008048140000 190098141164
005196162176 192178107140
002019006108 192178045048
004004193216 192189052000
004069208064 192025026000
005199010000 184075184000
045196112000 185207116000
023009000000 192178108154
005227064000 192080016048
023033103080 192236198000
002016015000 192166111000
005255148088 192233205072
005181021128 192101071128
005027064000 192203146000
008021030000 192016078000
002016034000 192076252000
008031003000 192227144000
003166027000 192189008000
005149248000 192240144000
002016244000 192178073120
005180054022 192148202000
001075196000 192040164000
002059012000 192236068000
005062059068 192178068218
013034011098 192178073250
005035160092 192193187000
001176128000 192178112000
005011028048 192233207128
002015200000 192178071018
002016180000 192148193000
003167016000 192005086000
004069171047 188165002104
008028021000 192049068000
020143092000 192173103000
015089171048 192178120100
008009003000 192206113000
005196053128 192235108000
002057237000 192188148000
001011008000 187251000068
012190098000 192178098052
005231058136 192131208000
003164008000 192219242000
001007000000 192107182000
004069248160 190004160000
004162000000 190141173000
002059077048 192104237000
005063012000 192178107152
004069215036 192109253000
005053006057 192178242184
005132156000 192137129000
008244001128 192158046000
008028225000 185135047000
004036040128 187041235000
012152192000 188234140032
002057244000 192178248082
002027100000 192142229000
014141167104 192178111024
005105211000 192178248106
001032218000 192102089000
002094016000 192203082000
004069222192 192178110064
005180092055 188119176000
004015000000 192066004000
004068070116 190098216000
019012032000 192243091000
005053007022 190221040000
003165028000 190015000000
013226056000 192186160000
004231128000 190121224000
002017110128 190157000000
036113216000 192207246000
013034189000 192227107000
013034099064 188125024096
002018214232 190098148026
003162216000 192206051000
002018212212 187085157000
001065176000 192036027000
008029231229 188095065000
002255254030 192177143000
003161070000 192161063000
005175220000 192093166000
008010121000 192240156064
005053003104 192147076000
003033057116 192237112000
001023026000 185244082000
005200030028 192240105000
018065254000 185221240000
004069235070 192189116000
001208112016 192235068000
008017200000 192225112000
005179016000 189248000000
004068038033 192218088000
002056027000 192178068180
004069239080 192193042000
002057225028 192177093000
004069215200 192051042000
005135015210 192178252000
001022216000 192178243076
005154230000 192178241188
004068073184 192096016000
008029228140 192178244116
005175040000 192084104000
005062063200 188112254000
005011058211 187189012160
002019010000 191096076000
012206180032 191096207000
005231248000 192130152000
004069208056 192193161000
005056016032 192178099194
012046176000 192172242000
023141184000 192178105052
015129029000 192228004040
002057100000 188227232000
005062086040 192178246016
023103140128 189199143000
003033056000 186147064000
008029231069 192206134000
002255176000 185230104000
001208112024 192154010000
001213153000 185240252060
005200128000 189243064000
004069226000 192178024000
001076240000 192211054000
001038208000 192178106048
005196248064 192178120020
002019006192 192147171000
002018024000 188113192000
005053003143 192178074156
008029106000 192177041000
004068039219 192178087222
017000001249 190242016128
023152152000 192233199017
004068075199 192178087162
023160226000 186193000000
001037029000 187248071000
013107141000 192203209000
001239008000 192122001000
005135067006 192219228000
001018119000 192035214000
005226188000 192178097166
001208148208 192178074158
002255253220 187041166000
005154036000 192178074172
004001082034 189201084000
008036042000 189247037000
008031126000 192178045064
003161103000 192178248074
005135059064 190110032000
003174092000 192240040000
005010224000 185200049018
003168204000 192178097034
001021160000 192208001160
002027040000 192206212000
013249248000 192178254126
005044058000 185158106000
013104123192 192195068172
004068036195 192178158206
018244186000 192174008000
017077132000 192084152000
023186024000 192228122000
002058254000 192178253114
003171192000 192203192000
001022036000 192233193224
008227074072 192092008000
002021175240 190153168000
023134076000 192118048000
004068074008 192091170000
004068063028 185242248000
003165088000 185176120255
004015017208 192178082067
018154012000 192012185000
001006226000 192195086000
002059030000 188119076000
004042072160 192030115000
002255252128 192091174000
001208148224 192067059000
003170243000 186122052000
005057048000 192147250000
008245017160 192101116000
003002128000 188114218128
001208168228 192124047000
023246060022 185038136000
002017162000 192178108020
003172094000 185151180112
001244208000 192115128000
005011058216 192229021000
002017200000 192019144000
004001083000 192121072000
004059234016 192109041096
001236056000 192056114000
001213112232 192225063000
005035160066 191101162000
005187127184 192033238000
005062045000 192052171000
001023176000 192026104000
023150213000 192188228000
013104096204 190084188000
005010218208 188231240000
001032226000 192160070000
004068062091 190242166033
004068033128 192190098000
002057154004 192178247248
004059058161 192173084000
003165154000 192161160000
023015178000 192236012000
013226146000 192178099004
005062058130 192016130000
005083046000 192178095000
023052070000 192237090000
002056167000 191239192000
003174137000 192056206000
014224000000 189203232000
005249232000 192195186000
008042028000 192178072087
015158137032 192151136000
004016053168 192092142000
023146040000 190099027000
001228240000 192058160000
004125074056 192178255196
005253231000 192102146000
005149240000 192137144000
008052197000 192005009000
002018124000 192187160000
001038248000 191101152000
023133077000 192091142000
005231128000 191096156000
002019004078 192031098000
001016064000 192197160057
005175206000 192233199218
012193000000 192233195104
008039214000 192178073036
005196253136 192178045240
005039038000 189254065000
013110049000 192107145000
001023028000 188136212000
013105223008 189221216000
001214094000 192175166136
001007108000 192233194096
001179113080 192082133000
008048192000 192154017000
005056019192 189219236000
012045032000 192178244104
001009241227 192061236000
002017110032 192076232000
008017249000 192035168000
023131204000 192170027000
006048040000 192145251036
002058171000 188231157000
005011024000 192055232000
013248103000 192178074151
002021175168 188231192000
004069180000 192200148000
001009244056 192138112000
005062060026 192225106000
003162076000 187000208000
005062057098 188121036204
005180134072 192160234000
002056010000 191218128000
012160065000 192178108180
004002144000 192165224000
004068039154 191234081064
001193160000 192238056000
005175223064 192135234000
015149000000 192178071150
004068074168 192178097156
023160123000 192238209002
023172192000 192208011000
003004013000 192124024000
002255249152 192083000000
008039056000 188214106060
001079208000 192178086200
003004015168 190212067128
004068075121 192207047000
002179192000 192151176012
032042098224 188116028000
004053211128 188132163000
001023087000 189125243000
008030120000 192129004000
023147024000 192170022000
001193208000 192234135000
013076000000 190122105097
020201180000 190187041000
002020180000 185190019000
017001136048 192178243196
023255002032 192193160032
008243202000 192186040000
006065160000 192227190000
002020008000 192233207036
008244004008 192208014128
005151192000 192031049000
013106040000 192109041080
014001051064 192187028000
008244128196 192178252158
005135122000 185224008000
005044096000 192161191000
002058172000 192076176000
005196061000 192093122000
005253077000 192178080000
012174128000 192135040000
023207163000 192188224000
002063156212 192208001014
003002098000 185161064000
005135170108 178033162240
003175065000 192195226000
005044239000 185244250000
001186093128 186211121000
001044032000 185150138000
002255249026 189247168000
016012078000 190015068000
008029109065 192124246000
012198130000 192121245000
005102046000 192198147176
004019032000 192003078000
003169072000 192016087096
004068038012 192036069000
001030040000 191101129000
008044080000 192178121132
002187224000 192049064000
002063156192 192178111002
002255128000 185103189000
002016228128 192188114000
023089106000 192236232000
002255254097 190242010000
005056019004 190004184000
004069215053 189192224000
008045151028 192109046000
008017061000 192178086042
004001082035 189203167240
020240000000 192195235000
013224108000 192150236000
008029231253 192208001152
017001098004 192088152000
005143180000 192092086000
023105036000 192198147160
005053000138 192178121060
008066000000 192193142000
005254005000 180087095105
005255147233 192169033000
023174108000 192207220000
005180228000 192210220000
023186009000 192178247112
013105179000 192156064000
005135071202 186103154000
005011012032 185226225000
018068028000 192175241000
016012075000 192227250000
004014158000 190131248000
003160072000 192056202000
004069231153 192111208000
005011008208 192219119000
008242244000 192232060000
005151254000 192012243000
012164113000 185217192000
002016171000 192178244172
004031215249 192178110112
005062061184 192178106054
005151150000 192232040000
005183112000 192031101000
018064072000 185254068016
012180240000 190182161000
008049216076 189215192000
004037154176 192188056000
023157193000 192190018000
017091072000 185247150000
005255150064 192162062000
005023065048 192178240206
023169217000 192041217000
002018196000 188168048000
013107194124 192178247240
023150109000 192230128000
015040083000 192151005000
023151153000 192178044110
001022168000 192135132000
001255077000 192189197000
004014157064 192104083000
005196253180 192178243048
015016078000 192069074000
016102015030 192237107000
004015020000 192141060000
005182092000 192075058000
003166040000 189096064000
006064008000 192152240000
018068054000 192178099176
023045021000 189138000000
005231238000 192114096000
003170210000 192231144000
005250176000 190012161000
013106210024 192075124000
017087000000 192218072000
005183211044 192178121056
001187000000 192082157000
001007151000 192178255224
004069218144 192152228000
004020073064 192178254009
005196172096 190214136000
003172029000 192178249158
001238014000 192178085102
005011012036 185143120000
004015017203 192178247040
005196190072 188121036195
004004193209 192233201140
001079032000 192225057000
012039144000 192178068228
001231022000 192071175000
023191153000 192135117000
001208169064 192109041232
004069141152 192066168000
004068062018 192178092192
004068071064 192233205048
038181072160 192178029132
023148036000 192041168000
023248210000 185251088000
004004193192 185114020000
018160096000 190185157000
003165217000 188208197000
013105020128 192130157000
020135148000 192070188000
008029109173 192073013000
004069248032 190103105056
008010096000 192154160000
004042033096 192166254000
024222192000 192047032000
017000016128 192200060000
001037068000 192178242012
005187121112 192166253000
008243201000 192100088000
005255140000 192042065000
002255254059 192135145000
002021020000 192056022000
002019005152 185080052000
004068062218 192189146000
008018196000 192238195000
005182130120 192140240000
014143252248 192178244014
002016012000 192234174000
023235148152 192178070002
004002128000 192178121212
008196000000 192223102000
003165026000 192197133000
002023084000 192178070180
004016128000 192178121052
005173224000 192218128000
004069140128 192193034000
004069151000 192178074152
001178203030 188241024000
004068070097 185125191000
005175223004 192111124000
005196053224 185218083000
013224128000 192083104000
003004012015 192178085000
006065000000 192170088000
014001059232 192178248234
005062063140 192076086000
005135059224 192156175000
001178193096 192203104000
012133112000 192178078132
023239243000 192144033000
018067148000 192165183000
001022012000 192178120082
004015017204 192094214000
002059076016 192156096000
023196067000 190093236000
001030032000 192175176000
014102062000 192178070072
001213148000 192071230000
001231192000 192031231000
023132168000 192203039000
003174142000 191101024000
005255076000 192197158160
002021044000 192178250096
002058048168 185164040000
017083000000 192207028000
004068073062 192178122048
005062061018 192210211000
013105241128 189247253080
023218048000 185138031000
002021013000 192135180000
014102168007 192232100000
023255100064 192189228000
015158143032 192175000128
004068033230 192108108000
005011064000 192211055000
038107184000 192178254086
003163015000 185161000000
005135036000 188137136000
002058199000 192197160050
023171233000 192223178000
004016053172 188168248000
004016053175 192178084180
001009068000 192152064000
008042022000 190216240000
005059064000 185196221224
005045200000 192165234000
005062060137 192234234000
004069207076 192199096000
008035160000 192084000000
023230242000 192221248000
002057160000 181216192000
005011028064 188086030000
002255254055 192072253000
005159219080 192186136000
005135070192 192139115000
003102000000 192166127000
013032138000 192005016000
005053004104 192036114000
005010232000 190103138000
012171236000 192178251234
004068063119 192142005000
012005200000 188095152208
005252117064 192031003000
005134064000 192233194120
015197039196 192034114000
002057220000 192071220000
008017181000 192178109096
005182086000 192178075072
015230108000 192084048000
004069171046 188249002000
027002000000 185031018000
004042073164 192176138000
002017109194 192157173000
001248096000 192163005001
005062062048 192227108000
005011092000 192203218000
005062044024 192186144000
001244200000 185168168000
008041092000 178218160000
001120000000 192241101000
012017116000 192206095000
013224093000 192028128000
018161239000 192093160000
008040222000 192234205000
008245006000 192233204042
013034014001 192178255138
005180081000 192173014000
014102043000 190083044000
005252116000 192231010000
012096080000 192178248223
001023060000 192232052000
014102072000 192100226000
001179113065 192178109006
005151136000 192178098137
004028139208 185236128000
005039037200 192178243212
004069200032 192103222000
036037077220 192178080048
008244000202 191101134192
001028240000 190010096000
023005016000 189196076000
020033061000 192234104000
005053004092 185183028000
002188064000 185247063000
008028004000 190242182000
008029109147 190013120000
002017109200 192057134000
003169192000 192178243064
005035160184 192085188000
005104048000 192153130000
013034009196 192162186000
038057038128 192178240094
002255250209 192210046000
023186196000 192207188000
005023018048 191024000000
001073076000 189247253000
001209204000 192204160000
032112229206 192040187128
023178044000 183177076002
020135096000 185144087224
008029228200 192195068248
004042074168 192051225000
005196202000 192245032000
001233008000 192086060000
023092200000 192178096248
008043122000 186005136000
004069235160 192178247096
005062072000 192016034000
002188056000 192147255000
005083024000 192240125160
023216128000 192206086000
016131004000 187189130000
004069226253 192020225000
005196219208 192189253000
005028192000 188059208000
005196248036 192178240251
004033218016 192065182000
004068074127 192102238000
013077000000 190083072000
023255043144 192031000000
005180097000 185227180240
005062060004 192178107088
005135213136 192016224000
005011009000 192233207144
008009160000 192178096084
023144190000 191101171000
003163252000 192227146000
006049112000 192178081077
005042112000 179067128000
005053007232 192084007000
002021175011 192190088000
001023094000 186225170000
005144131000 192076222000
008023052000 192076175000
008020030000 190171112000
005042211118 192233196004
018161180000 192071030000
002110024000 192178158112
001208114042 192001056000
005188121000 192108192000
004068127160 187130158240
001023224000 188072224000
001022238000 185221133000
005044253000 192041218000
024172168000 192206078000
005053004179 192031251000
012198058000 192127240000
016003128000 192193197000
001208112224 192031138000
004069238000 192124064000
023063226000 192141166000
008020039000 192096059000
004069215192 192035209000
005187117000 192048146000
005039019240 192170016000
003165076000 192147239000
005234064000 192178108030
004068039144 192092208000
008009252000 190057071000
013225234000 192178120058
002078044000 185129104000
004059176192 192124232000
001208120000 192108030000
002019004080 188213135000
023151114000 192199108000
004028137000 192225128000
014102058000 192233199080
004068127145 192160142000
002016030000 190210048000
005062085206 192144040000
008227116144 187251002080
004031215064 192231036200
008033028000 192178254176
004069220128 192095069000
002019005168 192043248000
001255232000 192149121000
005010126000 192188081000
002018190000 192178108188
008019016000 192207227000
002057225072 192178070188
018155216000 192178097204
003162151000 192178242194
020038114128 192109209000
004016051028 190215048000
005022168000 192075184000
013013016000 192178252128
008006008000 192178240122
005135214000 185247228176
023143157000 192228019000
005083153000 192070142000
005200030244 180119128000
004068073036 190211080000
003162080000 192233196081
023147120224 188213052000
001178068000 185100209168
012011215000 192153052000
005104042192 192050100000
023000000000 192110000000
005183211008 188093044000
001179113064 192151108000
002022016000 192109090000
005053003139 192105010000
005104061160 192012081000
002016158000 191096136000
004069216240 192178096216
001237008000 192222012000
023065190064 192178078042
002018041000 192223149000
005035168032 190009144000
001074076128 190242196000
013107185124 189096002000
020033159000 192189199000
001209184000 192033104000
004068059109 192048035000
013105015076 192149130000
017233080000 192109077000
008022190000 192122144000
015129024000 182079202000
001037074000 185224053000
005181160000 185228133202
017070112000 192203142000
014001078000 192150001012
003169132000 192177167000
001022022000 192240032000
001208146128 192232056000
003160040000 192175188000
001244120000 192112205000
005054000000 192178029210
005039063160 192030091000
001178203024 192088102000
004068037165 186226020000
001009241048 192178044134
004068071033 192080204000
005023018074 192048029064
023048214000 185210158000
001001112000 192025023000
003164004000 192193244000
013105060096 192071104000
006047128000 192178046220
005062061046 192177148000
012192192000 192178065128
013034068193 192229170000
004016054056 192177122000
012198160000 192178073024
008012160000 192091178000
002017109188 192052104000
008029231213 192175232000
003164235000 192229240000
005182040000 192115216000
004001114048 187251088000
015248015252 185228082000
004068037041 192156234000
001247203000 192178251224
005196237128 192178255168
013105102064 192214126000
023207227128 192166012000
002017111152 192078004000
004028139162 192088196000
012003065000 192178078192
002017110124 192005160000
020047114000 184104198050
003172066000 192236004000
005059101000 192189079000
008014104000 192146160000
002019007005 186233000000
023157058000 189255000000
020225000000 192086089000
017000015080 192203116000
038121241160 185240255192
002018212230 192178251218
004001082012 192001160000
004069208206 186026074000
002016242000 192130064000
002057153032 192178241108
004069232000 182232224000
015197039204 185251248200
002018180000 192234183000
005182153000 192189000000
004068073136 192237094128
005188149000 185170156000
004059178056 192189180000
005053003026 190242183000
002019006000 192176128000
017079246036 192219120000
008033234000 191101086000
003171248000 192203118000
004068111196 192177078000
014100000000 190098148041
005135071204 192186141128
004020076000 190124160000
005151120000 185106119147
005179032000 190115020224
020043096000 192158064000
005045204000 192207185000
005135020192 192076244000
004069249000 192178250080
023032070088 192178244150
002019007242 192178076016
002255254244 192042062000
012017128000 192147023000
004068062167 192232048000
008033200000 192000068000
012002192000 192027000000
001235160000 192178109062
005044108000 192178097172
004068030086 192144024000
023206202000 185225002000
013105164192 192141180000
013105221043 192031007000
005136000000 192178252198
012033120000 192190102000
004068014091 192178111170
004068073134 192178084006
008027065000 192178086203
017001003186 192178082118
004016054228 192054128000
004059178032 192151132000
013034188064 192077120000
020095240000 192207075000
004028138088 192041211000
005053007043 192114128000
005062034017 188114101000
012096096000 192147030000
003004012055 192178070210
001001127000 190150070000
004069223218 192178068054
002255254096 192160010000
017020016000 192178110198
002019006222 185009001096
004068068108 191096236000
020153028000 192122131000
002017108077 190255064000
005059194000 188247130000
003033056128 192178247002
012207156000 192206015000
004042209232 191101228000
004018048000 192178097038
003002057000 192178243180
023053033000 192233193000
012226088000 192159168000
002057104000 192178245226
001028000000 190241122000
018035068000 192178246225
001208112156 185045144000
003005244000 192178099248
001009246000 188165129000
013226132000 192216140000
020153138000 192103064000
012196128000 190124064032
005187114000 189133000000
003165075000 192178108046
013034011192 192051008000
004021000000 192178246203
005181021052 192234217000
005035170064 192178068140
018154077000 192068155000
001037027042 192189082000
004068014084 188231144000
016044000000 192219020000
008008192000 192178109120
004028139063 192178121101
020053048000 192233194200
004015018065 192165009000
005062060241 192155100000
017092224000 192178073139
012003041000 192198147184
005153104000 192088208000
005181114000 192147058000
003171247000 191096015000
004068072042 192031036000
002019178000 192178072146
005160160000 192178037128
005053001200 192165005000
005053007119 185135099015
005187086000 191101136000
004001112170 192178244178
002017136000 192178111112
006014128000 192236088000
005255149162 188253120000
002021175189 189138160000
005180224170 192178076048
038142088160 192206107000
002027000000 192178028031
005032176000 192069160000
003170211000 192157034000
003172116000 185225134000
004068062023 190083064000
001071064000 192178045104
001007168168 190210207000
004001114224 192048098000
005062058048 191096070128
002016035250 192223055000
023027159000 192033038000
008244128200 192189246000
004069231253 190123016152
005044216000 189194128000
006124000000 192150175000
004069206000 192150196000
005196184000 191096194000
023161050000 189221096000
001214080000 192173022000
005159218122 188211249000
013141016000 192227064000
005053007044 192178104208
023129162000 192177084000
012192200000 192176136000
003162180000 192234194000
004016050096 192234149000
013106239172 192197158016
002019197000 188144128000
001194120000 192207144000
004042074240 189218224000
003172009064 192231212000
001178199016 185200190000
001232188000 192138205000
005039108000 192100255000
005196253162 192178045194
008004240000 192067166000
005056021048 192233194128
002016200000 192095066000
004068070114 192178179000
004069245208 192035208000
005011012027 185142104000
004001117080 188246252000
001001064000 187189064000
023033097248 192178046147
004069223238 192195255000
001245049000 192231248000
002056246000 188166192000
002058048051 192188173000
004069223212 192141152000
005062059038 192160172000
008245018044 192103130000
023032063151 192083204000
014001100232 185168012000
002016019000 192035150000
008015022000 192148252000
017066074000 188132198000
003044128000 192158062000
020198000000 192160068000
002063234032 192188052000
023152117000 185206156000
004042035116 192178242008
008040092000 186056024000
003044000000 188233192000
002255254228 185143204000
023044206000 185089248002
005062085119 185080146000
003161128000 192178255021
003164054000 192150087000
001216000000 192109076000
001007182000 192178121089
004016053184 192231057000
024207032000 192094203000
015197007001 192159031000
004069246136 192178250076
005183211238 192178158024
005010249000 191214032000
023255043032 192115084000
004068062165 190064000000
002063232000 192124009000
002016154000 192160072000
012096048000 189247127208
005056016002 192120058000
015176114000 192109049000
005042126000 185190124013
004068074207 192149062000
023193196000 192094233000
012144128000 192178082172
008025027000 185100211000
032112201108 192130024000
004068062224 192164096000
043251031128 185169253000
003165064000 192178124000
004028139088 192012108000
012157108000 192233198016
001007088000 192078137000
013106238248 192054030000
014141167128 192119016000
005056020170 192238200000
012040064000 185045004210
002016074000 192071064000
004068062112 192200056000
005135059148 192178084074
005180132096 192178245232
002019179000 188165133078
005159218035 192237070000
005101112000 192153155000
004028000000 190122192000
004059224000 192178104150
005116000000 192040254000
005061088000 192078244000
002016108000 192178087004
001208145192 192178250134
008029231078 192088046000
003004012022 192189053000
020156168000 185215112000
005044188000 192178105024
002019006040 192176172000
002255249134 190106136000
002059059000 192003176000
005102116000 192108240000
023129248000 192178252002
005034248068 190242176032
001039144000 192171013000
001022096000 192178240236
001208114192 188121038021
023002033000 188229096000
001208148048 192234024000
005040048000 192178107239
002019005048 192092148000
031057197192 192232084000
001011092000 192133076212
003173024000 185238106000
005255148106 192108232000
020133024000 190103100092
001179112056 192175076000
008212112000 192096252000
001075202000 192146254000
004039103000 186013208000
008227139100 185102208000
002063171000 186047000000
012154144000 190108196000
001208178216 190007071208
001032222000 192012068000
018137000000 192234222000
002017212000 192050152000
002016011000 192083206000
004068071120 192154067000
034099100000 192041201000
004069223160 192034238000
002255254098 192153190000
002017012000 186064001232
004068071146 192223119000
012014136000 192152194000
013034025240 192154214000
023038241168 192136134000
004028128000 182255028000
003174144000 190124026000
008026235000 185215149000
008048245113 192154224000
005231239000 192126070000
001071100000 192144008000
001023208000 185184069000
013104119064 187016172000
005189208000 192178244056
002058046000 192151176032
001071096000 188211252000
002057024000 187061040000
004036040192 192162200000
002057090000 192072107128
001037072192 192080092000
023171201000 192178028066
008033131064 191101181000
023033144000 185247048000
004038229126 192055014000
005062061240 192076070000
024049112000 191253192000
023128112000 188165002232
023227044000 192178247154
003162048000 192086107000
005255176000 192233196112
005063165008 192157048000
004015018086 192178084190
001203120000 190111025000
005062034022 192178241252
001071112000 187252082128
001007026000 192104224000
008031160000 185235212000
023090121000 184104207224
005062061113 192075107000
008052160000 185251249169
001208148112 192153187000
004042033124 192178240010
005226138000 185183124000
017079041000 185236096000
014001061128 185151038000
008038222000 192230100000
001208114032 183177076022
002056117000 187179014000
004068074116 192035229000
002022116169 188054128000
012070192000 192206002000
001178180000 185218182000
001018128128 192124183000
005034168000 192101089000
004068073203 185016090000
008002217000 192061088000
003174106000 192233193128
005003026000 192200064000
031025224064 192042208000
040027192000 192178107078
003164216000 192200062000
003005140000 192166125000
003169136000 192178081214
004015018048 192084088000
004016055128 192033110000
004068111236 192067098000
003174218000 192157141000
001030168000 192200096000
004015020084 192086001000
014129104000 192178069068
002255183108 192124018000
023159224000 192210161000
008227076116 192171018000
005187121032 192225059000
005175161000 192197112000
005053001204 192178241129
004015018096 192178068050
004068039077 185227096000
002110020000 192178110248
015158137049 187252164000
001232006000 192151016000
001196000000 192165042000
002058048060 192200164000
002057017000 192209026016
014102231000 192178098068
005045039000 192160225000
001020080000 185202222000
002021095000 192216192000
005042211116 192178249001
002016090000 192178097168
008012001000 192117064000
004001114052 192193174000
005042211016 192085028000
005059084000 192243082000
003175221000 192178111085
023076160000 192024105000
002018084000 192156166000
005159096000 192126004000
015230043000 192031136000
002255251208 192178029231
005178100000 188240082000
001178026000 192126001000
023003099000 185126252000
001007168000 192160121000
008227072064 192153112000
020040080000 185248132032
002023016000 192160036000
002058040000 185001054000
017079160000 185211216056
023074028000 192067134000
008011240000 187190063000
002059124000 192178110154
002022018000 190098170016
016102015029 192178255076
012222208000 192178121077
031210112000 190106120000
003175170000 192040104000
001208148096 192236121000
002020024000 192231152000
001208145245 192197094000
005199002000 192100017000
002058213000 192233202192
004002133096 190098149128
004068063079 192178120094
005057240000 192228102000
004069226024 192171006000
001009244080 192178086153
005183039128 189247127126
004068127012 187244056000
002018011000 192152252000
015230107001 192245011000
002180224000 192086129000
012200058000 192178240244
004069231188 192046092000
005039116192 192200190064
004016048226 192131156000
004068063052 192178245148
015230015017 188231227000
004016053016 190112168000
002022044000 185253131000
006066230000 192178075236
005104049160 186001133224
008042125096 190185194000
005062085042 192127021000
005011058000 192072125048
008020118000 192178086222
012005064000 186233236000
013106090000 192208036000
004042074064 190094045128
002017109187 192134164000
002059212000 192071057000
002017109233 192228128000
002019006160 191128056000
002057154000 192176127000
008200000000 190212064064
008038152000 185244252000
002057252251 192109153000
013034063064 187045140000
023058082000 192178087064
002021175217 185113056000
005039009224 192178076017
003174254000 192203139000
017233213128 192193231000
002063151192 188173216000
005062061172 185226232000
008029109188 192151086000
008006120000 192178078072
003002092000 192178215000
023252079000 192203166000
006065058000 190187112000
005175190136 192178028036
008039092000 189193229000
005230186064 192178249087
001025008000 190217004000
001242006000 192178104020
005255147234 190011156000
003160050000 190108192000
002188160000 192044011000
008018160000 192225175000
003168188000 190103206000
001178198244 192178249129
001009241036 192178069064
003169066000 192041142000
013248098000 192233195101
005104028000 184107160144
001208113064 189126000000
005104049128 192178069225
013225094000 192034237000
024056192000 192200190000
002017120112 187188015000
008225228000 190086094192
005181015014 192178029105
004016053000 192019238000
002020228000 192210044000
005062034044 192166032000
002018243000 190171026000
004069223146 192178029166
004163000000 186176052000
005190224000 190096090000
001194208000 192178240220
001177192000 191222000000
014000127000 192178025000
004015023192 192132032000
017001089014 192233198032
003165141000 192216107000
002017108016 192178073220
005045062112 189233208000
006076000000 192054031000
006128000000 186211124000
004059178064 188144002096
003174153000 192178116128
002018215163 187189111000
023137083000 192042244000
002255254048 192190252000
013034001080 185207010000
005053007176 192233195133
003043000000 189201112000
005063162000 185252228000
005175190188 192208001008
027123020000 192109227000
003169088000 192178084242
014063032000 190023136000
005175190132 192178087076
015158171000 192197156000
004028142064 192178111099
002027086000 192075088192
001178007000 187130128000
008048245036 192193122000
005062042115 192228118000
002023160000 185190011136
008026236000 192178249042
012005125000 192212008000
002020070000 192197158178
005062058188 192196161000
013034020142 192001064000
005181015016 186121222000
001020119000 192197158180
001028160000 192178240060
004025025000 192178081252
004069221192 192147116000
013106164088 192184008048
004031213008 192178074227
004068111169 192228105000
015248001048 192070096000
001006138000 192231143000
002017046000 192152202000
004028232000 192230088000
005104050180 192230112000
005196253161 185244149000
023059188000 192178249080
004031214224 192031175000
004068071056 192178087056
002018096000 192172016000
023036208000 192031022128
005230186000 192240192000
013105101064 192206234000
003175074000 192189016000
002020188000 192068074000
001235101000 192040230000
001000198000 190124208000
023056110000 191106032000
014036211000 192225169000
005196238220 192190203000
005135059118 192197184000
004059177112 192124129000
005182117056 184107082128
002017109064 191156223000
003173131000 192043144000
013105221052 192103178000
005254030152 192082164000
003174192000 192133050000
001230198000 192190154000
003161040000 192148108000
002017110048 192075192000
002059076112 188165017197
013034004129 192178245208
005252080000 192093240000
005062085166 192178046148
004015020032 185232150000
005056017029 185138017148
005196238192 192233206228
012027175000 192225224000
004169000000 192197172000
020033204000 192188066000
005253137000 192198138000
018164014000 191128192000
023147116000 192206093000
018173047000 192178156000
005144181000 192073004000
013105200000 192178109218
008029064000 192178242000
006126032000 192178086252
004068075032 192230124000
003160144000 192204148000
001178202128 191238072000
017000001247 190060193032
003169143000 192012252000
002021175243 190215140000
001208148117 192189074000
005159218160 185162171000
003163233000 185187154096
008033130000 192139151000
003172006000 192229087128
018068098000 192142046000
008044208000 192031200000
005062061005 187251003248
012001090000 190187079000
008023247000 192132046000
023045065000 192166084000
001241252000 192178046192
008038082000 192178076036
005231058144 192040204000
004028142160 191243004000
005180140128 191040064000
001236220000 192093212000
002027242000 192212064000
002017108086 192233201026
005053006126 187125000000
005187116196 192225168000
002019100000 192161060000
004068110032 192151240000
013035173000 192178099078
008227078072 188042060000
001236224000 192160205000
001044097000 192005108000
005157057000 190086150000
002063228000 192107172000
004068111106 192042134000
004068071096 192112160188
008017080000 188241030000
020012000000 188241211000
005199021000 185065126000
005175187000 187190043000
002017110076 192178255090
002255252004 185083008000
005062063224 189247253254
002018215136 192228089000
004059180032 192132094000
008044052000 185242069146
004069231184 192206115000
036043035000 192206044000
013227192000 192139231000
002021231000 192222096000
012006010000 192100140000
004069170004 192230115128
004059178060 190097100000
005135070136 180180255064
023038246196 192173098000
008039173000 192076088000
023001229000 192107234000
004069064215 189054000000
008020106000 192166102000
005154178000 192195108000
013105084064 192178086020
012018064000 192178246044
012204008176 192185002000
005231093000 192178087072
015248192000 190128128000
008042020000 192178188000
005008068000 189246192000
012024032000 185194044000
001073248000 192227184000
008010112000 192121247000
005182062000 192070214000
001009071008 192234088000
005252081192 192237088000
006141249000 192023186000
023174232000 188175000000
012177032000 192178255182
004069223136 192178120026
001079176000 192178083090
005083108000 185176193028
008017208000 192049054000
008011224000 192070170000
005239224000 192133086000
005183211182 192178071090
005226149088 188239180000
003163072000 192019147000
005135001144 192178081162
001081000000 189208000000
023131250000 192043170000
001208112240 192178098096
004031215128 190008092000
014097049000 185029109032
008025028000 192178108250
002063151096 192233200192
005187026000 192141208000
003161067000 185047085194
002017111080 192241080000
004069218140 192135253000
012161104000 192178086156
023255097232 192222026000
008245018064 192178081038
012207157000 192178254108
004068070022 191052140000
013141112000 192178254187
017001098064 188240032000
013224189000 192016088000
015248076000 192178045134
004069137160 192149040000
005059105000 185050048000
006066072000 192178098000
003165043000 185050240000
005180029000 190120230000
001039184000 192153183000
008004024000 190187082000
012226092000 190089100000
013248114000 192178242181
002059219000 192146218000
004068039207 185026024000
008029110000 192103224000
013105075192 192075199000
004068074113 192019218000
001007025000 188254124128
004125128000 192178099202
023095226000 192193140000
008011228000 185230024000
005062062176 192034192000
004031103000 188228102000
017083076000 192235104000
004069227004 192176229000
008052198010 190008104000
012181160000 192086027000
008039207000 185183228250
013106238112 185242120000
004031216000 192195068169
002189254000 192138053000
002016130000 192184008032
002021028000 185247000000
004068074080 192178241192
005159217223 192230125000
002255251245 191096090000
034104026032 185081168192
001032000000 192178098102
003164200000 190152080000
004016055048 192111215000
003002062000 186046078000
020030006000 192150147000
005053007096 192124052000
023001099000 192185184000
001194176000 192189096000
001213115128 192176016000
005039120000 188229112000
023132177000 192236024000
005062049018 192035181000
002017108111 185159003040
002017111224 192240118000
020047088000 192042094000
004029000000 192100173000
013105089248 192154035000
005129184000 192178207000
023157201000 185121025046
005056017091 192178044203
001179072000 192233196100
001026000000 192158216000
014206000000 192238209144
005159004000 186086154000
001067192000 185116108176
004227000000 192240102128
004028138128 185007071000
009147000000 192109052000
008017066000 192185078000
013034017192 192049034000
008225100000 192178245228
008227077112 192233201024
002018212159 192231034000
001224128000 192185158000
005180092064 192150198000
002021160000 190129128000
002057153002 192234128000
003169000000 187086163000
017092243000 192111030000
004068062237 192178244158
008026060000 192178158002
012168200000 192178246144
004068063064 192233201076
004068038000 192178099112
003165032000 192008016000
004042192000 192178111030
004069218108 192056015000
008227130128 192195042000
004038229000 192178081130
005062085060 192065185128
002017110125 192178078113
005231126000 192160111000
012167192000 192178245132
001009071015 184107206104
012045044000 192146149000
002017110013 187254060000
004001180233 192230110000
002058242000 188121048130
001037072000 188213219000
008227074128 191101238000
005135237226 192166154000
005053003227 188210091000
013034090192 190111060000
013104097068 192178121219
002020014000 192178250214
002059155000 192178240092
002021175024 192178248222
002023098000 192019172000
005183129000 192229216000
005032128000 189247141000
005039013233 192054205000
002058232000 192164040000
012159144000 192193049000
008225162000 192159012000
023012033124 192178253220
005003046000 185150096000
002017110224 192105248000
005056020032 185042192000
004028136170 185045040000
020157100000 185100210140
013034020160 192071216000
001022148000 192178246122
003172104128 192156212000
004016053188 192229087129
005182115000 192178245140
005062042038 192178080250
008018118000 192035176000
002019006220 192178250078
005252212000 192157175000
005231088000 192139199000
002018064000 190107194000
005166192000 192094096000
005010227000 192138209000
004068127146 192044019000
004036129080 192193115128
005003049000 192178105216
008029109181 192244196000
023141084000 192233197048
001208168116 192234098000
003163239056 192156220000
014102082000 192112103000
001178032000 188234131128
012031168000 191156220000
002018212082 192201000000
002016246000 188231248000
003002086000 192178084112
004069064232 185028051000
001225128000 192178243072
004069220035 192153006000
004001180128 185195235147
005022199064 190105182000
005150168000 187191061128
012173128000 192088212000
013034199000 190012140000
003172018000 192195173000
017242136000 192166208000
005105128000 192025218000
001208146064 192178071152
005196248010 192150200000
005135192064 185153080000
001247128000 192067076000
008029109013 192178254006
004068072078 192099146096
002027128000 192231243000
003164121000 192178243016
001002016000 192173080000
015248013136 186179128000
005196118128 188043009192
003005224000 185088216000
005011008176 192203208000
017118120000 192233196044
005196105240 188121036192
023140032000 192228076000
008002178000 192129046000
002021175204 185229232000
005183248000 192189027000
013035012000 192131066000
004068072136 192165180000
001009241160 192178075048
004068073007 192111113000
005183150000 187189057000
003160244000 188043013128
001214076000 191223016000
002255249133 189073108000
004068072143 192076118000
023131160000 192178253152
002189184000 192132065000
002063238000 192178246230
005104061128 192227252000
018161212000 188130223000
003172067000 187031016000
017253020000 192111213000
002017203250 188168144000
020152052000 192225161000
005042211129 188255243000
003161069000 192161180000
001007148000 192136156000
005043224000 192193226000
003166222000 192238021000
004069171031 192189112000
004001114160 192136036000
002063168212 192108189000
014141142000 180240129046
023142014000 188137152000
008047148000 192184005000
005053005100 192178248151
002058098000 192135128000
002019060000 192178107202
004001080000 192231210000
002020182000 189219020000
005062049026 185091128000
005180054064 192146241000
005226175128 192233196184
027254032000 192058052000
004042035044 192207077000
002255253190 189247045112
002021114000 192109252000
005045020000 192209026008
004036136000 192218032000
005053006072 189216113000
005135070140 192178121136
015024112000 192150220000
005056020040 192178242034
005254030120 192233198056
005062058196 192178029075
008048241062 192112160168
005180227064 192178074028
004042072136 188241000000
004068039031 192028072000
023056012000 192077100000
023145125000 192035085128
005153096000 192108225000
002255254071 192233202240
004068074217 190182200000
008048245148 192238222000
005104048080 192172251000
020133224000 192035024000
017000105093 192172253000
004068074069 192198080000
001208113128 192165120000
008014001000 192227106000
017001160000 192003048000
002057253000 192227000000
023141012000 192178028021
012149218000 192152234000
003175064078 188144000000
012236004000 192197160000
003165190000 192073017000
003002042000 192207120000
002056215000 192203244000
005252084000 191128026000
023032016000 192236078000
008047060000 192178070160
005199058000 192178098154
001241002000 192235076000
023032063172 192178081022
004068111176 191080000000
002015196000 190150196000
002255252022 188092248000
001213113021 185220216000
008038112000 192109195000
005011090000 192240130000
005151103000 181118043232
003174061000 192178251197
012235128000 192209026224
015176066000 192120015000
008021176000 188137138064
023044140000 192177026000
005135001232 192175225000
001009241094 192085064000
002255251186 192150001004
004001112018 192071006000
005039240000 192139000000
012188224000 192232008000
002063156000 192000128000
004069171016 192100065000
008010060000 185187154068
003175059102 192178029070
002017218000 190241134000
004068063096 192234196000
001194024000 188240220004
003172100000 185161149000
008021067000 192240125128
003173186000 192233196096
004068073156 192197160052
004069143164 192164024000
004068111069 186081184000
001030000000 189038000000
002018213216 186160060000
005053001072 185109138000
005188173024 192075100000
032113020000 192206222000
004037154130 192165060000
004001116064 192241093000
012105192000 192204149000
006126018000 190242160000
013106246000 192188175000
005252235000 192107134000
002023200000 192129001000
005045242000 192195151000
005134209000 192178028128
005042211105 192178254068
001228192000 190120071000
001037069234 192019255000
004069211000 192147219000
008029228139 190202140000
005034248008 192138251000
014098000000 192139027000
004068039213 192149015000
004069246000 192234248000
001000017000 185179131000
004069239000 192178110158
008044059064 192238164000
012111212000 192178244217
002059112000 192188177000
013034009065 192175208000
002059228000 185094108106
008020144000 192189221000
003005212000 192176036000
003005172000 192207115000
018173088000 192115081000
001213112226 192178044192
008017186000 192156152000
032103104000 190106184000
005200030176 192091185000
005096000000 192178249254
002021175022 190013114000
005252160022 192138215000
004028139128 192209002000
023138125000 192142230000
012013035000 192132083000
014192070000 192233199192
004068070113 192158241000
001222000000 192190122000
008044228000 188231193000
002181194000 192109115000
005172160000 192076172000
004068038121 192230032000
002022116128 187015034000
004069239128 192019130000
012027000000 192056112000
005226144132 192178249032
004239000000 192096244000
002027251000 192188184000
015197039054 190098133012
012109110000 192061112000
017001003160 192112047000
003169064000 192197071000
008029109214 185251249172
023162040000 192178083028
008029230149 192188190000
003041128000 192178045140
008213160000 192005105000
001248070000 191101062000
001203115000 190151176000
003165128000 185227083000
002021175214 189215208000
012171248000 191096003128
004001114137 192178029076
015177072000 192137060000
004068110136 192178107004
008227087080 185253223000
001037016000 191217192000
003168173000 192178085228
023059246000 190098141114
032114104208 192186140000
002056245000 192178028032
003002080000 192065154000
017000012232 192124035000
005039019000 192224000000
001208146048 192178244188
023057111168 188212098000
008029228180 192104239000
002255253168 192237089000
023149090000 192164160000
004069064240 192178099104
002018125000 192147114000
001009240000 192178245248
005183039224 192178250114
008019012000 192178098136
002018212060 192178249168
002094183000 190143024000
008011229000 186242144000
004068075052 192234241000
023202116000 192178071184
012030122000 192178254116
005056019008 192178106096
017023066000 192177075000
005062059096 192178075208
004068014092 192023192000
027255075000 187062148000
004069223196 185100209122
001213108000 192178086187
008006114000 192178240016
004016050000 192108200000
006070004000 192178094128
005135028072 192175180000
017090160000 192178106220
005135026192 192233205160
008020184000 192178068122
020042128000 192178111033
005140192000 192203193000
001179222000 192178107138
005104016000 192091252000
005149146000 192088016000
008007112000 190011144000
005159218065 189202229000
005135122240 192188112000
002255254176 192178076042
002059056000 192169037000
008006148000 190110242000
002056118000 192233192120
005011012210 192231249000
005254031096 192149112000
014150000000 192231002000
012229128000 192231088000
012181161000 192178098124
005154131000 192120011000
012192201000 192178074240
005062048124 185168072000
005035170160 192048022244
004071230017 192024127000
002255254042 192221155000
008029230236 190242040000
002021121000 192196168000
004016049192 192134004000
001186093064 192178046100
001028140000 192099105048
005062042036 192112160224
001208106174 192023013000
002016094000 192207163000
017000019032 192148173000
012007028000 192233196088
004059181000 192225028000
001007001000 192085248000
031169097004 192080017224
005062061218 192019158000
005135049128 192147152000
005135001160 192206244000
002094206000 192033183000
002058048078 185025029229
001208112053 192178242090
004068071046 192230080000
005253038000 190182129000
005135197128 192178087176
017066184000 185141060000
032114091094 185242003064
001230202000 192232043000
004068073133 190187042000
012038068000 192188127000
004016049236 192203016000
008244035000 192171008000
005154154096 186192096000
023191244000 192072116000
005128000000 192178069156
016218000000 188130231000
005062063184 190098184000
001076000000 185195138000
018160232000 185190076000
005062060141 185013116000
008028070000 192237124000
005042207000 185232080000
001001012000 192196032000
015248003000 185172204000
004068111128 185251164000
005135042000 192197182000
005226170128 192178254182
003164032000 192178242072
004071230032 192158250000
012048112000 185143081000
023139232000 192234080000
004068063204 187017136000
001008010000 192154078000
013107184216 188248240000
001000020000 192178087220
001179220000 192108195000
002017110086 192178252242
005135211128 190113114000
017188128000 192197060000
001009071064 191102224000
004037155214 189236128000
005160024000 192151096000
005149150000 192145251034
004028139032 192229124000
009179232000 192156079000
008034026000 192153050000
023019062129 190028000000
001178205000 184104204120
002183184000 192231221000
001022003000 192178242086
004028142174 188073177000
002057059000 192164176000
002059111000 185199208000
002255253113 192233201116
023130213000 192162248000
012204013000 188043003039
012010108000 192100248000
001020068000 192033092000
004068063063 192232001000
004038192000 185187154100
001007161000 192139119000
023191152200 192209001000
005010217000 192203152000
002018215128 192234145000
017253201000 192012186000
008039138000 192189015000
001213151188 192229111064
004068063027 188075107000
003005056000 192199008000
012008048000 192178208000
004069221244 185173184000
005135067002 190103100080
004028142180 192152015000
001214096000 192109176000
003005080000 192036180000
002255253160 192231217000
005253062000 192178071084
003002038128 192209026240
001209093000 192058210000
001186128000 189217064000
004028138140 192121211000
013034035192 190109008000
012157158000 188112206000
013034098192 192230115224
004042075180 192188038000
012153022000 192178070208
006148115000 192243225000
023175080000 191242112000
002027246000 192241108000
004036040132 192195109000
005035082000 192164021064
005132192000 192088005000
020209244000 192190190000
003004012010 192188055000
002059188000 192156098000
004042032128 191242000000
008048244000 192178028108
008026092000 187062176000
017001003234 192083122000
004002133116 192241128000
004016052128 192102190000
004068074196 187188155000
014000060000 186216016000
001010160000 192207033000
004042074000 192100209000
012187160000 192031204000
004068110055 188172246000
002255249110 192228066000
013104104192 191096231014
008244000096 192197220000
002017109030 192207056000
004068015233 192233197224
005062042020 185236201000
005152168000 192178255088
005104049064 192065104000
002059077056 192025125000
013227048000 192151210000
005188062000 192184067000
003164185000 187041136000
004059212000 192109096000
003172104070 192043221000
002057056000 192111013000
003167224000 192178092064
002017109104 192178098120
005059058000 188212032000
004036040044 185245180000
005254001000 192152248204
005023009032 185242001000
005254080032 192234034000
008022084000 192233198050
017000001240 192208028000
002017110100 192178105010
004069227002 192065249000
017000016000 192113080000
003173012000 192008212000
013034092000 192147019000
009009009000 192232116000
023128186000 192178085064
023204248000 190182232000
001039176000 192178077000
002022212000 192178109236
005160096000 192142021000
001000200000 192075072000
008227116049 192135191000
023058139100 192178222000
004004210000 192233194192
014052138000 192207208000
002021080000 192174070000
008009192000 186004192000
004031215048 192178029179
004069249128 192207021000
005134123000 189125095000
001009241173 192193058000
014036040000 192178248236
005062023014 192178246160
004068070136 192148104000
014022056000 186146129000
014102084080 192231104000
002018212120 192226072000
008045018000 192147192000
004059177168 188072059000
031184064000 192178029147
005143239000 192145032000
005011011064 192178071096
005053000252 192203044000
004069217128 186227208000
024211000000 192103145000
002018077000 192193004000
005062061124 192187010000
004068072132 192102013000
005181220000 192233196016
001179112172 192165147000
005135038190 192195188000
008017198000 192129047128
023137093000 192041180000
004001117014 192178099174
002016174000 192233196038
004068127236 192030200000
005181032000 185158250000
008052213000 190093038000
005144184000 192066038000
004015156046 192206141000
002255253166 192178242016
002110064000 192189095000
004068111246 190231160000
005010196000 185025029083
008039156000 192178248047
005180092056 192234253000
008042195000 192162091000
023130253000 192178076022
001007232000 190196172000
008213168000 192178068060
004069206160 192178104252
002018215064 192210002000
018067076000 185196006000
004069211048 192139202000
001254230000 192065185149
002017047000 188214089000
005165096000 192163020000
002058214000 192139200000
004069239004 191242104000
023032063060 192178070020
005255148036 187253255008
008045053000 192081100000
005196171051 192139134000
008010004000 192156134000
005039017128 192140002000
008002070000 192178111104
005165128000 192238019000
005188168000 192064124000
023203135000 192097219000
014102086000 192178251252
005187127248 192120124000
008004033000 188121048148
005062061174 192178029208
005159238019 192189198000
013107199000 190123019008
001024236000 192197158064
003160096000 174126146000
008048245122 192241046000
005199048000 190098141226
001007202000 192178255254
002016044000 192193207000
001183224000 192231036128
003161048000 192233197192
001030112000 192190075000
005023011008 190106128000
001199252000 192056116128
002255251227 192025139000
015158052000 192188058000
004028234216 192178121079
008047152000 185231081000
005226149066 192233200160
003172124000 192178105136
002255254023 192070107000
005022209000 192100050000
005135059194 192211001000
008245009144 190217064000
005062057100 190003160000
002255252010 192158242000
003175185000 192236176016
005154082000 192178109032
023219185000 192236176029
002021096000 168210114000
012146048000 187245196000
004015021192 192152150000
008034116000 192206100000
015230000008 192178244002
002063172000 192235116000
008029228020 192093008000
005183210000 192193184000
008242219000 192131082000
023138036000 192109219000
013034035128 191006000000
005133010000 192188174034
004068062042 192237076000
002022116173 192233200156
004015021240 192154204000
023255026216 192098128000
014102003000 192133100000
013227120000 192197056000
004226000000 192178121174
002017021000 192133058000
004031215036 192175181000
001208112132 192197160009
001225160000 185240218000
008243239000 192072124152
005150064000 192240148000
005062060181 187109160000
008028048000 192050154000
016001003000 192085124000
005196214184 190098179096
002056112128 192103212000
023191088000 192153054000
002036000000 192030037000
008046040000 192111123000
020133044000 188121036114
005011028128 192178251080
001009241192 188094104000
001023254000 190086033064
003163008000 190220088000
001208179080 185206226148
004042075184 192109202000
004028136171 185235004000
005189009000 192178099066
005154100000 192050032000
005180042012 192238209008
003160114000 188125174000
003033054000 192178240056
008227073092 185188218002
023182249000 192023031000
003003064000 192083230000
023027212000 190096031000
005101016000 185164026000
002018212240 190216220000
020138048000 192067139000
004031208052 188165191040
008029230104 192178106104
005175190206 192178046178
002063239000 192178104172
001009241172 188144002000
014035160000 192133116000
008029109150 192092248000
002056127000 192175016000
001227196000 187249034072
001037069192 192162124000
006064145000 192146194000
001208112055 192148005000
005061095000 192197143000
005034216000 192178029189
004069203134 192058109000
012164196000 192197227000
002021175060 189193176000
006072200000 192178099068
002016162000 192091172000
004014192000 192178083033
002019007020 192165032000
012228128000 192092156000
023091024052 188240230000
004001116128 192041250000
001203124000 192178107048
002021245000 190090152000
005062061094 188120127000
011192000000 192069020000
005045000000 192177184000
002255224000 192178111051
024174128000 192178045254
013108003027 192243039000
005039009128 192178068120
012174180000 192178247116
002023132000 190103228000
001023007000 192050151000
005159218128 190130072000
001193128000 192206124000
012033110000 192055172000
002094123000 192016194000
001213096000 190147242000
008020119000 190052032000
002016020000 192150008000
018035066000 192178111034
002063234064 192176168000
003033060000 192165159000
015158028000 191096224000
003036000000 192031168000
013225158000 185251096000
023027243000 190242187000
001009071014 192233202106
001178203008 188059222000
005156000000 192071174000
023162241000 185018240000
001023061000 185003022000
008063000000 192199176000
005035160067 192131145000
014129024000 192190192000
012206181128 192195192000
023095143000 192152157000
008052201128 192210006000
008031228000 192067176000
004069231180 192178121090
005061128000 185037221040
002021048000 185244007000
005159052000 192178248098
014206045000 192161150000
005198224000 190214076000
005187105096 192178106040
002058196000 185000013128
005253046160 192178109072
004031212040 192138068000
005062060164 192177006000
002182128000 188034136000
005180020028 192203248000
016000059000 186033036000
024159128000 192052117000
001178206000 192231228000
002017100000 192189196000
004069236000 192178247142
004019075228 192159186000
005175185000 192178081034
005183128184 192100064000
023147120236 192231214000
016002151000 192162164000
002057155032 192138191020
002018177000 190089052000
001179113066 188228052000
005023065225 185211120000
002255251198 192109199000
005180135241 192178254142
004042033040 192156199000
031014031000 192230230000
012215165208 192101072000
002017048000 192008180000
005045088000 192099146216
003172054000 192190206000
005187121208 192206157000
001179113056 192160088000
001038176000 192084016000
003172117000 192238192000
005226144138 192178028109
018173057000 192016128000
002058099000 192026176000
002022116152 192035068000
004002133249 192131136000
004068039173 192131031000
001016000000 192235216000
004069223242 192110240000
005183052000 192065185092
005056008000 192048236000
003162024000 190228064000
004068033232 185214228000
008048242128 192206074000
005062061164 192178029194
002023177000 192033087000
012043040000 192178028236
005196171064 188114218240
003169110000 187041244000
001009128000 192243214000
005035240000 192233198048
004213247000 192042006000
005053001035 192129050000
001022202000 192147018000
003163232000 192178253006
013034009226 192188168000
001255076000 189247186000
005182188000 192178044118
004002016032 192178254132
005042211062 192104059000
005187076000 192178070168
005023011064 192178255238
005062043000 192094215000
005035040000 188043007203
023170017000 188094096000
005187127206 192147088000
004019016000 192136049000
008227139128 192104048000
005062059024 190004028000
005057020000 192112160000
005134208152 187214000212
005187103060 192193032000
001232184000 180108213000
004069238220 192086111000
023012036172 192178083064
001203092000 185082242000
004036040104 192149053000
004053224000 192233192249
005062061033 190110176000
008022172000 190221176000
005028032000 192178075172
005180092052 192042156000
023152188000 192111064000
001039073000 192232172000
005255146192 192178249084
005062048096 192166048000
012168096000 192165157000
004071224000 192193223000
013105089252 191117144000
023067056000 192140024000
005056017248 190168128000
008029228048 192137016000
001037096000 192178072032
015128000000 192178072088
014136112000 192112035000
013034128064 192197160098
023143084000 192178072064
005187116155 188124005000
015230121128 192195102000
004059214128 192101158000
003163160000 188227192000
004068063044 192153132000
008052205000 190242126000
004069206168 192193248000
023150176000 192085076000
017085208000 192071050000
002018212154 192188235000
004068111183 188042039128
017008141000 192178078033
015248108128 192193101000
005139200000 192139081000
002056169000 192233204048
004036022000 192138191064
005062059130 192178240022
023134022000 185214050000
005062060186 192233201172
004068071224 185188152000
002189040000 192219024000
001032192000 192122120000
003165010000 192178254200
001208178213 190114103000
005062060125 187053224000
024051124153 189001094000
005202060000 188240204000
013034010010 185235198000
002021084000 190242143080
003168207000 186250152216
002016040000 192176130000
003175121000 192099146076
013106232049 192210024000
013020160000 185162255236
005062044232 185138017071
008227113112 187248240000
024117035000 192178254224
005019128000 192197226000
005135168228 192227147000
002022036000 192186176000
023035112000 192178069102
005180140000 192109041240
023040124000 192241048000
008042060000 192142248000
008002112000 190110238000
008049086000 192195078000
005039037192 192131103000
013033163000 192047244000
004055140000 192147231000
008034063000 192178246168
005035000000 185235207000
004069226032 192005114000
001248000000 192031010000
008227134016 192056051000
023091111104 192178075040
001009250128 192149020000
005057018000 192041028000
001022078000 192188017000
008026162000 192188037000
005056128000 192184074000
008012060000 192185079000
004018040136 190158084000
013034156128 192195057000
008042127036 192102197000
004016052064 186082096000
002018204000 187017095000
006132136000 192208010000
002188240000 192069076176
005187106096 192178105206
008040030000 185170157000
012181022000 187087152000
004068039083 192075045000
001025128000 189149251000
001044000000 192237192000
001255126000 190089018000
008040082000 185068155016
002019181000 192178106250
014142064000 192178074236
017083016000 192121204000
031131044000 192089219000
008006160000 185230008000
013224107000 192178028094
023154242000 190187188000
012174184000 192178096040
001022164000 186081208000
005056020048 185205014000
006066232000 192140052000
023009064000 192084101000
005181129000 192233199210
002018172000 192107003000
008042072000 192190096000
012069104000 192178029212
008018032000 191096167000
017008136144 190140224000
005181189000 192108028000
008029109089 192146150000
004001084000 192178249176
003175160000 192188182000
008048245038 192188101000
005063022000 190093184000
013108000084 192207116000
001024032000 192178110184
003033057120 192036190000
004069220064 185254136000
012131215000 192178247236
017000136032 192178075112
005035160072 192034096000
008029109020 192189235000
003175219000 192178251248
004004211224 192178085040
023015138000 190122220000
001009251000 188165010064
004068072024 185116044000
017080156000 192103122097
002188229000 192178078045
004016051000 185254203000
004014044000 192101032000
001009244096 188241018000
004068071208 192197204000
013106232112 185206226054
005175190063 192152052000
004042073112 192219253000
002189026000 185032066000
005034208000 185184164000
004069231044 192232068000
001225091000 185221092000
005159219076 192162228000
032109016188 192240124000
005139210000 192156000000
005057248000 192223030000
004068037227 192227188000
006016208000 192178069136
004008020031 192172225000
016001121000 192065071000
001255080000 192231189000
005062036000 192178070028
001208114054 192057098000
012206180064 192210009000
002056175000 192178253232
005062020033 192206220000
018067146000 192055217000
015092208000 192178074034
013226183000 192178045201
001079016000 192109235000
005196163000 192008112000
005196238216 192233195160
012029129000 192111001000
002021127000 192187019000
008029231126 192240156128
014102085000 192016155032
004036042000 192230115220
002017039000 192062192000
001233000000 192147246000
005052000000 192122175000
005083128000 192052000000
005135213128 192178158160
008029109009 192016177000
004036040020 187031004162
009134016000 192170054000
003165188000 192178251184
008222064000 191101134156
002021175198 192165248000
004036040240 192140056000
008026108000 192221180000
005059034000 192138210000
004016053128 190153169000
015230069064 192178075082
018065061000 188162000000
004025024249 192208001018
004068068053 191233048000
002056103000 192108051000
008009195000 190086057128
002018078000 188124028000
005042210000 192178244112
002056110000 189249000000
008029216000 186080184000
002023103000 188003106000
013227119000 192231166000
001208114040 192040239216
004069235191 192190247000
004068039216 185194186016
001009241000 192131135000
004068070160 192040187224
002057060000 192147059000
003175120000 192233192214
002018031000 192145204000
012013032000 192185064000
005154156051 192178074237
023038242208 192103252000
003175204000 185142187000
002021060000 185085104000
002018212056 192230115237
034143126064 185138141020
008061000000 192178106232
004002133248 192178068156
002018213036 192036021000
002189056000 192199184000
005159219032 192233203000
008049216074 192100166000
018164248000 192178097048
023133022000 192178121085
020049128000 192065050000
020209146000 192016193000
005196180000 188114213120
001213112224 188072006064
013107057000 192189162000
003003002000 192188132000
003033041000 192086136000
005254119000 192108024000
003173173000 187031004000
008046224000 192178073240
012180000000 192178111220
002188022000 192185160000
002017109028 190130125000
005151102000 192178107044
009008000000 192178081051
005045181218 192184032000
001081080000 192207044000
003160000000 192207070000
013105185128 192226096000
008242240000 188209159000
008029109096 192035253000
017078054000 185186168000
001236216000 192101199000
001023172000 192195212000
005160200000 190242133048
012008054000 192177172000
008023112000 192178086010
002017110073 192121215000
023074176000 192185082000
013244208000 192166216000
004015021040 192008147000
001179113024 185233124000
023128014000 192109036000
005175214000 192178248018
018065076000 192178083222
020209118000 187249050072
003169036000 192019188000
005154154124 192067036000
005035122000 192030032000
002255251236 190011008000
008242172000 192193135128
005189222000 192033185000
008244037168 192197175000
005159218083 185081052000
005042209000 184155224000
005083240000 187189210000
005183037160 192218092000
005062085120 186067144000
008035004000 192178108204
004068070048 185229080000
004069064020 192041096000
002255249189 192139128000
002255254122 192203081000
008048246208 185093105000
001022020000 185164044000
003172104116 192187130000
001232008000 192001122000
023138049000 192178076039
001186093031 189221144000
005188084000 192102210000
023215052104 192178080218
005059120000 192101141000
023079040000 185235186128
023038241072 192160183000
002018215113 185108015000
004037156000 190122092000
001230104000 192207218000
013034095000 192198068000
005134208008 192186142000
005187089000 192077218000
005053000144 192124122000
005232160000 192178046228
018245119000 192233198000
005035160135 192104147000
008244136004 192165069000
004038229204 192049132000
012011216000 192192049000
013111200000 188095151000
002058097000 192233197216
005032132000 192178073112
005200030040 192069192000
005059116000 192178105120
003033056178 192069096000
015248002128 192178252136
005053180000 185177229000
008035030000 192189075000
017248232000 192149116000
005183211132 192124160000
001079192000 192198172000
005196167000 184104231176
003004015160 185115166000
005196101240 192233192216
005135054192 192190255000
005062059049 192178250162
004001112171 190007068000
002255253124 192178121093
008227088252 185138017136
013021048000 192193243032
001208148012 192178173000
002059078240 192205200000
023151144000 192055121000
024055096000 190150200000
020033036000 192178099140
023036164000 192178046120
005255148212 192067108000
002022220000 192189208000
003175126000 192233193040
023246060152 188126030000
006042242000 192071168000
023155250000 192096248000
004042073160 192134132000
005135059056 192122237000
023130237000 192162028072
013224026000 192188024000
003165045000 187111080000
003165187000 190098250000
001178198000 188165132014
005062047128 192178081192
002021036000 192178044098
023056137000 185242156000
002056116000 192178068012
013105187000 192178097070
005253206000 185108048000
002153000000 192188142000
004068111182 185238242003
008245009064 192153162000
008043044000 192178070123
001009241175 188165136224
002019016000 192075067000
003173203000 192074130000
005175224000 192026196000
002017109032 192188091000
005151123000 187061104000
002017110208 192178121202
006044196000 192226000000
003032000000 192178096208
002255249119 192093053000
002017111214 174142138192
005155000000 192036034000
027062064000 185203136000
005057019000 185249007000
008029230222 192080052000
002255253096 192008176000
005175190220 192025079000
014056128000 189090002000
001208106128 190057224000
014207176000 192216094000
005196109052 192055229000
008030201000 188114214128
001237000000 185241204000
005255154000 192197164000
005196104128 192132208000
002189032000 192223248000
012097128000 192178096242
023172036000 192042122000
004069216192 192178070156
001009241168 190226036000
005008224000 192223244000
004068111163 192150072000
005172177192 192006168000
023173242000 185247176000
013105191128 192149202000
005062060108 192234177000
023089065000 185225164000
004015021059 192241109000
005200030164 192110016000
005135251064 192101010000
020143132000 187251002241
005056048000 192159128000
001023071000 192109147000
008044160000 192197246000
004245128000 178156092000
012052056000 188255206000
001208145248 192178120211
004059213192 185159184000
014102024000 192065254000
013034151064 186209154000
005200030110 192178253140
023089155000 185184150000
005183038240 192229000000
023255019120 185190176000
023255030136 192008220000
001227198000 192178110132
023040016000 190185140000
004015021044 184104210072
005134032000 192178080208
013105018128 192178080180
008045151126 190150184000
005231081000 185176193032
003172009056 192126044000
002255254212 185234254004
003172036000 190098170128
005023065240 185251248206
023103134224 190116136000
001073080000 192071062000
002078047000 185228032000
008042125054 185224056222
002056243000 192178247104
023255076032 192231127000
008047150124 192091161000
005083140000 192178083096
023075080000 188247160000
006132160000 192058119000
002059108000 192178253240
004068072208 192178080112
004068063153 192230069000
004031208000 192187003000
002017172000 192178071080
017000017200 192178245032
001199000000 185084124000
023103155096 190227162000
004069218104 192197206000
023048236000 192153035000
008040142000 192234088044
004068062130 192077103000
002000000000 190159040000
002019007090 192136037000
023145194000 192178120249
014121000000 185134248000
005159020000 192176245000
018064200000 192111086000
004068072141 192050058000
004039102201 188130252000
023145152190 192183180000
004001115187 192122220000
001208169006 192195110000
017146000000 192234133000
004016051112 189001072000
004001117120 190150071000
002059176000 192190240000
002017203128 184104227224
002018000000 185094195062
005175216002 192040095000
004002133092 192178029022
003004012014 185178036000
023155026000 191128032000
013034092064 192178028154
023160076000 192178071088
004042000000 185176196000
032060103128 192222017000
008038192000 186234254000
004030192000 185127164000
004038229232 190146181000
023058137221 192135217000
002021175104 190098179056
002058216000 192061246000
003168159000 192109041184
001073078000 192233196102
004068106128 185077136000
005255072000 192178078060
002255249108 185176172000
004069207086 192198148012
005188128000 192049088000
005039011029 192234012000
001194192000 192243248000
012155036000 188214030000
002017109140 192241024000
005101210128 192109224000
002057156000 192197122000
013034011068 192070178000
013104254208 192109198000
005056020072 192178068000
031056105000 192150222000
004242000000 192066005000
005159197000 192152176000
004068038128 188121048079
002057036000 185155173000
005002096000 187249000216
020135048000 192003069000
002019007245 192157158000
004036040024 192178111001
023146088000 192178098123
001231020000 189097096000
004015018066 192231063000
023012041000 192178069106
023135104000 192178158030
002022116156 192076146000
005252252000 188165017032
002094008000 192195148000
002056139000 192231068000
023169002000 192121168000
004002133252 192238016000
017233224000 192102167000
005057080000 187190176000
002020208000 192178104250
001208112029 192139028000
001237160000 192008248000
024110086000 192178240080
001208178181 190084224000
005183006000 192244240000
004125064000 192100020000
005252244000 186026086000
017001169000 192178255228
015177107000 192150040000
001213150160 192071010000
002019005192 192086023000
032141000000 186013254000
009144250000 192119008000
005008044000 192178251179
004025016000 192223241000
005003030000 192178250156
013107195032 190158128000
003164205000 192084005000
005077044000 192162080000
013106239104 185244172000
003171195000 192223141000
018154135000 187249006008
005011010176 192178241080
005252184000 192091154000
001208148118 190098158008
005187121042 192189148000
004059234064 188130163000
023033168000 192148224000
008046096000 188255170074
012071192000 192178074168
001018128253 192099160000
012155040000 192052118000
001010008000 162014005160
005034244000 192019244000
008227089033 192178104228
005196253000 192209062192
002017109240 192081185000
005102184000 192041147000
012196120000 185223104000
032066000000 187108064000
001024000000 192178097064
005226149074 192178072200
004034109128 192088083000
005196168040 189203080000
001209082000 185230012036
020038032000 192206022000
006072160000 185047010000
004069207085 192094202000
023166192000 188165064160
008038174000 192073014000
005062061105 192229087002
008007208000 192207168000
002017111156 192178107084
032114105152 190086095224
004068074032 186226000000
001007246000 188114218144
001010016000 190123016120
001208168074 190215104000
031193232000 191234016000
008017228000 192073217000
004001115194 192012064000
003164156000 192178249198
012041122000 192145000000
005139000000 192160231000
005003062000 192104056000
001028128000 190220096000
004068111209 192178096080
004002133228 192094108000
008026040000 185251055192
005187070000 192197163000
023007096000 192178096083
005062059084 192031026000
002063168216 192035222000
002188230000 185137083130
005104060128 192158235000
001009244016 192159016000
023183064000 192149043000
002255249160 192076004000
023057111179 192178242164
013108007252 185242053000
005011008131 192084014000
004068062253 192078240000
005062061102 192148254000
012014158000 192155056000
001240016000 189220208000
008046082000 192178250150
001009071010 192099146220
005062062204 192173074000
008006220000 192189164000
001182000000 185253121056
005144033229 188255171000
037143145000 192178071136
002057172000 192233207034
003164240000 192178072220
012007200000 191237244000
002188248000 192135094000
005183200000 192154063000
004069170049 188125022000
003168255000 192178070244
004068038010 192190039000
002056158000 185097032000
005077062000 185234248000
005191128000 192178120144
012206215000 192193224000
004068062088 181213000000
008033178000 185142080128
003173250000 192161161000
001007143000 192178253088
016007044000 192178071078
023076144000 192132209000
032058208029 190103120000
005053126000 192178097060
005062063056 187249174128
018099160000 188231100004
002018040000 192177031000
005063192000 190232000000
006064024000 192178243102
002017251000 192155152000
005164016000 192147141000
004069218109 192091177000
004069170134 192237098000
005053003058 192141184000
003004015032 190089012000
001255079000 192121112000
001222224000 192173028000
006073224000 192208160000
002255251255 192112210000
005023018042 192178081121
002021175223 192178244210
002021007000 192178083244
001224032000 192152018000
004068037014 192080017128
002188072000 192157165000
001209200000 192178254226
001028016000 192187005000
017067204000 192070091000
001037069232 186178240000
005104184000 192178106060
015230120000 192100170000
006048128000 191235192000
023215052065 192178081136
001037027000 192153024000
013105152000 192243080000
023129009000 192176222000
023137088000 192112156000
002019005158 192178254240
004068037047 192033241000
004079108000 192137132000
001032212240 192193022000
005039044000 192042140000
003005164000 192241100000
002018215160 192194162000
003004012050 185212075000
001178082000 187189058000
001021224000 185201109000
003164048000 192091202000
005188231000 185191120000
001011128000 192188152000
005056017160 186235160000
005062044136 187159064000
001023124000 192243104000
002058240000 186002170111
004025024250 192178072164
012180187000 192003104000
004068127224 192139136000
005083160000 192129062000
003163036000 192178249216
004038229055 185249084000
002255182000 185076025000
005175173000 188120253000
002022053000 185231228000
017077124000 192188034240
001004002000 192048139000
005157053000 192077176000
005160012000 192052068000
005135059072 191096164000
005181219000 192178245048
005180174000 192238011000
002019006128 192233205156
004069208207 192118000000
002016248000 192178249100
004069207077 192147032000
004068070194 185246216000
013032164000 192069088000
023012038212 192178109212
005231072000 192147008000
008021048000 192218192000
013035080000 192157026160
004068038018 192146252000
005059170000 192231036006
002020248000 192178029112
012181240000 192178084048
020033194000 190108020000
002023165000 185219248000
008245048000 192171089000
005134087000 192178255194
005187127096 192219028000
003002084000 192111083000
001238022000 192178107188
023012160000 192218132000
004001115096 192077070000
002255249022 190242158000
001179112052 192231036016
003168244000 192133010000
008244037000 192137212000
008224160000 192094050000
001022004000 192233204102
008014132000 192231176000
003175253000 192178070076
008040118000 192102253000
015177016000 192137196000
008047150216 190096096000
013105165064 192165231000
005027000000 192178254214
012039000000 192178075084
002255252236 185192100000
013105060000 192172252000
005062047154 186021000000
004001115160 187176186000
005062049100 185162255000
013108001241 192178071180
003162241000 192076169000
006126020000 192178098012
005196249000 192083115000
005061216000 192049173000
015248014016 189218189000
002021175150 192178245152
001208148119 192178170000
005035160114 192229144000
003166240000 192119172000
001028041000 192154230000
002021175074 192241092000
003167064000 192139022000
008029231192 192126048000
001252192000 185213088000
005044100000 192178121068
001022240000 192178086053
003169052000 191240192000
004059177192 192088178000
005135058000 192190034000
005253039064 192178240238
001208112022 192178241232
001007240000 192231071000
001032220000 192149003000
002059202000 192188102000
002255254066 185221016000
004042074080 192068024000
008022136000 192108127000
001001128000 185045010190
006070044000 192147230000
001193188000 185159088000
005062042056 192209017000
002020110000 192152103000
008023224000 192154094000
014053178000 188234192000
002016163000 191096230000
013104186016 192178098125
003164014000 192178254028
005062059233 188138067000
005016032000 192169108000
004068075127 192112160192
004053211213 192210216000
001232013000 189217176000
012050128000 191037255000
005180179022 192178082084
001022050000 192234127000
001050000000 185203220000
004069218152 192178110200
005153224000 192112230000
005056019122 191096196000
008022072000 192093032000
014063186000 192207003000
017093003128 192207214000
005045180000 190216238000
023167018000 192160157000
005199248160 192178110004
005144178000 192043199000
005183038000 190060056000
005056018016 192173113000
004068127216 192231026000
005135207000 189221158000
015230095000 192193011000
023061250000 192121001000
002255254037 188136130000
005254080023 192231238000
005187114016 192234216000
004069170002 192085184000
005135069000 192124002000
005189218000 192178044136
002255254100 192178071114
002015128000 192176238000
003168254000 192155016000
003165224000 188213242000
003172053000 191243244000
005035080000 185186056000
008038023152 192178120196
003164172000 192228123000
002019007102 185240123000
005199057000 192190116000
008003032000 192178106106
005178044156 190124064000
013032117000 192178086098
038121064060 185064084000
004068072129 190123016187
004069143161 185166128000
005196109050 192155098000
017088002016 192178108159
005045062024 192166156000
008002064000 192178082247
023255004056 192178248188
005062085029 192085241000
013105015108 192178069056
005062044192 192209026000
005196104120 192178247038
005039017096 187156000000
004001117020 185121008000
003173252000 192133184000
004031102000 192188174032
002189244000 192176064000
005144084000 190123016080
004015157000 192126022000
020044128000 192153005000
002063168208 192156184000
004069143192 192166204000
012164114000 192178086080
002056149000 188132217000
017148000000 192012222000
003003003000 190241017000
024206099000 192244076000
008035096000 192226078000
027131060000 192178110188
001208112248 189085132000
008003076000 192109254000
023148021000 185209096000
023026110000 187251002128
005056017088 192094035000
004031212136 192126024000
003161018000 192178070086
034119195000 192109041248
005175228000 192186004000
004002133072 192178069168
005182140000 190124104000
004068127186 192147214000
006243240000 192012077000
004068127002 192178105246
005062060206 190105164000
004068038210 192052199000
005105007000 192024095000
001007136000 192166137000
008038128000 192005099000
005039104000 192150095000
001241064000 192178106248
004018040192 185250118000
004059213144 192086230000
004019072000 192178240064
004043000000 188094212000
017069174000 192139140000
014001100224 192195068250
001208147169 188231147000
017000015088 192178097112
005253052000 192184016000
004059180064 192231036224
002058048064 192234224000
005182017000 185155207000
003175028000 192031173000
001208147172 185207016000
002022016080 192066040000
004002016005 192124020000
005255148209 192237100000
005053005188 191101191000
023215118000 192233207192
008029231198 192243254000
005053002000 184105065219
014148156000 192080016032
020154000000 192221179000
005083168000 180117226000
002018214080 190098141056
002021004000 185139247020
005056132000 192071043000
013105085064 185080096244
003166200000 192233197088
017000013128 192131244000
023103137128 192190048000
012096000000 191036236000
002255249224 192132106000
012001064000 192207114000
002058048167 192132035000
001213113064 192101186192
005062060166 192124114000
008039016000 192160103000
008029228060 192147084000
005104192000 192223140000
002058132000 190182176000
002022018128 192178248068
005135235000 192177058000
004069235048 192176247000
005062042028 192188106000
004068072064 192178110042
023140161000 192071045000
002057064000 192178253116
002018092000 190053159000
012029144000 185179108000
005001042000 192237095000
004068070100 191237194000
003175092000 192104072000
003173208000 192103107000
005032136000 192231024000
005057040000 190231000000
005104060098 189184032000
001195128000 192216204000
013248101000 192232097000
003004012049 192145040000
005231115000 188064224000
005181099000 185036077000
001018128192 192129090000
005039028176 192176025000
005144032231 192229238000
001201064000 185153181000
004068063054 192230074000
005062086000 192054221000
005231248128 192178099034
023057098130 192178029004
003161118000 192076116000
006134192000 185196221046
005175213128 188210092000
004001114032 192054240000
014022066000 192106194000
008045151184 192178084004
003165091000 192149093000
017087136000 192068174000
005083220000 185152091000
004037154236 192178029048
001208160000 185048000000
003173214000 192150205000
023027052000 183238020000
004068039078 192178122216
004033130128 191096199000
003162148000 192178249172
003165040000 192243216000
023091005000 192178097236
002255183072 186083012000
002056192000 192031109000
001209208000 192135089000
003173213000 192165075000
008029230120 192104181000
004068074036 191096129000
008012120000 191234080242
005181185000 192151177000
004016048132 188241080057
005062060028 192077188000
002022250000 192142018000
008026124000 192178097126
001119128000 192036097000
017000001168 192040168000
005062085081 185050226000
005063000000 192122004000
023038241064 192178110212
001075192000 188173192000
001083000000 185118141000
005202112000 190098170124
002022245000 192178249181
005062034008 191006210000
008020124000 192031024000
032114106004 192241092016
003175026000 192178111186
004033139211 192231108000
001078120000 192178242182
002020179000 192149042000
006066080000 192139221000
004069207000 192245031000
008042062000 192233195238
002132000000 192178086129
013034215064 192178105076
004068070010 192157184000
004016051072 192163005008
017030005000 192233193086
017000138000 190076252000
005202084000 183091040008
008041130000 192139034000
003169094000 192041184000
008033205000 192163005080
004019075224 189149250000
002017121000 192133246000
023255048176 192228088000
002094188000 192056056000
002255249043 192238208002
003004128000 190053046000
005056016160 192230115219
001038232000 192189202000
005001041000 185245094128
005061026000 192178243095
008019244000 185243214000
003172104105 192178080226
005139224000 192173010000
005175172000 192178246052
005199248128 192166100000
023045019133 192238209132
005254121000 192178243092
005188044000 185144072000
003164253000 192146164000
004016054224 190123019032
036038064000 188064248000
012022160000 185194056000
003160160000 192189098000
038032056000 192166050000
023255054160 190182240000
005062043124 185205120000
002255254043 185154172000
004068106124 190087169000
008041103000 192233196039
004002133064 192218112000
001011040000 192108194000
002021175018 192163005096
002027114000 192081062000
003172081000 185090060000
023148017000 192096002000
005200030064 192188138000
002019051000 192178243228
002021175101 192190060000
008009032000 192178096050
012181249000 192165020000
003162224000 192094211000
002019168000 192158238000
013105249128 192149061000
005062060217 192178006000
001213150172 192214120000
008040148000 185056060000
004069170026 192133066000
005187121202 192231237000
001019000000 192026044000
005134048000 192231036037
008242002000 192056073000
004059176224 192165109000
005227096000 192240048000
008004002000 190098157128
001023056000 188073191000
015158132022 192178083104
002022235000 192058019000
001009241038 192137130000
005175190062 192197160097
004068074005 192103122096
005053005104 192178111054
002063168128 192207207000
003208000000 192223006000
002020224000 192093024000
023173186000 192121225000
012019088000 192164021017
001179217000 192178253194
004068039181 192150041000
002027050128 187248068040
005059057000 192197234000
013034152000 192178109138
004031212056 192178246108
002059109000 192190132000
017000089128 186249223000
004068063148 185054180000
014097000000 192103108000
004068070244 192094075000
005101192000 185220096000
003170240000 192208038000
002058212000 192129091000
005083094000 192153198000
023170204000 192230085000
004001117097 192071245000
002255253216 192178241166
005056021072 192003074000
005181159000 192051208000
005104050192 188255165000
005255148077 192208200000
002019007229 192178240112
012185048000 185174235136
012036192000 192122152000
008034180000 192178086048
003172027000 192070138000
012035101000 192005109000
008049070000 192178106240
012109080000 192031228000
005100128000 192177153000
008039044000 192178252240
004028143104 192178030000
005062059048 187124064000
004031212112 188214106084
003175206000 185212248000
001007096000 192189193000
006066000000 192178246146
005057039000 192190181000
002018214104 192150145000
017248152000 190250000000
001074000000 192197173000
004037154218 192178083204
012025152000 192154253000
005045060000 192178070178
020190150000 192178106080
013107195168 192216144000
005143183000 192041170000
012192240000 192178107181
001023076000 192115232000
005083088000 192175223000
013034157064 177052072000
013034012192 188162189000
004068062036 192175068000
001020000000 192035173000
001032234024 192211040000
004053192000 192068233000
014207140000 192071060000
004010000000 192243120000
023143024000 192231029000
004033139066 185221252000
008004226000 190124064024
002057152032 192178069224
002019005136 188164212000
013106232040 192238220000
002018215124 192033080000
001237248000 192245020000
008044087000 185141200000
008048241240 191007096000
008244034000 192186190128
004031214208 192052110000
005045194000 185175208000
005023010000 192071114000
003005076000 192197158000
012207183000 192083207000
005196203000 192193176000
008029228245 189194160000
005194192000 192236070000
002018214140 187087176000
003172096000 192073001000
005010127000 190014006000
004068072080 192146014000
013153000000 192166072000
001032206000 192136007000
038111108000 191109160000
005011010192 192052204000
003162062000 186015148000
008227131000 188213072000
002018212144 192178248174
002189248000 185255010214
002019007032 188121048013
008047086000 185248148000
008038018000 187190048000
005062061061 192036055000
005187116154 189221235000
001039208000 192178242250
004002132044 190159052000
001178199015 192043209000
032112163096 192132218000
005053004203 192206069000
005023065064 192196156000
002059032000 192109040000
004042032056 192238221000
005135049181 192175125000
002255251248 185081224000
004068037176 192206023000
001208148062 192178108178
004069231254 192178075170
008029109131 192146096000
014001100144 192146255000
002016132000 192121076000
005196248009 192232002000
023175040000 192160229000
005062060194 192241085000
005187107000 192200192000
002255254220 192166124128
001193212000 192178111050
004053248000 192219232000
004042073110 192165252000
005181020000 192138013000
003004012002 191223160000
014206054000 192188014000
004069235064 176099160000
031215000000 192170192000
005188204000 192160012000
005196104124 192082240000
003160100000 191128080000
012154158000 190036000000
012207180000 192111143000
004071153064 187189191000
012045168000 192075200000
002018232000 192233196092
001214074000 192234040000
001009244088 192177083000
003172043000 192210253000
005059196000 185027176000
005196109044 192058122000
004213248000 192206226000
006148113000 192058181000
020231151064 190130096000
014001033096 187086112000
013106232004 192070212000
005062060042 184183000000
023012033095 185226183084
005175217064 192126002000
003002041000 192178254112
001022035000 192160030000
012219000000 192240135000
023160168000 188072023000
005196097000 186046248000
032112162152 188165002028
020150048000 185098040000
005062043112 192080016069
034143101128 192206106000
005059216000 185239224145
002022236000 192178118192
005134066000 185176193031
004014157000 192040239144
004068111144 185225022000
008052206008 192147169000
018239078000 192188194000
008029070000 190103103080
004068062083 192065185003
005183211014 192178252208
003004012043 192178109040
014001051016 192133048000
001255064000 192178080102
004008020026 187214005189
001022212000 192075071000
008038176000 192178242216
008004112000 192210250000
008006009000 190146164000
005196161000 192166148000
002094182000 190123044000
008029109162 192100192000
005039029160 185255010224
003173030000 192178069166
001076088000 185239119000
003172082000 192161001000
002058136000 192052062000
002021175112 192236164000
003163240000 192178110232
001209000000 192237122000
023235151128 192146227000
002188251000 192185135000
002018188000 192178085132
005173192000 192233199176
013110128000 192208128000
002255249025 192229192000
002255254054 192178075000
005135086032 192152058000
001022210000 192178252176
004015021120 192187032000
005039011012 185025028160
005035160095 192178250196
014001100184 192178105130
002058060000 192178106004
005059244000 192178254250
004069064032 190054006000
004001180000 192118060000
012026002000 192178028097
005039009192 185212073000
005159022000 192042255000
001209176000 192234131000
004036129128 192178105184
004068037170 192188174035
001009244000 192122182000
013104158016 192178073255
002188228000 192178093128
002056146000 190152063000
002027032000 192229109000
004068070024 192218240000
002017206000 192178099196
004015018160 191097097000
002020198000 185239119064
005059229000 192121026000
004068072089 188240220048
017000113056 190084115000
013034049000 192178121072
008023240000 191214128000
005175190142 192054194000
036134112000 192178078144
023255006192 192093144000
002187128000 186084104000
005062016025 192178045208
005196248020 192178098016
004068063008 192178078064
002018088000 192166248128
003161068000 190147237000
008243204000 189247051253
001007003000 192019173000
005010218202 192109216000
002017108072 185148112124
001011016000 192160134000
005044191000 192178110114
013017133000 192176237000
005255148004 190103105156
013104100192 192223198000
001030064000 192104078000
002255253170 192178029192
005188126000 192233206164
004031209160 192100056000
004059176002 192178085112
003004015152 188136200000
008026125000 192178244078
023140146000 186219192000
005011010224 192075088132
004068111162 192121064000
002019007220 190211148000
005062059128 192209026009
005253135000 192232069000
005253037000 190210204000
023002208000 186211236000
002188032000 190006162000
004016054183 192233193248
023209101000 192203233000
005056021054 190068000000
004068073063 192178086052
008029066000 192232183000
003174236000 190098145000
004053244008 185232114000
023063072000 192086014000
005135059176 192194161000
005181048000 192036247000
013106158000 192107043000
005057247255 192105206000
002015194000 192073192000
006130038000 192234208000
013106174064 185081190048
001236000000 190242016112
013104105192 190098133040
027123212064 192178110053
008245000208 186250155000
004042033048 185183048000
023026100000 190103125008
004068037088 192026084000
005252164078 189050032000
004016052051 190146078000
008227135208 189149096000
004068038244 192092138000
004015016064 185071240000
005083155000 191102244000
004034064000 188059251000
005187111064 192178097238
032115124074 192160170000
020095049000 192117240000
005231253000 190090040000
008243238000 192219004000
020132176002 192016205000
001031224000 192176140000
005062060029 192107008000
018064194000 192178099065
008029228066 192030120000
002017109236 192165185000
013248115000 192019225000
003169032000 192152154000
004068039032 188231100002
005188237134 192206110000
014102030056 192178241032
008042252000 192156108000
008014200000 185156131022
005189016000 192206038000
001179228000 192120010000
005063064000 192178242104
005062138000 192178096056
003002033192 192088186000
005135059156 190030243000
002058048147 192040016000
012206214000 192140232000
002021175252 189237000000
005053001224 192148175000
001209160000 190084168000
017189112000 192075141000
003033048000 185087212000
002019006140 192177188000
014056156000 192054184000
003008000000 192188057000
004015021180 189198160000
003002034064 192178106102
002021168000 192178069188
002255253209 192140088000
004247000000 192127094006
017132093000 189219088000
005059088000 191096189131
014112000000 192163000000
004016000000 192088220000
013034001096 190182188000
004068062006 192068142000
005180027016 187041020000
005010195000 192195068184
020072000000 192175004000
008029231128 192228098000
023147152000 185255232000
005011013083 192243088000
020209242000 192230072000
012040000000 188128015128
001079006000 192234245000
008245009100 192178253130
002057088000 188064082000
002019006157 190113115000
005181144000 192178107040
002018062000 190098148112
023255027224 192094243000
002018086000 185242177000
008010163000 190110100000
016103192000 192236006000
005188225000 192150024000
002058112000 192012130000
005035160104 192081171000
023235056000 187249076168
013020140000 192056239128
002187248000 192178108096
005062058016 192178107080
005135071200 192133129000
004028142096 192177158000
005062060240 192190153000
002019007235 192189067000
005175190046 192178107164
014001060000 191187128000
017084144000 192178254049
001076064000 192135086000
017000001108 187252011128
004069235040 192178110148
003003008000 192203150000
005042211136 192178108072
008037058000 187043000000
004037154220 192012175000
005154192000 192223199000
002021175072 192178038000
020038208000 192106192000
005175070000 192178240186
005101136000 192103123080
004036040012 192135134000
023235146128 192178243112
001208171000 192206163000
005008072000 192152236000
023012033064 192100130192
004068036224 192052168000
002022116132 192197151000
005172177224 192233201115
015158136000 192005032000
008015172000 192088095000
023198108000 186160032000
004036032000 190124248000
002059224000 192088006000
005252196000 192233195128
008025169000 192178243226
002255249085 192188196000
001032248000 190182137000
031169063250 192178248232
001178092000 192233192212
004030160000 192178085096
006073194000 192118092000
013033047000 192178250136
023056108000 192178105114
004015020228 189036224000
017000001127 192207008000
005187118000 192207165000
005062060252 190098179000
005041000000 192124098000
013227228000 192147041000
004028136176 192036204000
002057022000 192193079000
005151112000 185226183120
001203096000 192178255240
013106003128 192178217000
013034018000 192159208000
004068037220 192189005000
002255250000 192080016072
001179113049 192153034000
002016037000 192158239000
003173015000 192233197220
008044200000 185153169064
002058048176 192240157128
013034124128 192188108000
003175059112 192178255018
004042074208 192178075044
005139204000 192178247084
001032128000 192159188000
004069137134 192203112000
005039013234 192237118000
003002032000 190151128000
005042211104 192178070197
004068062032 192226048000
004031215234 192178086172
005104248000 192178249122
013106164084 192120032000
003170236000 190157024000
004068127007 192187012000
004008020027 191052173000
023153244000 186026076000
004068024000 192207031000
002027050064 185205207000
002022156000 192100067000
013107195056 192120009000
002022176000 192189056000
034143113116 192178082070
023249055152 192152010000
023210094000 192205128000
005188063000 192171094000
004069249043 192236005000
005039255000 192054043000
004031212032 192210162000
005181018000 185244036000
002018213168 192092132000
023012032236 192196208000
004068037002 190094008000
005062060220 188074243160
002021175083 192154026000
005159238208 192206046000
005180134019 192243089000
001007204000 192067199000
015100012000 190103113192
012029102000 192084221000
001241194000 192071080000
005160030000 192203206000
001032212000 192207076000
023058137230 192141004000
023192208000 192199180000
002058048253 188211064000
004068070211 192178098144
015235136160 192030220000
013107195016 192084212000
023137168000 192195068178
013034010064 192184000000
004068070009 188065190080
004068111152 192050109000
004068070163 192035223000
008005037000 191234080072
002016022000 192101253000
002018212112 192178247120
004071154000 192086026000
001213150192 192055110000
008014152000 192236168000
002021175016 192152250000
004069223180 192178084040
023134141000 192178247114
005056009112 192152248192
004069215208 192082110000
023255097200 192178096068
013105060192 192056239176
005255146208 192233205057
005011013128 192178111000
005129240000 192236176064
001012040000 192178111019
004096000000 190098161000
008042120032 187189152000
003002070000 192210174000
002022116155 192016075000
012012000000 192131090000
008022067000 192223171000
013104107128 192178247058
002023006000 192178072040
001208116000 192198160000
005045181192 185202109000
013105204028 192178073098
005180140004 188211016000
004016053084 189217189000
005180054048 192178111240
005180070000 192178045158
003033058000 190094045144
005196110000 186147180000
014128062000 188042190224
005157248000 192083223000
013017132024 192172000000
012184252000 192178105122
012043033000 192198122000
005255148230 192162028000
005200030160 189074192000
005016192000 176116001000
003163235000 192056193000
008041102000 192160078000
005062061126 192136073000
004059176090 188225030000
003167232000 187214030252
008005006000 192178105178
006071224000 192042002000
002017111074 190110151000
004031208064 192207196000
001178198064 192157029000
017090128000 192223038000
014004000000 192129000000
023235046000 192067042000
004069227000 192049124000
018165076000 192207143000
002056165000 192160244000
004068063022 191227132000
001008001000 192193046000
004019075248 192056109000
008029109014 192231083000
005157060000 192112208000
004069248224 192165212000
005023036000 188165080000
005053000032 192071182000
002019005000 192178082114
001002006000 192178069120
004068075174 190150080000
023004248000 186096008000
005183088000 192178070118
008244064176 186247208000
016066000000 188130208000
001208000000 185240252119
017001092000 190114167000
005062061081 185238243000
005200030080 192214160000
002255249035 185137048000
005063019000 188003160000
012007152000 192081149000
020157230000 192139118000
005255148081 192178029248
005062058242 192209026014
004015156064 192178244016
003161066000 185240028000
003173226000 192185159000
003143020109 192209026002
003176000000 185218216000
002022116130 192178068146
004042035176 192197160021
001194096000 192065153000
023193212000 192178243028
012111244000 192134080000
003046000000 192178241228
001037088000 192244202000
015248005088 185121240160
001012016000 189194224000
001037034176 192178245192
023162146000 185045008000
001178174000 187228020000
013106167128 192210222000
004036064000 185168141000
005180132075 192077009000
005002094000 192161072000
005255146180 188255152000
001208179168 192178070232
023000248000 192115251000
001178204000 192178070003
005044052000 192236234000
023173164000 185195018016
004030184000 192189172000
001018064000 192178105252
023142252000 185204228000
023019054000 190084006000
002255249190 192178081039
002255249175 192229024000
012171244000 192234229000
004016049238 192178252056
001038224000 186182248000
005200030008 192225000000
002019006038 192215203000
002057016000 190152251064
002018214084 186082148000
005187109028 192189088000
023046240000 192178241150
004069231028 192177072000
023046031000 192172249000
017056000000 192178029160
004031212036 192190077000
014056144000 192178073208
003166008000 192065183000
004068063150 192208204000
004069217224 192240116000
005056043000 192000060000
005062034048 192033192000
008020000000 192200048000
003163148000 192223010000
004069208202 192034117000
002021228000 189221163000
004188000000 192158248000
004068072104 192153251000
012049048000 192178044226
013106164056 192184008064
003161008000 190103160000
002058192000 190210128000
023011212000 192178244236
002063156210 185245118000
005181021055 192199040000
005149208000 178021153064
008015230000 192122248000
002022022000 192147218000
004001112100 191253056000
008029231064 192094052000
005045192000 189218166000
023032062112 192178252032
001208147192 189247197000
005104208000 173243096000
005130000000 192036139000
004069235190 188064052000
004031214176 192241016000
005159218119 192092024000
005187116024 187251128000
005183154000 192178085122
008037026000 185054229060
005160028000 192139141000
002255251020 192135170000
008036044000 192084160000
005188038000 192035085032
003100000000 190146136000
004016052056 186002172000
002255248030 192178108080
004069170108 192083192000
002016014000 192193052000
004069171028 190114176000
002018246000 192189059000
004069207092 192162176000
004069218111 192193222000
003164076000 187188151000
004068038208 192178111168
004068039071 185254188000
001032234016 192077116000
005035168004 192178243004
005248000000 192203232000
003163247000 192156109000
034143109176 192111251000
002255252232 192088038000
015020064000 192234044000
013104063128 192150240000
002056152000 185190011102
005053005118 192190208000
005196203220 192218096000
013034001161 185146249016
005062063212 185091009020
023103132224 192178245156
008036226000 192229248000
037236250000 192178096198
006065130000 192030098000
003161240000 192160199000
014128061000 192197089000
002057152016 192178075171
002019004108 192178074128
023250096000 187249015160
008023091000 192178107032
001022184000 192077106000
002021175080 192178249068
001178088000 192073250000
001032216000 192178109234
004069238242 192178108008
004015156040 192068175000
002018116000 192151089000
002016002000 192206252000
004069220024 192012120000
013105223012 192178096032
002108000000 192178120210
020041128000 192178251062
001023204000 188240220128
004069220224 192136040000
004068037010 192178240156
002057153016 192244204000
004069231251 192240153000
002017193000 192198148032
023212001000 192171107000
002255250008 185100209192
002016035224 185186064080
024216146000 192189232000
001235140000 192178029152
004001114176 192149056000
002056160000 191101063000
024170217000 188209117000
002018020000 190147062000
013034032226 187060024000
005183148000 192178121162
002255251242 192178107228
005104202000 192178254216
023142054000 192175080000
002021014000 188165025053
005160164000 190054182000
005196158016 190111108000
003004012013 185182158033
003033057112 192178255044
002023105000 192133176000
001009064000 192178251026
017079254012 192178255108
008029230157 192094221000
005062085090 185209120000
004068062161 192056135000
023147124000 191128027000
001037076000 192231215000
004068062127 192186002000
008028150000 187175227000
013093000000 192071023000
005062085200 192077016000
002056251000 192178254212
003163239060 190220060000
004071153104 192209062234
002057152002 185087064000
004069248192 185175016000
004020128000 188042084000
001039008000 192057032000
008244132000 185237192000
003174184000 192203200000
023142200000 192166004000
004068048000 185035143160
004031214184 187110000000
005182152000 192072113064
015197038122 192120224000
004026192000 192165092000
005250254000 186250080000
005053004184 192078096000
003162091000 192137208000
008052233128 192005021000
001118004000 185249172000
008048242064 185113021000
004059214192 185192160000
001208115248 191156018000
001208114036 192178105244
008003080000 192051172000
001037024000 192148195000
003005146000 190123016228
023147014000 192135250000
018068048000 192178045142
023033188000 192184010000
003175152000 192008208000
001071168000 192208001032
004001112064 192151124000
006033080000 185248032000
002187254000 192178106072
014041003000 192076249000
002017109000 192083198000
002255254109 192100160000
004068127148 185194187096
004069247192 191020000000
002023005000 191144000000
004001117073 192091234000
004037154064 192232016000
002058048040 192178120218
001235000000 185221172000
002020184000 192122217000
023219160000 192075189000
032112137051 192178087026
023103136000 188172210000
001002003000 192203038000
001230200000 192129040000
003162096000 192207019000
004014156000 192178107192
003033064000 192174114000
004068039225 192193067000
005011012112 192212016000
008036160000 192178074000
004016053174 192198132000
005255148255 192178108176
005135026167 192197191000
013106164080 192178105100
001208147190 192153185000
005252160032 185187154153
005062130000 192208001072
004069220000 192178109066
020157039000 186096005000
001018123000 189084100000
004015021176 190122188000
012167076000 192163028000
005062061236 192229211000
003170223000 192012233000
004001114012 192234226000
002016064000 188254056000
001018129000 192156250000
005252108000 192228104000
023255084080 192178241154
005135059246 192052066000
002017109252 192178075205
004008021000 192065079000
004042035048 192101092000
002059066000 192147247000
002057112000 192231168000
003172104120 192195254000
002017038000 192138131000
004068039226 192178204000
008029231169 192150004000
005254030124 192178254106
005011013114 192219088000
005034016000 192178241112
002255183064 187077192000
004069136219 192195111000
002063234056 192055076000
023135145000 187041181000
027050052080 192178244076
002023226000 190009076000
023044032000 188255140000
008029109083 192232098000
004015021036 185180060000
014052137000 192178107082
002020030000 192178070112
005159217224 185025028050
004125096000 192031181000
003172026000 192233193240
008052198009 188235128000
012175119000 192071233000
001007203000 192070203000
012000000000 192178111090
013248069000 192138087000
003165240000 192178085164
001238010000 192078154000
004068070159 192146112000
005230009000 192203241000
008004231000 192188174064
006066138000 190002203000
005001096000 188128126000
002188077000 192082215000
005035160150 192227004000
004001114200 192188084000
008029192000 192178080136
005196100236 192019152000
012111224000 188172211000
004146000000 192084107000
001022052000 192178086017
003033044000 192050069000
027254120000 190111000000
002016093000 185199084000
005154156048 192172192000
003163236000 192142059000
008038035000 192149088000
004031212048 192031042000
002019006221 192081152000
002018080000 191234084128
005234208000 192232012000
001073000000 187161168000
005053003066 188064099000
005035100000 192019140000
004031000000 192178107120
013034013196 190103144000
002027235000 192150227000
005062060134 192190019000
004069202128 192178247036
013017224000 192012116000
015221158244 192138109000
001071016000 192064144000
004068110041 192178253214
004071175128 192228084000
002180192000 190152040000
005183162000 192178245040
005056027000 192178245108
001028048000 192141220000
023043176000 192223196000
005231104000 192031027000
008009254000 192178085066
004068037228 192139019000
005187116224 192035040000
002022048000 188162152000
005133110000 192178255092
008225249195 185115242000
023137218000 192131078000
005053007008 192178121066
012199030000 191252000000
005101144000 192177160000
012204000000 192178249096
001177160000 192178110054
023032236000 192229176000
008045119000 192240184000
004069218184 192109158000
002019214016 192189150000
005144192000 192100152000
004068073148 192178086132
001073249000 192134176000
002255253244 188172223000
002057001000 185223000000
005022200000 192188036000
012235245000 191101205043
005182244000 192233199212
001009244048 192044067000
005056017000 192053104000
001178198224 192147028000
003166205000 192161186000
017030000128 192230117000
004069172000 192190006000
005180043002 185225005000
003174204000 192031112000
004068062168 191101183000
003163044000 192229136000
013105058000 192198064000
005083130000 192016087065
012175128000 192233206226
004042075000 192019226000
002017111072 187084176000
003012000000 192195206000
001032234056 192203190000
004068070054 192153072000
001208170113 192178028096
008002148000 192136157000
018068182016 185230230000
005255148110 192170158000
001039182000 192100228000
002021175171 192231086000
004042073144 192178029224
002057012000 192178106124
005053000248 192178107030
013032007000 192053064000
012020250000 191101020000
005181004000 185252212000
012041134192 190157136000
005180026000 192112010000
002255249005 185250196000
003161002000 192101193000
004001112020 192178045014
001023024000 192178075201
004068062077 189192032000
002027220000 192231196000
005135024170 192091247000
008029230160 187063102000
004068068021 192204016000
002017107000 192178121112
013108000082 190212105064
001078064000 190123016200
002057023000 185121025042
001213150169 192094228000
023012033244 187188008000
002022249000 192176004000
005132190000 192084173000
002021175012 192233202224
001009245000 192178108023
008004163000 192058108000
005231242000 192178255188
003162032000 192105064000
005062039212 192122168000
005252130000 192132092000
017088236000 192112161128
001224000000 192178242162
002019243000 192151176009
008004000000 191036208000
023142002000 192230115208
005053000160 192178086162
005183178000 192178120209
023184152000 190010068000
004068075072 192178038128
018239124000 191096178000
023132118000 192178073252
004069218192 190220112000
005133082016 192223148000
004068039075 192132099000
004068072210 192231072000
003165248000 192240107200
017077220000 192144034008
004068063090 192149240000
027133224000 192178086140
005053003152 186056104000
004068063085 192084215000
023083000000 192131000000
001179014000 188114095000
023247046000 192178178000
002022243000 192231211000
001213113128 190216162000
023235041064 192236028000
023052092000 192040118000
004069136000 192163168000
005178044176 192102170000
006072248000 189024004000
002017108192 185237102064
002017106000 192067212000
005172096000 185113141126
003170192000 188233000000
008047145064 192044076000
008227073088 185247230172
002018212051 189203210000
004069218128 192178086238
017253122000 192178107196
023059163000 192225048000
004069218129 192207142000
005196100064 192030067000
005077040000 189203139000
015129048000 192121099000
005135059196 188073135000
004059178048 192101048000
014207171000 190002196000
005042211012 192146064000
002255249029 192178082148
004015018036 190212085064
002017108121 192178086137
008048245152 192178045082
005175190039 192100162000
013034007168 191098239000
001032208000 192150148000
005135068224 190187168000
017020000000 185152212000
008015065000 192071040000
013254006000 192178241216
002017110190 190060196000
005152190000 192233194016
001118048000 192008113000
005062059030 192238208032
002057042000 191216032000
024142124000 187033138000
023146216000 190094120100
005035172032 192178069122
008042000000 192186000000
001031040000 192189012000
005180020024 192193198000
005062060084 192093001000
012033109000 190082112000
018154080000 192178111036
023129106000 192177140000
004042074092 192157028000
012017144000 190014156000
001237002000 192043252000
013034025128 192177088000
023181208152 192207065000
005034180000 192178158008
001007208000 192206082000
002255192000 192129036000
005001070000 192160139000
001209096000 192112226000
013227102000 185194186076
013106212000 192065112000
023169216000 192243095000
005022199080 192161062000
004014157128 185242069048
020033030000 188187242000
003165062000 192156135000
004068059153 192163005252
004068039082 192178108208
002017109040 192227096000
005159237036 192121068000
020153136000 192109101000
004068036200 192124196000
004068038037 192042000000
013104153032 192233205076
004068111080 190089034000
005196162128 192178081012
005249164000 192147234000
003161072000 192166114000
003163242000 187177000000
024224058000 192082086000
001231208000 185239143000
014207152000 192178247052
023237140000 192203243000
001009243128 192094065000
005135038128 192110176000
005044184000 192056137000
005104038166 192178122038
013106232216 192031128000
013104047000 192178046096
008017030000 192084221064
005062118000 192178029086
012189136000 192100159000
013034164000 192056108000
005062094000 188240220088
023046014000 192165208000
004068110184 192178085046
002255251252 190057124000
005062047134 190089084000
003002043000 190187008000
002056124000 192139226000
002021175050 192178158032
001037072128 192047040000
017077253000 192235120000
017085006072 192163005000
023145174000 185236228202
004014044088 185175088001
004068062140 188072006162
002021117000 192023240000
005175217128 192103086000
005199000000 192008206000
013035009000 192069085000
008242052000 192178070048
002020069000 185065096000
023140030000 188246160000
008029230253 192189069000
008034114000 185015226000
001010135000 192206004000
005062060062 192237077000
004001082040 192101157000
023255060224 189001164000
002020124000 192064200000
005254106000 192138225000
001208114224 192144112000
001208179128 190097192000
002027036000 192019178000
005083139000 192208114000
008048246072 192012044000
002016016000 192178106188
005135001088 188120044000
023052140000 192188092000
005175203000 192178240024
023045044000 188121048116
003167216000 192206160000
003004013128 192177168000
002018224000 192233194115
004019080000 192132016000
002019007008 192178070130
003175089000 192178252008
002023227000 192096019000
004068070195 192178070040
017084200000 192067155000
008042174000 192206042000
023236000000 192228092000
002255252056 189011112000
003161144000 190104194000
001037030000 192232010000
002023236000 192058204000
008003096000 192230120000
004068075200 192190237000
018244240000 190182214000
012003040000 192203205000
008037087000 188165134016
005148192000 190105200000
002058144000 190196184000
002017203192 185233033000
008035000000 192190234000
008012250000 185255198000
004068073112 192178073196
012008128000 192188028000
001228254000 192034146000
004001160000 192156032000
002016229000 190103108016
003160184000 191241136000
001179226000 192178106092
023026008000 192071077000
004068036142 192058050000
027151128000 190216221000
002016199000 192161188000
002189016000 192163005240
008029228092 191096137000
005150048000 185115216000
023012144000 192064012000
001012000000 188073204000
013107003000 192200080000
005144033228 187249037094
002182240000 192105107000
013104186064 192206065000
001244114000 192178245102
023255066144 192178108236
005053003230 192195048000
005040040000 188127064000
023171168000 192195252000
008025069000 185092028000
003002073000 192178020000
001007109000 192178078000
017188022000 192190080000
006064002000 192206029000
004033139128 185085209248
002255183096 188137245000
008033241000 185175225000
003004000000 190089044000
001038128000 192236147000
002094064000 192178121206
005187121136 188114218072
002255250212 192203145000
008012020000 192178080228
005196041208 190108034000
003161052000 192108093000
020153082000 190212093000
023247089000 188117200000
003033055192 192071028000
005154148000 192233203176
001208168229 192178247228
004068033195 192177106000
012009150000 192104185000
001178198048 192203196000
002063156214 192178109116
003004012004 188241196000
005063184000 190013126000
014001047208 190007170000
017079026000 192026149000
004015156044 192228107000
023169097000 192178244212
013034093128 190146141000
017118198192 186232244000
002058248000 192209062000
005144092000 189075192000
005196053000 192086067000
040170128000 192178028092
002058048119 192047206000
005056017034 192156198000
003175200000 192183177000
008031008000 192083144000
012009210000 192193135064
005039226000 192178098066
018154160000 192185008000
023246060010 192188088000
005234192000 185249136000
002059136000 192203151000
004068063218 192178249006
004069171051 192178069226
034013103247 192052076000
005255148160 192133240000
004125075000 192127018000
002018054000 192043186000
005083154000 190008176000
014102092000 192243226000
005226151124 192188035000
005183124000 192223120000
005042064000 192152214000
002018215140 192223027000
002063192000 192074064000
008029230224 185103160000
003165152000 185138017024
003169142000 189074032000
001014000000 192178251040
018244107000 192207022000
008227130072 192100202000
001222160000 192178068216
001201128000 192226076000
005144032192 192160144000
001179113000 185045114016
004038228010 192188118000
018068176000 192178241024
005196063208 188172253002
008029230220 192088241000
004036040130 192193114000
008017192000 187102232000
008035005000 192149106000
015221049000 192052079000
003174170000 189036208000
001079160000 187103032000
005196125059 186226018000
005003060000 192020224000
004034109064 192200005000
003172110000 192150010000
002023238000 191101004000
004068037200 188000244000
002023086000 192232180000
001022069000 190124068000
002057028000 192231142000
023142116000 191239204000
008045145000 185086211000
004031215204 191187224000
004068074187 192112026000
001018192000 192204112000
012068096000 192198240000
013104255224 190242178000
008048245153 189233248000
005182036000 192225144000
005056037000 192070185000
023082060000 192178085136
002187000000 192177147000
018244124000 192223190000
018066118000 192121080000
002019183000 192236067000
004069248170 192091173000
002021175153 192178070144
013104140136 192178246188
001178198208 192230115232
008243011000 192048238000
005159216000 192203132000
002189004000 192121041000
005187121051 192151130000
017044198048 192234055000
004068037232 192172240000
001022072000 188254052000
005187121132 192178240074
002019006064 192240047000
002059077144 190185098000
004016052096 192189141000
005196248040 192085242000
002056170000 192142008000
017250000000 192227202000
005008199000 190111152000
032117000000 192052222000
002021119000 188234120000
001066068000 192208029000
017077052000 186125208000
004069215216 191096122000
003002049000 192178084024
002019006016 192178248064
004068062139 185111234000
018174000000 192138186000
002182255000 192178084020
009142000000 192136141000
006064140000 185245192000
005062059060 192061096000
001208178000 192102176000
018064063192 192219236000
023148178000 187249011128
004068127237 192233194030
005053003084 192178110244
002019006144 192156217000
006016070000 192177076000
005230176000 192158060000
008244128224 192178045060
023128066000 185218160000
003175064072 192142047000
001038211000 192149011000
020033051000 192178108185
012036072000 192175184000
005035160055 192165036000
002027050000 189194153000
003162016000 192204128000
004042073124 188137248000
004068073015 185247063002
005062085168 192232160000
005252164200 187190170000
017000108112 192043016000
008007205000 192178045160
015197038176 192042147000
015036094000 192178111238
005255148073 192131080000
005199005000 188072006125
001028044000 192150169000
001030184000 192152028000
002088000000 192112160152
023012036177 187015032000
005062039208 185020041000
003164106000 186064017144
008029228012 192233204096
002017254000 192188238000
005180135248 192178254130
008227085100 192157004000
018068018000 192244072000
003164153000 192178108156
002255249021 192178245096
008227087096 190061012000
012199052000 192218064000
002056063000 192233202096
005059182000 185168001152
004068039240 192230104000
005182046000 188228032000
012153208000 190212088160
014215044000 192195028000
003005168000 192153154000
024104060000 192082078000
008038006000 192189252000
001032221000 192223118000
023048012000 192055168000
004071175162 192198030000
002019173000 192178110058
005196100056 192024104000
013107042000 192178029088
032106096000 190153145000
023044112000 192109041136
020209190000 192177000000
005035160039 192086120000
005039026000 192139190000
008029109216 192178068052
006017080000 192082121000
002022116162 191096003016
002059077128 192190044000
023255022184 192178111016
005062020058 185101255000
004068037164 185099181000
015072016000 192178247044
032114092240 192140096000
002002000000 192133063000
005254088000 192178044024
008052233040 185104012040
008024068000 192240105120
005080000000 192129030000
003175016000 192025241000
015251000044 190201000000
004068059151 192080211000
003169031000 182036000000
003163222000 188254103224
018160194000 192161053000
001028228000 185106164000
003004012005 189036244000
013034147128 190098141033
001208148014 192139228000
023176020000 190212092000
002021175032 188044016000
005057246000 192178240239
005008060000 192126035000
005252092000 189001168000
003040128000 192178249252
005083214000 188132247000
008047146224 192178082008
001022145000 192067186000
005011028036 192233201192
015230015252 188246216000
008034243000 192100055000
002019007103 192096001000
008025088000 191052138000
002255249118 192232064000
005153192000 192241092128
023060009000 185202231000
005183036064 192206232000
012054128000 185216070000
004028136128 192096018000
005144120000 185194054000
005011011016 192178245104
003168192000 188165005144
005053003012 192108100000
005196178188 188094008000
005149159000 190099100000
004068074194 192052183000
002255249004 192055205000
001248218000 191101161000
001238006000 188132174000
008244142128 192124136000
005061012000 192166123000
001031128000 192178096078
040090130000 192200002000
005253180000 192121056000
015177068000 192178085152
002017024000 192204150000
004069218136 192244192000
004036040114 189203158000
013106232011 192198026000
004031208058 192068254000
002016042000 192178087018
004068063062 192107113000
008029231097 192101252000
012041128000 192178111092
004042072120 180235191096
008018004000 192209026128
002094024000 190123240000
002255249116 185047052000
014035182000 192193155000
001237144000 192178120172
002022168000 192157168000
004068062188 186209123000
008026177000 185085096000
005011010152 192178245162
012206192000 192227203000
005010218192 189203155112
004068110024 192172255000
005154112000 185230012076
004071046128 187249057000
008017012000 190196178000
003002037192 188024000000
008245016000 192055216000
002188232000 189216130000
004069220036 192135092000
031148052000 185131200000
004028143080 192157163000
005175190056 192118049000
003175070128 192008012000
005239168000 187249010192
005053005151 192149203000
001031196000 185244000000
005035160098 192227196000
002063208000 192178071148
002023192000 192190033000
004016050121 192148164000
003002059000 192101132000
008014164000 192200144000
003174029000 192240224000
003033040000 192178098010
002255250016 185228148024
003174152000 192035218000
002058055000 185190080000
012191000000 192231091000
002018212209 187251002200
002018213209 188240071000
008037196000 192178106154
005181005000 192092123000
012041080000 192054135000
015230009128 190252104000
004033130002 192178108048
002017110088 192178097102
002255249065 192120056000
008029228062 192172232000
004071044000 191096231064
004068028000 192209004000
005135021168 185159190000
005196214084 192208001144
008224050000 192245015000
005053007215 192147079000
012109121000 192153221000
017020128000 188126004000
008018176000 192233202201
002019083000 192206192000
005180134192 190220160000
003002060000 192121034000
005227128000 188231194000
005157048000 192178121038
002056144000 190215042000
004255000000 192193080000
004068038086 192154016000
004069235072 190096022000
012030128000 190061008000
002017108000 192034239000
001224168000 189113096000
005056020112 192178249056
004015156032 192178244080
023037084000 192228120000
001235064000 192107122000
002189216000 192178078054
001037040000 192041205000
008018206000 192077168000
004016049112 192005019000
004069227119 192160018000
001039221000 192101224000
004184064000 192165132000
005011013122 192178075124
002017110064 192233193037
014207132000 192186056000
008048245037 192205224000
001198000000 192192048192
008029231129 188114222000
002017110008 192081049000
003169008000 192067043000
004031212132 192178098250
004039102192 190150000000
032112157032 192178252225
008245128000 192178244211
002017108028 189203214000
004001180186 192176131000
008227068089 192178164000
001076076000 192178044096
005045248000 192100062000
005255150032 190099081000
005023065192 192186141130
004079128000 192210032000
004042036000 192126032000
023038245244 192228096000
005053003019 192163005004
002058048148 192178045084
005008222000 192054162000
012020252000 192227148000
004112000000 192152151000
002255252238 192077032000
003002064000 190184224000
005175190091 192178104050
004068127027 192178199000
023166184064 192041149000
005132248000 192170100000
020133242000 190198160000
013034010040 192018128000
001074076076 192178080230
020202086000 190147241000
005010208000 192233196041
005101217000 192169042000
005152152000 192178070030
005159194000 188215064000
005056018093 192178242228
002255251253 192178081131
004008020016 192044071000
005061150000 192066056000
003175000000 192052144000
008042126112 185170188000
002021175027 192055226000
004036040016 189201196000
001213153064 192103124000
013226200000 192211010000
002022144000 192178248160
002021175230 192107029000
001065190000 192178122014
001032241000 192190061000
008029230078 192193135000
005035160064 190242016104
005062061112 188092116000
008029228197 192070131080
004068037113 192058221000
003163239216 192178111032
002094180000 185054159000
013106094000 192178076035
023041240000 192178078160
002019004090 192108134000
002017109031 188072068000
001238026000 192195103000
004019075128 192188154000
001186096000 192094247000
017087140000 192234020000
005104037000 192040081000
013105204020 188127052000
004016054226 189247051192
005062085030 188021000000
008007165000 190014100000
002019055000 192135238000
002017120128 192206026000
031223032000 185220048000
013034015192 192231038000
003169020000 192178109008
001237183000 192156227000
003174046000 192135219000
008052233024 192178245252
005255149192 192178086186
002023152000 185214100237
001178199013 192178045198
012014128000 187016004000
001208106160 188064162012
017001002150 192126092000
024105026000 192178121164
002021033000 192150001006
001081016000 188094046000
001022141000 185136220000
003161020000 192159174000
005157013000 192178110150
005010016000 185254068003
004019096000 192099146078
005059078000 192178072229
003168189000 192178109126
002019007084 192121165000
004042033122 189194155000
004059178009 192178097068
012208064000 185217021000
004028142171 192067158000
005231058128 188128144000
023091109032 192135251000
001080000000 192228072000
012182114000 192188090000
004068071128 192229087132
004015020128 192178250194
005159218011 192058090000
023249055084 192075138000
002019006236 186219096000
002056137000 192075206000
005062059005 188121058000
001186093032 192161166000
004059176208 190057034000
005053007160 192178106138
001023193000 192188143000
002018212228 192099065000
020024192000 192233192208
002022238000 192112067000
001178021000 184102000000
005063166000 185192233000
005143226000 192233199214
005056020070 192178029183
004069227116 187087080000
004069203104 192234050000
001022070000 188119070000
002018215184 192178158200
017248145000 192233201077
014047120000 192178045062
005181177000 188132148000
001023030000 192136103000
005053001068 186182240000
002016063000 191007104000
005032184000 192166081000
004069211068 186087184000
003172112000 185200038055
008029109110 192193116144
002027041000 189193255000
001067236000 192231035000
005253058000 192104146000
004028138120 192137086000
001208114038 192186190080
005104060092 192203098000
023199253000 192178069198
012165128000 192178104170
013108001024 192048114000
008245000224 189195162000
003173036000 192240125120
005154008000 188253248000
003164190000 192231048000
031014053000 192223240000
017001164096 190098156126
008029228206 192026116000
003162213000 192115088000
004068036192 192225160000
001232000000 190153096000
008049068000 185127216000
004016054088 192178247000
001229203000 192138116000
002056253000 192233194000
005175190167 192178098028
008252000000 192178250236
006067034000 192043161000
003168252000 186251190000
017000001128 192188067000
017242000000 190215216000
004030176120 192138204000
005226185000 192184072000
008226002000 192149200000
002018104000 192206119000
001007082000 192178072016
004069151109 192178107064
005159218047 188168160000
005199232000 191240158000
001023062000 192040239148
005135071201 188044000000
002094204000 192178122204
005053005096 192086019000
008039102000 192136068000
005133090000 192178244122
034103184078 192178246238
005151208000 192210008000
005053003025 192178070080
013075128000 185239119224
005062085246 192033011000
034104005224 192178069104
004037154144 192178253026
002016220000 192225100000
008007032000 192189014000
008042126128 192057236000
008029231242 192241040000
002021175103 192071025000
001038210000 192132108000
031217160000 186031160000
004068063000 190156132000
003172063000 190103184000
017127169000 192083121000
001018125000 192172244000
008044002022 191232002000
001022000000 185068092000
013017132128 192100130224
005252071044 185025236000
001023196000 192232164000
005182130104 192036152000
005154154205 190227176000
012132224000 185195254000
004068071135 190217016000
005053007136 192175050000
023146182000 192231074000
003002043192 192178243152
002027052000 191234081048
005135122242 185250124000
005035044000 185166255000
002022116160 192056026000
001022237000 186121148000
014001100080 192234182000
005062043229 192233192064
001034000000 192035081000
005104072000 192005011000
002255249075 192200006000
005188123000 192080051000
008029228192 192121144000
020157113000 188164160000
001007168128 192178252190
005053006195 192074096000
001037070000 192178252004
005011013116 192193116192
005175190078 189139000000
012034100000 192198184000
002019096000 192200188000
041084151024 190125000000
004068038084 192031080000
001247208000 192178250040
001208114248 192150128000
005187109128 192178068074
005253204152 189216208000
017118195160 187191043000
005182130064 192208001017
005023018076 192178110050
002056242000 192107002000
008043072000 190097111000
004068127036 192178028171
014121010000 192197160044
013104186128 192186058000
015248000112 192178084078
013104064000 192178105068
001009244064 190098156112
026024080000 185234136000
014103160000 192178255104
008029228034 192240134000
004071152000 192178098138
003163251000 192178250188
003164187000 192044005000
013034024001 192178071160
005187121046 192188232000
012028054000 192139032000
002017035000 192178087108
005061114000 192238209032
003004015224 192122232000
014103001000 192240102064
005062063236 192150149000
002018215104 192178244214
004016049206 186145176000
008029231065 192031076000
017028096000 192211036000
008012000000 192156209000
005062144000 192152011000
001178198032 192178111026
004042075032 192094092000
002255254031 192195024000
004068072028 192232080000
014116248000 190129252000
013106162017 192171224000
013226240000 192150146000
004068072212 192233205144
008033136000 190123016079
005159218052 192178242004
002022062000 192234023000
005200030232 192237092000
005181136000 192178028157
004068062115 192048225008
004068075232 192211014000
005255150128 192233195116
017020168000 192178117000
020153002000 192216224000
004031213160 192193218000
005234000000 187094052000
003165058000 192018160000
004068063074 192178245011
023180040000 192043215000
005062039232 185001063184
003166024000 192233195239
034100004000 185183032000
004016051107 171075073014
008215128000 192178243236
004068074154 192178104012
001229192000 192148184000
008232000000 192178241027
002059060000 192178255178
017069152000 192188062000
005189001000 192178106176
001208147176 192178097194
001018144000 192178121083
005175183000 192109108000
004068074176 188095208000
008038033000 192156128000
005252179000 192186141144
002017164000 192188124000
002189096000 192178106130
006048192000 189218188000
014102030032 192073249000
004038128000 192152128000
002018018000 192140216000
002255254020 192218004000
004059184000 190007084224
004031212142 192153106000
005198000000 190098224000
008029109024 190123016188
005149080000 192073048000
004068037037 189220248000
002255249193 190121220000
005226151064 192170104000
004069231080 192109099000
004068070112 192110148000
004068075096 190104170000
005135054128 192207252000
013104252096 190034128000
008039041000 192109028000
013073000000 192178104060
004016054240 187252000000
002019214008 185150084000
001074224000 192122118000
004069231210 192071158000
002019006237 192122170000
003161036000 192088216000
001076232000 192197160014
009134096000 190084032000
015230078064 192178072116
003166060000 192178252064
005077054000 192070236000
023255063024 192193186000
017078188064 192076139000
005253176000 192178094064
002017110184 192136114000
008048241194 192085190000
002027082000 192133061000
002255254056 192178248242
005010218201 185192098000
005053192000 192065214000
023027081000 192238209004
004071175164 192178098160
004053240000 185244162000
005010228000 192211032000
001232128000 192160098000
004039102200 192233196036
018064144000 192209026068
023180138000 190110130000
001010000000 192147217000
005134128000 192178249197
005045190000 192225192000
003161248000 188064174000
002255248028 188240094064
003173000000 192096192000
002255254075 192129015000
013033112000 192197160073
023034048000 185152048064
008051052000 185034148096
004042033116 189000072000
005102079000 192188093000
012204080000 190089088000
005153232000 192193104000
002058102000 192188158000
004068071112 192023004000
003163239128 192236026000
005180135239 190124244000
008227067000 192197198000
005187040000 192153193000
008012112000 192165113000
002059158000 192178248224
008024031000 192178248184
023094127000 185130246008
005057056000 192223164000
004068037225 192154126000
005188002000 185196245000
008029109185 192165076000
001235096000 192223054000
023045016120 192016155030
008048243010 192178105170
004033219000 192148168000
005053005048 192145018000
017033173000 192114064000
002057225020 192178240252
002255249057 192149009000
023216010000 192178075059
005056016016 186096042000
002057215000 187078192000
013107216000 192198148008
005154156064 192150136000
020020024000 192178082122
012052000000 188113064000
002018044000 192178109192
008014100000 190089160000
005254041000 192131155000
005182049000 188240200000
002255253164 192150244000
005035162000 192193025000
009164000000 186180000000
002016052000 190109124000
005180225000 192107006000
003162240000 192230127000
004059240000 192170158128
003002040128 192085249000
004016049128 187191061166
004068075082 192112008000
004068127235 192178254124
013106228000 185055175000
001187064000 185117132008
001208170064 192189101000
001031032000 188042198048
002023092000 192232112000
004018042000 192178253192
008041111000 192146001000
020153046000 185153130000
012052050000 191101150000
001229200000 192147002000
004068070168 188168064000
004068062126 192109105000
008023048000 192103093000
004069231220 192142058000
017000001216 188094208000
005182049032 192170080000
003164088000 192057120000
005011012104 192175096000
008041133000 192189080000
001020124000 178216240000
004031213128 192150213000
005196250192 192208216000
005053032000 192036150000
004068037173 192178083050
020202216000 190094045160
023164096000 185112175128
016154000000 192164036000
005175196000 192108099000
001245052000 192150150128
012002178000 192178045008
005255056000 192200012000
005008059000 192229087130
006011016000 188211248000
005045062238 192188255000
005062061116 190091128000
005059068000 190105240000
003033051000 192178250142
004018000000 192160248000
004002133076 192245024000
003167223000 187244128000
002017120096 190182208000
005039013044 192209026074
005159236024 185117072000
023131245000 192109063000
005044136000 192178085162
003164254000 192176218000
015129008000 189125224000
008003220000 192178249058
023058126000 189247216000
001076008000 188227080000
005053007118 192131124000
004068110023 192110222000
005175190164 192203008000
005010136000 188121038015
004002016065 185069128024
015197007048 192178254016
023159096000 192178069124
017087008000 192195032000
001234000000 185196221028
002018213210 192091249000
001208106170 192093120000
002183192000 185157206000
005199016000 192086108000
027124054000 187031005220
001237175000 192153007000
002018214136 187188244000
002017111212 192228108000
001037072148 192178109156
002058088000 190053120000
005187116000 186211123000
004068038083 192178087214
002057222000 192178120216
018064208000 185017228000
008006248000 192129076000
004028139160 192094038000
005231116000 192055224000
002020187000 192178096176
012096032000 192159092000
002255249141 185161128000
005181096000 192178109108
002018191000 192055234000
017069084000 192198024000
002018205000 188074184000
006049192000 191101077000
032112168227 192152172000
005062060248 192033248000
005134112000 192091216000
005062063229 191102061000
004079106000 192124188000
005142000000 185251231000
005003024000 192210176000
014148084000 186002166000
004068062009 192236176024
023172010000 192088104000
023255093048 192230111000
004068063059 192178110002
004059213139 192153105000
013106211214 185100209028
005196190128 192240105112
008245009192 192040239136
002255251216 192083231000
004069220240 187067000000
023141254000 190216032000
012177232000 192233205060
002255249114 192229158000
008037166000 190196056000
002016148000 192222064000
003173201000 190147174000
012182096000 186211216000
001208178180 185145044000
023186172000 192080058000
015146000000 192178075068
005062063100 188186000000
001032213000 192230126000
002255253046 190206128000
002056088000 187127064000
012203116000 190211088000
001071120000 192208120000
005182010000 192005090000
006148040000 192203032000
002017202000 192146201000
008025223000 192133098000
013034143128 192126020000
005062047228 192104188000
001208150000 188059214000
007224000000 189247038000
004068038112 192188244000
005135160000 192121153000
005062058200 192104028000
005016016000 192178081064
002027115000 192178158207
005023120000 192189222000
013106106000 190094040000
001208169032 192195210000
001179088000 192178086088
002059166000 192218066000
004069211096 190171027000
005104088000 185008232000
005062023031 185001068000
023131109000 188042090000
001224182000 192145120000
012238000000 190107128000
005040064000 192073019000
004068062113 192233199020
038028001198 192054116000
008044227000 192134136000
012167026000 187176048000
012010084000 192130158000
002016100000 185255044000
003165192000 192175022000
008029230143 192178248016
008004016000 185168037000
015230084000 192233202064
004068068047 192178195000
008026168000 185254068014
005178103000 192146236000
005182051000 189247127216
001020126000 188121048110
004028139064 192178250164
037221069184 188241177064
002255254026 192040032000
017189120000 192111105000
001246000000 192109180000
001210000000 190110253000
004069231248 192138000000
004068073005 192178121008
001178199014 190096008000
006016137000 192178085184
005159238032 192138089000
018164062000 190157106000
003173168000 188003058000
001230204000 192094067000
005159218150 192141124000
020033089000 192103091000
008022167000 191096203000
005062042052 192189085000
005135170110 192084038000
008031128000 190127200000
005062061012 192012014000
005053003198 192235220000
013106232160 192178083110
032107061036 192240107192
005011013111 192044009000
012152208000 186182232000
002022116154 192103253000
012239216000 185014092000
004059176128 192178073212
019012020000 192203133000
003172097000 190103114000
023038118112 190061112000
002018167000 192188034128
005039029168 192231126000
020190164000 192178249236
002019007240 192178244240
005175190169 192086008000
037238176000 192177145000
013107185072 192076238000
005153238000 192203042000
004053211211 192124177000
020134240000 192207216000
031013188000 192086092000
039000016000 192102032000
008029228138 192178073104
005034252000 192178074176
004028139000 188126032000
023212062000 185132040000
008007045000 192151223000
005175190118 192133091000
023255045168 188073180000
001025040000 192142016000
023045021200 190097202000
013107008000 192206123000
008038004000 192178138212
005255150224 192151176128
003175070224 192012164000
013227178000 192186190000
002057242000 192165040000
005187033000 192208001000
002255249064 192178247034
002021175066 185214067000
017001093032 192178069240
002023024000 192223179000
003080000000 192178098204
004001114184 192006010000
001009241088 192147175000
008017000000 192240199000
005187107096 191045064000
002058048072 192178028155
003175172000 189192016000
005062085163 192203183000
023223080000 192178253064
008049079210 192025160000
002063169000 192216096000
002018213176 190224000000
005181076000 192178028065
008227071008 192100195000
008042125112 190242188000
001071032000 192178087192
005057247224 192080016192
005023030000 192178108014
001067000000 190182158000
008042126241 192240204000
002017111204 192178247088
005187080000 190171010000
023255066216 186005032000
005038000000 192178243088
004069240000 192195068179
008018221000 185228148032
002056132000 192158016000
004068037124 192178160000
001025016000 185233100000
004068074174 191102056000
004069231152 192108034000
005180000000 192233199000
018154184000 191212000000
023046052000 192178046132
003033056176 192178076043
005154045000 192178071020
001030176000 192197160036
004068074048 192069000000
005175190216 192085130000
023189218000 188191248000
023200026224 185243213106
005104136000 192074000000
008227087064 185228000000
001048000000 192210180000
003164074000 190102160000
014022020000 192178096096
001236192000 192217000000
004068127233 192161008000
002018212076 192237108000
004068071051 185246191000
002021175196 192234079000
008002220000 192149110000
002094208000 192027006000
004068037123 190241073000
004042072144 192156196000
002056180000 192132030000
013105083128 185046233000
002021175209 192231042000
005062062080 192177157000
005104038164 192178246196
012007030000 192178248119
008029228128 192178122036
003004012040 192173106000
013104145128 192229252000
023162176000 192162029000
005188166000 192240189000
001208169008 192092083000
004059180056 192006136000
008010211000 192139026000
001236062000 192151198000
005149136000 190089156000
008028114000 192178141000
005179090000 192178245224
004068039094 192146152000
002188178000 192189081000
006016138000 192178074198
005188214000 192082134000
008245013064 192178240248
001002005000 192132028000
032114250064 192178105224
008029231080 192178104192
013035160000 192236238000
013017132000 192234154000
005062034014 192073055000
023062064000 185096170000
023155184000 192141080000
002016024000 192031208000
004042209000 192070179000
004036130000 192231203000
001007056000 192121100000
023062005000 192160191000
003174141000 187251000028
008220171000 192238171000
023218232000 192005170000
004217000000 192075187000
001178192192 192157005000
002255253165 192038128000
023235149016 185067128072
014102080000 185165196000
005189216000 192178248000
005180226000 185255060000
013105096000 192165033000
023007160000 192108188000
020240096000 192186141134
023138238000 192071231000
004038229098 185049128000
003163239136 192178069176
005062084000 192121234000
005062085094 192234173000
003163246000 192223016000
004027000000 192135148000
005062058250 192147184000
001233002000 192155007000
008029231082 192162004000
002018214224 192188012000
002018213064 190103125084
002255249098 192094250000
004068037081 192227001000
005056020177 192178074228
004028143000 192203154000
003174074000 192099104000
006064168000 192140080000
004037154219 192178192000
004015021154 192178240240
005045202000 192175222000
020038116000 192118028000
005172112000 192140229000
005135051064 192198151000
013105168064 190201248000
008046124000 192159102000
005003063000 192065036000
004184000000 185110096000
001194224000 192169224000
001001096000 190216249000
018034240000 187249013064
005154177000 192178251054
015158232000 192178083029
006049128000 192178086130
005118000000 192178250038
031133069202 190094045152
001023029000 192088201000
015158078000 192206132000
012051016000 192178045085
002057040000 192073215000
004069227010 192222004000
004068063106 192176184000
005135059032 192240107128
004068063077 192115248000
002017004000 192232176000
003170220000 192178053000
012014130000 192096020000
001066094000 192235110000
008029230014 192112099000
005180083000 190098147072
005196063128 192178069038
005062061024 192027004000
013104153192 192178243204
001179112032 192034204000
008039000000 192078220000
018154144000 192001104000
016103026000 192178096008
002027119000 192084098000
004001115200 192240196000
005034031000 192035195000
023192188000 192178250174
002021001000 185019076000
002255251222 190084200000
002255253176 187063000000
004069140132 192178028162
005255150096 192178097106
002017111096 192067040000
004037155212 192178087144
002255249012 192114152000
017000136088 192030250000
001209083000 192178075173
005053001160 192105208000
004015020072 192178098118
005039063184 192178029161
001254000000 184104177232
002189060000 192110096000
001178198241 192209026064
006066040000 192088176000
002189172000 191108000000
001178084000 192166100128
005053003070 192178247242
002020197000 192165123000
005001003235 189090224000
004069170130 192178246216
001065000000 185081108000
023170018000 192178084002
023033099224 192178253048
037244032000 192100154000
004068073038 192225172000
001213104029 185201175000
018064065158 192229188000
020095140000 192178068043
005056018170 192108234000
005159218037 191096106000
023103158000 192197160041
014102224192 190103121240
004068038048 192227240000
005101008000 192136065000
004015018088 189203129128
003171191000 192195080000
005061118000 192231098000
005056044000 192178244088
002057154032 191096188000
005062060014 192088132000
004068063086 192178028240
005035160080 188213236000
005011018000 190061055000
004068075128 187031002000
004208000000 192178244136
006134032000 192040132000
001007140000 192171095000
003174090000 185244151000
023045132000 192178084142
008029109034 192075043000
005182130032 191096042000
005062042224 192061051000
024219024000 192178106118
002018212153 192157148000
023048048000 192152241000
002022051000 192073024000
005042215000 185246104000
004068039101 190182173000
004069208128 192171020000
023193112156 184094110048
004068062016 192188188000
005226012000 192178246192
008010012000 185243020220
005104050000 192136191000
013224124000 192208202000
004068037251 192153196000
032112170148 188132206000
013104185044 192026237000
018165149000 192138064000
015089192000 191239128000
003002036000 192092109000
008052192000 192195242000
004033207000 192003172000
024039192000 192163008000
013033048000 192112098000
002059096000 192031072000
008029230147 192231136000
013034025206 192188128000
020047027000 185240032000
008037037000 192188183000
001213150176 192075196000
004068127025 190113124000
005159217080 192146240000
017079246098 185239135128
004068063058 186056060000
002019212000 191156192000
003173008000 192178255096
013108002096 185195235002
002018215156 192005058000
004008020152 192175167000
004068072160 192080043000
001239032000 192178095064
003045128000 192029056000
023252102000 188132160000
023094193000 192178086176
005104048064 188114223250
004068063203 192139044000
008038088000 192175144000
008044085000 187252112000
005144036000 192066050000
003175059101 192119134000
002017108238 192135016000
005254061162 192178098228
005159218159 192139196000
013032058000 190061004000
031128048000 192178086060
002255253045 186064128000
002021175132 189197081000
008046220000 192165117000
002023080000 186080128000
002018214048 192133072000
004002132041 192004008000
003168190000 192099146064
004001114136 192129078000
005183211188 192234144000
005180071000 192210255000
002016000000 192153089000
005150063000 192065147000
001193144000 184104197170
001179113032 192112040000
023010240000 192219008000
005062060088 192054084000
013048000000 192195016000
005059000000 192101069000
005253108000 188092156000
002021175056 192054053000
005039013236 188255241000
001007181000 190225162000
012168032000 187130158180
004016050124 185237148000
001023220000 192030203000
023150148000 178092067000
003163253000 192233196084
004069215206 192188040000
008048096000 189194208000
002020050000 192135232000
017081216000 192064150000
001030188000 188165017204
005056016132 189218104000
013105204004 190001095000
002021056000 192190110000
004069215090 192102184000
002255249137 190083119000
008047139054 187010000000
008042224000 192178073052
005011012216 192151199192
002017109245 192069188000
017057146144 192240158096
005181132000 192131102000
004068075242 192131098000
005104144000 192231129000
017044128000 192104149000
005199050000 192233206168
003002066000 178210248000
008048241032 187189200120
005042211032 192102084000
004068127198 192132230000
004069170028 188212034000
004069203192 185230222000
005056016192 192234136000
008029228254 187253224000
002019007217 188074242000
008023148000 192177034000
001227168000 192069240000
001032250000 192233199016
034144028128 192178246194
013034053160 192182160000
012034136000 192043227000
023139109000 192133002000
013107194048 188042190144
002027084000 190241144000
023086000000 188241051000
001203088000 192178106160
002020064000 190185232000
005104061192 189255032000
008245002002 190086138000
008009238000 192138161000
001018130000 185096044000
005053001216 188003090000
003161056000 192198120000
005039017112 192153093000
004004211202 192138110000
017033145000 192206219000
005254030032 188132136000
032059031000 190007169000
032112231115 192136132000
005134121000 192178247118
008048246080 185028203000
023131008000 188211167000
002057019000 192226054000
002152072000 192178254192
008018047000 190087064000
002019007080 191096197000
001037069236 192076194000
001032234032 191007080000
004031213184 189218070000
005159219048 187053080000
005135042128 192148196000
004068110186 192111052000
008002116000 192166083000
023033102126 192154215000
008245128034 192083234000
014034160000 187253253074
004068075113 192187020000
012167083000 192206228000
005149151000 192100194000
015177098000 192102218000
004069220032 192083124000
001038240000 192197245000
013106238124 192121160000
005231047000 188168240000
006077128000 192147045000
003174216000 192153004000
001193000000 192178106252
002058180000 192140100000
004069238196 190114008000
011216000000 192161130000
005255148074 190103100056
023033093000 190196035000
005182073000 192178254215
003175094000 192030102000
005183038228 192083156000
005159008000 192190107000
023109096000 191101242000
002017111160 192178241004
013106238052 192151122000
023034062000 191096216000
008227032000 190004032000
013035189000 192178253008
005181021000 192207017000
005252021000 192178029023
008040106000 192178046140
015248014248 192136106000
008008005000 192178068144
013107252000 192206181000
008029109058 192031217000
005062085107 189203195096
003170229000 192043247000
005153164000 191234002000
023143118000 192161157000
004031213176 192188087000
008060000000 192112160160
003172120000 187249037088
008003112000 192070161000
005062061177 192178246172
002057032000 180131010000
023227072000 192058111000
002016152000 192228032000
001000000000 192065212000
012005186000 192178098088
008018099000 188255196000
001213115160 192035044000
002063234060 192054136000
008160000000 192166088000
004069170079 192157026192
002021175156 192104040000
002058092000 192178105086
014096070000 192048016000
005053007012 192124224000
015248003080 186028096000
001012034000 192178080060
008029228105 192112160216
013104186224 192165107000
001022206000 192245004000
001237182000 192178039064
002021100000 192094163000
005172176000 190060194000
017118199000 192147241000
005255148034 191101204000
013034058192 192081110000
005154104000 192084108000
012180052000 192141235000
016231128000 192233204100
002016017000 189199094000
003033055112 192016203000
008038115000 192178111048
004068037230 190152251000
005045062239 186176112000
003172008000 192092130000
005254120035 185166056000
023019062016 192178250064
005053003159 192163192000
001179212000 187176025000
001235112000 192096039000
004069231226 192042093000
006064178000 192188099000
004059213128 192178076019
005187121128 185232140000
003168174000 192107176000
004069150000 192109196000
005053000172 192197228000
005226144137 192178070190
005239244000 190136016000
013034221064 192178251024
006072172000 192221145000
001245056000 192198176000
005062063076 189194092000
004069226080 192149212000
003169048000 192231062000
005059171000 192219251000
001028232000 192056160000
008029231005 185035140130
002058244000 192223050000
005196172072 185162244000
002059078192 192178098242
001186064000 187253002000
002058048050 192230084000
005254112207 190187072000
005045244000 192153195000
008227140192 192146232000
016007078000 192178250068
005062060112 185242103000
008212100000 188164254000
013110049104 192175082000
005178097000 192161216000
008045172000 192149236000
005190211000 192241088000
002058022000 192154060000
012049011000 192187064000
001242008000 192195040000
013227194000 192178098034
004001082000 185234020150
023162004000 190121210000
005199231000 190215043000
001178199032 192178069040
002014000000 192208208000
002255249070 192197167000
002021240000 192178046042
002255251144 192135182000
023189096000 192178254222
006016172000 192100130000
004069242000 192124049000
001208106000 192133034000
002021175084 192178107180
005255148116 192150152000
005045208000 192035140000
023212165000 192178086168
005011058210 190152224000
012045169000 192150001011
014001047224 192216048000
023019197054 192233201112
001240008000 192178242006
002058250000 188240248000
005164192000 192195105000
008010122000 192234227000
008029228004 192234088064
017000016200 192086088000
001193189000 192207020000
005196253164 185023204000
020095028000 192148220000
004042072106 192184192000
003174057000 192102198000
005167032000 192150088000
001193192000 192231213000
003164015000 185145247096
023105000000 192178096224
001001001000 192005022000
004069246140 192012091000
004068063045 192049028000
003164073000 192178078120
013108002207 192178029232
001007163000 190106192040
002027244000 192178105166
005196104176 192178120213
002057225096 192178097012
002120000000 192134165000
008020116000 192207030000
005062060214 185196188000
008193032000 192071083000
013105106192 192178069022
005129196000 192159035000
005135015224 192178071192
004069223162 174035024206
034104044240 192131152000
004069211056 192233193068
001009241232 192133036000
013107194128 186064037009
008029230158 189214208000
003166224000 185228148064
008002024000 188094133179
001179168000 185090096000
002019005064 192198112000
012156140000 192051255000
005252134000 187130158022
001208147220 187249113000
002019088000 187249087000
004068039104 192036140000
017081160000 192124229000
012197240000 188000160000
014052028000 190106192044
002255252060 190071096000
002019248000 190103108008
005059074000 190124064025
008008004000 192073053000
013034010008 191101199000
008026072000 192178069172
004069141160 187249010180
002023156000 192210011000
001179215000 192178105030
002059077064 178138128000
001007060000 192178246054
001203094000 188074072000
003163221000 192208001002
004069221178 192133076014
005039041032 192165102000
005135059189 192177037000
004039128000 189075000000
005062060196 192243076000
034103254016 192165218000
005011013115 189195142000
013108001230 188209140000
009134032000 192133028000
005077016000 189010208000
001118032000 188215235000
002021011000 192023026000
008029228135 189199142000
023161004000 192230115212
008014056000 190110152000
002255255248 192187026000
001233064000 191186208000
002021184000 192080017240
002057196000 192109214000
012234007000 189124080000
004001180224 192080020000
023218248000 192233204032
004069140144 192073054000
002057198000 192122002000
002059002000 185121092000
037111089000 192105255000
003048000000 192178108238
005187030000 192000017000
005196203192 192178108248
004036040048 192026006000
001209084000 192234175000
013034100128 192175204000
001074077000 192178069060
003164154000 192198168000
017000001224 185182020096
005255148200 192178250108
004068062080 192229004000
008020047000 192178070192
005059118000 192165242000
004053244012 192094152000
013227241000 192238209001
002018212096 188144002067
008029228170 192198178000
005011013072 190221188000
015158143008 192157074000
005180190000 192245030000
001208147184 190196080000
005166064000 192178105160
004053210234 192173092000
023136056000 192190095000
002255254144 192178109166
004069239032 192216112000
005001079000 192133124000
004125076000 192222009000
005011010104 184104193212
002255254027 192034076000
002023166000 192178072056
023237232000 192149218000
005104044000 192165006000
005160222000 192178244184
008030215000 192119004000
008024188000 192234118000
001227208000 189073160000
005062059062 192073082000
003169051000 185211219052
003173130000 192175234000
020020064000 184104210070
008020068000 192040238160
001082032000 192133076010
008226008000 192243252000
001009241037 185091064000
012204013128 185222112000
003172113000 190061085000
005196032096 192197158031
005003039000 186103155000
005183226000 192178120136
003172000000 185209140000
001249104000 192111218000
008023140000 192193018000
023163033000 192195106000
005255062000 192176244000
002022116167 184158000000
003172127000 192233197086
005180134184 185255112000
006129032000 192177162000
006066144000 192207224000
004020000000 192178190000
005034028000 192233193032
012008098000 192075159000
004001082008 192137032000
004031214148 192099105052
008024242000 192049170000
004069141128 192024109000
005198141000 190242212000
003002081000 192178243000
004055088032 192154241000
001010032000 192114124000
002255249058 192149248000
017080130000 192178249224
005053005192 192231162000
003172072000 192160206000
013033196000 185210072000
001208148013 187084152000
013245000000 192081056000
004068038205 192244252000
005200030052 185174049000
001195200000 192160074000
004025024192 192012084000
013106186000 185176116000
014029008000 192178076028
002019007040 192178097216
004016050224 192178251032
005195096000 192178248116
004037155224 181214250000
008029231196 190129255000
001007024000 192139096000
002058233000 190109120000
003005248000 192241092032
005255148169 187249006004
017033131000 192088066000
013034122192 182048066000
014117000000 192176132000
023213192000 192161220000
005062047149 192132105000
017092144000 192178252224
005057208000 192178070122
004038229226 187252087000
005226174128 192178251188
001001009000 192178106116
002016228000 192101111000
023063160000 192135121000
001023134000 192178250168
003163208000 192164021000
034144106080 192178254143
004016052052 192178072090
005053001244 190009116000
004033131000 192231006000
013225232000 192178107168
017250004000 192056074000
008024024000 192210016000
002023174000 192146171000
012041085000 192178110218
005187111112 186042247000
023132112000 192156247000
023045022031 192150228000
002022246000 192158232000
001208148221 192116064000
013104122128 192065185246
002094152000 190136000000
004069064221 192178075160
008048243057 191101223000
002016035128 192137028000
001009071016 192111082000
013033230000 192233196077
020033109000 192178111176
008012016000 192139016000
004068068092 188073169000
001208170096 192107173000
012045064000 192097216000
002057254000 192178241184
005183211134 192178081098
002057225032 192178121114
017081112000 190157160000
008042127020 188209124000
023044080000 191234082032
005104040000 192178068076
018068178064 192084218000
008033236000 192178068143
003166029000 192193193000
002094224000 192047100000
001235102000 192094020000
008245029000 192206140000
002017108088 192178248206
005135028064 192006021000
001179024000 192175000000
002018248000 192058088000
002019174000 192054041000
013104148000 192178110041
023048240000 192236252000
012227240000 192221128000
005062044142 192072106000
004069247240 192040238070
012047032000 192206112000
008242185000 192176164000
002056177000 192086124000
017072098000 192164224000
023079016000 190211149000
005175190170 192175213000
012041130128 192104057000
005255148211 192218000000
005062048228 192207243000
012008112000 192146128000
003172104096 189038032000
001037035000 192195029000
004030180000 192195014000
008227072128 192161004000
005187103032 192221184000
001020064000 185031059000
013034020000 192178242014
013107195128 192178255190
005062042008 190152112000
027111228128 192233195112
017083008000 192193129000
034144129128 192100214000
020194000000 192178245118
018030000000 192245016000
001229224000 185255195175
023012033020 191223048000
012129006000 188132176000
005195220000 192042114000
002255249076 192234068000
004068015236 186003030000
005056018064 192145168000
018065150000 192122130000
001023186000 192231096000
012168124000 192231220000
009139224000 192077108000
013225233000 189203041000
004068071195 189203204000
005062058088 192058132000
004068070068 185200125120
015251032000 192200162000
005062085195 192178246056
001208179093 185249217233
005182130048 192070162000
017091001016 192178080224
004069170243 192203126000
002018214248 192227200000
005105231000 190102048000
005231069000 192229082000
005011058128 191101174000
004068111212 189247033000
003175042000 192178082074
001230106000 192219216000
004042074160 190109004000
008017107000 190146028000
013108000023 188114214208
001018128252 192081235000
008244136128 192138228000
002017108052 192230115192
023059020000 192195075000
001235128000 185095224000
002016173000 192175215000
005180114000 188253208000
001023006000 192233196104
001208113039 185182011000
004069096000 188043228104
008041087000 192228001000
004198224000 192178107166
008245000047 192178108216
003028000000 192124236000
003002046000 192030191000
002255252002 190061038000
001208147208 192139244000
023153237000 192178105148
002018214120 192231081000
002057241000 186146132000
008030106000 191234082058
005011008188 192178246162
005164128000 190083016000
001230208000 192188253000
008029109175 192155156000
001112000000 192188005000
002056112012 192178247198
002152128000 190143012000
023134002000 186047012000
001194212000 190086081000
013035240000 185081123000
002058048181 192111096000
005062060192 188191025000
023179244000 192185129000
005062061014 192178084012
004068127238 192131184000
023181200000 192178104016
017078224000 192178044130
005180135236 190109068000
005034182000 188190014000
004016055104 192197132000
023033101205 192139070000
008021099000 192076137000
004059064000 185008118000
004068068016 192178122212
008000041000 192223044000
014032128000 192114112000
020033164000 192218012000
002063200000 192178074226
023150104000 192178120232
004069137031 192178232000
002059076008 189199136000
005001090000 192147042000
005062020060 187228013000
013034019140 186209244000
017000164000 192240160000
015197038072 192051039000
005182016000 187214004136
002018117000 192178097188
004068062128 192203164000
005063160000 192108096000
041173241200 192193106000
002059004000 189038063000
031155088000 192178247028
005062061232 185244216000
012208096000 192088080000
004069223246 192190032000
002018214124 192076125000
004068059148 192195077000
004059180042 183177128000
004068038207 192141200000
012041064000 188165017056
005226054000 190216040000
016000039000 192195068252
001255122000 192030212000
012180064000 192178240176
005133240000 185228148009
005187121038 192178242198
001024216000 192178253234
008048246087 187251002216
003166221000 192233196072
002255253240 192042048000
003165219000 192064036000
002255249082 192198004000
006016174000 192108175000
001066032000 192036103000
002021175001 192033008000
004014064000 186192064000
005252117000 192086159000
027126209000 188241223000
003174190000 192174096000
001241249000 192178246200
005253204146 185217254000
005062061242 192178104200
002019007232 186176114000
003175040000 192236076000
004001116096 192178104054
004016055039 192055137000
004068062028 192178082048
002063168204 190099102000
005226173000 192049055000
018068077000 192068220000
004068062125 192233192124
001038214000 186103160000
008027096000 190123016197
013034062000 186190235000
013225218000 192065150000
004069203116 192005120000
013032238000 192244248000
005073000000 188190004000
004031213188 192178073040
004033139050 192019191000
005196158128 185251044012
023092196000 185219163000
002018215120 192165027000
008029109254 192052229000
008048243048 192178082028
001007172000 192193214000
005134080000 192058230000
005039233000 192158040000
002018215192 190215052000
008012068000 192195171000
004001116204 185091029000
005149088000 192209060000
013227200000 192088237000
001073224000 185146038000
001186093024 192092146000
006148098000 192203210000
005180135000 187126016000
035050160000 192078014000
005135051128 192057208000
023066224000 192178071016
023177033000 192178251148
005045240000 192207197000
004004196000 192178254034
004068037104 187176232000
004068059128 192178244110
014156000000 192178107056
023154008000 192150001000
005149140000 185111116000
005180151000 192178249138
005039036128 192178082020
005062016026 192231132000
001018128072 185254068080
001023136000 192198147128
005062049093 192225164000
017008083000 192178045204
003166192000 192165066000
001213112192 192157026216
005039053121 185024235136
004002132000 192178250024
032114125114 192067167000
023255003176 192178122064
008030154000 192189224000
002020031000 192162000000
005022152000 192207055000
008044045000 192008125000
004071176000 188121033100
012221192000 192203204000
001199128000 186067096000
006084000000 192203237000
005057016005 192178255206
008037220000 192231240000
005062063066 185226152000
008242160000 192054000000
016012074000 185129004000
004069203130 185217255000
001031000000 190110112000
008029228081 192000038000
012177224000 192178069000
001208148000 188241177020
008215176000 192068204000
005175190096 192234203000
023014160000 192223040000
015230120004 192223025000
005011013080 192197186000
004036022032 192122102000
005196254000 192178251192
003175142000 192178244022
002022116171 190061000000
015158132021 192132055000
005149156000 192233193168
005062060204 185112134029
005062085249 192165211000
002017109148 192144056000
002179170000 192190176000
005001094000 190086093128
008019048000 192173083000
005023018080 189124110000
001118038000 192197247000
001018128032 189001032000
001007192000 192102010000
005042080000 192178158124
017248192000 192230115214
001255030000 192237081000
031173143000 192195222000
001183192000 192189055000
002018212084 192040236128
008009176000 191253000000
017001152000 192219076000
005063165002 185236228204
004069140160 192105016000
008029109167 192054114000
003163255000 192135052000
005056021058 192136080000
001187144000 192137246000
001022232000 192142033000
002188180000 192137074000
001241000000 186121144000
012227109000 192112030000
001178160000 192233204000
005104158000 192178244118
001253000000 192178098148
004055088056 192178069200
005187121252 192127019000
004068062011 192234122000
005252156000 192150106000
032112137102 192036230000
004028139220 192008153008
013035206000 188095080000
008040208000 188114214080
005035168128 192243108000
008048247048 185142220000
002021188000 185085209241
023143140000 192075017000
004028139192 185212049000
002017122000 187111116000
004234000000 192138032000
005044190000 190052000000
003169092000 192234232000
023128185000 192173032000
031210038000 188212240000
003167192000 192197120000
005178064000 192165087000
023171112000 192173111064
002017250000 189215152000
004068038226 192102173000
002027237000 188255239000
008029230150 192124144000
023255079104 185155146000
014102152000 190158032000
001037034186 192071108000
002017224000 192104175000
032112227036 185191024000
005252160021 192158024000
004186000000 192193143000
002058048154 192222101000
005181232000 192178070068
001084000000 192053144000
003164171000 191096189144
002255249187 192103249000
008225176000 192178104154
005083032000 192129077000
003045000000 192178227000
008028083000 192165204000
002017110102 192210156000
005181021032 192229020000
012237000000 192178086064
005183211026 192178111039
005053001088 185217063064
008029230209 192165026000
004028136016 192154013000
003005204000 192057198000
005053007148 192190037000
005003128000 192178110204
001009241096 185200252000
005187000000 192203184000
004031212160 192197088000
023134200000 192152166000
003172034000 192234163000
023148149000 192100061000
002018214116 185000014000
013107185012 190103100136
004028139163 192178109124
016119128000 192094100000
008017152000 192178107146
017093000064 192082135000
002255254076 192178248026
008214128000 192035219000
017000011204 192159138000
023061194000 192077060000
004068039128 188124048000
004068059192 192173092064
018099176000 192233202112
002020148000 192241060000
001023255000 192234166000
004068071045 185206176000
002022232000 192054112000
013034036128 192161000000
003175169000 190113122164
005195072000 185230012018
017033144000 189185000000
023149176000 192178099122
013108006096 192234005000
003165222000 192230076000
005044236000 192160009000
002016112000 188255133000
005100176000 192190242000
001030096000 192025050000
008029231008 192178107000
008029231255 192102002000
005023029000 192178243030
012035032000 192135005000
005062058128 188093016000
004069171056 192129023000
001032234064 192080094000
032104016000 192178253134
039126062000 192160128000
005008035000 192209128000
002019241000 192091000000
012046189000 192071159000
005253204040 192187096000
004069231227 192107106000
005175190128 192044020000
003143022000 192091068000
001252187000 192139217000
005196097192 192007000000
001178023000 185247009128
004068039204 189198240064
005062045048 192047104000
002255253115 192196064000
002021239000 192091080000
004068039036 192187048000
001177216000 190212089000
005181236000 192173093000
001179223000 190002208000
008029230098 192178073064
005053003156 192084003000
004069231252 192190134000
005175128000 192178083236
013035144000 189008116000
005187116200 192178096246
001224036000 192187204000
005253089000 192040239224
018172240000 192101084000
005160148000 190152092000
008006242000 192178073028
008039117000 192178081240
008039146000 192073200000
018245193000 192178046137
005135000116 190107024000
005160015000 192234016000
004069215055 192146110000
003173242000 192178108034
005062059249 185154104000
004015152000 192178084050
031057004000 192150204000
001238032000 192118027000
005105096000 190182184000
004068070037 190094124000
012048114000 192101186252
020247000000 192214112000
004068068059 186002171000
012227050000 192178242036
005056020128 192178247060
005023009016 192107164000
023255097072 192178028085
005181100000 192148247000
023146085000 190216063000
014137037000 185182124000
005077047000 192150178000
023038244182 192175008000
004069218132 192235111000
005062063008 192145076000
023057111006 192178242196
023167176000 192080022000
005135252012 186211240000
014137240000 192165171000
005135021160 185204191000
005145169096 188093170080
004068072214 186226112000
001039168000 192178085156
024144073000 192115208000
015090128000 188057244000
005253228000 192025168000
005062058012 192188097000
008027224000 192236077000
003002042192 192100153000
005056020076 185191226000
005035172071 192076173000
005188192000 192178243208
001044128000 192147229000
005253027000 192234120000
005062060086 189113056000
004001117041 192160055000
023192234000 192195253000
020138252000 192178080229
002017034000 192077044000
005059240000 192044000000
005196063062 187184004000
023177236000 191101211000
005083036000 192178253196
004028136160 192233202226
002021175064 192124250000
012216228000 192195120000
023251120000 192244022000
002255252006 187189187000
002017109048 192178105084
004034109000 192068210000
005053003067 191240216000
001028152000 187214004132
004001115184 192178070092
003175064076 192212128000
008225104000 192142192000
004002133227 192178099232
002057192000 190106096000
004031208112 192008168000
013104186192 192178087230
008008002000 192061234000
015044081000 192036058000
004042072132 192035132000
004042035210 192233200144
023095044000 192177071000
023027138000 192178086120
014200000000 192229087064
001004000000 192188251000
005035223000 192178099036
005053001106 192036088000
004069221181 192178244208
008029231111 192049172000
008029231101 190123016195
005062016128 192186041000
012181023000 192026171000
005255149163 192131151000
002255250216 192234179000
008034096000 188190108000
020050128000 192177142000
002023100000 192178248176
003045064000 190098141250
003160242000 192085092000
005104037072 192178111156
005045062224 192178096136
008041194000 192166124096
008226004000 192055022000
003169104000 188068184000
001008000000 185255010216
002015193128 192055005000
023045020128 192166202000
002058202000 192149160000
001031048000 187189095000
018160073000 192088002000
002027255000 192178243244
005196214088 192178104160
008044048000 192178139000
005182050000 186245000000
004053211212 192178072238
004068112000 192132020000
013107195180 192228113000
002094004000 192241092008
012035232000 185132112000
005023004000 192192048128
002059182000 188073160000
008047145096 192150168000
005011059000 192178024128
005230096000 185178064000
005053004208 192178068036
005135028080 192164021020
002020132000 192178109220
005160242000 192160019000
005180028000 192230108000
004016052224 192222001000
004034109048 192216056000
004068071160 185196221032
003172001000 192178028158
004069219000 190152090000
005023025128 192096038000
002017108240 191096202000
001213104028 185014224000
005175201000 192208056000
005135194128 192190046000
005253148000 192121241000
012193002000 192131012000
004080000000 192144034016
002021175232 192178084255
008048246180 186047112000
005160217000 192166044000
002037110000 192223031000
002063235000 192112003000
008036088000 187249087128
008048124000 192149144000
008015002000 192193123000
002021175212 192178082142
013104223128 192036243000
004069231156 192064068000
004069064225 192229187000
012020188000 192065039000
001023168000 192178021000
008029109250 191037136000
005053007134 190098141058
013248108000 192058112000
004068074200 185148115020
005180042064 192245018000
020103000000 192163005064
012024000000 192137077000
008040032000 192078008000
001008128000 192076248000
004068037008 192178248212
001023116000 192215208000
005062020059 190052125000
004001115208 192178109190
005062059004 192194164000
004001000000 192109211000
002058050000 192178106208
001078112000 185238204000
005045186000 192232163000
004015064000 192178080240
023089148000 192109041120
005059115000 192178070106
005011012033 192198169000
002027096000 192131023000
005175190070 190158241000
008026016000 188120036000
012237064000 192235048000
008034036000 192195113000
005196124000 192046193000
023138208000 192119032000
003166096000 192229086000
027123212004 190228092000
008244036000 192178104236
023131208000 192178073074
005039017000 192228070000
012035115000 192112084000
004068073099 192178084146
004071192000 192140084000
017078160000 192152042000
004033130004 192162092000
002018213053 185235062000
002188096000 186178050000
008062240000 192048123000
004068074185 192076185000
004068062012 192178084140
004069215000 192178081048
008014129000 192080016113
001073240000 192178070114
003171254000 192148070000
004069217229 186085224000
004014160000 192178254228
004068063172 192178068160
004068111161 192187014000
023221198000 192231016000
013106211236 186250116000
002018215248 191045032000
004068075053 192233199160
038057134000 192036156000
002019004112 191237237000
002018108000 192178241190
003168239000 192141252000
001023221000 192162240000
005188024000 188165025072
012178202000 192019248000
004069218000 192178098240
005056021220 192177020000
001208192000 185107162000
020190180000 192193160128
008009253000 192178081033
023001106000 191006144000
001208112080 192131123000
013107142000 192121224000
001078096000 192195076000
003164237000 192178107191
005039052000 186003192000
004015021155 192238010000
018245120000 191007192000
005062062168 192178241240
002021175216 192138133000
015158056080 192159136000
004068063049 192206060000
002018212141 192178249126
002017110200 185243213107
023255082072 192056052000
004025064000 192178249255
002021175176 192207034000
023167001000 190008172000
004015020192 192133252000
002255250064 192102212000
008042121192 192178070152
004069252000 192031022032
008047042000 191096158128
002027176000 192159192000
008022144000 189124111242
004068062098 192203099000
004001082064 186056027000
002255254232 192240112000
002017109204 187190052000
023135228000 192178078100
002094153000 187249034000
005062060178 190107196000
005056018000 192145081000
002056254000 186125162000
017000012144 185187153016
005083174000 187250200000
004068062136 192210251000
005039002064 192152244000
003172020000 191101084000
006073198000 192115244000
005059055000 192238161000
008028240000 192188186000
001179113016 192033120000
013032105000 192233199128
003163150000 192233193048
001074196000 192206102000
023035176000 192178096188
005053005112 190023248000
013104109000 185045010014
004068071009 192178029008
005252076000 192150211000
008042126226 192092010000
004068127023 185246118000
012228006000 192178120194
004069216248 192110032000
005053007100 192108248000
003166000000 192108168000
001244116000 192184006000
005133064000 192040234128
004068074040 192229022000
008042017000 192178109248
001213115204 192076207000
004030176122 190156060000
002057058000 192178240250
005056038000 192165065000
008003243000 187248213128
013106252000 192178074235
001209224000 187245206000
004068037122 192158008000
008019225000 192207159000
023095046000 185233171000
005249165000 192178108146
004015021034 188043025128
005255090000 192236027000
017081212000 192236250000
001187192000 185250008000
002016089000 190030254000
023092252000 192111032000
008002218000 187063032000
023169152000 192178105126
002188000000 192187138000
002057225022 192208001068
013105066192 185070202049
031007172000 192094192000
003004012052 192153046000
001248072000 192178240004
004015018116 186234112000
003161254000 185179236000
004069231168 192178085224
005183012000 190148084000
005196126000 192133018000
005053005041 192035212000
013107195224 192231015000
001208172152 192223170000
002059050000 192136038000
004038229200 192043230000
012069048000 190057021000
004068111138 189090028000
005062060097 192050012000
023227062000 192178110168
001032204000 186032103000
014137058000 189203167000
004015018087 192036042000
003173244000 185128187000
004028139080 185225235000
005057016016 192178070148
031099028000 192173023000
005056016131 192197160100
008036007000 192178045245
013106162042 192207064000
005011010160 188215072000
004068063075 192234172000
023147005000 192233197144
003143000000 192197160024
012207048000 192150141000
002058048118 192101001000
002057106000 192237032000
005133082000 192178241008
004015021184 192190232000
002016203000 192091253000
005042144000 192229111002
002021002000 192149084000
008030235000 190084048000
005135059094 192190045000
005253028001 192139148000
001208113037 192178241020
032109035044 185206226220
008042126199 185214169000
013034025032 192178120064
003002097000 192119110000
005003022000 192178106030
014054000000 192178247196
005254031064 192056126000
013034161192 192206103000
004068037082 192178242128
004068037080 192094216000
014207001000 192178250131
005023017000 192234186000
005175217016 192163152000
002018214078 184104195199
008227076048 185203120000
023235148240 192088031000
002255253032 190241206000
003175071000 187251030192
005034248096 192178159000
004069248168 192178046208
004068111159 192178121184
017252056000 192222029000
023038118088 192227156000
004042032050 192115212000
003033055120 191006096000
002017211000 192178099110
001232005000 192088009000
002255251019 192134032000
001039076000 192178242224
005135059167 192109129000
004068063202 192219231000
008238052000 186056057000
008012063000 192189244000
002018215103 192188140000
015158033000 185231212000
012165248000 192174014000
001226000000 192178122200
016001071000 192234051000
005011008081 192165240000
001070000000 192229104000
003168211000 189216136000
002059076000 192178255114
004068075056 192208001020
005253026000 192188023000
005053003166 191234080080
004008020149 192091175000
002017108120 192012015000
008038024000 192231036032
012188232000 188137138095
013224061000 192178107236
023169129000 190098156120
013034059064 191234080076
020157019000 192150202000
002016025000 192165051000
008029230200 192178245078
017000014064 190007086160
004036040098 192056113000
005189240000 192178243044
015248137000 192190008000
008040196000 187105000000
004025032000 192127016000
003160032000 190180152000
001022140000 192162028080
023131226000 192178078056
002059156000 188213213000
005044044000 190122105098
005062020000 192227160000
002019251000 185206226209
020143116000 192160079000
008128000000 192106193000
023065096000 192236096000
032114067040 192208001147
004068039068 185139247016
012154152000 188227020000
002255251184 185239196000
005062058234 192178069054
005159236032 192178106158
004068062235 192155058000
005144033240 191193000000
001071144000 189220240000
015221034000 189194052000
012035013000 192240107224
023083070000 192178073088
003169004000 192212032000
005153234000 192104003000
023089116000 192184008040
004016054182 192153159000
017118192096 192178251164
023162034000 192178046204
005062022000 185231033132
005083131000 192048232000
008022200000 192178105248
003168216000 188214040000
013106232032 192178029191
001208172158 192233204101
004018040144 190215108000
001208112253 192178084104
002018214052 185229122000
001018122000 192195068180
005057128000 192178045227
008244039000 192208030000
003161028000 190099106000
002017111219 192174012000
002019160000 186182000000
003160112000 192129032000
005159217220 192241092064
008245032212 192178250034
005062018000 185108032000
004069208000 192178250224
014041056000 192134000000
003166046000 192178248244
001213115146 192086166000
004068071044 192178069091
005159218076 192208001240
002020000000 192068137000
002023167000 192177080000
013208000000 190005240000
002058168000 192178107182
001022225000 192048217000
005039204000 192084084000
005187127238 192151236000
002019007104 192102149000
004031224000 185223204000
005132161000 191234081032
015193003000 192067172000
004069206179 192219002000
005102104000 192178073160
004068106144 192193116160
004068068110 192178250184
005062058224 192178107186
008036032000 192178028057
005255148048 192034208000
023202160000 190009048000
001208168240 192178105152
003174089000 192086250000
008009239000 192233198140
008029231058 192178081046
032115124220 192207040000
001178205096 192019066000
005231039000 192233202227
017000015129 192044013000
023091110080 192178120099
004069239088 192148094000
002059116000 190131216000
017085006064 192081179000
003172064070 192070245000
004068111156 192178071104
015089171128 192178105060
005153178000 192178254052
004028136172 192178045241
002059157000 192178111178
001023080000 192216064000
003162012000 192231073000
002017108128 189024008000
023033101180 192145250000
005196109032 192121055000
015016096000 192096102000
008227068090 192178244008
013034011100 192190201000
004020073000 192178240155
003005236000 192175160000
005062034012 190156160000
023158250000 192190225000
002020004000 190124192000
013035235000 192031176000
005105008000 187191061134
013105171192 192178242088
018154060000 192060064000
013226129000 192096022000
002057091000 192178087174
003160116000 185202004000
005062061213 192233195132
001201032000 188240092056
004069170003 192178024224
002016045000 192148107000
005056019224 188237000000
004028139056 192072125036
005010116000 192171092000
023047122000 192206034000
004068074016 192111034000
005056017004 185208012144
004068037116 192234054000
002017210000 192178246046
002021174000 192178078040
018104000000 192071094000
017001136064 192107131000
008007017000 192178158189
005035160136 192131146000
005144126000 192178029178
008227077089 192178070164
002019006136 188164048000
005175181000 192178252211
003168172000 187031005132
005056018060 192114032000
004068037175 192042253000
005010250000 192093249000
002017111213 190004064000
004069136128 192152044000
001028144000 192068110000
003168210000 185184092000
004068074070 185195235190
005181120000 192178029031
001208147216 186067250000
031057170000 185169236040
023038242076 192178068186
004068075125 185219000000
001248080000 192178044088
005062062148 190086062000
012189128000 192069120000
002021175162 192083160000
012029128000 185172205000
002059013000 192109041128
008008208000 192176002000
004068063164 192241121000
014128192000 192199010000
008006086000 192193147000
023173098000 185169095000
005083044000 192203178000
004015021122 190104176000
002056126000 192016154000
005033000000 187188194160
002255249188 190090140000
001074192000 192231028000
002056228000 192053120000
005180034128 192178068240
005181113000 192223039000
004228000000 192243036000
005062023004 185248130000
008041007000 192206010000
008036218000 192031198000
008002076000 192178253132
002056122000 185139247044
032112177242 192178082096
005135168128 190181012000
005062042042 192240108000
008048243012 192082231000
020060076000 192047162000
005181086000 192121222000
001066020000 192129031000
008242124000 192067196000
004031212128 191234082186
001213115147 190242020000
001179162000 190102112000
002018082016 187191128000
005057016000 192178253128
005023025007 192178250026
005180061000 192216082000
001032202000 192186141176
015158042101 192144048000
040099157128 188064162239
002019007225 192165111000
003161004000 185106144000
002017109152 192158045000
001023240000 192233202109
023144185000 192178078062
005062049020 192178111188
002038000000 192175166132
012177240000 186178048000
023181220000 192159162000
001001002000 192107242000
002059196000 192178074224
005039010040 190227160000
005144082000 190248088000
005253091000 184104227248
012221072000 185242069151
005053003023 190144184000
005062049092 192206084000
013034062192 188234072128
004068062124 185121025009
002188076000 192233197064
014055096000 192200191000
004034112000 188214152101
003163060000 192178247072
018173044000 185252157000
004001117074 192178106024
002016137000 192236176032
023038246012 192233193192
005074000000 192233198183
024097120000 185155186000
003161071000 190214210000
024214073000 192088043000
023027246000 192178240052
008028117000 190098142128
012163016000 192235221000
001020118000 192118080000
004068038092 192233197000
005180134080 192178251198
001006160000 192172221000
004069231186 192160242000
031014103000 192157031000
006070000000 192020122000
008225161000 192197150000
012041129000 192142022000
014035176000 192159080000
012032164000 185145116000
004069218133 192162250000
015158042150 192184002000
005140168000 192226077000
001009244128 192176230000
005196098000 191032000000
017116116000 192231245000
002094018000 192067018000
012105000000 192148116000
005183220000 192159000000
002027048000 192193185000
002255249126 185209223000
003005240000 192207244000
020187208000 192193170000
005062128000 192203080000
002019007022 192026239000
005231228000 192237114000
008029231104 192178084008
017070024128 192178097134
005254030110 190216056000
015065224000 192230078000
012041144000 185247231024
005252034000 192175024000
002057155008 192178083168
003165124000 178156088000
013034018016 192149041000
012235016000 192140001000
004033139212 192243024000
003173243000 192233201114
008033226000 188121048098
004068030088 192178249030
005231048000 192102018000
014207196000 192121238000
008029230246 192149111000
003166026000 192178078092
006148034000 192072124145
008047145072 187031005130
005011010128 185172115000
005196253037 192178096152
020153100000 192139216000
004068062202 192178086178
005035160048 192178075136
012045192000 192112134000
005062048120 185248064000
008036065000 192118004000
002058045000 187063243000
004001114000 192049135000
023005168000 190086061000
004001115000 192236156000
023231036000 192058123000
004016049208 186236064000
027131144000 192178255048
008017145000 192178240140
002255249125 192203128000
013108001106 192112080000
005135122128 185116057009
012166032000 192234171000
004001117083 192178081123
002019004104 192178096042
004068074184 187249006016
005196253032 192107248000
018173116000 192084032000
003160176000 192233196048
004001116207 192121190000
002022090000 192156132000
002019007179 192178086158
005062059028 192115233000
024054096000 192190100000
003002032192 192236126000
001179218000 192223160000
005255148016 192195065000
001023132000 187214030242
001193220000 192052248000
008227072001 192132079000
031058051160 192132232000
004004211000 191243208000
005011096000 192136026000
015158149000 192178250016
005196045000 192245028000
005062044018 192178241018
004068110054 192081060000
005231110000 192207102000
002019005130 191096189132
002179032000 185233113000
023194220000 192035146000
005011008116 185134062000
003164160000 192086126000
005056017104 192221144000
004068111000 185157064000
001007104000 192109226000
001194114000 192071247000
002017020000 192175084000
003166237000 192127000000
004068063118 190009192000
017000018033 192016166000
005183211230 185157100000
005154154076 192133076208
005196253254 190010106000
005253088000 185172232000
017078053000 192166074000
004068062254 188165021170
002255254107 190215000000
001032235000 192178096164
015197038032 192116004000
005045032000 192178070242
013108001080 185213124000
004068062206 192130032000
012235246000 191237197000
013104185160 192206170000
005034030000 192178097158
003161130000 192178213000
002063157000 192178109232
004068062099 185137118000
001186000000 192178244206
006015128000 192207236000
005034243000 192178084107
005188088000 185246041146
002022060000 192131100000
003004015048 192031108000
017079208000 192008124002
005183195000 192178029054
005182164000 190093036000
003165008000 192162230000
001078127000 192186128000
023131024000 192206101000
005056017064 192107254000
008025002000 192237000000
004059176016 192189076000
004068063080 192137072000
005003044000 192178250112
002063151034 192241012000
003165013000 192071153000
004004211200 191234128000
001010012000 192178248128
004031213000 192088021000
002020111000 181056208000
004001112024 192178097164
038112015000 192231130000
005175240000 192133224000
004033218000 190228022000
005042223000 188191050000
001037072144 191101099000
003004015096 192162090000
015044092000 192178068056
004028143112 192197090000
005028008000 185173252000
008042120244 192149060000
008019228000 190115032000
001213113032 192065132000
002017109242 190006050000
001241251000 192178085144
008029109233 190212095128
012222047000 192174116000
017091000081 192093038000
034175235000 192099146016
005057022000 192189068000
017248168000 192140140000
008227074064 192147029000
002056204000 192178121084
004068111072 185100211106
004068038195 192154028000
015230065128 186046034000
002056111000 192177064000
012171080000 192058038000
005062060222 191242244000
008022097000 192147069000
005040041000 192178249157
004003000000 192054177000
005158213096 192190216000
002189160000 185200063000
013034044000 192195221000
014118192000 192178250180
013249176000 192048152000
006067048000 192189023000
004053211216 173231200000
023237208000 192178108035
008227102033 192210030000
002152000000 192229087003
015248109000 192135114000
002021175202 185200038236
004068038038 192197160033
023235150064 192082118000
035203228000 192178241030
012041128064 185243075000
004031213192 192208005000
002018215088 192223060000
002018212048 192178028224
008227140160 192237082000
005035160037 192178250159
008029231119 192139077000
004042035212 185117172000
002255254112 191101083000
005023038000 190140192000
001179112224 192178106012
012180188000 192207050000
023133248000 192146117000
032115041216 192178108200
004069248064 192228106000
005135123000 192178084184
003173170000 192055098000
005253164000 188095152144
002255249019 192178104094
015177112000 192035085000
003165156000 192178240142
001179112051 192108149000
008029230201 192056049000
013012000000 192178110070
013034190064 188244126000
003140000000 192178082080
002019006158 192175224000
023209032000 192178098200
005032172000 192084238000
006071000000 190086072240
006065026000 187190047000
001178203032 192234043000
012043000000 192178255094
013034077064 192109148000
003168236000 192020160000
002255249183 192154251000
040090067018 192054250000
004001112160 192035207000
002058012000 192099105032
002022116172 192225060000
023246061064 188191064000
005010027000 190008128000
005175190161 192195153000
008029231244 192178086180
003166220000 192193008000
005059204000 192148177000
018064076000 189247127181
008020248000 192211041000
002021175068 192200000000
012026000000 192233194028
013106239016 192178072068
002021008000 192138108000
032114070202 192022180000
005250240000 192109048000
004015021152 192178081006
002017111112 192040234000
016010030000 192178082069
001241248000 191096142000
013106211152 192178029165
005183188000 192005142000
004042075176 192176027000
001023192000 192070243000
004125074048 192178249127
001235144000 192178244026
001178028000 185190011127
014001033095 190010107000
013106238120 192051248000
032112159080 192096242000
013249006000 192088111000
012163064000 185196074000
003172101000 192103122128
003164024000 192006020000
002255254104 192173004000
002021175208 192026080000
003169098000 190242166068
016128195000 192112082000
004015021060 187254016000
018066135000 192030108000
004033218032 192178249144
008244130000 192178253004
001238002000 190196063158
003175220000 188130239000
004068037241 192165079000
003175201000 192208016000
004071047000 192135235000
003165059000 192208001001
002076000000 187111112000
017081165040 192005002000
008227139064 185251044224
012199016000 192236176028
008019040000 192195033000
023255090232 192178083034
002017108243 188246233000
002016224000 192178104034
008028056000 192108126136
017088000000 189201184000
031202064000 192075144000
003033056192 191102226000
008029231220 190096115000
004059176199 192186141174
012205252000 192071001000
004068128000 192216200000
001183208000 192075240000
002058156000 192178107028
004031214144 192131144000
005201168000 192178105021
008020088000 190110036000
002255160000 192210224000
005053000022 191101216000
014096032000 188209133000
002021175244 188068068000
023075018000 192025124000
006243232000 192169208000
008042173000 189247127186
008227076112 185247231112
004002133032 192033010000
008245017000 192233206238
005011060000 192178110000
008020092000 192169120000
004068110020 192177131000
038121080158 192159126000
012221096000 192183184000
004068072027 192178250148
004069231237 192152079000
008244000104 192178110250
001028184000 192195006000
005152163000 192197157000
004014040000 190231174000
002057153064 192177059000
023026206000 192178246116
005045062028 192178110160
008033065000 190242180128
008014016000 188190022000
002019007241 192178074204
001208112096 192005192000
004002024000 192114024000
005062060208 192178252016
008003244000 188092170064
002058068000 192092064000
023103064000 192126068000
006070032000 192178070177
008029060000 192195008000
002057228000 192234048000
001037027036 192073076000
005062058068 192178028102
004069223113 192093036000
003175093000 192064013000
004068062132 185163020000
005140162000 189126208000
003170242000 187186240000
004028142184 192041138000
027111183000 192030136000
004216000000 192178121030
001255224000 192243228000
005187103000 192178086225
002188010000 192077024000
004068063078 192178110224
004069215202 192061050000
002028000000 192031226000
005252088000 190005064000
002016049000 192233201170
001213160000 192178069220
004069080000 192031244000
001178022000 185116209000
001009000000 192124045000
002255253118 192126036000
005227124000 189085036000
005190000000 192178104026
004068071192 189084192000
001232224000 192081189000
005062059029 190111128000
002019216000 191242044000
015158140000 192178251204
008243136000 192178028208
004069218154 192103092000
005175237000 185239244000
002255254008 192190187000
032115063192 188121038048
001007152000 192129081000
023128088240 192178240170
005025184000 192206184000
008043066000 192178248220
008227035000 192055082000
001037073000 192231208000
004069248200 192122176000
005053006080 192101094000
001209032000 192160240000
005165224000 192166000000
005056020176 192177139000
002019004082 192178132000
001178184000 192178046064
002063240000 192054036000
004069215025 189076176000
034143116112 188190025000
015248064000 190147080000
015251000056 185206082000
001203116000 192237024000
012185192000 192178247054
004016055016 192112065000
012129128000 192178107086
020047035000 192233192248
023255002128 192233199186
008021116000 192207204000
005231094000 192178087112
004069137030 188231098000
002078000000 192208191000
002017195000 192178072008
013104149064 192067144000
013104177000 192054216000
012026124000 185201108237
017000001162 192061036000
013105089032 192178245222
008017036000 192223188000
002255251064 192137030000
014102084096 192233193036
008002144000 192231112000
004068062144 185250206000
004069240032 192137088000
002017110012 192071078000
004069064104 192178248050
005135020144 188092252000
003169079000 190143250000
001009243036 185169236017
008038023156 192019243000
005188174000 190106064000
001012064000 192178249123
004068038034 190104169003
015036123000 192105252000
005044251000 189084208000
005034248128 192194128000
015230158000 185162254114
008029228112 192206128000
005011013066 192165210000
001208115224 192157130000
002017016000 192178254024
004068062024 190242140160
023006199000 192206144000
003002044128 192234220000
005056020178 187095064000
005056021104 188073173000
002189176000 185027251000
004068014124 192153044000
002018030000 192186141172
002094198000 192178097058
008006192000 190150022000
002019200000 192012012000
008017252000 192233202128
001006231000 185232044029
004024000000 192040052000
004042074176 192061044000
008028200000 192148093000
018161248000 192019138000
014001058000 192176001000
005010138000 192189156000
008025075000 192107132000
003169015000 185222214000
005040240000 192229085000
005062060105 192178246170
001038184000 192104235000
005035171000 192067066000
005053006082 188165017048
005135059097 192178072072
005045215000 192178158224
004033128000 192230118000
004069064228 192099146217
013106232224 192178242080
002019128000 192134224000
005062049025 192109044000
001179113072 192178082058
004069238216 192094077000
001012032000 185225036000
005154136000 192091156000
014102084092 192004238000
017000003160 192178098177
017000001233 192214224000
008029228074 192178082044
004248000000 192190025000
005053239000 192197087000
008227077156 192019139000
003162088000 192178070096
002017112000 192088018000
001179048000 188170248000
003005040000 192178106044
005056020240 192151219000
002255249196 192153122000
012222064000 192196192000
005044254000 190187038000
005135169000 192233197059
005042198000 192178080072
008245014176 192178106052
005023016064 192178253002
008029231103 192112023000
005022202000 192209018000
008227113096 192190066000
004068110042 192070124000
005053004224 192173076056
002017111208 192085112000
004068070223 192178073199
005196109055 188093176000
020138032000 192084010000
005133160000 192178246161
001023152000 192133049000
008041176000 192178028168
001187208000 192149237000
008029109136 185199216000
020150105000 192206213000
002017014000 192112160144
013034110192 192133077000
005255148060 192178087120
008227071016 192148186000
005239248000 186183148000
001208147221 192016124000
023150058000 192101085000
031041245000 192178107136
001082128000 192176106000
005187031000 185207112000
005101072000 192219096000
005061248000 192236192000
001118008000 192178084065
002022116192 187102194000
005056018184 192152120000
018064018000 185173052000
005158214000 192111004000
005195080000 186064001208
002020247000 192223026000
005189004000 192176214000
005062047160 192137248000
002057150000 186064002128
005180227060 192178246036
006073209000 192233197099
004042074196 190131209000
013106239044 192160165000
005062047200 189050144000
013244197128 189149242000
004070000000 190089048000
023057010192 192101082000
005039008000 192178107150
005062058192 192139197000
002059152000 192231036048
001179112168 192150093000
002255249000 192237111000
004068039087 192111112000
001237184000 192178073116
004068070209 192178099106
008042121096 187191060000
002179169000 185227182192
005062040000 185192058000
038078156160 192178245022
008227141194 190115025096
017000117000 192178098187
003161030000 192237028000
003174201000 192178080056
015230015064 190012132000
005062059057 192100203000
002019081000 188214106056
001179232000 185169236144
017000018220 192197124000
005011012116 192236120000
001008009000 192091201000
005062058172 192075056000
002057076000 192084068000
001208113040 192148020000
004068111225 187049192000
008038217000 192223104000
005129224000 192190188000
003172107000 192107133000
005188191000 192178082076
020143128000 192210132000
003165253000 192230097000
013034116064 183238108000
004001117072 185045013000
023053172000 192101143000
002021175148 185194103000
003162013000 192178241026
008029109201 192175152000
001178002000 181218120000
020033086000 190252105000
005104059228 192085050000
005188037000 192178104168
032115035088 192111002000
002255254120 191235000000
002059220000 192135036000
005062057064 188211236000
002019004100 192238048000
001241228000 192229111000
004068075239 192075060000
013034127064 192188123000
012144150000 188241160000
023002080000 192178120076
008045151096 192073255000
005023034000 192178086044
005061111000 192175071000
017000014220 192210252000
012035052000 192071251000
002056048000 192178221000
003172115000 192147093000
005062085024 190107192000
008245000064 185192200000
002023148000 192197082000
012151128000 185004139000
003160178000 192076184000
002058080000 190092172000
005187121206 192215060000
004033206000 192241092002
002056125000 192147252000
023111242000 185139247026
005180134076 191096231000
023147094000 192233205039
002018209000 192233203184
002111000000 192111226000
002058048251 185191214000
005255148076 189203255000
032112155016 192152116000
002078048000 192056117000
023041212000 192178254198
001178027000 192233193252
002094122000 192166168000
003112000000 192178099020
001241193000 192142227000
001039080000 185201108231
002057204000 192166241000
017094003004 192178104190
001020125000 188050192000
005178043000 192219092000
001044112000 192178105232
031015255181 192177002000
023224116000 192135067000
001028148000 192042103000
023150076000 192195054000
005180134011 192103180000
005129000000 192048125000
017126000000 192101004000
004068063220 191096206000
001208112252 192178249148
005150074000 190090060000
002057225080 192237106000
008128096000 191118128000
005180135252 185166204000
005011008133 192029160000
001208145000 192138185000
023059160000 192107130000
004030176064 192084253000
001213128000 190106192000
001231128000 188072090000
005182130000 192031021000
023174105000 190208000000
023055140000 192178074036
013034110128 192170013000
004068063156 192178249104
002255249056 192008051000
023170000000 192102220000
005019064000 192178244156
002255000000 192092187000
004068072079 185209154000
013021255064 192193163000
008029228100 192176170000
023026209000 192206030000
004069248128 192148250000
004028160000 192178068136
002255251036 185246208000
005182063000 192178086084
003166072000 192094220000
005252035000 192203177000
005062034032 192241081000
003165014000 192086098000
005062063080 192238022000
005175190103 188165064176
003174128000 192198056000
023140056000 192209027000
005254048000 192093004000
004068072140 192012209000
002059062000 192193113000
023213233000 192178243008
003005032000 192178086170
005254006000 190098141110
001214092000 192178046146
002058048076 192178248152
004069151110 188234131000
002016160000 192207150000
001240001000 192234202000
002058140000 192136184000
001028112000 192240107208
002021112000 192193220000
017057144000 192208001224
023038118041 192193083000
005249188000 190110246000
023149012000 192146168000
001199240000 192231036004
005154070000 185224124000
013107058000 191101177000
002179064000 187189254000
001037064000 192233196076
002058152000 192120241000
002058085000 188210216000
004060000000 192124225000
005053003085 192178250240
004069231155 192161016000
008002192000 192178245136
012186068000 192152005000
002016186000 192186141192
002017109220 192236008000
005176000000 185241080000
017083056000 192139018000
008033196000 185201172000
006133066000 188128192000
001071176000 192080013000
008052201184 192234212000
004036040010 192176224000
013248120000 192092193000
004068037252 188164210000
012005184000 188227204000
001255032000 187087137000
001237168000 192165054000
002255252016 185248169000
023128040000 185233180000
001037029072 185239024231
005039009228 192178069228
005062061004 192178029139
001023113000 192154033000
004030176123 192144063000
001037072146 192240102032
002022008000 192229152000
005040152000 192178097200
002056244000 187244051032
005231042000 192245002000
023130052000 192236147064
002027112000 192056057000
023152225200 192104255000
004015020088 192178122010
023027108000 188093170032
004068038017 192100008000
002057200000 192178250215
005180178000 192178069236
005062042034 192178085229
001208114044 192178248102
002023015000 190098164000
023033100054 192036010000
002019004101 192178243106
008040194000 192081195000
008019241000 192153002000
004031209192 188137138000
023003138000 185255153000
004068068012 192219017000
004001112128 192084224000
001073246000 192178107190
003002101000 192077180000
015248015004 192185128000
002255254134 192012055000
002017108080 192197148000
020153130000 185066000000
002019007096 192040128000
013034015226 192195119000
001213115192 192216122000
001225090000 192156122000
005160199000 192178240120
004069140192 188254054047
002020185000 192034070000
005230006000 189016000000
002057020000 188074243096
004042033144 192064152000
023139102000 192165169000
004069231224 185156128016
038028001063 192148064000
005053000016 192233198182
001178196000 192223036000
008039176000 192203130000
002021175250 192206174000
003174072000 185130001000
012043096000 186048000000
002017110204 192080067000
003168158000 192223150128
001076148000 192234142000
003172009128 185194192000
013106010192 192158034000
005053000137 192019159000
004069239064 192178105002
004040000000 192233198020
005062059026 192137242000
002020012000 192178245120
005196248128 192178240050
023033248000 192104073000
001213115144 192178074206
005195016000 191036136000
004068036144 192175120000
005062061017 192223172000
004068074035 192086058000
002255252031 192178244025
001208179173 192159037000
002016128000 192178098094
008038240000 192082116000
001037034000 186209158000
004068062097 192187006000
005062085108 185169236176
008245013128 192178245130
001038168000 192178074225
027125196000 189203035000
008244037146 192160132000
005059222000 192108213000
005152169000 192050212000
013105106224 192146000000
012201064000 192173090000
005062047138 192132010000
001208172144 192175255000
005083221000 186232247000
003175064096 192158020000
002021175164 192234211000
008045134000 188228064000
004015017201 192233197056
005179200000 185226004000
023095228000 192173111008
005062061238 192207100000
005175190207 192178111212
005053006096 192244024000
013034038232 188235000000
005101092000 190008236000
005011032000 185123212000
005230201000 192185076000
013034106128 192178098036
008015247000 192121227000
004068033215 186169064000
004068104000 192109240000
017248153000 192188015000
001236048000 192178248046
008244128208 184105032016
023133064000 185129066192
013106210184 191160016000
006072224000 187049224000
004015021138 192178087156
004068068151 192136023000
001021096000 192129048000
017066106000 192086057000
023089099000 192058092000
001208113032 192121000000
003165030000 192178044252
008024217000 185226196000
003166092000 192184234000
001208147188 192236009000
005063018000 192146234000
002018056000 192012162000
008041048000 192188100000
001009241174 192211047000
001236223000 192178086012
005135068241 192233204064
001007169000 192177005000
004033139096 192157035000
002255251000 192178249160
023130076000 190248088080
023066100000 191096131000
023148042000 186179112000
002189088000 192178085030
005183128188 192073078000
005035160116 188165021016
005226008000 185244004000
003175192000 192019228000
023019196032 192135066000
023041144000 192178072182
005008017000 192177091000
002059040000 192227176000
005252163000 192165000000
003169062000 190103100048
012005164000 188042190168
004069192000 192099146107
002022116176 184104206240
008214192000 188191100000
002017203249 190212070000
001178198160 192243090000
001209196000 192075011000
012049056000 192135172000
003002095000 192102080000
001179113068 192178251244
023150173000 192237099128
002063151032 192178107143
020157164000 192139014000
005053112000 192178158064
002016035249 192207180000
005056021100 192196002000
002255249059 192160073000
005039011018 192156162000
003162034000 192043192000
001006192000 192225208000
001067240000 192200084000
005135211240 192197160080
002017255000 192244228000
002058234000 192231247000
017000017012 190011064000
002017109248 192049168000
004033138000 192160027000
002255251231 188165019248
008011128000 188255164000
002023096000 192178078124
002059153000 192155048000
001076016000 192178193000
008224000000 188212208000
005104232000 188191146000
008048241048 190112204000
002058072000 192231037000
015177088000 192178104132
013032102000 191241104000
001213000000 192178105032
004059234009 186145013000
005077060000 192109207000
005053001105 192083243000
001208106168 192124115000
015158181000 192121243000
004016049160 185174021000
001018127000 192107168000
008027068000 185237102032
004068110061 192102157000
013034015208 192178099208
004068111105 189203070036
008037080000 192072125040
006242000000 192135110000
001023112000 192033174000
013034144064 192233204040
005249163066 192162068000
002021175194 192178108128
008048244036 192193118000
017000004000 192178242024
001193224000 192067007000
004008020064 192135239000
002021126000 192178093192
004079112000 192071248000
004028138142 188000246000
001199192000 192178216000
001032234050 189089244000
003171212000 192219116000
023230155000 192178244032
034144000104 192139126000
023130130000 192175012000
001009250064 192178086138
003162210000 192195030000
005253204147 192245000000
004069170034 192055062000
004068037013 192207253000
008225178000 192165253000
005135171000 192197160022
001022048000 192161052000
005042211173 192178022000
006049000000 192170148000
023193024000 192077236000
014049196000 192044025000
001178208000 192124155000
002255252196 190103122128
001074080000 192178254018
008014096000 188130254000
015248005240 192135193000
013225075000 192112160182
014044064000 185188172000
004068075055 187120008000
001208145128 187249010240
008044084000 192152049000
031148150000 192132097000
020157175000 192177144000
005056009099 192238208132
023065000000 192109206000
013105245128 185111136000
004031208050 186251012000
004069143128 192178253236
015158143000 185181020000
001255072000 192086052000
001007168173 192066014000
018245112000 192178138016
003165186000 192231044000
023153016000 192178245084
004039104000 192178097039
002027232000 188068164000
003172114000 185112134028
004069215064 192178111216
004042072224 192162252000
014022104000 185233217000
003002056000 192005157000
001178090000 192245025000
005088000000 185226183082
004068127020 192056039000
008029109066 192188072000
008244128128 189055160000
004069241000 192178247016
020047122000 192136131000
015176052000 190147124000
005183168000 192178097110
005255148123 192148192000
005062061048 192076056000
001068000000 192094208000
001244118000 192121251000
004068068017 192171104000
015040086000 192095000000
004068062052 188064182000
005196109056 185217060000
005183204000 192109144000
023154145000 192176196000
004015022000 192108068000
013226182000 192230240000
005056018048 192023130000
005053006156 192178086058
004068068055 190156000000
002021175057 188231234000
023195008000 192237072000
032115103128 192100148000
005053005120 192178241104
003143020000 192173000000
003004012018 192230113000
018066220000 186234080000
001079002000 192228126000
005135015216 192147013000
005189192000 192051232000
023153216000 188152000000
008029166000 192082000000
005057210000 192077014000
005062062060 192178244028
001233003000 192178109188
020033021000 192147237000
008044008000 192231154000
004068062044 192233204112
005053004120 192102229000
014136016000 192103189000
002019224000 185194179000
005182130068 187077112000
004068073132 185034168000
005023026128 192101081000
015158143064 192028176000
005053004036 192173089000
001201008000 185001222000
003163239192 192154196252
014136096000 185221044000
005062062132 192012221000
005239000000 192178029094
006065041000 192052179000
002022092000 190105195096
014207142000 192207012000
005040144000 189127000000
002023012000 190228080000
005001095000 190241199000
005158213072 192177101000
005056020144 192193130000
005139128000 192124208000
002023178000 192234058000
004038228012 192043216000
004069222177 192138101000
005149008000 192178045186
002057155000 192135004000
004001116200 192178247066
002185254000 192206040000
002018214102 192210246000
008029088000 192067034000
002058048180 192086005000
003172104069 192175125096
002017109234 192203158000
023158113000 192155008000
023012033076 192233206232
003160056000 192151179000
004059058160 192053097000
005053001192 192035025000
005178044104 190009112000
005254042000 190242016110
002019007244 185005064000
005159217095 192076092000
015016000000 186086199000
006043000000 192244244000
008031042000 192076134000
004069215046 192178096196
009244000000 192174015000
005059032000 192178083088
004020064000 192207254000
004001064000 192091109000
005154154204 185162252024
002056024000 192178158192
004039096000 192178110098
008006181000 192178247080
005175222000 192029192000
002017253000 192207242000
001021144000 192139167000
004068072192 185146020000
005011112000 192231192000
017094003248 192178248053
031059035068 192236160000
005135254000 185193042000
002057061000 191234096000
012228000000 185129124000
004147000000 189113032000
005182215000 192178241084
004033139056 190146079000
005154233000 185207229000
038005001106 192237116000
032112164036 192154196001
002017201000 192051128000
002189086000 192178070228
005062132000 192178028090
023185152000 192190062000
008255254123 192103006000
005178043068 192101194000
023255085240 188214152128
014103032000 192178240226
004033139032 192136190000
001002008000 192091176000
005057003000 192243230000
002255249030 192163011000
004015020008 192048006000
005062043192 192178143000
020205144000 192050235000
001178202032 192176249000
005053001012 192150006000
005254080000 185173106000
001009241093 192084009000
001075128000 192189024000
023134064000 192178241208
002188252000 185246190071
005022204000 192206008000
002019004072 192178119128
008006085000 192161096000
002018252000 192092094000
013105074064 192016155016
002188192000 190187084000
004042033120 190103200000
005053005000 192178246236
005148128000 192157096000
005053007042 188026224000
037252164132 190182248000
023012032032 192178075054
006064136000 192029112000
004068070144 192178072110
005034192000 192073254000
005196223000 191101253000
001208106172 192209026254
012000128000 192071196000
003175070240 192150058000
004210000000 192178071208
003168184000 190014020000
003164060000 192238208001
005132160000 192189065000
005062135000 192178248056
005062047224 192232184000
001066080000 192067045000
028016000000 192185024000
005196214040 192229232000
005100208000 192050016000
005046000000 185152048032
023136210000 192093096000
023212148000 192112152000
002188024000 192100132000
002022116170 192231005000
003163000000 192207164000
001033000000 191096028000
001255024000 190092096000
004042072130 192178072180
005152188000 185093034160
012132064000 185252021000
005175190067 192052153000
001084128000 192178086004
002056221000 192178254252
001039152000 187185229000
005039053064 192042136000
002022227000 192178083224
023033100216 192026096000
017242152000 192178110216
001228252000 166081006000
005149106000 192188034238
001179113096 192178247062
018161240000 192153032000
013106232072 192153188000
001079066000 186153192000
005236000000 190090232000
005196252000 191096003032
003164046000 188042190020
008024087016 192223004000
002188239000 185190011010
004014044080 188208134000
004033139224 192068231000
001082000000 192152135000
016128080000 192178107160
018031000000 192112161024
015158182000 192205038000
005003240000 192178254012
008193016000 192208001134
005175140000 192178068030
005196127016 192178107178
023038246032 192150199000
023026145000 192152107000
005154179000 192178070042
004068062010 192193182000
001023216000 192203230000
002022021000 190185207000
002180248000 192178073051
004001116059 192146133000
003174140000 192040134000
001009243035 192207062000
001009248000 192178253138
005200030024 192237094032
023255061096 189166000000
004068015224 185154160000
015158126000 191101096000
005159050000 192178074038
012202001000 192161192000
005062042112 192154216000
004068110040 192112140000
001118128000 188170164025
017118000000 192193230000
008029230176 192103126000
017079043000 192208015000
008029228095 185005163192
008048245026 192231151000
003169002000 192240128000
002056005000 191096189224
023058138130 185200143000
001013000000 192137100000
017087055000 192178121118
008049216096 185169221004
005172180000 188240068000
004068063154 188170164040
001248216000 192213000000
003033128000 192178070056
005135056000 192159105000
005154130000 192203212000
020153105000 192237094160
017078056000 192152012000
004069231200 192206109000
012003192000 192118032000
004033136000 185250099000
005077056000 192048118000
023027134000 192178250056
004069231144 192178120217
001018116000 192178068100
013021224000 192190226000
004068033216 192178246228
023162073000 192178111081
004068062123 192186178000
002180128000 192133074000
008009230000 192178083076
018065244000 186104000000
005181158000 192121239000
001179176000 192244000000
002018215126 192223232000
005181036000 192136016000
001030160000 190115022000
008028217000 192176040000
012132023000 192240126000
023050224000 192233206166
005083112000 190182236000
005181131000 192166247000
008017088000 192231043000
001222208000 192112160148
005062049016 185036125000
017000014232 192178245134
005042124000 192215204000
005140161000 192178243078
023045021102 192134092000
003172064096 192178046160
005183211216 185223060000
012015162000 192094176000
004059177172 192048180000
001208112136 192203127000
005042200000 190172000000
003164219000 192062208000
001023205000 185102169000
005003192000 192203219000
013106162016 192178071009
002021237000 192178083036
002018025000 192176162000
008048120000 185141192000
018245002000 192169068000
003173016000 192193013000
020204000000 192156107000
003164120000 192233205192
008029228029 192193154000
001022160000 192135177000
017000113064 192238209130
008022178000 185022190000
023064122000 192186190064
008227052052 192001140000
013034116192 190210064000
023131204241 192178244020
004069207090 192231023000
002021175200 188211026000
008017022000 185092080000
002019005040 192195224000
015230134000 192005152000
005062124000 192104164000
001213113016 192178081020
020190185000 192052227000
005172152000 192157000000
002017111205 192166101000
005102044000 192178109068
023050234000 187251002036
008227102000 192178251088
002079000000 192207002000
002027216000 192103122100
012237128000 188231182000
023045021203 192050074000
008227135212 192206027000
001075008000 192122179000
005180030000 192050046000
012189182000 192152226000
011004000000 192178245194
002022112000 185080136000
008245160012 192178252080
002027160000 185200036176
002255249068 185234124000
002056096000 192241102000
004069246150 192070150000
004069170224 192178068226
013105027192 185094241000
008245015080 192178109012
002255248064 192178254084
005180135124 190156228000
005187116166 192178244148
012210000000 192178158000
005135020135 192178068188
013104097136 192121169000
004016054192 192225154000
005016104000 192149085000
002058048252 192178070170
005023019000 192188095000
006072252000 185186064006
001178006000 192193068000
004069170040 192195068162
001022211000 190242180033
002181220000 192178241014
017132095000 192178120168
005053007212 192240102000
005053007234 192065142000
002020243000 185157050000
013107162024 192131024000
002056092000 192193243022
005178044154 192231004000
003161120000 192178069171
015176048000 192195234000
004059180041 187086196000
001243000000 192119170000
005175190100 192107030000
004028142176 192148100000
009179234000 192069001000
008041056000 192233201169
002058048062 188165188000
002017110096 190108058000
014000127024 192230089000
005056019038 192178252152
020150092000 192157153000
012181162000 188040208000
012132212000 192178071190
005196248038 188255223000
002021070000 185146069000
005134208032 192070246000
004068110026 192243032000
002017108076 192094120000
005056017186 187249068000
002019004096 192055128000
005182033000 190158068000
005195172000 192177108000
002182168000 192075088144
004068072032 185037112000
012240000000 192226060000
004195000000 190090244000
013226013000 189247064000
001037027038 192243034000
020157053000 192178240154
002063156228 192035250000
001030092000 192203138000
008052201186 188253031000
023026144000 192178111148
005105192000 192092127000
005010138096 192178029163
013034068200 188042181000
005061080000 192208096000
005083096000 185039208000
008029109108 192178244046
003162002000 190211144000
023136072000 192122224000
018068171000 192048022248
001178004000 192048218000
023204068000 192152142000
003163002000 192085230000
012046096000 192208001148
008015207000 192056008000
004068111200 192132128000
003004012034 192178246206
005023008000 192178083246
005187107112 186046224000
004016054232 192197216000
008043028000 192178121178
012183144000 185108212000
003160068000 192178098169
005153168000 192232104000
023132208000 192203159000
005053004202 192231060000
004068073142 192178108140
014022124000 192080049000
005028224000 192151181000
002022116136 192216088000
002063156224 185054138000
002017110072 192178086175
002017249000 192161208000
002022116165 191101225000
005062063168 192190094000
008240000000 192243255000
005180135254 192043211000
013106210026 185195032000
008033243000 192165028000
004068038040 188121034010
023066233000 192048079000
018172252000 188123199000
012149224000 192231107000
012227100000 190106040000
002058048160 192122213000
004069142128 188187240000
023188212000 188125026064
023255055088 188170164128
008029230189 190158200000
023067037000 187252224000
002057148000 192231218000
014099056000 189038024000
003174094000 192150017000
017008088000 190096060000
005100168000 192203197000
006142000000 190098159000
002187253000 192236176000
008224104000 192188126000
023057010032 192178081028
008045114000 192154046000
001002000000 192012176000
020190189128 192193000000
015197038080 185104136058
001022028000 192137185000
012003222000 192178086250
005011008064 192206196000
005159219039 192104006000
003002035000 192153080000
001094000000 192084200000
008009004000 192093052000
004055124000 192112132000
023170082000 192178080200
002181184000 192234215000
001224180000 192115072000
003163061000 189184016000
005180134172 190103122144
005180135175 192101002000
004069217192 188064162183
002022000000 192240046000
002058048144 192233192250
005045062200 192178086174
004069238245 185211216132
002188128000 192178071040
004068127013 187210232000
005183078000 192111231000
007193224000 185138232000
005102037000 192105072000
001186092000 192231219000
002017108084 192145228000
031058049000 185178096000
004059214184 186209064000
001178198248 192107056000
002027093000 192153156000
003165218000 188215084000
005231080109 192193024000
005129211000 189198240016
027123009200 192169005000
002255252008 192012219000
002059077160 192178082248
004016054102 192223056000
008018231000 192076162000
002188234000 192107051000
002017111200 192156249000
005252060000 192193092000
003174110000 192067088000
004069246137 192103154000
013224221000 192188051000
005062058028 187249128000
034096003032 192024088000
038045192000 185025164160
031006119064 192238209128
005022209236 185092137064
008245000032 190242152000
005053005160 192178243020
023015038000 192178106042
004068111158 192069152000
004068062008 192055080000
005180092000 192212000000
013105060160 192243084000
005181021246 192177169000
005019032000 190109034000
004001115064 192075239000
023255026200 190157252000
002017110112 192178243250
001179112000 185081098000
005035035000 192028166000
005053005042 192149254000
012222084000 188255230000
004053210232 192146176000
008039223000 192178083116
005023018088 188095112000
008047160000 188165136008
002056200000 192235064000
002017110160 192223124000
023032062126 190242166000
005181248000 192093180000
023131187000 192096007000
005056017056 192178098234
015158152000 189090192000
023055136000 192075116000
002017109199 189073048000
005053003218 192178099156
005062056000 192049127000
023153050000 192178069116
005011010220 192148219000
013104213128 192178107184
005004000000 192178076045
013104184128 192197210000
012132096000 192165061000
005101176000 192178083070
003172021000 192178069072
005056018092 192178086224
002078040000 192195118000
023143096000 192150170000
004068127123 189243160000
031056119000 190242157032
008245002176 192230090000
005102176000 188121036168
008038121000 192215200000
023165208000 192178085146
005035036000 192178096055
023169208000 192134166000
005034128000 192229112000
008029105000 190098141148
004004200000 192232120000
002018105000 188209208000
004068071048 188121048240
005175213008 192086004000
006047112000 192104038000
016013000000 192178240048
023249055240 192206205000
045061144000 192084234000
023033102110 192178248032
006070130000 192238168000
005252166000 192084113000
005144145000 192108202000
004016049204 192178252232
004068038043 192178240134
004069221128 192124019000
006131139000 192153152000
004002133080 192178252215
003164108000 180089064000
001081008000 190185095000
005062047226 192178068162
018244230000 192178104149
008020200000 192108040000
008045111000 192139114000
002058048080 192230228000
002152066000 185146193080
023175113000 189218111000
004068071148 186146136000
004068039206 192178028232
005062045060 191156208000
004016051068 190011180000
013106232168 192138234000
037032068000 190098132240
002019007250 192178249128
005104200000 192012240000
008245002224 192153148000
004068000000 185018173040
005159218085 192112064000
005056018095 192154196004
023255029024 192050132000
004068033236 192150112000
002059162000 192231216000
014031000000 192139017000
005196162132 192159072000
008017037000 192178028088
002057225128 192160104000
008034014000 185226192000
013224171000 188241248000
004001120000 185182014000
004069226087 192108014000
005001016000 192073033000
002056114000 192198204000
005001056000 185224067000
005188207000 192084099000
001039220000 192107096000
023058139208 184104203064
005083135000 190103100156
005226149090 192236147016
005182168000 192193134000
013035056000 190113121128
001039224000 192178109162
006011032000 192149103000
004033139048 192162218000
004069218130 191101250000
005154064000 189247127114
013105089152 192188034233
001002064000 190216210000
001067238000 192221147000
005196105192 192100070000
004042075060 192035138000
012108254000 192178081040
023060169000 192132029000
005178043065 192178082026
003166232000 185208024000
005188060000 192003071000
005039208000 192178244018
020060100000 192064254000
008009100000 192172250000
004068111211 192077017000
024049201000 192223011000
002255249146 192178076046
023032062163 185001015000
005059098000 192031163000
005231029000 192166103000
005056020080 192178029009
004068070080 192135181000
001118040000 192069018000
008052233044 190103122192
008027110000 186064037016
006065004000 192207122000
004068037233 192159122000
003005124000 192140252000
003172061000 188130144000
023189241000 192055130000
001020128000 192141236000
001208115254 190187216000
005135071192 192178240152
005159128000 192030176000
003174224000 192242000000
005056019022 192031222000
013105177128 192175045000
005039198000 192078150000
013120000000 192071132000
002018068000 192190174000
015092162000 190156032000
002255188000 188190224000
012140000000 192075066000
008029109226 190146180000
001213112240 190150208000
003002043064 192223147000
005028128000 192178083192
013104178032 192178121000
005101221000 185205040000
002063168200 192099146159
018064252000 188209156000
003162212000 192177022000
005062043230 192178044144
032114125206 192207036000
002018214111 192236064000
002063156200 192193115000
002084000000 192035021000
005039237000 192176026000
020190166000 192100220000
005040192000 192203213000
008052198032 187188112000
023128068000 192150192000
016015160000 192058004000
005042211056 192206090000
002016167000 192129038000
002018215048 192178248192
004246000000 192178068134
004068068013 192189054000
005183176000 185131032000
004069206178 192207043000
002022228000 192080082000
004068111140 192178245200
012108240000 192178111136
005160243000 185231234000
012111000000 188214158084
008029231193 192189045000
002018214054 192231161000
005226154000 192227016000
008035049000 192178120068
003174105000 192178247233
020095134000 192170112000
020033184000 190098132120
008044238000 185042072000
003172104068 192218141000
008227072000 192047200000
013021126000 192207108000
017033131080 192178250116
001024224000 192149205000
003165202000 192135230000
003174013000 192232182000
004028142116 192137104000
005134072000 192166120000
003002088000 192178240184
018018016000 191096003012
020033117000 192103010000
005249163080 192178111014
003002045000 185029152170
002018214208 192150080000
023103137000 192170020000
002057062000 190242167000
005039051136 192012236000
004053244000 192235222000
003172104106 189125128000
008002176000 192094156000
046149111000 185244196000
023096000000 192178243052
001233224000 192178082116
013105221042 192101071004
017001172064 192036253000
012174182000 192230114000
005104042208 186005000000
008023192000 192231235000
005199045000 192108185000
004053245000 190066032000
002255249145 192137211000
014034158000 192196008000
006065016000 185238160000
005053007005 192178107128
016014224000 192096104000
023102224000 192052196000
002058048096 191096068000
001240128000 188121038014
017083152000 192046168000
003167221000 192232099000
005133082128 189084232000
005056018012 192238208192
005180053000 185086028000
002057004000 192068224000
001081094000 192075216000
001203064000 192178046017
005000000000 192092103000
003165072000 192178087210
023220076000 192178081124
005134208002 185252232000
005042211176 192139192000
002016084000 192232094000
015190080000 192178028228
002059077136 185167203000
020157017000 192056115000
002255254034 187121240000
012017239000 188132175000
001193176000 192122064000
002019005164 192033147000
005062059244 190103125128
004068062111 192065136000
005062034045 192051254000
005039053122 192070131048
001064000000 192030224000
004016052240 191160040000
005102078000 192178085192
023032058000 192205036000
017071112000 192178250084
005145169112 186248000000
020135032000 192034018000
023036002000 192144052000
023067080000 192154248000
002019007180 186087242000
008244000208 192056081000
020234128000 191232002064
013035058000 192178245236
002255249048 192103032000
020060184000 192067100000
005172182000 192178246184
008209064000 192155000000
005180135168 185250040000
002021089000 187095136000
001079080000 192174128000
004016052248 192152110000
023032056000 192178245172
004068070216 192150075000
002255253120 192003042000
004016048228 192178116064
005159238238 187251229000
023005128000 192231025000
002020071000 192075089000
001007168176 192178068172
003166239000 192187200000
013034020136 192137048000
003163128000 192003064000
004068059111 192178111010
004068062076 192178097240
004069215095 191037012000
005132189000 192122207000
013105053192 192178121204
005083167000 192122202000
005045189000 192135124000
005053003158 192197113000
017101240000 192175000036
001076128000 185227183026
002018212088 190084230000
012236152000 192093029000
004068033196 192183192000
005189206000 192178105008
003005072000 192112148000
002008000000 192188131000
008014061000 191096103000
005254153000 192108160000
016129000000 190171068000
002021175096 192196140000
008024080000 192048128000
023135209000 185171244000
005255148156 192232072000
002080000000 192055088000
001249112000 192109232000
002056173000 192067255000
005153181000 185206226145
008029230248 192100024000
023150244228 192101006000
005175190172 192050208000
002023154000 190013097000
005045062240 192178254184
008048245136 192211004000
013105089052 192077109000
008052233200 192104077000
013105204096 192178082065
002255250192 192178246022
005255151064 192178241130
005003023000 192178254115
017030028000 192178078058
005042211128 189001047000
006056000000 192036109000
002188031000 185169236240
008043190000 190098170176
002255253204 190130000000
002018206000 192046204000
004033218128 192145188000
002056202000 192216160000
003172099000 185137052000
004016052200 192162112000
003172121000 191096097000
002019005162 192107105000
003004015000 192051240000
004068030064 192044018000
005183211208 192108048000
002059079000 192205028000
004069223120 192188214000
001239004000 192178087224
005100188000 192068006000
004069231202 192189247000
004068062137 192178099052
003175154000 191227130000
002056184000 192135050000
005135059188 192178074196
020033062000 192203096000
002018165000 188092242000
017001117000 192178073020
005133068000 191243176000
008150024000 190007087000
015090192000 192148176000
002059183000 192209062224
002255252062 185197212000
008029109229 190196040000
004068037242 192157030000
003173026000 192231206000
004068014087 192178110048
002018029000 192234187000
005062044238 192236208000
004069230122 192228003000
005159219047 185201029000
002090128000 192056243000
003162090000 186081144000
004069220034 192223236000
005168000000 192231036040
013034051000 192233205152
008227077160 185246176000
012193028000 192178108242
004068073014 192178122028
004036022064 192178249043
001018128000 192178248038
013104153048 192231140000
005056020068 192178106018
003171180000 192165206000
004068073241 192040232000
005253136000 192178097062
005231203000 192034024000
005196248028 192109100000
002058108000 192152017000
005159239000 192156219000
005181152000 192188064000
023049196000 192223128000
004069240064 188072047000
017083007096 192178069246
005039019231 192042084000
005011008096 187188222000
001193148000 192030056000
018165166000 192223192000
004068111003 188123096000
004068063163 192120001000
001208114000 192156154000
012227056000 192209020000
013226000000 190147000000
013104187080 192178098110
023053231000 192160096000
008017126000 190221142000
038103020000 192178121020
003173232000 192234150000
003002034000 192132222000
018154197000 191243080000
001075014000 192096096000
005062060078 186244144000
001074128000 192175040000
023186209000 187214029000
004213224000 185180172000
005255148184 192178087248
013107038000 192124166000
012221144000 192237119000
001200000000 188116022000
004019075225 190089232000
001177000000 192178252170
003164018000 192105192000
008009000000 192185012000
005011014209 192065185122
002022248000 185121025230
004068039227 187189070000
004068063128 192209026073
002021175017 192046096000
005196098210 192107246000
004068037198 187253255010
005132254000 192109239000
001213153110 192121210000
003163144000 192178071092
002022231000 192193189000
004068074220 192189099000
011128000000 190087169240
008227115097 192178086154
004008020028 185255007000
003033055224 187189200064
008041091000 185231174000
001209188000 190086057000
008039164000 191096127000
001076160000 190137176000
014102028016 192036057000
008227052017 192178246060
013104212128 192084052000
001025144000 190131196000
004069231154 188074245000
004036040018 192012102000
023159002000 191098236000
005023025004 192091060000
001037048000 192099146042
016007072000 192178244100
002188182000 192025200000
023130072000 192103046000
005053004034 192138002000
008024087192 188049192000
005039019234 185223232000
008046101000 191241140000
004001116000 186083032000
008010034000 192157186000
005139206000 189076224000
001208112081 192178106222
004002133036 192065221000
001237064000 192132102000
005133062000 192215062000
001208112064 192240156080
003004012008 189202228000
005178010000 190002202000
005188206000 190006168000
013009000000 192178109204
005057001000 188165025232
002058056000 192160200000
017023000000 192005255000
016214048000 192005017000
002064000000 192211044000
008015228000 192233198168
008003223000 192178111044
002027118000 192178082126
003172078000 192178086096
002057176000 192112192000
002189062000 190217128000
016012082000 185200049160
037077042008 192102144000
001208169000 192176108000
004069219228 192197158192
004033144000 192193050000
008048245114 185030076000
023224181000 192092116000
005039053113 189218240000
023247249000 192233195224
002057048000 185136192000
005254029000 192197135000
004068074175 192107136000
018064232000 192178108224
002017111176 192072124128
001032246000 188114220016
002021123000 192065092000
008049128000 192206148000
017069033000 192046032000
008022160000 192178082150
018173156000 192162224000
020153140000 192193020000
008029228026 190002193032
006001000000 186047016000
005083041000 192137250000
004019000000 177124160000
005106000000 192178081008
002019007188 189203045000
017252092000 192203048000
001178096000 192075119000
008033224000 192170001000
005062023018 185138017124
005039040000 192169004000
005133108000 185138129000
006072216000 192165048000
023111054000 192177150000
005062059040 192234008000
023255026024 185198057000
031057032128 192120006000
001214128000 186099252000
018244136000 192133254000
005200030248 192231114000
004068070193 190054004000
023193112252 192178120248
020157224000 190084058000
013224201000 192185058000
013141068000 191096038000
006048016000 192228004000
005022209232 192092095000
013054000000 190123071000
002058048057 192178080248
005101082000 192147168000
005175179000 192178070044
004068059154 192035144000
008227071208 192216093000
005062043253 192178099002
008048241196 192198124000
012024016000 192241076000
003163062000 190136224000
014022012000 192178249120
006130008000 192099146000
002059024000 192150009000
005157042000 192223100000
005011012024 192227189000
005187116156 185129024240
008045151068 188042225000
005180135120 192231253000
002057124000 192233201136
004031104000 192233202228
008018168000 189125208000
002021175143 192244128000
038250114000 192107016000
003172004000 185122224000
005253204144 185019083000
018068017000 192178071120
005056021060 192206018000
001208179192 192135200000
018238068000 192029128000
005134208160 192124050000
012182041000 188170136000
005160188000 192178087008
002021175195 185187128000
012197229000 192178120096
004068111108 192162028128
002023094000 192207183000
013249162000 192178082152
004016064000 192178255180
001213116000 192178248172
012206213000 192178110152
004068038240 192178251114
005158213064 192234088032
015079000000 188072248000
031187084000 192178076018
012184249000 192240157000
023197029000 192197158030
004068071050 192178158128
008029231124 190007072000
004071240000 192178029236
001002004000 188121036119
004015156048 192159135000
008035048000 192209016000
013034169192 190057025000
001024192000 192188109000
005077064000 192208009000
023226113000 192178253058
004069227011 192133011000
004068033212 192093232000
016248080000 192119144000
008017109000 192005071000
005059193000 190090229000
002181188000 192084031000
005226192000 192178085248
001007142000 192068040000
003172032000 185236196000
001119212000 192187224000
002057057000 188121036113
005135252000 192030100000
005062060077 192197160060
004014157096 190152252000
002021175224 191006128000
005057230000 192228078000
008245015082 192230224000
002056172000 192207091000
012149064000 192178242098
008031194000 192178045105
005032182000 192135122000
004055089000 192178082066
004002016192 192153129000
006064104000 192206041000
003171188000 192118076000
001032234000 192110024000
002048000000 192178068026
023150012000 192111160000
008047138128 185162254000
005183018000 192075091000
015250000000 192200136000
008043004000 192178083214
023176218000 192047002000
004069249048 192031107000
003164184000 190123004000
005056017215 192103160000
001022008000 192138102000
023011216000 192076245000
002189240000 190094121000
004002160000 192118084000
005199046000 192069136000
001212000000 192161032000
004002016024 192112232000
023255086032 192109041016
002018028000 192206176000
004069231234 185182022202
002057248000 192176169000
001178203014 192200190128
001208114208 192204080000
001208115252 190083004000
003164192000 192178107211
002019082000 192154132000
005135067040 187191006000
015158098000 192096254000
005053003060 192218067000
018067084000 192139130000
005039011156 192233204128
002019012000 192173026000
005003042000 192234096000
005175190066 192178158196
002063168224 192042099000
002056131000 188165102000
002058048120 192178072034
004068075134 185202064000
004001114008 185167072000
004069223214 192084203000
015230040000 192178122040
020040088000 192023007000
004016048032 192109173000
023091110096 190007112000
005053000056 192061046000
002019004079 192035220000
012129005000 192238032000
005010214000 192019080000
005062061204 192178099234
023192048000 190113122192
005062059020 192101208000
005062060069 185148182000
005062062140 192102199000
002058105000 185202224000
017000011118 192219254000
038190192000 192178029072
023060170000 192114010000
001009243000 192157018000
001032212232 192244144000
023045020080 190098141166
004069208060 192151080000
005253041000 192188104000
003168152000 192195088000
001081092000 190098141252
015248005204 192186141135
004016054184 192178106076
004068062090 192003044000
002255252023 192206105000
005062061064 188000064000
001009244090 192178106144
005062043248 185167140000
023033099088 192152020000
002186000000 192088232000
013034192064 192058041000
001208178016 185096139000
018245014000 192157154000
003175048000 191005164000
002019255000 192178240202
002018214192 192085079000
003165046000 188125000000
023252032000 192178045172
003175076000 192178247136
005056021006 187253255012
005059052000 192140108000
015230009240 192099146007
023184000000 192234178000
015221148000 185167120000
005026000000 185007196000
004069184000 192234180000
004069219128 188119064000
001071103000 191101201000
008244192000 192173087000
023035018000 192151008000
003165238000 192133244000
002022063000 192149219000
008052206012 188121061219
005045028000 188165133076
005062042125 192153018000
012031104000 192036153000
005196053240 192154074000
002057080000 192197160042
001021000000 192195241000
002255183000 192222030000
002017109024 192178075200
001009241224 192109041160
001255096000 192031147000
008007244000 192178083056
005023011016 192178254244
004068111198 192193158000
031056198000 192207250000
005104038104 192162066000
003143020064 192188233000
004068075168 192234041000
005045062104 192121043000
012024008000 192188063000
008004039000 192178111098
023033103102 192189181000
002189076000 190083119120
002020096000 192195039000
004068111136 190006175000
023032181000 187188145000
008011195000 192178241172
003016000000 186249096000
001179117000 192233207140
003164248000 192211008000
002188236000 192184235000
003004012006 192188010000
023158096000 192178074164
001247016000 185252048000
005249176000 192234000000
003162028000 192085020000
004036040040 192055090000
003166063000 192149214000
017000011196 192154130000
008021160000 192033172000
023033102100 192178252184
015197038143 192132227000
008039008000 192178248080
008209000000 192178137000
002019005128 192178029118
004069223130 192142024000
005042211048 188044112000
001076152000 185093016000
002019005176 192091151000
020162000000 185183229232
023220070000 192227152000
012021128000 192237097000
005181021068 192223144000
002255249087 185024234152
005160014000 192033242000
004068073057 187248044032
001179112160 185221052000
005022158000 192074213000
005062063090 186234108000
003004012042 192234167000
003169030000 192178097018
002022016072 192092077000
003165237000 192137235000
008019000000 192100191000
002017110080 190242032000
005034248104 192029048000
003002103000 192176212000
012035184000 192071169000
004069218142 192240106000
015072064000 192194000000
008209192000 192178083216
004068070086 192157025000
023038247224 192240137000
005255148064 192026132000
004068068060 188190030000
002017120048 192238209160
012177016000 192152076000
005175064000 192178074144
014207200000 192026168000
005159218105 192138172000
002058246000 190092180000
001255000000 192205195000
032060022000 192195041000
002016141000 192178243056
002255249066 192101172000
016010014000 192177159000
002018214222 192178097144
005159236008 192088054000
001030104000 192178247029
005239240000 192175214000
008048244232 192102154000
004069215056 192108207144
004069226249 192204104000
006011128000 189127138000
023160040000 192162206000
004068075080 192178028008
002020139000 190103118096
002022116163 192178245052
001032234051 192076156000
012216224000 190098154192
001179052000 185246041012
005144032230 192178105150
005039025128 190011189000
001208146056 192231084000
002016058000 185144161192
008209128000 192178072102
008000128000 192053184000
005159218218 192193172000
001007048000 192188164000
002021104000 192178108036
012202040000 192054130000
002056112016 185025029222
004004193210 192069227000
001022236000 192236032000
002019124000 185253195000
009135000000 192189118000
001011032000 192108201000
023056136128 192178244017
023037122000 189202180000
002255254019 192235128000
017081188000 192025115000
001032239000 192102209000
009196032000 192061052000
002037104000 187184208000
003162078000 192178069055
005187106072 192077023000
005254130000 190147052000
005175077000 192166082000
017027128000 192075106000
005053003080 192178028084
013034001000 190106160000
008015006000 192110224000
023033099201 192112050000
013225112000 192149014000
020143048000 189000192000
002017109222 192077007000
008049220000 192016155028
004068062192 190196064000
023255078184 192137044000
005135059166 192178120220
004068062103 192240150000
009240000000 192101090000
005252146000 192178158176
014143252060 192121216000
005180147016 188043192000
017008136032 192151209000
002018036000 192069141000
004069238224 192078000000
004069064212 192094124000
004020073128 192203181000
013034000192 192188156000
008042120246 192082120000
023143109000 185224156000
017248157000 192178250152
002059110000 185239152000
005023020000 188114192000
001022152000 192100171000
003033057096 185210156000
008052233066 192208224000
008029109230 191096213000
005187108000 192083152000
020135152000 190228020000
005196253224 192124100000
002021175149 192196188000
005196100224 192160092000
017253102000 192178070032
002059078232 192206126000
008033193000 192178120206
012179208000 191128112000
001066088000 188165017192
013248088000 192207212000
017248254000 192225026000
003172111000 192100051000
002058048166 192175170000
002182174000 192163021000
001004128000 192193146000
005039097136 185190011119
005053004070 192115096000
001178048000 190152136000
008039200000 190220000000
004016053080 192178241174
002056068000 192240105096
001208112154 192103254000
001254228000 192240191000
001255016000 192030218000
005253224000 192012155000
008036235000 192150197000
023235149048 192178105172
018245250000 192178069108
008048241233 192197160013
012231060000 190171095000
003173176000 192036217000
005254133000 189193160000
023153208000 192165236000
001223000000 192200214000
005062063182 192112012000
002019112000 192178069177
001009252000 185236041128
005196161192 186247058000
005226144145 185001254184
002021175183 192178245090
001040000000 192085100000
001000224000 192236069000
005062085176 185231033160
017000001166 190076249000
002017120040 192073051000
008062224000 192075148000
005062061045 192108105016
005175190058 192223252000
003004015176 189091192000
008018235000 192178240078
017078165000 192175007000
005143182000 185202175000
008006064000 192104001000
008036118000 192145048000
001247200000 186001220000
001178080000 185199015000
005196105224 192073214000
003164234000 192104139000
004068039043 192048025000
023142132000 192194132000
008042120040 190030192000
018003000000 188073142000
004068062004 192178244232
008052208000 186036000000
017075124000 192085023000
002021075000 192175064000
005254038000 190123016166
004068071134 192178107112
005135252008 192234112000
017067233000 192225110000
004028140000 192178097198
005180134010 185244244000
005159217096 192083216000
005183157000 192178075128
002058048032 192056031000
005255148166 185118232000
001037027032 192173111000
008060140000 192178029150
001002032000 192112253000
005159236006 192178120000
005011010210 192234192000
001179161000 192178251144
012017160000 192033139000
005135170118 192188178000
005022144000 184105246192
005101216000 192178086249
002027240000 192174024000
004069180032 191128244000
002017111216 192086131000
008022102000 192228064000
005056020173 192178069070
002255251214 192150074000
008041110000 192195069000
004069221160 192204076000
034003136024 192178080082
001018096000 192228031000
001037029066 192203182000
002255250208 185131197000
001009192000 192162108000
004068068090 192065185248
012166136000 192178110080
015197039092 192233199224
004031100000 192156241000
008007160000 192035030000
008244136005 192153136000
023138216000 192236210000
001007225000 192178247056
002019007233 187245194000
003161088000 192068043000
008029228204 185232045000
003175138000 185209124000
005053000110 185218187000
001208178208 191096092000
018154105000 188165133176
005255148238 192082236000
004038229240 185232072000
001178175000 191107128000
004069206174 192178241064
004068073244 185208240000
013106244000 188213001000
023194128128 192208004000
023150178000 187253253069
002016068000 192178253080
005196168000 192075253000
002021175169 192112160212
001208179174 192178085196
017119236000 192178075090
013034076064 192177174000
002255249086 185165120000
001225000000 189199095000
001178207000 189090024000
035220044000 192005140000
005252168000 188074188000
020209112000 192139004000
005053003036 192215064000
012019052000 190002072000
012131216000 192033033000
004232200000 192243208000
024224040000 192082104000
003169160000 187000016000
001208168115 192050150000
014040000000 192241086000
002182254000 185000020127
002022040000 192101250000
004033140000 192178073140
005062042050 192054211000
008046042000 192178241006
002056248000 192124153000
004068062053 192227224000
023130200000 192072124148
001248208000 192050224000
003173040000 192235069000
004068062109 192188022000
005062060177 185151016160
004016054103 192159118000
008003003000 191101032000
008033116000 192178252140
004069143163 185206226062
005175096000 187253255080
004069170076 187191018000
004015032000 190105196000
004068075084 192234126000
001032219000 192178251210
004068039170 192121110000
002183080000 192178109140
013105110000 192086162000
002003000000 190057027000
001208172000 192178241048
001079004000 192132072000
001213104024 192197161000
002058001000 185253123000
008048247128 192112254000
005158200000 190099026000
005183038192 185242190000
032039072000 192207099000
013106164128 185222004000
005053003204 192178045020
002255249008 192144029000
003175186000 192232088000
008029109040 192208186000
012048129000 191010000000
002255249138 185228058000
002017008000 192138188000
004069202160 192176000000
004068071000 189113104000
005183036024 192234088047
016032000000 192157152000
003169078000 192096250000
023032070148 192177040000
003172038000 192190168000
001025096000 192030046000
001254240000 192210000000
015230180000 192231201000
001010011000 192233200247
005159218192 192085079128
024207035128 190242166096
004069231046 189126096000
004004216000 192178120072
005053007172 192178078080
005178107000 192124181000
009204000000 192084202000
001007110000 192178121180
017077096000 192178108206
002019007219 192178250001
002063160000 185211248000
015248015040 192099146138
005180235000 192058001000
008037123000 190248080000
002020240000 186038013000
003005160000 192233199072
008007095000 192069143000
005254120036 192218136000
002017128000 192055228000
005062063220 192178247068
002255252021 192207015000
017079045128 192178070142
002018214070 185148082000
023032063184 192203168000
001023188000 192178105078
004068073202 186113008000
004028142172 192178247232
024050128000 188254078032
012070178192 185148112170
009134140000 192103024000
003164064000 192178111129
004042035208 192178245210
004068111208 192178104226
005053006193 191101142000
002056148000 192178097136
038101073000 192178097162
001008064000 192178097108
005053004032 192072107155
002019007000 192232050000
004015017202 192203106000
002188012000 187094064000
004031215032 186046006000
008227066066 192178029120
002016204000 192185224000
001254232000 192154044000
005062061206 192178084244
002057152000 192233198192
005165192000 192080160000
005180135126 192231066000
001213104128 185243164000
004069180006 192178104138
001039128000 192189050000
001028040000 192058224000
005188156000 192190002000
005061048000 189194156000
002255249096 192178108228
023035149000 192226040000
002017108224 185039078000
001209092000 192178245024
027254011000 192178110100
008017128000 187002000000
001024208000 188093138000
003169096000 192178086112
023255005032 192178085048
002021180000 192178068212
002018026000 192000019000
004042075024 192178087216
014097050000 192178240076
003162243000 192178046221
005154226000 190157016000
016128224000 192190111000
002056062000 192233198052
001030052000 192044022000
004068039044 192233193069
001238024000 192159070000
005011010168 192219000000
013034013224 190010066000
006243236000 192103013000
004068037027 191107000000
005053001206 190242175032
002255251194 192178247152
005144033128 189020000000
008225192000 192178085202
003173240000 192206254000
013104178012 192158184000
001022188000 185200037146
003033055128 191037208000
008150072000 190106216000
027129055000 189220044000
005016160000 185238241000
005189223000 192188174128
004036040043 185253121144
005056019037 185235232000
003004012053 192108244000
005206200000 192195058000
003174160000 192175013000
013106232148 192240106016
001242007000 188119089000
008029109169 192067002000
005062061198 190242166060
002018192000 185105202000
005151226000 192153191000
005053001144 191215000000
002255251024 190103108192
003033055232 192121136000
004068127024 185141255254
005135001240 192207178000
001074240000 188136134000
003161101000 185183200000
005181021072 180223138000
003166032000 185120058000
005188136000 192178242132
008044044000 192149030000
005231070000 192064251000
023140060000 190103122136
003160130000 192112161016
017001164072 192232082000
012205032000 192080112000
004071230000 192178105088
003024000000 185254220000
013226231000 192178252094
001208114249 192241000000
004002133094 190156063000
005044076000 192206186000
001044098000 192180000000
013035202000 191239208000
005255148227 192111033000
012131064000 192161224000
018035158000 192210254000
005059212000 192178086202
003002038192 188114209024
018099128000 192158037000
005105212000 188228012000
002021175026 192139042000
004037154160 191239196000
023255016008 192166052000
005011028000 192178245018
005010142000 192226032000
023091110236 186225080000
020202159000 185246041142
001237135000 192230092000
001119206000 192150214000
002016092000 192145224000
005181054000 192139031000
002019006024 192178158012
017092248000 180210134000
003173032000 192099146128
001178198176 192178106228
008044088000 192005042000
002059057000 192177007000
017001177000 188095154200
001023128000 192112180000
005104156000 192178247224
005062058092 192178107070
016205000000 192170138000
004042216000 192178070031
035230197000 192210144000
037230048000 187107000000
001233206000 185251013000
001000001000 185086112000
013034004164 192054113000
023141120000 192150174000
005010138064 192178138008
002019007246 192073064000
005039013240 185230012128
008008088000 188231135000
004042073000 188136158000
008029109143 192189048000
004028138092 188042039000
002255251160 192104184000
005255148137 185065255000
001037029128 192193243016
004004212000 192147113000
005100224000 192178255120
005200030084 190090048000
002056142000 192223156000
004069218080 185232196000
003163254000 192178075088
005039252000 192178071056
018155004000 192234022000
002056150000 192099146102
005061120000 192124180000
005231020000 192205016000
020201170000 192233194024
005001087000 190008125000
004042075160 188114220128
005159236064 192231036204
018067178000 192233194032
012171136000 187084032000
013104253096 185105088000
031155008000 192146166000
017088116000 192042238000
002016143000 192074160000
004038229208 190116130212
005135122248 192197061000
013024000000 192223053000
023047220000 192195036000
002058049000 190103139000
004068111002 180087086000
005255148126 192048106000
004031215212 192088140000
003161000000 190146077000
027050052068 192164064000
005062085172 192178253235
008042065000 192178121046
005044237000 190153012000
004068062134 192189040000
004068106120 187248016000
012202160000 192178069096
004002016096 191006048000
005034248065 192139080000
012050040000 192135167000
002181208000 190141030000
023141032000 192152220000
017253002000 192178241126
001179064000 192147037000
004016055100 192110251000
004068068022 192050110000
008029109048 192157169000
004069200040 189192208000
008029231071 192036074000
003174172000 192233205078
005187124096 192175037000
017087151000 192178245176
005062042248 192135248000
005180132112 192178099214
002021175197 192176211000
005061200000 192178250140
008025043000 192223189000
016142000000 192072008000
012237100000 188239191000
008031043000 192161128000
001039164000 192178249124
002255184000 187077184000
003002037128 192187024000
006014000000 186224096000
008030173000 192006150000
005157058000 190221025000
004069206192 192178029096
008245006128 192050221000
004069223000 192237098128
015145128000 190215026000
017001200000 192178111108
005008212000 192178085240
012111222000 192178110078
034103207030 192233205056
005183211048 192233201100
014206060000 185123142128
003004028000 184094006000
004068062154 186178144000
008245002016 192178046224
002016023000 192188122000
023039004000 192231188000
014047128000 192207018000
023045089234 192178104204
002021175242 192208012000
005062048136 192048255000
012151244000 188059220000
005062060224 192178248048
004028142128 192188016000
008020241000 190098162000
006042244000 192068229000
032114113232 192178120184
016203000000 185097124000
002255252000 192178098080
012130012000 192189092000
005083129000 192233205036
005039053104 192067146000
005010192000 187000144000
001203000000 192107032000
004069223128 185206226008
005102064000 190103125072
003163046000 176052248236
004042073080 185196200000
003163080000 192182192000
005042148000 185150114128
002255251096 192095086000
023215160000 190152022000
014121128000 192160058000
001000002000 192178086136
005011013084 192067197000
003165189000 192137170000
008018240000 192195079000
004042073184 189192192000
004068075051 186147140000
005199020000 192234072000
002181200000 190098132076
005059188000 192178099000
038007216000 192197158024
004068070073 191097120000
003160048000 192188145000
004033218008 192075185000
005100156000 192178246096
017253156016 192101179000
013106232024 192119111174
001085000000 192178244040
001208146000 192169080000
001119208000 192206202000
031171119000 185137241000
001022010000 192234153000
002058048128 185141193000
023247164000 192211013000
001037000000 187004128000
002016139000 192223064000
005104042102 191234080073
003002102000 192178046240
012205064000 190115027000
004042040000 192165232000
004002133240 192233199074
004069217083 190202134000
005149155000 192076237000
005182130080 192178243216
001023178000 185116211000
012183188000 192178241056
012197128000 192148080000
013034184000 192069176000
002019007168 192178067064
004069248188 192223249000
008245017144 192178080068
004069136216 192178110140
005042197000 191234080032
008040192000 190242144000
004038229128 192233199021
024104076000 192178249010
015158148000 192165062000
023038245092 185205248000
002188176000 192083208000
004068036000 192176246000
004068062027 188119106000
005062060053 190187211000
005226136000 190095128000
008227066064 188208050000
004068075246 192178243082
001208178184 192178252014
005172100000 192067137000
004055094000 185206226036
005023011004 185100209216
002027200000 192088205000
036133144000 192139112000
004068062204 190110236000
020033081000 192243020000
008024201000 192178099120
008047138096 192041222000
005056019000 192231011000
023255049200 192041232000
005001083000 192055242000
012202146000 192189229000
004069231081 190083119112
005196061140 192203110000
008244000200 192138220000
005062063024 190185208000
024075040000 192195004000
013227162000 192035245000
004069231244 189085124000
001178072000 192150123000
002019006106 192111108000
002018212231 192203156000
018161028000 192207118000
012227096000 190014010000
001118002000 192197221000
004068070246 192241104000
005035160120 192178245160
004068038120 185209242000
015014000000 191044032000
001007002000 192178246000
002017109108 192238012000
008043013000 192112204000
023176060000 192112025000
001178198128 192234018000
005010220000 192034106000
002018213162 186216054000
017233215128 192193086000
001022228000 192170144000
002021175154 192107166000
013105225000 188215037000
004124000000 192214115000
004059178059 192092084000
013105116000 185212142000
001004008000 192120000000
023032024000 192178244038
008038175000 192067119000
015177077000 192233197058
012181176000 185239028000
002255251032 191101205120
008006113000 192207225000
004014157075 192178106142
008039213000 192076190000
014102239000 192153240000
012107032000 192083114000
001241032000 192152203000
023041178000 190128000000
004068111192 192178082004
003175064128 190098170216
001238012000 192068010000
024104136000 192092242000
002018212059 192184008000
002058048184 192195211000
014001016000 185245184000
005008028000 192233197145
005135059160 192204008000
002057225040 192177061000
008009232000 192008124064
005180251000 185139001000
005154172000 192160034000
002021175002 192152047000
002023204000 192152124000
008014088000 192141161000
003174044000 192178029109
003169099000 189203187000
008037124000 190131252000
001074076080 192229087160
005226149086 192034236000
008024087168 192160124000
004031212140 190123196000
005083104000 192178070140
017028144000 192171216000
001002128000 192178081097
005196253038 185191192000
002027034000 192178098188
004042073108 192178244202
001232240000 192178255248
001022163000 192056012000
001178011000 192149213000
005144032232 185143243000
004037000000 192012011000
016002192000 188214216000
017000017152 190127224000
009142096000 192030070000
013105221038 192124247000
005180033000 192178105144
008004230000 192178246082
008038244000 192186141175
001044056000 192190129000
005181016000 192204120000
005180194000 192109106000
002182248000 192099128000
001023185000 192245014000
004059176200 192178076015
012027176000 192064002000
004068063040 192178244164
001208168073 189219106000
008047027000 192178104080
003169019000 192068114000
008029109225 190115050000
005053001104 192233202198
008042146000 192229093000
001232247000 192146226000
005196253176 192186141136
008029109210 192074218000
005062058156 192230075000
008021212000 185138028000
002255249208 190206192000
031222063000 192164048000
005180140006 192070226000
008031000000 190212072000
023165241000 192138206000
004069171128 192233198160
023138229000 192178068104
004068071145 192197146000
001213115208 192226055000
023026069000 192033112000
005231248016 192156120000
008018050000 192219192000
001209186000 187063124000
005252094000 192075036000
005255146202 192178121158
001199224000 192178072036
015072026000 192211002000
008033020000 192188236000
004068063197 192178085108
003172104100 192238208004
013034223000 192070187000
005062058176 192178029180
002021175076 192178254102
002255254082 192016160000
008027112000 188130155000
023210014000 192175216000
003143020110 192197076000
013034027160 190105224000
004028142080 192094153000
005039011022 192177021000
012145096000 188215087000
020153094000 192162024000
008042249000 190220224000
013034038128 192203148000
008033016000 188165002048
001037027040 192088187000
023154106000 192178045189
015220160000 190001124000
005255150002 192151199224
001012036000 185010164242
012033108000 192173072000
018096002000 192154200000
005226146000 190090158000
005056020120 192233205159
001044100000 187062109000
001209182000 190106134000
014103136000 190214212000
020143062000 192178240068
002017032000 192071190000
001186093000 192068005000
023145153000 192035035000
008230128000 185248132005
008029112000 191234080000
002017109147 192178243218
005039056000 192206020000
023141196000 192144074000
003172063128 191215048000
002020176000 186085072000
013104253176 190227008000
008029109176 192229125000
004068062197 192178069079
005057247248 192148096000
008033238000 189125120000
008230064000 192178085188
005160166000 185158127000
003171244000 188132139000
005159076000 192178099210
001213104030 187188036000
023027118000 192178240136
004028234208 185247116000
004069238218 190009080000
008052233188 192166251128
001025024000 192231191000
023147073000 192178082246
004068072048 192170146000
037221169224 192178243220
008037035000 192178249182
038028001083 192088017000
005011012224 192195140000
023095016000 185227071000
005101211000 192158180000
023191044000 186232176000
012003184000 192031060000
005053007102 192233202202
013104214128 192152030000
012181248000 192030064000
005196253192 192197205000
004015021156 189247045104
001024128000 188214210000
001044008000 192193204000
008012073000 192178081112
002017108242 192195136000
005181135000 192112160156
005039063192 190158004000
002255252038 192178120090
017081056000 192081160000
023136248000 188119153000
023038240192 192208022000
005254032000 192233197104
005188173020 192139212000
001178205112 192207074000
002255252032 190145248000
005180041000 192178241050
005056009064 192233201102
002017140000 192053103000
002022230000 190061024000
015176069000 192033191000
001208106192 189194158000
004068075083 192101073000
003163140000 192178107179
005135059159 185254094000
001079068000 192158025000
008036230000 192162020000
023159208000 192026238000
008021119000 192178249102
003170000000 192149005000
002057154128 192004224000
005010040000 192216092000
008224048000 192129112000
008007216000 192178070082
005062061138 192137216000
002021016000 192178098156
002188002000 192088082000
012017114000 192052182000
002017110126 190152255000
002019008000 192162172000
003004012035 192141100000
004068039020 192033137000
002016035252 192131096000
001116000000 185224056128
003002035192 192131122000
008242188000 192178244064
005252214000 188171000000
008244074000 192188020000
008040096000 192207004000
005056017185 185229203000
002017045000 192178085086
013034001129 185214240000
004068039040 185075228000
005253066000 192178105092
002015193192 192193215000
005062058164 192227201000
004211000000 192149246000
003174232000 192178246240
001245050000 192178240028
005183037192 192146137000
003175032000 192149102000
008029111000 192146207000
005196098222 192149008000
005053003092 192178075052
004028235000 192231239000
023058139054 192169012000
008023225000 192160215000
002018215112 192234094000
005056019048 192163005032
002021040000 192121092000
008047151000 192178107094
004069168000 186209168000
008026248000 188094064000
023091111162 192245036000
020156169000 192187140000
008242143000 187249072064
005083080000 192178044156
004068039122 186216048000
002019007088 192165085000
005023065032 185182022080
013034121192 192178070132
004069230096 185237036000
004028138095 192152026000
003004013032 188241137000
005062059094 188128015215
005053007152 192233199211
005255148175 186144128000
001007062000 192206014000
004079104000 191128064000
005135024176 192243110000
001032228000 192058248000
005003045000 192050024000
005196253128 189084239000
004068062025 192178083042
004069231176 190103118080
008043034000 192139131000
002018212158 192229032000
003143128000 185254013244
004030176128 185092060000
031058215000 192178249088
002063151240 192112034000
002255252015 191234001000
004069239110 190089136000
002020246000 192178111236
005062042030 192230115240
023012036058 185243240000
004068039218 192150144000
004001115188 192178243068
001208114240 192190109000
005062030000 192207068000
017000119048 190152240000
017081152000 190123016182
003175158000 192056038000
001178001000 192153166000
008005038000 189199230000
004069171042 192178068096
005159219040 192043164000
004068127199 192187030000
020020022000 192146202000
005180054040 192092018000
044165108000 190111160000
006075064000 185230068000
017067198000 192234200000
005196056000 187249076192
002188020000 192012119000
002016216000 192193243128
004069235177 192152104000
012031208000 192233193072
002255249073 192176005000
005062061229 192178068138
003161086000 192157026128
005039116064 192207156000
001208115240 192219234000
012110176000 187214001104
004001082010 192065185141
023193112011 192178247092
016172096000 192139012000
013034056000 192165202000
001178205080 192178251168
002021010000 192091190000
003170248000 192154198000
023183108000 192178084252
004182000000 192173111016
012007153000 192178076027
002023107000 185228148026
002019005161 186082219000
008029109001 185060030248
008243143000 185240248000
006044197000 192073232000
001007080000 185199166144
004004211128 192026046000
008227052164 192178087148
004069248176 192196160000
009144200000 185150156000
004068063109 192233205058
004071153108 188074243192
003175232000 192178245046
004069208211 192176207000
002058024000 192034181000
002255249165 192218080000
005053003242 192122141000
005039048000 192138232000
014021088000 192178080071
005231249000 190196170000
023215054074 192146142000
005226144146 191096205000
006048224000 192178255128
031099024000 192178121186
008028115000 188255180000
005059080000 192209000000
015197039056 192080068000
002252000000 188064184000
017001098000 192178243012
002057152008 185130212000
002255252009 192178249060
012043088000 192231111000
013106211160 192153060000
008034160000 191096152000
015177080000 192147235000
023156040244 192238024000
001178031000 190143209000
018173168000 192146102000
002019007223 192152098000
002027103000 190103116000
002021175045 192173105000
008033233000 190124043000
004031209000 192214124000
005175216064 192229080000
001039222000 192178250032
018068079016 188165136000
023047184000 191234082048
004036040144 192208001128
002255250224 192190184000
005062048129 191241060000
020150101000 190104036000
002018251000 192190020000
008225225000 190103226000
004055088048 192103022000
001028028000 188240060000
005160220000 190076242000
023058132000 192178251182
002023155000 185028250000
012129176000 185008057000
002021175140 192197214000
002255248138 188241186000
005180052008 192053044000
006070046000 192094144000
002059236000 192193217000
005039216000 192058232000
023246060212 192209026080
004001082048 190098141196
001082224000 192088000000
001023089000 192085189000
002019006238 190158189000
012182248000 192178111208
020122000000 192068148000
002027254000 192101080000
005053007124 189085120000
015251000020 192233197128
004068015000 192178109020
015158149020 192237083000
017000012160 192149245000
004053244016 192178099244
004008020032 185236229000
004068074115 185245094192
006064030000 192067014000
013034094000 185246041248
002016104000 192165073000
013105100224 190116130216
023142050000 190151072000
001235192000 192197160020
005135026176 192138085000
003166011000 192193028000
004068073140 185208169000
012109166000 189218162000
001093000000 192161076000
002019006036 192075042000
013224004000 192211000000
005035160128 192178105022
005159064000 192053176000
005183151000 188214112000
005188237144 192166227000
005023005000 192178071205
003164107000 190137162000
002018214160 192112247000
001247196000 192178105208
001240002000 192102014000
017081251000 192178097124
013227112000 192178242146
005201192000 192178076000
023255071232 185217217000
001213153108 192210136000
005188224000 186121192000
004068127029 192207073000
005056017098 190202144000
005053005149 185146060000
002255253048 192082040000
005023104000 192244020000
003165122000 192178068020
001208113036 192231242000
008029109018 186042115000
002062000000 192228121000
008022120000 192197160088
008002104000 192205040000
002022064000 186158160000
008040156000 192178254204
005135020134 192233201080
002020104000 192084097000
004001115185 192200168000
004028136024 192154197000
005059206000 192058128000
023203175000 192178080234
023026054000 192042124000
004038229124 190098147038
017000001118 192186048000
004068072195 188123208000
005226150128 190034183000
023073176000 190187220000
003173212000 192054244000
006051096000 192178099240
002017120042 192243033000
005194224000 192178028022
001208112152 184107051128
008052200000 192091067000
001022112000 192162199000
016248065000 192178045244
005044054000 192036224000
002058048175 176222127080
012105184000 186146184000
002189002000 192207139000
004068072152 192197212000
004068015128 192233195240
018065181000 191096062000
003175010000 192190054000
014102168000 192197240000
001030080000 190061006000
001079000000 190215050000
002021175245 192234076000
004031212024 190215096000
012139144000 192157143000
005039236000 185042053080
013104096176 192094054000
003169116000 192092125000
001179032000 192026004000
005189235000 192121244000
005062061250 192115234000
013034011080 192140048000
008029230196 192208001005
005200030220 190182000000
001037035128 192233193034
004069128000 192185196000
017000014192 192178099017
008034086000 190216253000
008029018000 192099146070
013105053000 192209062240
001208178182 185103029128
004068036208 192219032000
004068127030 192240117000
012204016000 192131054000
023033026000 185085001100
038057039016 192067086000
013226244000 192042202000
001249128000 192030071000
005059017000 192178071176
015221156228 185247231048
012169000000 192237126000
005159218014 192236066000
003174056000 192178097150
005255148022 192150029000
005010252000 192088015000
004016050172 192178045096
004031208116 192103004000
002019000000 192234240000
005062061000 190185138000
004035072000 185220108000
005102152000 192091191000
005039009240 192178070104
017085006128 192178085138
013105244000 192108008000
018067056000 192050040000
004002020000 192234213000
003033000000 192142015000
002255249127 192178075024
017000003172 192132009000
001025160000 192102221000
005062061062 187161128000
023255091080 192042116000
019012024000 192012174000
001186088000 192145208000
005255147000 192178145000
001208146032 192120064000
012026056000 192178073072
023002096000 192025154000
003174060000 185198100000
003175072000 190098134161
005053000178 192165050000
012139096000 186065098000
013034105128 192166076000
004068068051 192055164000
002255251112 185227180110
002255251128 192240158000
004001116080 192070220000
003164176000 192178080074
005149138000 192075050000
002057232000 185114104000
002016054000 192190106000
002022208000 192161182000
005010218224 192141248000
008014033000 192034201000
005194240000 192054049000
001066093000 192178252244
005022166000 188211169000
003164168000 192040239064
008005224000 185212124000
004059176198 191037028000
005154048000 192070131096
001016128000 192207098000
003005232000 192178084192
005035160071 185208188000
005196125060 192178247208
002255249050 192178240034
005180140032 192178070084
005133067000 188191112000
003002035040 192108109000
001208172160 192178075238
005056017212 192178241178
003169047000 192178029176
005188122000 192149235000
004033139072 192178111047
004068037250 192178249245
004001117044 189203227000
005053003020 192131081000
005196100238 192141148000
004068063048 188165021000
013034010036 185120044000
005001114000 192189144000
008026037000 192034199000
018165148000 192077028000
001018132000 188132144000
012157224000 192178241000
001248220000 185117008000
013225141000 192140120000
005202072000 192178242092
002017116000 192178241222
003163239032 192077001000
002016051000 185236041032
001076192000 192101186128
002018214132 192131016000
002019004076 192231177000
008029228054 192223048000
023026192000 192152213000
002182224000 172069113000
004001112021 192234001000
004034110000 192178080086
005035172136 190076250000
002017109041 192136061000
002057255012 192156116000
005008160000 185188218003
002017147000 192142051000
018155002000 192084039000
004028143108 192035216000
004213128000 192233193024
008020114000 192231246000
008029231042 192178108002
012165088000 192178072179
002057226000 192080016079
003167032000 185226183118
001238018000 192188249000
032112186194 191007056000
024075137000 192111130000
002020036000 192178086072
012040160000 192193196000
006065042000 192033173000
005062016018 192041030000
020205160000 190114104000
005175190224 186123112000
001022192000 192207014000
015158154000 185172206000
012041115000 192036177000
002020253000 192156230000
005083150000 192178082124
004068062120 185150124000
005053007184 191101122000
008038164000 185017104000
005056020146 192178245044
005062034064 190108043000
005027120000 190089240000
004028142000 192206178000
003172009048 187190202000
008035176000 192030201000
005255148148 192094055000
003172003000 192176216000
004008020192 192048036000
004016048015 192174032000
004069223220 192016146000
012204008000 192094046000
013105061000 192142061000
012031162000 192178071232
014096008000 163116252128
023131173000 190086136000
005135026128 192178068208
002017109039 185254014000
002018213184 192178121040
015158042000 192102020000
004059214185 190061049000
005056017112 190094176000
005254030106 192211128000
004069247248 185217104000
008029228236 192131214000
002018215114 192188000000
006051252000 192138128000
004042210000 192178250106
018154132000 192103012000
004069223163 192193073000
002059193000 192178251212
003163063000 187251098000
003163239211 192082242000
004068071193 192208052000
013034032225 190241119000
005188005000 185216033000
004069218163 192031023000
003171184000 192075165000
002019232000 192178243160
005134208149 192178036128
013244197129 186002164000
008048246140 186194014000
005056026000 188214158008
002059058000 187251029064
004069238198 190099082032
012010072000 192081103000
023012033016 192058200000
024119017000 192178249208
004068072094 192132247000
018068034000 186146060000
004069218107 192178244092
015020072000 192112242000
005178043120 185247063016
004069239108 192175178000
023146090000 192114084000
003161132000 192156102000
005135070128 192152101000
005252070000 185024216000
001178128000 188042028000
002057013000 192178245004
005057032000 192231122000
004001182000 192244008000
006064112000 188143232000
015248080000 190098147056
005062059064 190011158000
005175217002 192165156000
014102180000 190216061000
001208147224 192031014000
023075020000 192178120128
003002037064 186056073000
005039019224 192178045054
002021064000 188172064000
008023074000 192031111000
002017023000 186001152239
008060144000 192133032000
003168240000 192215048000
012215143000 192152206000
013033104000 192203222000
005196032128 192178111040
004031215210 185253118128
008044003008 192229208000
012162224000 192178138000
013104097080 192206032000
002016041000 192178121144
018068183000 192189030000
001179240000 192178098128
002091000000 192195202000
013107184064 192159009000
005056018056 192178075202
012180160000 192093157000
005040088000 186099248000
008020152000 187200064000
002255251244 185193077000
002021115000 192151224000
008025220000 185075216000
008036114000 192008200000
003174202000 192178079000
004016052084 192196163000
001208114053 190004128000
012017096000 192178241136
005159218034 190171046000
003044192000 192151212000
005196041000 192178249140
023255017224 192150216000
002020108000 192156157000
002027095000 185243056000
005062059074 192124237000
005182220000 190008214000
005187116192 192145060000
001208106176 192178242148
004068039041 192104172000
004069216244 192187208000
005083148000 192077072000
008042127025 186209172000
003004012128 192076242000
004068037112 192188098000
023029049000 192145160000
002019007208 192210212000
004203000000 192089216000
004001115144 192163164000
003175108000 185169092000
004068062198 192207239000
002056084000 190157085000
027050036184 192229090000
015230015020 188114220048
004015020082 190198192000
005062063136 192108125000
002018178000 187189252000
004068033197 192162104000
038079072000 192234223000
005001112000 192085040000
002018212224 192207190000
041016000000 192231018000
001208148016 185155236000
005135251096 192067094000
002016228064 188170133000
005011010096 190011192000
002016060000 190196186000
004015023208 191037006000
003175059104 192233193026
023131058000 192210128000
005180142000 192178253060
005062060126 192178121200
001023207000 192178243058
002057252249 189203155130
001238008000 192141056000
005062047192 192192056000
005105124000 192005223000
008018051000 192195068160
002110021000 185157188000
013226009000 192178241010
005255148080 185200037045
004068111197 192178246157
013034070000 190096095000
015230197000 192080044000
003042000000 192152175000
005135112000 188239184000
005255148026 186148160000
001119000000 192140160000
004068110230 192139145000
001230196000 187161198000
004068074153 192050216000
005135038176 192178085044
002018213224 192188172000
013226057000 192103152000
003163224000 192175132000
023207044000 192203203000
003172109000 192031140000
008028148000 192178109128
005175143000 186147012000
005157043000 192231014000
002021175190 191242176000
017085038076 189089246000
002255252061 192152127000
001118064000 192138178000
005255146130 188211030000
004069223177 192052234000
008012032000 190102113000
001075015000 188121033001
023038243066 190243000000
012014240000 190241000000
001237180000 188186064000
005196032064 192182096000
001208114052 187188252000
012182128000 192071000000
001237006000 192196244000
002020128000 190124024000
004068111235 192139218000
018173086000 192231254000
001179004000 192041240000
023037032000 192178249134
004028138136 192178241224
002016164000 192178105062
005011012025 192178099168
002018244000 192178243232
014116212000 188165131096
002022117000 192208190000
023158001000 188247240000
005045246000 192189220000
031022048000 189233016000
001032244000 192071011000
002016087000 192178245064
008006032000 192083101000
003160196000 188247237000
004033240000 190111120000
031148171000 192178069208
004068037045 192142006000
003174185000 192099146124
005011010217 185201068000
003171207000 190158120000
020150109000 192178243047
005253204208 191101106000
002021069000 192178121140
004042072000 192135099000
002016118000 188095069000
005062063036 192149074000
002255251197 190098143000
004198192000 192178086228
008027124000 192132036000
008039128000 186194081000
002056100000 192231090000
004068039035 192178083139
001096000000 192156151000
004069248187 186148224000
005044176000 190098133064
001018128004 192048002000
018238212000 192158224000
012175008000 192207217000
005231056000 188246212000
002189080000 192206059000
002152080000 192178244044
002018082000 184105242224
005039108168 192173100000
023133034000 186178239000
002056121000 192091199000
005135071112 192178029209
005062060230 188172253004
023148125000 192178240040
006044000000 192178070036
002021175233 192175066000
001009241095 192035180000
008244096000 192178248042
005003094000 185167008000
004068037172 192178240070
008037093000 191096080000
001177144000 192195203000
008005128000 192001111000
008029228222 192178247110
002063193000 188114213068
003172063064 186178148000
004068127120 192178249040
005040224000 188128125160
038177241192 192178121076
006073212000 188228072000
006124064000 192048020000
004069200036 192132210000
003165104000 192190038000
004028139085 192178252075
032112188091 192236016000
002056187000 192238224000
008243171000 192195035000
008014068000 187190239000
005062085056 192207174000
005196104168 192076016000
003033051188 192178069244
008227072002 192197160096
005187121213 192076236000
005045062064 190098148044
001179118000 185066097000
004071156000 192069232000
004001114208 192231094000
012041129128 192178111096
004019012000 185189236000
001208112128 186227112000
005255149160 192232169000
024157010096 185194032000
003166078000 192233200248
005062060188 192031096000
004038229052 185079200000
001075032000 192178104206
005039110096 192178045168
004016054186 192206187000
005104038144 192193047000
008030041000 192165127000
005196176000 190004025000
013013008000 192195066000
004016048000 185172048000
005062034009 192149076000
013105062000 192243094000
003005192000 192178121190
023019062000 192197144000
002022149000 192137127000
023091111151 192178105090
008048092000 190146064000
003175070192 192210001000
002255254032 192124096000
005181147000 177152104000
001037035096 192178107034
008041112000 192178084254
005159224000 185234008000
008015192000 192233192128
001000032000 192135090000
023032062239 192068180000
005035170001 185172156000
004069223233 192232162000
008047150032 192099146004
015158023096 192233202208
023081160000 192150012000
001023025000 192075132000
001244119000 192178244166
002058029000 192233207064
005227192000 192178080244
005149158000 185241024000
008048245149 192166124064
002017111106 192058098000
003162008000 192225097000
013105224080 192067004000
005151196000 192197160017
005135020128 192209026072
013249160000 192121118000
005044168000 192160184000
005196125058 190217020000
005231097000 192156115000
008052199105 192178246190
008024071000 192178085028
014102029064 192178248020
023237188000 192233192126
004028234192 192159163000
006064180000 192068048000
003161216000 185113192000
004068072122 192188082000
001066091000 192193017000
005152158000 189194032000
041181169002 192103123066
001252160000 190201232000
002017036000 192234125000
013104157128 192112182000
018239040000 192118040000
005255150200 189038061000
005056016130 192178120214
018164144000 192234170000
008019255000 192056201000
002016135000 192049139000
005188196000 188125024100
004068037032 192178247045
003160060000 185253056000
001021128000 192154196192
002019011000 185162255032
018068165000 192071009000
023109016000 192136001000
012031112000 192206053000
004068039153 187189164000
005188223000 192231200000
004079107184 192142038000
008033068000 192178084144
004068075240 192178250010
002255249158 192092124000
005016112000 192219208000
001001016000 192165084000
002017109144 192240157160
013034019036 192195071000
002057155064 192103179000
002017120120 192189119000
002058048000 185091152000
005135192128 192235087000
003170238000 190196036000
018160028000 192216121000
002058084000 192189170000
023026116000 192150022000
017116124000 192208001236
005045048000 192094026000
004068110063 188121048017
005196190000 192150143000
001255078000 192192000000
003172063021 185213027000
004037154136 192055230000
023041032000 192223052000
002023248000 192210232000
005104041224 192068223000
005255148225 192178246104
013107194248 192178242197
018164240000 192178045146
005159236022 185208124000
023045089058 192214096000
005035172001 192178109036
004031128000 192082248000
005182232000 192171007000
014000041000 192219230000
008019204000 192229237000
012185064000 192134142000
003172106000 192178254186
004016054118 192084166000
013016129000 192140144000
005062062124 185114072000
012185028000 191096189216
008039048000 192178242178
004069219231 192047037000
013034013228 192051175000
001022224000 192154136000
012150208000 192178029134
016204000000 192221178000
004033200000 192243000000
004069227128 185231076000
008011208000 192178121095
001074064000 192135096000
001178012000 192178250204
004068072177 192070184000
004019075000 190124120000
012164192000 188130232000
004069140129 192222048000
014032016000 188254032000
005159218082 188121040000
005062044025 192207240000
001007184000 192064157000
004069170063 185008044000
002063151088 185117010000
017093000040 192178110130
017000124000 185169180000
023255061240 192189066000
001209030000 189213000000
008029109117 192223123000
036050128000 190151180000
001224184000 188121034048
001208168232 190086093064
013104158128 185226195000
005062085213 192154242000
012165244000 192196001000
006132134000 185198228078
001178029000 190182160000
023062097000 192178072192
013034122064 192193175000
008042126193 192238209000
001082064000 192178252174
015158054000 192137159000
002059172000 190054003000
002018212210 192218089000
017081251030 192178099200
004042032102 192234162000
004068074160 192150242000
023255103176 192188006000
023136070000 192023176000
002255249084 192178072030
003002074000 192111020000
005196214080 185112048000
008010176000 192178075038
005008189112 192101104000
005135020136 192011016000
023155172000 192206161000
005231125000 192178097084
004069064108 192062240000
002016230000 192238209129
004069137000 192178087252
002018215252 192231058000
002255254116 176100170245
013033190000 192178081164
005011016000 192108224000
001178193128 192190191000
005196118020 192189060000
014029016000 192121039000
005062058056 192107045000
008029231118 192178081052
015197038048 192196222000
001187080000 192176052000
014000055000 192178069170
008019160000 190122105099
001029000000 192178242100
002016046000 188212224000
001065192000 192157179000
002023179000 192008014000
004068071180 192160017000
002059164099 185184142000
002020020000 190212128000
001018120000 186042032000
020143039000 192000039000
008227066065 186219160000
004068039185 192178109142
005053001158 192149004000
003167222000 192178028159
005035168008 185107064000
023229128000 192195168000
001208112052 192046013000
002019007247 192035022000
001209201000 185248028000
032112175192 192162056000
004068074068 185244067000
003162036000 192049018000
005059097000 191102040000
008022008000 190089148000
002255251136 192115224000
004069202135 192193191000
002056052000 192037000000
004069223184 190120082000
002019054000 192176033000
001008002000 192160169000
002018242000 192162065000
004042033160 192178252044
005062020032 192166192000
023192110000 192082147000
023255034128 192240146000
012235244000 192071002000
004069221245 192178029146
008048245112 192154041000
002255253041 192178244140
013104140060 185243005000
017076006024 192036235000
003162228000 192076230000
012190000000 192088238000
002019007239 192178241092
002255249104 190187214000
013034020172 192178253000
008042125230 192208001021
008227071192 192234108000
005059198000 185231092000
003167008000 192084072000
005175032000 192185200000
004068070130 190136064000
002058032000 192207151000
005104037096 192188129000
002017120000 192178244034
005187116080 192219098000
001201002000 191253024000
005199006000 192173114000
014136150000 192188034224
005053003056 192012127000
004031215244 192178073254
003160052000 192235075000
013105089036 192223168000
008049087080 192178109152
004069219234 190159078000
005135001064 185003222082
008227034000 192211046000
005187125000 192005020000
005135000064 187251099064
002189061000 192178084096
002018214110 192115140000
005053001070 191243032000
023000244000 192149072000
002023212000 190123016175
004053210224 192034068000
001225161000 191092000000
001022024000 185195235144
012006064000 192178085118
012165096000 185149182000
005159218078 192176066000
004035000000 192135186000
001209128000 192189122000
005056017110 192046048000
013034040000 192177030000
023144008000 192209026096
004069218105 184105168124
004069231204 192233198049
001039000000 191096085000
017069096000 192178252234
004068068111 192023177000
023199056000 190196063159
023138202000 192129047032
004068062135 192208001022
002026000000 192050104000
023180016000 192210168000
002018214072 192066048000
005230185000 192207193000
001071118000 192175056000
002018214101 186083067000
023032062096 192226128000
004068106192 192237099000
023026143000 192223062000
004019075192 192102168000
004068127022 192233205080
002059216000 192223238000
002058048052 192129044000
018068069000 192178244176
005039011128 192178045252
004158000000 192178111084
005039110128 192174002000
004038232000 192152061000
017126195128 192178144000
027061128000 192178072236
001007170000 192236148000
015016090000 192054058000
002017108036 192187137000
001009241064 190106192056
002019007161 192178240100
020033076000 189216238000
031214240000 192152204000
002255249033 178033175032
013106166000 192108216000
004069223194 192048022240
002021148000 192108114000
005196103076 192092232000
002255249061 188165002176
005159217188 190116130000
004068074111 185255042000
017027064000 192178110092
001178019000 192091048000
001179008000 192178240224
020033172000 188094215000
012152248000 192178109228
002063176000 192243085000
001009071000 192178108028
012186048000 192178097248
001023070000 192121140000
023012034220 192234088128
005028064000 186234104000
003172118000 192001124000
015221051000 188121244000
003169056000 192178044128
002057171000 192122104000
001213151184 192140016000
017081108000 190098141082
023142212240 188231101000
005062058249 192108243000
005023018044 190110088000
002057132000 192178107124
005133040000 185108215032
012233024000 192028120000
005059242000 192209026011
020060254000 192157026224
005196253020 192141112000
003164220000 192067220000
004004211192 192052051000
005157026000 190123000000
001209024000 192178070128
017079240000 192094111000
001118096000 192225162000
002179060000 192144079000
004069064110 192176243000
013034129192 192208001015
004037154184 192176200000
004001115128 186232200000
005001116000 192093012000
032114105134 192206164000
005180132072 192233196186
005252131000 192198096000
003160104000 192231113000
001023068000 192177177000
011000016000 186218216000
012015048000 192104106000
001022007000 192178121248
001078000000 192103192000
005056021075 189219000000
006131138000 192233202196
005035160034 192019161000
004002134000 192178078048
002063158000 192047160000
002016182000 185167218000
003165120000 192178081212
005104057000 192109014000
005253204155 185116060000
004069231082 189202241236
002019007237 192071249000
005253204224 192149147000
008026170000 192080128000
004069215032 190004020160
008029109183 192031028000
005039011019 192240188000
009128000000 192178097250
013034211128 185035142140
005001088000 192160110000
003160082000 190242016000
004068038074 189202183002
006065007000 192084170000
002188048000 189051064000
006032000000 192008249000
004184016000 186005160000
023171236000 192141240000
001044048000 192040216000
013034011112 192092152000
005059218000 192178106184
003174104000 190187104000
002255252160 191094000000
004028139224 186087072000
005255148182 192178098050
018064063128 192058253000
002255249191 192209026255
004016049120 187063112000
001208178032 192233198064
005053006160 192182000000
005151148000 192219064000
008009164000 192108015000
002017110188 192178242240
008215164000 192050045000
004069249064 192114016000
006033084000 192178245166
008020242000 192178085176
008039086000 192064159000
023255027192 185194186096
004037154188 185090088000
023103139000 192108107000
015072025000 192049023000
014037016000 192056133000
005181024000 192178249200
009179192000 192029176000
013104255064 190185226000
008227059025 192121230000
032112190190 185083144000
017001112000 192082139000
002020060000 189199239000
004036048000 192121127000
023062152000 185035005000
005226055000 187062110000
002152096000 192233199184
002189084000 192065044000
003163239135 192019190000
002017110014 190115000000
017000018026 185107192229
011210128000 185147056000
005200030111 190103108088
008026172000 192132239000
023167090000 192085031000
008018228000 185104224000
002018166000 192229087144
005135001000 192147251000
005231204000 192240064000
013104255000 192223058000
005149000000 192197062000
023160236000 192178120251
002056014000 192068181000
005196063064 192067065000
004069143162 192088131000
004069203129 190008150000
005183038224 192054125000
002058043000 192176174000
013106211212 192184012000
004071175161 192040120000
005180227056 192203252000
003175070242 192142057000
031171048000 185129076000
013108000058 192178254076
002018213034 192178082036
003172057000 188191088000
005231080000 192207096000
004068037009 192070131240
013106174096 192178246226
004068074100 192070225000
001075208000 192020124000
013105069128 192104025000
005196192000 185246164000
002255249109 192135137000
012150164000 192178044220
002018214212 192127094016
015158184000 192178044208
008023243000 192196220000
004028139048 173208016000
002255249140 187253208000
008007042000 189192251000
004068033234 192064159128
009179236000 188165132030
001028224000 192157176000
032109034004 192187001000
002059120000 192176234000
008029228085 185160004000
005053004176 192146200000
003002089000 191216096000
004042074224 192178121086
004068068057 189203083192
005035160144 185246190032
002018214108 185098036000
003002034192 192177191000
005226149000 192178069212
001225096000 192040187240
002059052000 189035192000
005045062254 192193156000
016230064000 192149057000
005023018043 192178069242
004028139218 192067049000
008039120000 192178120010
005196219128 192046054000
004031212016 185182016000
005028208000 192231170000
003136000000 192138227000
027125224000 182253187064
023137181000 192051000000
023156034000 192178085104
002027063000 192178107054
003170255000 192178044064
012133124000 192223049000
005104176000 184001096000
005059232000 190057066000
014000127048 192178087000
002255248148 190103244000
004018064000 192157032000
008029228199 192221254000
002020068000 192042168000
005062061117 185234076000
005053003201 192048126000
005196253052 190215120000
023182154000 186002170096
018161032000 190242166064
001037029068 190202156000
004028142240 192108000000
023062020000 192188076000
001011095000 190002240000
024216099000 185244001000
004069170036 192150032000
023255067000 192233207160
012038176000 192244064000
001023200000 192178028072
001209088000 192199012000
004068070084 192054133000
005044112000 192178167000
023160153000 192189061000
005083008000 185125106000
002019120000 192223010055
005053005093 192228004128
004001096000 190187156000
012233032000 188163000000
004031208032 192233205038
005187111096 192228004032
004068039073 192111214000
004069151128 192178158208
008029230218 192178096082
023145232132 187189212000
001242032000 185200184000
008029228137 185239133000
002021175116 191128252000
023092173000 192102214000
003168157000 192236029000
008029109145 191218144000
005166240000 192233203160
002020112000 192178106190
001022208000 192138200000
002059130000 190159200000
008242112000 192215128000
008017225000 188170164026
005180016000 192240106024
023211116000 185038180000
024031020000 192211220000
005053001040 190150064000
001208148056 192133127000
008029228063 192072113085
008017180000 192178098252
001233016000 192103206000
002059163000 192178074179
001009244091 189084054000
001001120000 192244112000
004028136022 187188146000
001179210000 192055132000
005254112208 192147070000
001179113048 192121145000
001224188000 185198029226
002190000000 190248088064
002056108000 192178242136
005035160188 192230208000
002016124000 192178243128
023184081000 192187016000
005056018088 192190248000
005101047000 192178099042
002063156204 192119111172
013110049068 192178084058
005002095000 192121077000
002255183128 192164192000
003004012033 185104104000
005104059232 192071095000
002255253064 192178255218
001119204000 190007084160
003174045000 188124092000
003033051160 192132206000
001225164000 192209026076
005159218049 185112135013
013226014000 188068016000
005188240000 190153104000
005252020000 192178246088
005053003074 192178253032
005172207000 192178248052
023172148000 192178248073
012155052000 172252072000
008029109238 192243231000
001007200000 192166167000
013108001094 180189136000
008227115096 192178106132
001255006000 192203124000
004232208000 192040238096
002027060000 192071136000
003040000000 189220178000
023015252000 190094120036
002018212000 192068184000
001000208000 185199242000
004071153096 192175177000
005053003068 192150042000
008022034000 192229087131
005252071176 192178246132
013034011000 190185212000
012201144000 188215120000
003002035128 188241184000
008024070000 187112000000
001208168192 188072014000
005101084000 192178098140
008041212000 192033114000
003005048000 192193159000
005059077000 190153204000
004068070212 192198146000
023255053064 192150114000
008028204000 192132015000
012110232000 192178242176
001249000000 192233204104
001037027037 192133128000
002056000000 192131195000
001007004000 185247228136
004055080000 192231036038
002021022000 190152232000
004069170109 192135198000
001179112128 190103237000
003002068000 192009198000
005083145000 189050208000
005180027024 190104068000
003164232000 192230231000
004068063023 188214158048
003004012020 185162253069
006067032000 192133076222
003168226000 192136048000
002019193000 186056128000
004068059096 185138166000
031007176026 190217025000
004069240128 192041223000
002058087000 192178250066
008227068092 192147180000
004068059156 192064232000
023150044000 192233196078
005105246000 185174232000
005001089000 192133076224
023142212000 192233197103
023094252000 192209026032
003162128000 187126144000
005183244000 192055120000
001208115000 190113120000
013105246128 192232057000
003163151000 192233202204
002019007248 192052056000
012053028000 192225096000
008043014000 192131092000
002255183105 192200016000
005011008224 192178241180
023165002000 192178251154
005183016000 192124092000
005175194000 188191018064
004068062119 192207027000
005008069000 192221251000
017048008000 192178240026
002017108112 185188026000
023173100000 192077078000
005135214192 192178028152
013034019136 192012031000
023151108000 192241047000
002020032000 192103133000
004016052208 192163012000
001179214000 185058236000
005134208192 192188107000
001020072000 192046006000
008014062000 191037072000
023081088000 192081104000
004069170032 192151176000
004068038082 192130160000
005152176000 192178045255
004068074071 192209062235
005135198000 192178029050
009196140000 192019122000
008041196000 191096004000
032112155194 192178248108
001039074000 192226044000
002255249171 192193131000
004059059000 190113032000
012207058000 192238060000
023053126000 192131020000
008024196000 192160178000
004068037236 188007000000
002022116161 192232102000
013106239208 192173099096
002027218000 192178252072
015158180032 192178086152
001208113038 192104061000
002058026000 192133076008
023235041096 188165016080
005149192000 190196034000
002057236000 191118192000
034103254096 190001120000
005104205000 192206088000
002110048000 192178108158
001023084000 192178253010
002037108000 192219080000
005240000000 192231031000
005039160000 192178255000
023061116000 185216152000
017033131128 192178246038
017094000023 192196004000
001037034128 192208001023
003165254000 187253255128
020150126000 192186028000
005104172000 192203117000
002255252020 192178123000
001078124000 192178110049
008041105000 192171014000
013104207000 192178029203
003164063000 192158230000
012041054000 192100087000
034103207048 190109104000
005062085033 192088254000
012238128000 192005068000
001233208000 185135045000
003174032000 192070204000
005105016000 192178253062
001032212228 189197075000
005056017002 192152158000
012025112000 192178245204
001022146000 192178242210
017073016000 192040238136
002023224000 185215003000
027230053000 192121003000
001178076000 192189043000
023204240000 192233198176
005044016000 192035148000
001038200000 190098128000
008029228142 192208057000
023255010200 192094028000
005226000000 192178084014
004019128000 192092092000
005008018000 192177128000
005062017128 192185032000
023193113128 192025006000
023026040000 192178245012
024233064000 185149175000
008052233018 187041182000
012201085000 192178069164
004069137128 192178253056
004069151096 192099146140
017067008000 192131134000
013034008196 192005098000
002059132000 192110020000
008017029000 188114218196
005011013176 192088004000
004015023160 189192130000
001022080000 192137156000
005144038000 192178255016
012022056000 187049188000
023255058184 192067210000
034103132240 192104171000
023255078048 192203227000
004068062079 192233196101
001214088000 190089116000
004068039174 185177205120
005057209000 185158060000
001179116000 192135225000
023103182000 192231022000
002018215052 192156153000
001208113000 192211011000
005254030144 192150208000
018068185000 185096043223
003165106000 187073176000
005056020000 185242246132
012204091000 192178108232
004069206240 192016113000
023132246000 192154192000
005253150000 192148221000
002255254130 192178254202
005135003112 192178187000
005042211060 185255224000
002056112032 192034034000
002012000000 192082109000
004210128000 192121195000
004069223210 192178083248
004038228000 192055195000
001220000000 192237120000
012180243000 184107211024
005159018000 192052163000
003165125000 192200009000
001203128000 185062108000
001022200000 187087154000
001208113048 192231076000
005101200000 192178104176
008029228159 192203236000
002063168210 192154144000
017071096000 192069247000
008033035000 192084122000
008018123000 192035058000
012035051000 192178078076
002018212192 188231160000
004069170192 192178075025
005183128032 192115082128
005062062144 185160012000
005135020132 192154196224
004069171043 192178108182
005003160000 192178069118
004030176124 192078156000
012131152000 192243092000
001022056000 192099146236
002022116157 192193023000
008020176000 192178071144
023045089126 192036207000
004068111232 192175079000
005008250000 192233195096
005062049032 192104156000
018160008000 188130154000
004069141148 192214064000
023150209000 191238128000
002022226000 192146174000
001178030000 190098141128
004068071011 192103008000
004069211060 192178071212
016015064000 192083252000
002092000000 192178083196
023032063228 192178052000
002255251202 192178242252
005035172004 188037000000
008047035000 192075088128
013105221050 188164144000
005008216000 185219064000
015220080000 192173112016
014102098068 192023080000
023182010000 192094234000
003169127000 192146051000
003005220000 192026016000
005149252000 181039054016
023144110000 188191018006
005045212000 192231233000
002058004000 192187018000
004069231020 192198192000
004068111157 192111094000
005157025000 192178104134
001178168000 192052098000
003169040000 192208001024
014000125000 190110156000
004068071113 190013200000
008021224000 190007086176
005062043120 192178081170
005010026000 192188185000
008045032000 184094001088
005182012000 190096087000
003175044000 192075211000
023208212000 192078112000
002183128000 192178075246
001039180000 192178168000
012130036000 192070160000
005133011000 192072125032
023038245086 185121071164
008021232000 191096189222
001025000000 192086134000
004069180002 192233205158
008029231045 192178073096
008023156000 191096030000
003172090000 192169002000
004031112000 192178075158
012181015000 190089008000
023215054216 187077096000
001022088000 192178076037
004069226016 192243081000
001038192000 192189215000
020095084000 192197160034
008034172000 185238174000
024153208000 192195244000
004068063105 192197121000
008043032000 192197073000
017076140000 192178029149
001255128000 185207228000
004068037243 192190016000
005152186000 192138176000
003164250000 188214140000
002021175082 178251048000
008211000000 190158225000
005003043000 185166032000
002017109192 192088023000
005102134000 192243074000
004031208048 192172002000
003172009032 192000054000
005104041132 186249224000
013105223020 192178045128
002094112000 192178108076
001208184000 192178097118
023235016000 192178096252
005062062008 192178097120
001018124000 185226040000
004068074072 190242058000
001021192000 192082105000
002023064000 192190186000
002189007000 192178246208
006042000000 192178251196
008034178000 192238208129
008220170000 192075088148
023212144000 192206152000
005133000000 192197160045
002188018000 192178096076
003173174000 190072099000
005196062000 192231141000
008245032128 191219064000
001009244008 185255137000
001201001000 192206050000
002056039000 185140149220
002255255224 192133029000
001066016000 192160230000
005010231000 192241095000
008044232000 192178104058
004068038232 192178248084
002022116164 192178241226
012020122000 192178240204
005187116216 192178106046
023095133000 192178251048
001208112129 191102063000
005139212000 192078100000
005062086064 192229088000
001009224000 192233202000
001008032000 192177053000
005255150088 192233201016
005040128000 192102225000
020202097000 192065185195
005105048000 192040239192
005035160056 192190253000
004068038024 192231134000
015158056128 192178104188
005101085000 192228004044
005008075000 192175149000
005181168000 192189139000
008031004000 192203034000
003163138000 192052108000
005254030138 192178083108
023026012000 192203234000
002019240000 192210182000
004036129064 192188074000
001244128000 192243096000
005042211172 192189035000
012206181060 192140005000
004068072180 192064203000
004025024128 192199001000
013104096128 192203186000
002019116000 192091138000
002019007072 192145251032
002063156202 192178120025
002063151036 187214000074
003175174000 192084233000
001037084000 192192032000
005035168002 191242080000
008035150000 192228079000
003173204000 188255141000
004031209176 192151199208
023043064000 188165136016
003172077000 192178246252
001007081000 192178245036
004068106000 190083119096
004068033220 192008153002
001208114217 185091255000
013032107000 192178044142
002057154002 192113128000
012022048000 192178245158
023133172252 192149064000
018245029000 192099146242
005187008000 192154064000
001022176000 192189237000
004068072000 192199128000
008026192000 192178045144
002018214100 192221249000
014034064000 185000021044
004015018038 192229172000
002022120000 192210004000
001037027048 192122206000
012110188000 192053002000
002020186000 192240103000
017091096000 186249248000
005181146000 185244031000
001039160000 192049160000
005159218068 192124128000
014206008000 190216152000
004069235041 192231036208
008010082000 190098132072
003164136000 192086106000
003161074000 192104249000
005196172128 192030146000
001178205192 185205080000
002255252024 192178069008
008020102000 192197145000
005062059050 192104027000
008048241235 185163068000
002058188000 188246248000
004068062089 192043133128
005008190000 190241031000
005181078000 192046008000
023184196000 189156160000
008029228244 192148244000
005254030116 186001152200
005196248018 187214005184
008245014096 192195194000
013034023000 192233205000
005022192000 192136117000
023129166000 187249019000
005159200000 192233200158
012206000000 192219112000
004002017000 190106192024
004212000000 192155176000
004042035192 191096200000
004031208056 185230071059
004068070064 192178045055
002022016074 192078208000
005053004071 192188030000
002019048000 185202052000
001208179096 185133203192
017001190000 192178254218
013105204032 192238170000
002016169000 192231087000
002021175218 192233203192
005160195000 192107178000
001228255000 192233198128
001208112144 192178046144
013104109128 190107064000
013032042000 188215110000
008242228000 192178106146
014034144000 192195198000
004068073146 185243020254
004042033192 192148218000
005157072000 190103125088
004001112112 192139184000
037072080000 185224056000
001230108000 192178120188
005255147096 192048225064
008015229000 185015035000
005062049048 192178243238
001187128000 192208201000
004068111016 192140192000
004068039186 192204147000
015230200000 192178080087
017000019136 189089254000
013034001130 192216202000
005023056000 192152242000
004068063160 192163017000
008009096000 188214158098
013034146064 188119029000
008027105000 192226056000
004036040230 190113082000
008028084000 192175186000
008043023000 192080016146
023132245000 192046126000
005135021176 192088001000
002078128000 192178121078
004068039123 192178243104
004068038016 185116057028
005023065000 192178045056
023134012000 192033089000
002188040000 192229210000
012189068000 192009224000
005226144144 192187131000
037018084000 192231230000
005182202000 192233193175
002016142000 190106192214
004068072224 187251099012
013106232164 184105203128
013105181128 192026105000
031220216000 192189102000
003162136000 192162184000
002148000000 192054243000
003248000000 185211244000
013034068192 188255238000
018068182128 192178254064
002057153008 192195070000
005180135184 192145038000
023146214000 192139252000
002019244000 185136056000
003162061000 191215064000
002255253117 192061080000
001208169128 192081216000
004001180225 192236248000
003163196000 192227208000
023148088000 192177182000
012019106000 192199110000
002255252034 191237192000
001208179092 192207121000
002021175052 192178072166
008012058000 192178251000
023103138016 192178086116
005011012064 192048010000
002019199000 192178243176
005035172069 192022184000
005083211000 192234146000
005100000000 188042198248
005011013104 192178045196
023128132000 192178098232
003168222000 192193077000
001241192000 192158160000
023255068144 192171005000
006066237000 192188191000
002018214240 191101179000
005255061000 192131112000
008043077000 192178045202
005104038136 187251002229
002056138000 192023167000
031011060000 192196184000
004069170160 192066104000
002248000000 192132090000
005039060000 192193180000
001179248000 192121229000
001006224000 192233194196
005053006196 190171088000
005056020044 192152174000
023141220000 192178068094
004037154132 192178082132
004068038247 192178250048
012006008000 190242166092
004042072114 192244016000
020095000000 192145251033
008043176000 192142039000
002058059000 192233196042
004015021032 192207186000
002018215108 192231180000
003174120000 192057200000
024100076000 192231110000
018239248000 192139186000
003006000000 192165002000
005062060033 192122252000
002017120105 192178060000
002021175058 192064026000
004014044089 192178247244
005045225000 185144097000
001028024000 192075156000
002019006048 192178108172
005053003083 192178080150
004036040120 192178245112
008014160000 187018060000
005132240000 192195220000
004031103096 185226145000
004068031000 192146215000
002255251185 192188089000
008020038000 192188159000
015158190000 192178121240
002059194000 188114213072
004055092000 192178111116
013106239096 192107044000
014063192000 190057064000
013226104000 192178097002
008022038000 192133047000
004016051108 192233128000
002022019000 192231250000
008052233184 192178246092
005253002000 185211043000
004055064000 190106196000
012037148000 192211034000
008048232000 192100000000
005011012168 185202116000
001224040000 187222096000
023139034000 190087176000
005053003100 192147157000
001208115253 185121227000
023026072000 185168161000
003164075000 192077018000
001012048000 192145251048
004068038230 186224194000
005227160000 192185178000
020143024000 190242166094
004037144000 192077015000
023026083000 190146048000
023136212000 188244118000
001022226000 192094044000
005022145000 192238128000
003174189000 192133101000
004068062017 192233197217
008021126000 192183000000
031173120000 192178251220
008009198000 169159193132
005196210000 192178068058
001009241176 192178242076
005001003000 192101178000
002255249154 192238208000
012208143000 192152138000
001066096000 192031104000
008029165000 190109050000
036037079120 192178107130
002015193000 187041249000
004068037108 185240120000
004068063199 185253117064
012149070000 192065098000
023039162000 186177135000
001208168072 185140238000
005231078000 192073122000
003164030000 192219029000
017138192000 187190016000
004069137136 192076068000
002255251040 192178242156
014192074000 192137150000
005083166000 192203211000
005062043096 191037248000
005053006142 192147031000
004069248186 192178045107
005150072000 188162078000
023098032000 192149010000
001237172000 192085052000
013107185212 192104049000
002027249000 192197092000
005062058236 186250064000
004016054119 192193057000
008046120000 192178068024
001225176000 192197158032
008029228010 192178107216
008227073080 192231236000
004042073180 192177085000
004068062158 192178105124
001208112020 192052188000
006064108000 192203220000
013034078192 188191016224
002056212000 192214097000
017084192000 192177003000
005175190069 188000150072
014099052000 188112208000
005062082000 192136006000
005154072000 192131253000
004069211067 192178250158
004069220029 192178045190
005227116000 190098170072
005180020002 191096056000
005151253000 192135080000
004033139052 192144086000
002018240000 190097068000
014033000000 190147172000
008029230134 192207045000
008028032000 192055215000
004069171032 192147048000
001209016000 192229016000
004034104000 190147036000
012236016000 192080017248
034190008000 192203140000
001065128000 192147082000
005059062000 192150207000
005056021112 192178245070
004033192000 188165002127
004068038088 192162136000
005039036068 192137200000
003002061000 192192048152
005044040000 192178253154
002208000000 192223122000
004068070021 192139082000
012183032000 192197160054
008020160000 192146120000
023040192000 192166150000
004069227112 192178249136
013034047128 192221177000
003002039064 185216074000
002255250205 184094104000
002027080000 192188032000
005002080000 188128015208
003166048000 192231027000
018172011000 192165055000
002057250000 188191147000
004068072016 186234082000
004068074240 192095084000
005053184000 192092197000
005039100000 192234210000
004069206180 192178080050
005062060016 192223042000
002016176000 190144177000
023032236096 192124216000
011000001000 189073240000
004068038035 192119111186
003173228000 189220112000
005008198000 192244232000
001231024000 192101156000
005062063004 189195140000
001213112225 192154068000
003169080000 192055115000
003163200000 191029128000
002058047000 192193192000
003164222000 177055216000
005135020000 192178246100
004069226020 192223037000
005042156000 192067112000
001208178064 192208220000
002058076000 185022111032
001011064000 192178255234
008192096000 192121235000
012155224000 192178244224
004069231024 192094245000
005062062188 192178085148
001039004000 192178251056
002020016000 192107188000
006016202000 192156174000
005252154000 192189136000
012161112000 192032000000
005059011000 192137146000
013106162020 188241080056
005011010215 190090184000
001178206128 192065082000
004031215192 192165152000
005175184000 192208001096
012035072000 185195208000
005135208000 192147074000
023045179064 188130255000
001009241080 192178073216
018239204000 192071185000
002023187000 186038111000
005056020084 192148098000
002019004088 192096058000
023033098036 190086073000
005135038188 186000136000
004059214176 185094108107
001022031000 192080254000
005199009000 192178081152
003173248000 192074140000
006064143000 192197160093
017083020000 192132012000
018067104000 192165160000
002017110192 192071252000
005062061226 192178104142
012232037000 192178244004
001236222000 192195218000
004156000000 189197095000
004069245220 192178243014
015158024120 192228021000
001213150128 192178251044
002021175191 192092080000
004015020016 192199112000
002059054000 192177052000
013105070064 184094057172
023147120252 192096048000
004042035120 192042178000
008030160000 185159176000
023144240000 192218232000
023149252000 192232000000
002094096000 192233194208
008245006048 188252208000
002018215138 192159071000
004068037043 192178255140
005039097192 192229212000
015230156000 192155064000
002021125000 187191060104
005254120000 192173076048
008225098000 192102219000
005159237016 192229111192
012167088000 192206070000
001213150168 192164166000
005133085000 192069077000
001007228000 192178254048
005039036080 192200215000
005175190208 192218228000
006002000000 192178098060
020033216000 192071170000
005180106000 192190099000
017092230000 188170133001
005053003248 184104188136
005062020064 192178070200
001254128000 192153245000
005196253163 192207084000
008017052000 185001008036
003161192000 185212107000
005187121064 186176008000
013086000000 192149232000
002056101000 192169000000
004069231205 192141105000
008046104000 189249224000
001044016000 188172196000
002059244000 192073050000
004069170060 192138248000
004059234128 192175087000
015251000036 192100184000
008030216000 190113122162
005255148092 192184240000
013106167160 192178081144
005145180000 192178008000
001037035064 192188150000
005056021235 192178083184
008227059026 192178254038
008033194000 192040088000
001248069000 190242106000
002021175235 192152097000
023165088000 192162076000
005159238048 192178097254
001075064000 185246041060
002058241000 192178110056
001004004000 192193152000
014129108000 192178142000
008026020000 192091188000
002017110060 192233196046
002255254160 192233206160
004069226224 192178253168
002027117000 192228020000
001037029080 192184120000
012042126000 192178075042
003002041128 192184004000
002057168000 190084016000
001023072000 192188201000
004002132064 192147144000
023255077128 192229130000
001241229000 192178255040
004001117104 190216164000
004038229056 192190064000
005159248000 192178120190
005196178084 188121036016
001037069233 192178120074
009165000000 185093020000
013033197000 192133247000
023133118000 192178111254
003165042000 192092240000
020095200000 192233195064
012149072000 192166200000
002056004000 192178245106
005178044160 190241129000
012006160000 192233197218
005187116146 185187153000
012041114000 192240104000
005159021000 192141068000
005181021056 192080016144
006077040000 192233199217
005045062032 192240000000
023247182000 192193087000
001006228000 192190194000
004035069000 192238166000
002255252013 192136054000
012196096000 192197050000
001001124000 192178248190
005188216000 192178242180
001066090000 192023103000
004068074107 192178080085
005159238225 174255240000
003172011000 192152096000
004069170008 190113122128
002255251016 192172245000
004069207088 192178083138
002255251234 192141028000
002255251240 192035158000
002027212000 192145069000
002021175255 192231244000
032112175160 192178087234
006064146000 192141136000
002019006232 192178085128
013104168000 185182157000
005011010207 192142056000
002185240000 187185226000
015197039184 189195032000
001178176000 192055212000
014036128000 182054129027
005104049112 192178104064
002255251209 192178084086
004015020232 185183097000
031046019032 188122078000
038022161000 188121048076
012130096000 192216120000
003143021000 192178080003
012159208000 188129072000
005179224000 192178085204
008045060000 187253192000
004068037007 192101036000
012176027000 192200082000
005062060173 192197095000
005159219038 192178044228
002096000000 191160028000
004001180240 186250104000
002016003000 192232036000
005040138000 192208001004
004069249041 192204108000
004069219232 192178252214
005008096000 190217121000
004036040232 192238172000
004068063111 192178105200
005144152000 192178029158
004128000000 192178252104
005144032128 185156188000
004016054032 186183224000
008245128040 192219030000
002016035240 185024052000
002094190000 192103023000
005045219000 192240105128
004019075232 191234080192
001187096000 190187028000
005062004000 192177068000
005175189000 192178075120
006017064000 192231179000
005062061196 192178106216
034116046022 192173086032
004015023137 190083120000
004028138000 192233207033
008242176000 192133109000
004042035040 192048122000
001224172000 192052155000
005135067128 192197096000
008018010000 185151180014
004016050112 192132098000
005039251000 192193070000
002017124000 188125176000
002188078000 192075054000
001051000000 188227040000
004068110048 192119135000
023145246000 192044063000
003160063000 192234110000
006047000000 192019137000
002021175210 188165019064
015230204000 192099146208
001244064000 192178249086
034103184192 192199240000
038121084110 192178111180
005053001064 192031148000
005062061044 192178247186
002255249038 192178084051
002021152000 192147068000
032112138219 192193010000
004028138080 192178044234
016007036000 192237064000
005053000074 188225028000
005062049082 192189207000
004068062021 192165090000
008018114000 185180244000
003002099000 192178108064
003172015000 192067191000
004068127187 192178247234
002027035000 192016087078
004036040080 190015251000
001255124000 192083218000
002255249112 192200216000
003164122000 186250227000
001186093028 192165074000
001023206000 192131072000
014143224000 192034104000
001244112000 192178244162
001193190000 192118100000
005252176000 192178084072
005044170000 192230073000
005039013192 192178250007
002018042000 192000037000
005062063089 192237084000
023136193000 192138191024
004068073100 192233196064
003005170000 192189123000
008227102046 192141128000
004069181000 192244078000
018239140000 185028210000
004068074192 192108023000
002255254192 186160072000
005062049028 192231234000
004069202132 192178071106
001255074000 192152021000
014195192000 192228099000
012167160000 192084208000
002021092000 192178121094
008227072152 192162231000
014137164000 192162116000
004028234217 192178083094
008048245028 192221000000
004028136066 192133160000
008033180000 192126065000
008242079000 192197160010
005083209000 192162044000
001024080000 192178250092
005160208000 192147052000
012070016000 185251037000
037123213000 192141052000
008227112068 185181116000
002020133000 190159112000
002188184000 192178248204
005039036064 192092096000
013106211238 192173120000
012178160000 192166244000
001232032000 192023178000
004068074205 192207187000
014102084128 192227032000
005250211000 188241008000
002057068000 187248064000
001208112160 192195176000
004036129072 189203120000
004068073135 192188085000
023211241000 192238144000
001008004000 192188198000
008227068088 191096204000
012132213000 185238196000
002019006112 192237121000
002017110004 192178243140
003004012019 192178106108
023171216096 192152132000
002016062000 187040032000
012036195000 192165196000
008042120230 192190121000
004033228000 192208040000
005023003000 192135143000
005011128000 190208064000
004019075240 192178254092
005062061194 192084159000
004068127037 192065078000
005181042000 192188004000
001208168064 192160254000
008052206128 192188008000
002188006000 192150073000
004068075192 192177129000
005175190082 192140000000
005180135128 192152122000
017079045096 192152114000
020205128000 192147025000
013034196000 192178070222
005042192000 191253224000
005062044230 192137102000
005253046191 192240156000
005035160192 192102044000
005053000202 190098179064
005035170192 192198136000
012001092000 192075176000
023032062120 192178240036
017000017198 192031115000
003175202000 192203202000
001065160000 192150137000
005062060117 192150104000
002255249159 192178253156
005040107000 192225240000
005022216000 186211248000
008006186000 185127031000
003004015064 192040166000
020101000000 192209032000
008039020000 192178075026
003169126000 188170164120
035097004207 192189025000
014052208000 190066006000
005022208000 189000076000
017000113040 192035149000
005200030194 192238208160
005144033224 192069078000
005154180000 192235079000
005061104000 192075224000
001187160000 189203145000
012139128000 192182128000
017001113008 192152115000
003002041192 190094120104
004069245128 190086149000
004068073139 192231069000
013140064000 187087202000
005059102000 192206049000
001214064000 192203175000
005039108160 192078182000
003161073000 192236178000
017008139040 185142229032
017084209000 192195250000
002059022000 185113249000
002255251191 192204106000
002018009000 192109097000
002058247000 188214158053
002017028000 192178068166
004015023128 190086160000
008023133000 192142004000
008046056000 192163005002
005196253160 191096121000
002056140000 192150097000
005175165000 192173013000
005053005236 192074126000
032042099064 190158006000
005186000000 192058018000
008049216000 192071122000
001001000000 192108196000
005104049096 191101019000
003174014000 192068177000
003164016000 186232224000
023094105000 192107012000
005172177000 192035143000
003171222000 192061056000
013034197000 192178253228
002017108124 190061007000
040090149064 192178074025
012231148000 192230115218
008048245150 192043153000
008006244000 192141192000
001007008000 190196044000
013225126000 192146003000
004015021144 188042196000
008019144000 192231000000
004069208002 192210184000
013034024033 190113084000
005140160000 192171108000
004168000000 192178044153
005154001000 188215024000
005010121000 192150122000
005035224000 192197066000
005135059182 192216080000
008029056000 192178111004
012009144000 187229036000
023012033086 192188120000
006005000000 192178250102
005039116000 192175252000
003002044000 192231036008
001018118000 192229111132
013033204000 190143157000
005255148113 192214104000
005175190102 192178128000
005188237135 192188234000
003005036000 192178080192
001228248000 192207136000
002019214012 192178046136
001074076075 192178080108
005196127004 192178158016
002058057000 187197000000
017253240000 192070121000
005063021000 192027032000
002016198000 192230115000
023038246242 189219112000
005187116092 185229035000
023175004000 192178253160
002094019000 192178120070
005254152000 192160190000
005158080000 192160182000
023197202000 192171004000
023066008000 192178087104
005159218010 192148102000
004002133048 192187009000
004068037096 192188125000
002017248000 192207090000
001178086000 189219092000
005196172080 192162160000
002189188000 192178071240
005252081252 188228096000
015248015031 190228180000
001020112000 192231182000
005252077000 192197160094
004031214000 185053172000
005053003057 190196144000
013108001028 192207195000
004042072112 192105112000
023222228000 192149081000
005198137000 192230115216
005010218194 192178249009
005062039192 192178251096
008245007128 192067047000
018068212000 187214030246
001044024000 192234147000
002059063000 192164022000
005059219000 181174228000
002255249003 192031040000
018067240000 192229111129
001022162000 185056047000
005180134047 188254080000
004026176000 185192220000
005039013000 192178250082
002057014000 192178248090
001023016000 192170145000
005187105064 192092150000
004069151064 192088224000
001007160000 192234252000
005101040000 185012131208
005160246000 192152169000
004068073037 192184232000
017087012000 192236180000
004068039155 184105168104
005175202000 185194186072
005180132181 192178096240
004069218159 192189034000
005182106000 189073106000
005062085214 192178029136
005183211232 192178109210
001208112088 192233197100
002058048121 192245034000
032112145208 192139062000
004069231173 192178099180
008030202000 192190160000
008245009152 186011128000
002056082000 192178254040
005145169084 192073216000
023152124000 180117049000
002019005044 188124031000
001009244049 187189232000
004068070012 192200208000
002057252248 192086082000
002018213042 188114068000
005180122000 186047202000
001025136000 192187136000
002058048116 185249227000
012014224000 192138155000
005061108000 192108126224
001028032000 192173086048
001037032000 190098133032
001179096000 192178029090
008029231031 192195068000
002056216000 192206104000
002019007082 192230115215
023170052000 192193019000
005183254064 192203217000
004069136192 186244016000
003163239062 192115082201
002020048000 192080215000
003172089000 192107000000
004068038044 191234082128
005180132074 189124013000
004016048134 192163128000
005180132102 192124088000
005252164072 192043236000
002023120000 185220224000
002255254086 192121081000
003163231000 185227100000
001179016000 192178084236
023038247128 192164161000
005187116251 192193246000
003162160000 192223151000
005135070224 187005032000
005057224000 192178105072
005135080000 192100230000
002058170000 192178099178
013034113192 185019233000
002255251247 185244108000
005105208000 192190050000
001021112000 186081160000
017001136000 192080241000
004015021159 192139220000
002063236000 192178107244
005023018032 192088202000
005011012114 192178029074
003033055230 192109201000
003004012012 192016208000
001213144000 192178252074
003162150000 192178245016
001239000000 192178069032
008047012000 192229087000
005226144170 192231036001
005253152000 170168241112
023129129000 192178242140
015158180048 192067157000
013108002176 192034207000
005104039000 186080224000
005250208000 192243224000
008030204000 190023192000
012015028000 192088197000
008017028000 192178075098
008008011000 192099108000
008029230119 192178074161
005135072000 192108054000
005231027000 189037128000
023235155128 192133076016
005135197008 192178070216
004069219227 190103108032
023152172000 190027192000
012176132000 192091136000
005053007023 192178068068
005195000000 192178072080
004068038075 184104204155
013224251000 192178098008
013105166128 192075254000
005053004102 191232064000
001236008000 186002244000
012163128000 192103042000
005231031000 192030222000
005062063216 192151230000
004068038200 192230101000
005057247192 192243072000
005062062000 192178250005
005062063196 192080016160
003005180000 191241102000
018173016000 190115018000
008044084228 187249132128
017088112126 192178045164
005002032000 192178084108
005053000168 192178082232
002020052000 192122177000
008224006000 192005242000
024040240000 192178087168
023197000000 192129016000
004068072196 192138216000
005133052000 192177012000
005011008156 192184064000
005045220000 185201092000
012220128000 192197174000
005023025000 192233193070
013034125128 192108027000
006073208000 191094064000
002027125000 192189154000
020044064000 190107080000
004068111210 189203029000
008004048000 192178084049
020020137000 192081008000
002057152128 192233198136
004014044096 192068108000
002255249132 185147104000
002057123000 192091164000
005135059066 188209116000
001009241092 187249031032
013105015008 192178085080
005053000092 192085232000
001179040000 189218172000
002021175246 192033022000
004016054120 187188220000
003162144000 192214110000
004068036194 186125199000
008041108000 187121130000
006124128000 192157136000
003033057064 186027128000
006133069000 192225108000
005135002000 188165016092
001178065000 192178241116
002027058000 192233206176
037238032000 190252112000
005196213128 185220080000
005039009000 192193242000
004059178012 185077064000
002018010000 192154024000
008007222000 188170133002
004069218158 189097128000
005056021216 192095083000
005008210000 192189137000
001178200000 192121103000
005062062136 189203171000
005062058100 190123016244
001078128000 192178250003
002189028000 192176007000
004069220236 178251162016
013034160192 192042120000
012029192000 192067224000
002020045000 192152050000
038082204000 192178068126
013035074000 192178111020
005062061209 192178068042
004068073019 192178158003
001240032000 192161171000
005008042000 190123064000
001008008000 192104042000
005011013081 190006173000
005200030054 192176063000
017000001034 192197188000
012208136000 192101191000
005135054168 192178054000
003161016000 192019242000
023059236000 192178107208
020033160000 192178105116
004126000000 192025127000
005180220000 192119176000
004068073000 192193133000
004016054048 192178248156
012096059000 192206064000
002058148000 185134187000
012014000000 192240125112
005001004000 192101011000
008227077144 190066176000
003004032000 192178242254
013034081128 192085022000
015177048000 190196042000
005159219033 189220016000
008015080000 192178069052
002058048065 192157020000
012204013192 192243218000
013104236000 192124206000
002019180000 192189020000
032114124240 185175206000
005175218000 186247218000
005238000000 192178251064
017000011022 190242122000
001178018000 192233197098
001039016000 192206001000
005056019040 192111227000
015236000000 187245224000
008227066096 192193063000
004071175192 192178110176
002188179000 192065171000
001000016000 192094094000
001208148064 192147004000
001076072000 192152167000
005042120000 192141216000
005196253002 190007071176
001209202000 192178245008
001178074000 192068115000
001208178025 192178242116
018065089000 192076168000
001037035080 192178243224
005062058238 192104030000
002255251188 190196043000
002016080000 192208112000
004068035000 192169168000
005001003241 192197051000
017070024064 192231092000
013034098064 189247012000
008227138000 192190239000
006088000000 192228004042
017001168066 192147092000
005104054143 192056138000
001208147168 192198148000
005056017184 192196136000
012069032000 185015212000
023151026000 192193044000
005057023000 190001094000
023109160000 186005194000
002057252240 192082162000
002017111128 192153124000
004068037237 188212023000
023046144000 192178083188
005102076000 192235208000
002255251018 192195084000
005042196000 192141097000
015158137128 192150189000
002017217000 192178029157
012046122000 192188212000
003160132000 185229223000
011000008000 192137020000
004068058000 184026030000
012018112000 190123016068
002058064000 186085243000
006051224000 186159000000
004068110187 192141168000
004069247224 190098147000
018068059000 192178245088
004068038039 192093226000
005053000250 192178086000
004069227006 190084136000
004059176008 192104140000
015248000064 192229111032
005028200000 192193240000
008048245000 192216032000
005196222192 192232092000
001245128000 185255072000
017090064000 192178191000
005199228000 192238000000
016156000000 192178247146
002058021000 192178120093
004069223144 192208001006
023135180000 192233192125
006065017000 191241120000
002255249063 192005145000
001010136000 192208032000
001215000000 192178109254
001208064000 192141232000
004069238200 192150015000
002058042000 192109165000
023035152000 192178044100
004069223200 192119108000
005003012000 186195224000
005059076000 192233205077
013034102000 184085234000
008029228070 190122104000
005255148162 192189210000
004068037001 192136070000
005011014000 188254064000
008018113000 190242147000
002255249186 192160047000
002255183080 192203165000
008048143000 192208018000
037098232227 192165245000
005101096000 192178106120
002063156208 188165136012
008042080000 192231178000
008018086000 192036048000
005062060114 192178028091
012019048000 192171116000
005182199000 192177176000
001077000000 192223096000
002059240000 185099142000
023012035246 185221124000
004068073064 192157025112
003004012028 185189180000
001018128016 188216000000
002019006032 188133032000
009143000000 188231098007
005154183000 189203151000
023153136000 178236246000
005175190093 192078186000
001201004000 190214218000
006064122000 192211208000
004069231162 192040057000
023255016040 192102005000
001213192000 192178111228
005053000064 185247231020
004069064128 185094141175
003165250000 192216062000
003175205000 192055140000
004068111168 192188046000
003160120000 192241082000
004068062216 185001153036
005059241000 192031190000
023208084000 192225165000
003033042000 192235204000
015089171040 192042144000
003174016000 192231138000
001178066000 189145096000
002255249034 188065029000
008046110000 192169024000
017057180000 185244030000
012198172000 192178083052
002027109000 185255123000
001009244051 192233204043
005062061034 185000020229
005062060190 192094166000
001237004000 188121033240
002057107000 185039036000
005062085110 192178099124
005034236000 192131099000
018173145000 192069149000
005053004101 192121242000
005062047234 187080000000
002021065000 192187056000
002018212216 192177029000
005045062094 192199060000
002094002000 192104136000
008227117000 190121196000
004002016016 192178244174
014098224000 192178075016
001079224000 188114209152
018160016000 192218140000
002059140000 192178241148
003164055000 192188199000
005187116112 186195112000
015230012000 192165134000
008035052000 192042087000
004028139168 192065185132
002016070000 192193243020
005196178000 192178072138
005035172000 192178028144
008014032000 192178072178
004068075054 192230096000
004068062022 192178046016
002020152000 192178074048
008030048000 192153158000
005062061065 189247072000
012022144000 192193082000
008245018048 192240208000
005132168000 192178248124
023026224000 186251228000
017235133000 192026230000
005039013032 188112000000
001225092000 188191080000
020224000000 192139052000
005008196000 185135188000
005180135136 192157088000
005231248225 192223237000
005187121056 192207166000
004068071196 192233200128
002058048034 187120192000
002063156203 185252020000
004015021064 192102252000
013034099192 192080047000
001231194000 192153115000
024029000000 192200184000
003171178000 192186060000
005183038232 190185160000
023072136000 192178249170
002255252033 192178044116
005040082000 192189003000
001007150000 190220124000
008227089128 192114060000
017044140000 192052094000
005062127000 192206154000
005056018169 192178086184
004042073104 192178076038
003163014000 192234089000
008029230010 188003104000
012009118000 192193062000
005231112000 192233195118
005151200000 192099065160
005135064000 192137176000
005058000000 192025118000
023062051000 192110080000
003033055228 192178104092
008012114000 192178086086
013034007162 192234230000
001066064000 192178249192
012052038000 192175125016
005003083000 192178249244
002017111000 192132084000
005039037208 185195216000
001001032000 192234228000
034152069000 192147034000
023029128000 192178121168
001230123000 192178072232
001178194000 192133073000
001208170112 192192048160
005053005238 192178085052
003169024000 187061120000
005104000000 192178082204
004068072147 191096086000
005062023028 192182080000
004042072235 192127094064
002255251224 192084040000
005159236096 192073015000
014021128000 192067118000
002021175071 188121048052
005104040096 192094029000
005062061010 190115096000
004068070222 192099146234
003166248000 192069004000
001009244092 184107217192
005045062251 192100180000
005001003239 192178111130
002017111210 192184068000
008021143000 191234073000
005062060020 185174159097
005133113000 190158136000
013227151000 192056084000
005040137000 192104015000
038072147000 192173111128
023193112248 192178028191
005062086072 192083127000
004001116058 192178078046
023012034168 192178029098
012014128144 189247220000
002023216000 185238224000
002018118000 192178241036
008029228157 190096002000
023229093000 192177190000
017132078000 192023147000
005159217208 188042239000
004152000000 192178111064
005062085169 192154014000
012189032000 192178252182
008029109249 192108016000
008002019000 192164021032
008042121169 192084012000
008025042000 192136002000
001254229000 192178098254
002020183000 192203235000
005255148100 191237240000
001177208000 191128025000
036050142000 192178249132
004069246149 192198148016
001024040000 188255178000
013034038225 192092013000
018244106000 189011128000
002021175065 192208013000
008041040000 192158214000
013107184136 190123160000
002019007231 189193236000
002017109198 192203125000
003175045000 192056043000
001018128008 192036124000
001237244000 192178241046
004069209000 192178240164
003033032000 185240252096
005039250000 186086080000
005062060234 192188115000
001071192000 192048136000
005045052000 191096231016
005135015212 192233192240
003160128000 192178109246
001239128000 192229094000
003175009000 187188049000
017118044000 192221146000
008242180000 192067097000
013136000000 188043009168
008015016000 188074161000
004069226081 192206227000
005062043252 192207146000
001079096000 190107069000
002021175088 188170065000
004037154240 192109067000
009144000000 192103053000
001229000000 192156160000
005178016000 192091212000
018066106000 192132076000
008026122000 192178098072
005034245000 188172204000
005182047000 192094045000
002017110056 192141234000
003175251000 192234188000
005157037000 192178044114
005035160112 192228024000
001000128000 192147038000
005028016000 190242176036
003165220000 192121009000
005135213158 192178071130
014038105000 192035026000
005165216000 192147142000
001227170000 192178044146
001213115206 192176061000
013106163028 192223250000
004001117088 192030252000
017001168000 190010072000
023181252000 190007071080
023128106000 192230122000
012153240000 188042208000
005252033240 192165181000
001213104016 192223121000
023038244128 192240158064
002017205000 192162216000
005039010032 192005027000
001244224000 192189083000
023095176000 192165184000
023091109024 192178028016
004069223230 192178111088
013150000000 185243145000
032112170219 192102236000
004002016004 192042151000
004069216224 192178068215
001236002000 192178085198
013034034064 192146205000
001039216000 192175070000
005187124088 192178085182
005056018208 192158033000
001023096000 192005116000
002255252040 192231204000
023168016064 192104253000
001022077000 185172066000
013108003040 192243220000
002017109128 192190178000
002255252012 192064250000
012182252000 192175072000
001178199064 192236154000
012048116000 190150121000
005182204000 192178080070
004068072076 185195228000
018068070016 185234192000
002019006156 192058140000
020095130000 187085066000
005062060100 192109174000
005001055000 192178109104
002057255010 188165128096
001008012000 192092115000
002057169000 192233198167
024041192000 192178078121
014037026000 185011192000
002022049000 192064040000
004038229224 192098100000
001024096000 192141032000
023130056000 192207125000
004069203160 192108098000
005062047231 192178240190
006148056000 192178070010
002057052000 192238008000
002021133000 192122116000
001023252000 192178110088
006150000000 192222100000
005104055000 192232070000
004001112172 185172076000
005252081255 192178083074
002188168000 191096214000
001036000000 192132058000
005062047202 192121050000
001071160000 192178242102
005053003022 190053047000
008029228216 192222000000
018064128000 192133136000
008220168000 192198031000
004068062110 192234070000
020020053032 185206136000
005139208000 187110192000
031145171000 192018192000
002018212160 185245094224
002058086000 192101108000
002255249124 192178246191
004079107128 192085250000
018244060000 190098132160
013106112000 192243112000
002255249055 192106232000
002059148000 192240106064
014022000000 191036144000
002021175070 185133138000
013034161064 192132002000
004001117048 192109061000
005053006088 190120070000
004068072088 192197185000
004069170106 192234057000
002018115000 192178075092
013034136000 192178247204
002018215240 192243232000
005172000000 192189214000
004069222178 192239000000
004042032032 192139138000
020209194000 192233205064
005159218073 192003224000
008029109045 190152056000
013107195100 192133130000
020202092000 192178028204
004001176000 192098000000
004068068032 192112161000
014063016000 192195199000
004069219192 192183178000
001247032000 190103122088
005195176000 192107165000
008062168000 192070177000
038146201000 192235000000
008033186000 192205194000
001032212224 192008144000
002188062000 192235016000
038065192208 192233197148
001225080000 192178244072
005053000240 185252176000
004068073254 192111012000
023189168000 192064067000
008007204000 192228112000
016010008000 192099146040
023140156000 192223007000
004069137064 188128057136
017000014012 192138084000
005187032000 190061084000
004042075192 192223142000
003002083000 176107176000
004031208096 188191097000
004069217232 192084116000
005011014224 192189007000
008014103000 192229148000
004068039146 192104009000
005227172000 192233202108
008225249224 192119111185
005062060154 192195184000
003002032064 192036006000
002094177000 192178070204
008029228210 192068112000
001023000000 192178068132
005192000000 186056026000
004036040100 192159140000
008047022000 185159192000
008010080000 192033246000
006064031000 192193213000
005135235248 192236125000
001239001000 192105075000
004036040116 192178080040
004068068096 192211224000
023136061000 192102088000
020133240000 192099105064
031007248064 191101003000
004016053020 192175185000
008227072032 190109111000
004069219216 192111116000
001023222000 192178243108
001009243040 192082111000
023255063192 192231036036
001213115000 192111255000
013017146000 191116000000
013034038202 192219241000
015000064000 192136064000
023130124000 192229184000
008048245048 188096000000
005010212000 192219224000
003004012011 192206072000
003160080000 192137186000
008025240000 192054227000
002017209000 192178097116
005187127144 192100096000
023211180000 192178120236
004042073168 192100069000
001241208000 192088124000
017030056000 192178120019
005039029192 187095080000
008148032000 192178085110
002255254073 192178251180
004055141000 192158026000
001235138000 192178111172
017067184000 192195068185
004016052083 190098170200
020157028000 192170010000
005062047142 192205031000
003166253000 185235052000
002058224000 192178073016
004202000000 188094166000
013034038233 188241004000
001119224000 192178241144
005034248016 192245010000
013248099000 192071037000
013017040000 192178241168
005175213004 186250196000
006132132000 185000042068
013104184224 192240194000
001009241228 192178243190
012188248000 192193078000
005062049086 192178086022
001022076000 190007071216
017000017128 192178069074
013034153192 192161244000
013067128000 185099024248
008022140000 188121039012
031172138000 192178255022
005180179032 192165108000
031184240000 192067035000
005187103080 192203194000
023015048000 192235074000
012147128000 188255186000
013106162024 192178247108
002018215000 192033184000
001235139000 192065185150
002094158000 192035152000
008014036000 192178251036
008029231093 192219016000
004018034000 190105136000
004069207080 173211028000
003165160000 192178098224
017076000000 192064214000
004031215216 192178249253
002021175010 192206210000
014042000000 192178069080
001178010000 192016136000
004042075216 184107180064
004068062102 185214094000
002255251211 192178110136
004068033228 185211216020
014063000000 192048064000
023045023208 191037096000
002019006224 192127192000
017001000128 192178085161
023215054027 191128088000
001073072000 192240044000
013034064000 192109122000
008029019000 192146188000
005056017236 192243217000
005042201000 192190230000
005180141002 185182130000
008045151188 189247253255
005167080000 185093000000
004068037016 185121025199
001065188000 192124235000
005159218158 192096234000
002056008000 186249048000
001213154000 192178046032
008227116116 192124008000
001208147160 192165128000
002019204000 192178253200
005039112000 188093049000
001254224000 192231009000
004068071183 192178247132
002017120115 185201071000
002255251205 185235083204
008029109237 192209062236
005001043000 192228000000
006016112000 192178096072
008244139000 189221200000
023128229000 192226062000
005001115000 192048116000
002021175089 192101137000
008041197000 192075213000
008029231050 192099146219
003175012000 192178082128
003165012000 188254078064
024040064000 192149021000
001179113018 192178248092
004068110052 192035028000
005011012034 192206054000
018065112000 192178081132
023130137118 192077224000
005023025032 192241035000
002022253000 185250052000
027123215152 192171012000
005181218000 192230077000
023166184208 185112133003
002095000000 192178241031
001006128000 185174159040
001208178026 192131125000
015248005232 192231067000
002017044000 192073032000
013108002160 190088040000
003170232000 192197202000
004031212025 185232118000
005022210000 190212106000
006148097000 192178080236
008220120000 192178240144
013106174192 192121142000
002057153001 173253118056
004069136208 192190072000
008029228247 192186187000
005084000000 190102124000
004015023221 192178073092
002181222000 185143146000
002017110002 185182021242
001006230000 192233199032
013224144000 192178106078
002056201000 192065229000
020153159000 192237094000
005053001048 192070242000
004035064000 190150056000
001009243032 192178069100
027060140000 185250224000
001023074000 192145096000
001010132000 185166244168
005011011128 192160177000
004069170104 192178046226
002019007238 192178082123
008244134000 192215000000
017076144000 188170192000
014039213000 186237192000
008028064000 192234042000
012192000000 192178085170
012042192000 192025014000
005011008080 192199056000
005062061050 192231036002
005159218102 192233195120
018065216000 192240120000
005023000000 188125080000
013034014104 192067130000
004042032100 187249090000
001208178160 188064110000
012097192000 188241007000
005133024000 186194240000
005255146204 192135046000
023018000000 192216108000
001187180000 192219072000
004001114056 186216020000
001208112054 192235070000
002187096000 192234169000
004052000000 192178071214
002056006000 192137075000
001079064000 185100208006
012173000000 192100167000
015193136000 187188234000
005129193000 192108126240
005199040000 192178104216
006016140000 192178081178
003168195000 192178109060
001002002000 192158228000
004068039179 192178244082
004031213032 189247045064
002018214088 192153051000
002255248144 192026103000
003160232000 192188060000
012009160000 192141036000
004229000000 192155104000
023012112000 192178083200
004068110192 192175196000
001178091000 192116128000
020060178000 192178240234
002021175231 192208058000
005062039252 192109039000
008227164000 192178046142
004250000000 192178106244
017000001180 192178254088
003165110000 185220023000
017070032000 192068252000
020060112000 192234130000
008029109008 192233202104
002018212068 192223151128
018065148000 192178087016
002017103000 192234254000
005039011152 192178046024
001199250000 192178220000
004072000000 185212169000
002019177000 185210088000
002255249067 192005214000
004001115195 192019254000
023255011192 192206000000
005008025000 192117224000
017079247000 187252165000
004069141150 192231156000
008039216000 192214100000
004015018040 192178108168
002255249128 192234152000
003164224000 189202184000
004068111172 192197207000
001079008000 187189162000
004068075135 192206162000
005158064000 192147016000
005003019000 192178251208
002027127000 192176208000
002018176000 192178121016
004042033136 185214247000
002058220000 180240190006
005062062128 192184009000
003165074000 192207147000
005252034128 192178252226
020047071000 192178247004
005034248032 192088101000
005062062160 192185130000
005154176000 190171128000
002019007218 192199104000
003165232000 192237080000
003005200000 185131124000
003002085000 192178121160
018064008000 192106208000
004177000000 192178250186
005003056000 192208059000
005001040000 185225098000
005252001000 190248088066
002255249180 192178254166
001193216000 192178069192
002023008000 192178251090
005226149112 192111045000
001195208000 192178244213
002016117000 192147091000
005159218224 192178254148
015230059000 192178110024
002021175180 192198028000
005152232000 186086074000
023011208000 192003077000
005056019020 192122148000
003168248000 192137043000
001066000000 188114209200
017043033128 192178072096
005053000120 188214016000
005062049192 192005000000
001074194000 191101222000
017044232000 192108245000
005062060044 192231012000
013020129000 192109041024
005135051000 192025001000
005062049080 192136142000
002017109244 192108206000
003003000000 192005164000
001032214000 192139234000
006072192000 192165126000
002016131000 185137068000
001081128000 192152032000
020033091000 189038062000
001213151176 185245050128
001245000000 192160148000
004068111107 184104193184
004001180192 192233205037
018245096000 192178247091
005157005000 192093101000
002160000000 188211166000
017077152000 192241064000
005183211144 192124191000
008220176000 190093004000
012178128000 190196119000
023161218000 192144038000
002056040000 192188200000
008047139052 192071152000
017018024000 192233198018
008224036000 192084221128
001160000000 192171102000
018064132000 192150186000
002018215152 192070131128
012071182000 192197154000
002019214010 192234250000
008045143000 188121036162
008024186000 188092170059
001242004000 191006240000
012179176000 192156123000
002056255000 192144044000
003004012046 192058228000
004068127009 185122148000
002018213128 192093255000
002027224000 191234080244
004068070162 185169194000
001208148216 192040026000
013225238000 192147174000
006064192000 192178029190
008031044000 192197180000
008029231172 185251014000
005180252000 192240203000
008227068096 188117208000
024167192000 192237094192
001001008000 191128128000
008024194000 185148180000
003165078000 192148178000
002255249028 192135220000
005154182000 192222018000
008022098000 188165025020
008027123000 192178250000
003170216000 192240202000
003175070248 185207093000
004069231223 192080016000
003162192000 189105000000
004203192000 192093123000
005062048230 192176176000
002059232000 192052067000
008225195000 188113220000
001208169005 192178252100
001208112145 192178241038
013104180000 192144116000
002057155128 192149226000
005062044008 192178098186
001237128000 192178074148
003170212000 192188069000
005105118000 191243016000
003162040000 186087164000
005181176000 192178249154
005172216000 190054136000
004069222181 192196176000
005159218067 192145128000
001231196000 192156163000
005135021208 188042198232
023216224000 192177165000
005062085164 192004152000
004002133232 192161151000
003004015088 192229092000
008042201000 192080250000
002058000000 192178081076
002189059000 186190224000
017000001050 192178246204
002027124000 192071053000
013034182192 192150044000
005062061165 192219100000
023162217000 190196134000
012132032000 192133030000
023157153000 185253124000
005181227254 185244222000
002056164000 192178084016
005198192000 192237026000
004016048016 192189002000
023144133000 192178111210
001231016000 192178105054
031178000000 192031030000
002021175172 191241192000
034099248000 192206138000
005039022232 192008043000
023038243032 170168245000
023055222000 192190254000
005134208130 191052212000
003172019000 192159119000
015230058000 192071157000
002016165000 192068191000
005104036000 192175226000
001032242000 192233201078
002021175073 192071112000
003166080000 187085144000
002059184000 192178244042
004038229054 191239112000
006075090000 187252100000
004068062196 192103123072
004068033200 192136056000
002016151000 192086068000
017000018064 192152016000
001247192000 192203136000
002018213054 192234088046
001009080000 192121240000
023178113000 192189094000
004001112096 192054190000
017085000000 192178068176
002094200000 192178249180
001225088000 185239116000
004068074114 190141176000
008245006056 192178072145
005187121140 192133076214
004015021112 192228006000
005196238128 187130193192
004031212192 185064060000
002056012000 192207000000
005188070000 192161242000
023043083000 192178241212
003175064064 192229111004
013034008044 185166160000
012189140000 192178105156
005154016000 192178073084
002188009000 192236176030
005062042064 192135165000
023062220000 192099146116
038093180096 192036218000
005057072000 192223010054
004069221180 192108105032
023187154000 192233199213
002058008000 192112244000
002156000000 190105183000
005255148214 192211052000
004068075116 192203214000
003033056184 192178254248
023012039064 192138169000
005035172128 192231017000
002018208000 192138104000
023139249000 192094148000
002023093000 185222176000
005001008000 192170159000
001209029000 192096043000
004069170229 185227234000
001086000000 192178096244
014102084048 192141072000
012201160000 188042038096
002020140000 192204005000
008238160000 187250208000
012159082000 192055245000
005135059068 192105012000
015000104000 185187089000
034003219120 185226242000
013104215000 192157026208
005157012000 186250092000
023091110224 189203155132
008023090000 192189240000
012226064000 192178241170
005062038000 192178073192
004068062164 192197160064
005159198000 192178078038
008029230061 190008076000
005159218215 192053072000
004069170246 192025000000
008003052000 191101210000
013104183064 192177079000
023149205000 190093080000
004068075197 192243048000
003161136000 185188218200
004001116206 185246041137
004016048064 190124064192
002019214000 192178097036
002058124000 192150001128
001022190000 192176221000
004068037024 192178082136
002022150000 189223000000
023133172249 192230115238
013107194088 192178245030
004069223228 192078236000
005062058216 188214092000
002016155000 192223041000
002016140000 192178071124
018238000000 188170097000
004069231238 192094237000
002021120000 190196063139
003175080000 188093213000
002018106000 192235080000
004002132032 192094126000
002188244000 192135083000
017081251027 192198048000
013034015064 192000070000
005044250000 192176060000
002185000000 192178068164
002255251230 192096177000
013106162128 192178240030
001022142000 188208034000
012231108000 192135174000
002017203000 192069076000
002255251196 192075068000
013104186176 186002170112
011000032000 189218060000
005133102000 192081176000
002058048016 192178121088
023136104000 192188094000
003143020104 190146224000
013034159064 192074211000
023133165000 192178097128
002018214056 192104023000
002037112000 191101140000
023038118061 192178108004
004031212027 188075109000
032116040000 185119191024
002019006110 192157026156
002059016000 192178028112
005196253048 185247231164
023039006000 191101234000
004068074232 192149216000
005011030000 189199016000
005053007117 192104176000
005135059168 192067153000
013021029000 192174072000
005187109016 192218014000
017001000240 192178084240
002017148000 192033031000
013105083192 192178140000
005159193000 192088134000
005129214000 192157039000
023255060120 192157139000
005187116252 192082106000
031057076000 192178097232
002018215224 192121057000
002021122000 185234155000
015079128000 192149047000
012183190000 192135078000
017001164144 191096209000
012239192000 192178082220
012026055000 192024124000
002027239000 192229132000
004068070075 192234247000
005157021000 190211244000
005187064000 192019203000
001037034192 192178218000
003168242000 192075142000
031130140000 185173057000
002188044000 192178071008
005062061186 192197176000
005143128000 192184070000
008017194000 192237091000
013034087128 192222104000
015248005112 192203108000
005039019238 192178251176
002016065000 192178108056
005035102000 192165140000
002255253182 192068030000
002018214220 192065018000
008062104000 192188180000
008221128000 189036252000
002059078224 192175086000
004059176004 192165133000
005062061008 192209063000
005187127104 192178071070
008039114000 192073230000
005196173000 190098170064
004069208212 192233201000
023050124000 189219184000
002255254067 192023112000
018244104000 185197228000
001007112000 190228118000
014022040000 192240129000
005045247000 192206240000
005053003014 192033040000
004068062138 190115020064
008036064000 190009179000
005059183000 190159100000
002057003000 192178249097
005196173064 192135237000
005253204036 192101046000
013034201000 192178109064
008037034000 185107192004
005062061056 192053046000
004015158000 192081122000
004028143064 192178246062
004068127152 192025058000
002019007056 190124066000
001184000000 192103236000
004069207082 192101020000
023133198000 185243213112
031042152000 190090064000
002021067000 192033117000
008020032000 192243213000
017253248000 192193045000
002057116000 191101026000
016007002000 192088218000
043193068000 192178083190
023045017148 185239224156
002059049000 185134122000
003162001000 192031090000
014146240000 190157012000
001037072160 192083128000
005149147000 192193124000
002017109186 186096191000
002021099000 186005240000
002023004000 188121036252
008029231114 192178110128
002255190000 192206179000
004068059150 192065232000
004031214248 192238208016
005044064000 192178084168
005180147008 192146192000
002059077000 192005212000
015158128000 192178081208
020190186000 192121246000
008017250000 192210042000
001178025000 192178071112
005011012113 192233201096
005196167240 190131200000
023044098000 192178099022
012231152000 185186064004
001007032000 192147043000
004068063076 187188077000
002019006208 186148016000
002016120000 189214144000
002017110074 185229066000
005188173032 192193060000
004042074194 192175228000
004055160000 189028064000
008245002004 192178255024
004068070156 185048028000
004068038252 185227181008
005062060136 192076235000
002058218000 192154004000
002019004091 192178045166
004069180004 192240195000
002056249000 192222016000
004068062081 192198079000
013017096000 185159001064
004042033000 192208184000
005252073000 185112132052
004069246144 188209157000
013034215128 192233199208
002018213160 192161087000
001237174000 192190177000
008029230087 192139006000
005183211112 192101040000
023049104000 192102188000
005059236000 189254080000
001179112136 188068224000
023170120000 192003068000
008024128000 185239150128
004001117008 192157187000
001178016000 192193135032
001225064000 192197160032
008238144000 192071081000
001037072145 192178250200
020202095000 192238160000
004068038094 192109068000
002018168000 192197136000
002056203000 192135068000
001032227000 192149204000
005159218147 189193247000
008029069000 192176192000
013244197132 192131067000
004042035064 192178081004
008020002000 192178251153
004015023000 192065080000
001208170000 192112056000
002019184000 192183176000
004068033222 192137160000
001208112030 192019020000
012013240000 192195034000
023001252000 192244208000
012037208000 192178245244
005175190139 189247127098
004016049237 192228022000
017023072000 192178028175
005023068000 192195096000
005010213000 191044048000
008029228178 192178105000
005042211094 192104142000
012204013096 192137224000
018165179000 192240156096
023247181000 192178073034
001247005000 186064002080
001009244050 192178165000
005035084000 192178245092
013020192000 192178246004
002027234000 192152222000
005175145000 192091213000
005160254000 188093170050
005104204000 188121048054
005042218000 192223186000
008042121161 192186186000
005062042046 192243240000
001232064000 190242118208
005034184000 192149150000
004068037036 192211120000
023027221000 188165132165
006132133000 188121049232
023076200000 192175049000
001247064000 192160237000
023045089153 186183236000
001178199128 192238209192
004004193224 192178078114
002018212080 192094072000
017252104000 192178250165
002255254029 192233199018
001236032000 185062167000
005039110000 192234088048
005035120000 192193188000
005182186000 192233196187
005056021056 192178069204
004068073113 192136055000
001023090000 192178255220
017001113128 188172194000
001009071012 192203238000
023072138000 192178078035
001178201000 192146203000
004069231250 192067062000
018245214000 188116058032
009161000000 192112213000
008042032000 192178111018
013224041000 192178071140
023149008000 192166146000
002020178000 188137234000
005062049019 188094152000
012154104000 192068146000
002188172000 192080016096
005039025192 192093028000
012204096000 192233200240
008043082000 192001152000
012034096000 192139011000
023063022000 192055250000
002020250000 192233195000
005159218219 192048022192
001006136000 190157100000
013104253224 184105081088
013034018052 192149220000
001023218000 185239172000
001038212000 192178248054
005039063000 192184008128
017083012000 192152002000
020157222000 188215058000
017126192000 185220084000
004001115224 185126108000
023255086136 192178107210
001022034000 192175065000
013106108000 192104150000
013106096000 192233202199
023032062152 192223146000
017253157000 185195064000
002255249031 192177151000
002027098000 185253121061
001178203012 192160224000
004016048135 192135175000
023231080000 190214250000
005062059058 189068000000
004028138192 190110099000
004059180040 192133120000
012003220000 190124064228
004069170074 192091144000
001222192000 192146237000
005135067032 188121048048
004069215094 192178045228
005254008000 192190128000
002023186000 192240132000
027126046000 185122244000
034103214000 192132086000
004071230018 185231164000
012009148000 189084236000
001007180000 192176059000
003174109000 192160198000
001022016000 192233193172
015158195000 190066008000
004068127034 192147132000
015177064000 192178242232
008028057000 192178249101
017000016032 192140072000
004031209162 192177192000
013034175064 185070220000
003160064000 192200010000
012110189000 189127166000
005180134018 192005218000
006050044000 190159240000
008227161202 190214033000
012206181168 192159134000
014037128000 190196108000
005196213224 187184216000
005135059002 185200037107
005145192000 192036087000
002016122000 188123128064
023027184000 192234101000
015158042102 192107064000
001032212128 192147067000
008245007112 192071161000
002255248016 192178045024
005135039000 192088236000
032114094130 192178085116
005187105128 192099146139
008042125052 190103105200
005200030036 192237098160
001037034180 192166122000
001213112228 192026026000
008009048000 192124199000
004015018176 192099146044
005180043004 189193192000
002255249041 192101198000
005011010122 192172248000
023046186000 192233202232
002255254106 189247044000
008046107000 192008153001
001213153128 192129128000
005196061138 179221160000
004069223178 188123204000
004001112192 190242140157
004001115016 192178107148
002063151080 192178068124
004068062116 189216174000
014000098000 186042136000
001179120000 192211048000
002022160000 192178073202
001247000000 190102096000
008042127026 192153216000
005253004000 192150177000
001119216000 188214152024
002255248128 192231164000
001231021000 185203188000
005008045000 192150090000
002255254033 192178254180
005022198000 192137192000
001067128000 185247148000
013032237000 192025043000
003166254000 192231184000
005062058168 192206019000
005011010206 192178251120
002018126000 185231016000
005017000000 192178087028
005255148065 192218002000
002056026000 192107179000
008028120000 192156253000
012020124000 192142014000
002058048058 185134100016
002027051000 192178240188
001028168000 185238062000
008020128000 188121048122
008041036000 192169034000
008040093000 192178108170
005053000024 186108096000
002189072000 192207048000
001179114000 192164174000
038051253192 191164000000
023103239192 188165128000
002058054000 192147078000
008029228146 192178096066
032109050124 190098129128
002021175142 192025104000
012049006000 192178096236
005035116000 192043220000
023146096128 192233201176
005034248072 192189021000
017083018000 192190202000
005234224000 191097104000
001231064000 188121039010
001244192000 192078120000
004068039160 192146187000
002059088000 192051190000
002063168192 192178078122
023079242000 189192240000
001208114252 192178250088
005056017200 192193243000
005053001056 192240154000
005183211002 185184056000
012044064000 192055236000
001213153112 192236147128
020095117000 192099146152
001066128000 192178240172
004068038077 192178081140
003172063022 192233194114
004016054188 192178254030
001179000000 192189006000
006016200000 192070216000
001236004000 192178097086
017000113055 192160032000
002094000000 192031188000
023065023000 192189205000
002018214069 186251208000
023175084000 192178247115
020136132000 192067079000
001225168000 190221046000
004068068044 192238023000
004068075144 192214106000
015230092000 192233201128
004068039182 185254100000
005160155000 190196000000
005053003112 192210248000
008052198012 192231231000
002021073000 192112255000
023103000000 192178248194
003163228000 192178105192
008048245023 192185180000
005104050016 187127248000
003004010000 192195104000
001179244000 192178247022
017057146160 192178099184
023255019048 192178135000
004069223216 192030206000
012204008064 192178121156
007193230000 192211124000
004068069000 190007088096
002018212194 188004000000
017033131016 192178107092
017069080000 192211042000
023027191000 192121082000
014055065000 192177097000
004053246000 192178071044
023236133058 192178085101
017000017168 192154124000
001241224000 192178085100
031184160000 192178029172
004069214000 189089040000
004068074188 192084054000
023057111152 192178068192
002059144000 190008216000
002056236000 192157192000
001179060000 186056012000
005053004226 188121048040
005042217000 188132224000
002057140000 192245008000
002255251176 192005239000
004069211064 192240016000
001227176000 192236177000
014121048000 192215202000
005083158000 192235032000
006016074000 192230116000
005104042112 192121018000
023128117000 191096018000
034144096080 192183224000
004033220000 192147213000
005154154126 192178107072
004069238240 192150140000
005180008000 192178244084
002057010000 192233193039
006073216000 192158252000
002017110062 188165072000
004028139176 192151200000
015230149016 192121014000
002018016000 192234236000
002019007004 192178247184
012173192000 185202148000
004028236000 192103122112
004069137028 192233195136
012022115000 192051242000
005062060032 184085192000
008042236000 192193072000
005188052000 192223000000
001244194000 192159110000
005011010214 192083229000
032112157192 192233201032
017079252120 192054057000
005149200000 189195096000
004068072095 192178087150
002027113000 192121032000
002255251218 191052182000
005196250032 185186080000
005022164000 192233199010
001018136000 192176029000
002021023000 192157171000
004008020144 192233193096
002255248031 192178082160
004069064010 192148216000
013034176000 190242166062
001022108000 192042121000
012192018000 189221168000
005062044236 192178104108
017001172070 192012082000
004068073141 190008220000
002058120000 192101170000
001230105000 192178104084
005182234000 192177096000
005062085114 192178250042
002022072000 192178096047
013034025004 192095064000
008245002232 192058242000
004028139087 192129020000
002255254248 192173076000
008029230247 187249003000
023171216000 192077021000
004069208063 190127128000
013107184168 192233198166
004036040068 192178069152
005057202000 187249092000
004028142238 192155072000
008002071000 192178099242
005062061109 192197168000
032114118248 192139219000
018066042000 192189147000
002018254000 185111202224
005180020004 192171088000
001023058000 192178250178
004058000000 188053008000
013105086192 192233196189
001022136000 192030142000
003175090000 189243192000
004069230008 192228115000
002017120041 192234056000
005180134042 188165016024
013107194208 192190101000
001208149000 192207105000
001009243064 192008094000
002022004000 192088112000
004184032000 189172000000
008008080000 192178242145
004028138116 192155006000
002022028000 192207032000
038180148000 192076170000
005159217176 192005134000
001178101000 192067057000
008052209000 192178099064
003160226000 185221245000
008038005000 192102248000
002023032000 185200037112
004069064023 188095016000
004068037217 192158004000
004015020066 192231165000
002027050032 192036226000
013105108064 192153077000
008018173000 192178085216
004069203064 192178122128
023041179000 192193228000
018173081000 192068023000
004068127033 191096060000
004068074009 192041161000
004068038225 192178243066
004028142175 192178254066
020033211000 192166040000
008038249000 192172238000
003172056000 192178104152
014137056000 192001059000
002022029000 192016064000
002019125000 192240136000
002017110000 185047032000
004001112104 187253152000
005022176000 192178070220
002027044000 192178081129
005196061206 191096231012
005188007000 192178068168
004031210000 192198187000
015230149128 192178245002
003163239061 192171111000
001178198240 192093064000
002059254000 192086032000
001194064000 190216229000
031022009000 192178249222
001225192000 192223129000
008029230065 192096032000
001238064000 192171209000
001178203028 192081123000
006070080000 192225002000
023038243008 185107199000
008034210000 188227200000
005062061248 187102080000
008025094000 192178250004
006070192000 192173077000
004068110138 192071127000
008031112000 188073156000
005254120032 192231100000
005180052064 192067064000
005062049144 192178210000
002255254224 190094004000
008041222000 192237105000
005045062101 192034148000
002056064000 192149082000
002057225024 192206056000
005044032000 192147054000
005061115000 185223096000
002255254123 192031159000
008029231001 192085228000
020095081000 192188061000
003033051192 192189138000
001076144000 187041048000
013036000000 192178056000
004068127217 192121232000
012166128000 192133103000
008006018000 192135222000
005056018128 192033187000
001237032000 188214152064
003164096000 192226046000
001022084000 192166075000
004068074112 192101066000
005135049192 192178119000
016098000000 192207080000
013034015000 192190052000
002255254188 192240190000
005252119000 192178028030
023061012000 188129080000
001075000000 192243073000
003171196000 192064071000
005062061021 192178122030
004038228009 188042147000
003163034000 187249034074
003169076000 192178098077
005039108128 185107112000
017000017080 190221240000
020150061000 192161153000
005062048128 192178069050
003172024000 192026133000
014023000000 192088211000
004053244032 192178251150
001179224000 187008000000
004068073006 192162032000
001208112028 192075026000
005187028000 192195038000
005008088000 192178255064
005154160000 190171020000
034144107032 192061040000
002016159000 192084168000
008018044000 192178108062
001022030000 192012013000
003163016000 192182064000
008027030000 192178108132
005062085037 192178082120
001252188000 192236147032
004042035216 192178240014
003005196000 192178098176
018144000000 192178246064
005183196000 192108044000
002018216000 187109240000
001011056000 190226032000
005253030000 190102064000
017079246064 192084015000
008012244000 192104000000
020191128000 192178046104
008042100000 191005056000
002016146000 192178029135
013034010034 192178111080
008025006000 185177230032
004068073147 185183164000
005196061144 187020220000
006011250000 191096165000
002180000000 192203240000
002027064000 185212140000
005133168000 192237096000
005180135216 190104104000
004069064008 192178096062
003168208000 192092192000
005062047216 187174128000
005008178000 192077110000
005056017232 192207013000
002027248000 190182128000
004232000000 185247230158
032112180176 185240168000
002027252000 192178046088
002017108108 192178248240
005044045000 185042060000
005039053110 192178082206
001242128000 192146184000
004069230120 192107245000
003164170000 190187088000
005053007054 185254068084
005053000220 192193200000
004069226028 192174080000
012009224000 192178254008
014137057000 192192048144
005062061026 192132245000
004002016072 192234195000
023181096000 192101112000
012228188000 192178109164
004069244000 192219128000
005056020148 192178076040
005231023000 192178099204
016176000000 192146118000
002020142000 192170056000
005196044032 192136148000
008029109010 192233199024
005178046204 192042085000
008215168000 192081208000
012046240000 189199118000
008029228132 192101175000
018238142000 192233206000
001177152000 192238026000
012020189000 192233196032
005252124000 192197160049
002018228000 192178121188
008037044000 190158248000
004028143096 186042112000
023184168000 192031225000
004001117040 187249000021
005196158064 189113128000
017079252040 192096079000
005035064000 192030227000
023168104000 192233196003
004068073186 192211038000
013035198000 192160161000
008002198000 192070244000
005104042101 192178242158
003166013000 192178247188
004037155128 192081234000
004068070016 185085209240
004069235180 192052185000
002189189000 192227002000
005040140000 192178248104
002040000000 192160022000
004235000000 192124004000
001037072147 192149080000
004069230112 192178083228
008030248000 192203088000
002255252036 192189091000
032141218000 192236112000
005253018000 192146008000
008045131000 192178074166
005181021245 190008160000
004033130016 191019252000
004068062159 192111080000
003174221000 192065032000
002021175236 192088060000
004016050160 186251240000
004015023224 192121174000
005182176000 192189113000
002027101000 192153114000
008029231214 192001063000
008024112000 192046196000
003172002000 192178096052
005039009232 192165142000
001213104032 190136011000
005062061197 192178121192
005062063060 192082245000
013106124000 190054001000
008227104000 187251100000
012024116000 192178120182
017001106096 192203000000
005196203218 192178120215
032115114032 192178242183
003171223000 192026123000
002056208000 190092128000
032112231248 192139230000
003172080000 192175240000
004069208016 192092075000
004068062082 188164031160
002018213164 192233193025
005062044064 192178255208
002019007012 185232204000
001208112254 192233205040
004037152000 192178028050
015132000000 192178096194
001183000000 191084000000
004026000000 187188208000
001233200000 188092208000
001037035074 192197160008
005255136000 192193168000
015251000012 192135226000
013248124000 192178120092
001208145244 192233195100
005023024016 192054088000
003172085000 192139005000
008029230035 192192128000
005180022000 185096161000
001208106175 192231145000
002016038000 192127236000
008005251000 192121212000
038058099000 192178248248
008024087026 192096044000
015032076000 192193026000
005226144148 192109114000
008039116000 192235207000
002022052000 192230192000
012017224000 185076049064
013106162224 192100130128
002023168000 192158245000
031042088000 192178073136
001009250032 187184012000
003165024000 186081236000
004069141144 192178254206
002017022000 192035087000
005182102000 188000242000
002018212052 185182021120
002017192000 192233208000
014000037000 192162052000
005102048000 185057246000
005062059046 192124171000
002255249168 188165137032
005181184000 192178044120
004069221000 188231172000
023012037240 192112168000
013034207192 192055010000
013032235000 190196074000
001178198192 192092225000
004018044000 188072018000
023027010000 192152048000
023032070160 185075197000
005062085064 192107128000
002022116174 192077220000
003165138000 192195068163
004033139064 185229108000
004053210192 192040041000
005187124128 192188130000
002017203252 192178028020
005062085150 190098132192
005039041000 192231183000
023246060150 192178098194
004042032096 192190000000
004069215063 192056235000
005056009104 192172003000
017077112000 192178109048
008045108000 192161172000
004068039135 192138065000
001178089000 192112150000
004069230005 192178109160
005053006143 185134196000
005196162144 187041134000
008227161204 190196145000
002022050000 192086169000
001006229000 192178029052
003160062000 192065180000
005254061160 192122184000
008006183000 192237094048
008042108000 192190042000
001179056000 192236200000
012183000000 192203199000
013107224000 185227006000
008228064000 192043160000
002056016000 192178068220
005175208000 192109184000
005183055000 192234036000
003004064000 192198148128
004026191000 185214052000
003161102000 192197160092
001022002000 178034152000
004064000000 192148248000
004068070099 185035142115
004071000000 187251001064
001037026000 192035036000
002255253210 192178069196
002018212140 192236184000
004068038095 192178073128
002021015000 188122076000
005104061000 192178071248
005200030104 192166046000
006134030000 185138017033
001232248000 192153214000
001009071032 192178243217
005034250000 192178082012
001241196000 192145212000
023038118155 192158019000
001023144000 192207072000
005143224000 189196160000
002018215162 190115020101
001188000000 192177032000
004069239016 192109251000
004042035112 192070131228
002255249101 185251055000
004042035096 188121049230
004042033152 192178082223
004008128000 192169039000
001224176000 192207206000
001073192000 185122170000
003165208000 192103123064
002063156128 192160122000
003172122000 192203058000
002021009000 188164033128
002063151128 192219250000
001023086000 192235202000
034143103248 192195180000
003163032000 190204000000
005104051000 192178253012
017092008000 188165138128
005062085204 192055118000
023089205200 192178245196
012190104000 192178111132
004014144000 187015008000
002020013000 192066012000
005189219000 190214132000
004028142232 190242180056
005011008136 185230012108
023048204000 192177104000
005231248192 192178075036
002019084000 192203040000
023148248000 190072116000
005104050064 192173082000
005135059016 187251003224
004002133128 192178104040
005255148219 192234168000
002059029000 192178242096
001179012000 192153013000
023151014000 187228012000
008025128000 192065245000
027123028000 190007071032
004068039145 190215228000
005134208144 192178083084
001006140000 192207092000
005154002000 190137168000
004068062145 190093064000
008019049000 192231020000
004068110028 192088090000
004033218024 192178046152
004068127016 192178096060
001238016000 189149226000
005144080000 185142241037
008045133000 185142084000
002019007033 192077073000
002019006240 192178254190
004016053176 185187106000
002059061000 192046116000
018089000000 192062212000
005252177000 192193064000
008245040000 192131056000
001179113020 190094190000
023089192129 192154042000
003172014000 192238196000
002016028000 192160097000
002255254152 189097072000
005053003040 192240157192
012235152000 192177056000
023012036196 192178248096
008029228198 192003103000
005254176000 188130196000
002017108096 188240094008
001023048000 192178106164
013034015200 185184025000
017090008000 192175125112
008029228069 190011176000
003005128000 192178086024
005062048160 192190012000
005022196000 192162107000
001241250000 187251002084
008036069000 188092192000
023213178000 192061208000
008014124000 188052212000
003163223000 192051004000
005083133000 192023238000
004068127178 192027228000
001004064000 192229081000
023033103101 192197063000
001000004000 192238025000
002255252030 192131068000
004053244128 189218184000
001255003000 192065070000
002018144000 192197140000
001020096000 192135069000
013034008206 186159120000
023255053008 185056216000
034143120088 192186184000
005062061241 192131246000
023149021000 185202254000
005160248000 192178108214
005044104000 192243244000
001248224000 192178069180
008227071144 192193243064
012033115000 192100155000
001209192000 185071044000
023236224000 192042158000
005062085082 192031078000
002020245000 192149097000
003171240000 192178073000
008040116000 185030179234
001178199000 192178246234
005151127000 192124039000
003168196000 192165144000
013034009194 190202152000
003173188000 192178240081
005039184000 190241080000
015197038212 192178080079
005056020160 192100232000
002022233000 192178029000
002018214112 190098141132
002255249072 192207060000
003162196000 192206243000
003173136000 190102128000
004069248048 192233193064
005011013108 192138014000
002021034000 187017072000
023255053104 192049147000
001018000000 185030036000
008028213000 191096176008
008244016000 192233196002
003173200000 191053000000
004069231000 185250136000
004068037128 192103156000
005187102000 192055006000
031013027162 192178082072
005062023032 192109066000
005053004160 190011159000
008049168000 192175126000
005101056000 190089204000
005053003005 192178083008
005011010171 188065000000
005053005044 192178046196
023211114121 192082084000
004069222185 190052128000
004069230006 192228068000
004068127180 188196000000
005053005232 192207232000
004068039168 192048252000
001228000000 192178097193
023045180000 192189044000
031006015014 192054251000
002056104000 191156064000
002255252064 185170067000
008009225000 188075070000
004068039147 192223028000
003172062000 192132001000
004068071152 189247045192
004022000000 188121033238
005253186000 192152200000
008225184000 188068003000
001227169000 188162192000
005042211130 185186192000
008010016000 192178098178
005011056000 192187004000
017057146048 192238209003
001074076064 192232095000
001208148192 192195233000
008029230111 192240152000
023139216000 185160008012
013107195136 192178068072
017087248000 192198182000
002019007234 185193104000
024206066000 192084237000
008042121016 192233201103
020033005000 192070131040
008029160000 192178110040
001179062000 192203141000
013106052000 192178075122
008049079216 192133056000
013034014012 183083184000
005022209235 192104002000
005104050184 192109146000
002017244000 192109041008
001025064000 192200212000
003165016000 192178039000
005001047000 192178246164
023137082000 185194101000
002057122000 188094084000
013034101000 191242100000
003162072000 192174064000
004068068128 187249010208
005011011032 192067128000
002020160000 192163005224
023032182000 192207141000
008041210000 190152186000
003161131000 192088085000
008042248000 187189015000
005062057099 192099146200
012046224000 192026250000
002255251104 192019192000
004125072000 192178045169
017083150000 192121146000
023249055018 192109072000
004069180005 192223126000
001022104000 192223242000
015197039176 192138240000
023082052000 192231146000
001076004000 192178068018
002183096000 192175125120
004068039188 185198029192
013034013192 192222028000
017000013052 192160000000
018068020000 192178111120
004068070020 192131001000
005053003160 185230012220
013105094000 192207235000
004068038204 192195060000
006016094000 192093164000
009195164000 192150016000
005189234000 192139021000
001032236000 192166236000
003171216000 185242229048
005039230000 192178245058
002018214244 192190030000
004014044092 185129064096
005226144129 192185199000
002059119000 192133062000
008031032000 185216160000
002018213052 192237078000
008000000000 192178083220
012168224000 188114213090
002027122000 192233193174
003162014000 192178134000
002019064000 192231032000
006066176000 192178026000
008028229000 192171024000
003162064000 192233207142
020137016000 192233201104
008005248000 192178028182
008029228044 185237162000
005179128000 192208064000
008030208000 188121232000
001066092000 192036014000
008002069000 192236124000
005183211248 192178240116
005178004000 187190017000
004042073096 192150064000
001119192000 192139238000
003163048000 192178029028
003175125000 192042090000
003163194000 192156100000
002056171000 192190009000
001023010000 192231070000
003172064080 188191107000
004069231048 192152062000
004071153106 187248136000
005188051000 190052123000
001008016000 192178247024
005196178190 192149132000
001179112169 192107208000
005062020128 192188065000
005045024000 192031142000
003160248000 192210012000
008003252000 192178099096
004068070067 192178018000
002037096000 192233193249
005039054000 188116017000
001213151189 192160246000
001208168230 192236224000
003002040000 192178254056
002059067000 192178121182
005083234000 190053118000
004068039028 192054226000
008244000108 192193117000
002019006104 188043013008
018155089000 190026030000
001128000000 192108115000
032114092112 187110208000
005199044000 192086228000
001088000000 192094004000
008034203000 192169010000
023168116000 192241120000
001078100000 192236122000
003163239064 192178072196
023255025032 185007012000
005062039248 192178097096
005159218013 192178080158
008020110000 190115026000
032112186160 192124104000
012145192000 192200152000
003005060000 192178255177
004069171044 192006152000
002019004083 192082056000
001007226000 192195011000
023026138000 192008240000
004068039086 192024016000
016102016016 192054124000
005056017099 192178068151
004068070158 192101152000
023141168000 190060031000
023027028000 192233198017
023255089176 192012232000
005105232000 190098179124
002057238000 192233196080
004038228008 189031096000
001179112048 192096180000
002056090000 192048254000
008047150120 192193157000
002018212142 192097128000
004068073253 192178254138
005008056000 185226164000
003174062000 185249116000
004016049124 191005144000
008025070000 190010104000
004069226017 192165207000
002178000000 192178080075
013106211224 192178252168
008015168000 189192134000
004069239096 192047254000
005230126000 192178242032
005053003008 192236010000
001208168224 192208006000
001232160000 192161066000
013017132032 192139050000
003175060000 187251002088
005183128064 192070146000
002188170000 192019024000
002022056000 192070120000
005135059098 192175000032
023249188000 188137158000
012044045000 192091206000
008000024000 192155128000
004069208007 192221176000
002057108000 192081032000
002255249039 190159006000
002021175125 192212014000
001227160000 192178252212
004069218134 192231008000
001066024000 192233201025
008044216000 192234134000
006046096000 192178078032
005134208000 192178109150
002179048000 192230091000
003033055122 190215127000
002057252192 192178246254
024105004000 192236000000
005053004096 192178071054
001244096000 192178084028
001178081000 192160123000
001208148116 192083224000
002019104000 192150070000
001007128000 192049192000
017083095000 187188000000
002017111104 192227251000
004036128000 190210052000
004069064096 192104081000
014047096000 192193056000
008029231211 192139124000
004068014123 192178083120
001236208000 192135100000
001074078000 192178096214
015024080000 192075228000
008244038000 192003076000
013225201000 192178240232
023045021250 192188176000
004028142224 185197200000
002020044000 192139224000
020033050000 192178097180
005254031000 192156208000
005196162192 192075131000
020202170000 192000062000
005062060041 190105157000
015248012044 188136172000
005182088000 192178046080
001118036128 190242091000
005180134008 192207046000
004068059149 192165130000
017020112000 190109056000
012215136000 192030051000
002182176000 192178073142
001039183000 192178082228
002187240000 192171000000
008243004000 192236118000
005062060120 192178182000
013105015060 192088188000
001028096000 192178098236
005178024000 192175000064
002022240000 191101006000
008017062000 192198032000
017001128000 192193245000
001024095000 192178158127
005053005116 192178109176
001009244012 192147040000
004068071036 186211113000
002255250204 187253253093
002255180000 192199064000
008029228016 192178105102
001255028000 192193039000
002018215056 192137084000
001224186000 192178044201
008227134028 192138120000
005061000000 192111122000
002017120032 192086123000
012231048000 192155001000
005189220000 192232168000
004068037171 192082088000
008034048000 189076074000
008048243052 190084240000
004042072232 192234102000
002016018000 192178085183
008043064000 192135168000
004069226128 192178076026
005011014128 192043250000
005025160000 192071236000
002027087000 192178120160
001031064000 192206242000
023190172000 192100206000
002022116184 192174016000
001179100000 192178080201
008039230000 192230064000
001178020000 192153157000
023146033000 192206201000
023156208096 192094066000
013225078000 190228170000
008044096000 192140007000
005180132089 185238242065
008043232000 192178121106
023033172000 192233201028
014129140000 192193116128
002017120064 190227012000
005255148094 192165175000
001202000000 192171208000
005062063072 187049096000
005252147000 192071004000
038121081020 192233199188
001011048000 192148008000
004042075056 192005024000
002017109184 192048095000
002183176000 188209215000
002017110103 192006096000
015158056168 192081000000
004068073208 185245095120
002017037000 192154073000
005196253142 192228004041
017000017104 190212105096
002018120000 192231116000
003174248000 192178105082
003172007000 192008044000
001209180000 192047240000
013034111128 192178111230
001023194000 192107192000
003002035032 185227180104
004071175000 188121038064
005053000134 192235206000
001208112130 185101020008
003033055124 192058005000
005104048072 190127136000
005135038000 192165136000
008047150016 192244080000
005023032000 192112160150
012071220000 192178247006
008150000000 192178248238
005199192000 192005254000
003166012000 192170000000
015230068000 185106202000
006070066000 192124022000
012236224000 192101190000
012035120000 192073118000
012154192000 192109223000
005255148158 192061160000
002059048000 192047030000
003172022000 192150184000
032114067042 192230232000
001213106000 188215076000
008014205000 192165174000
001178172000 191234074128
001224160000 192240125000
005042211000 191101245000
002019007128 192178072176
008029231154 192046052000
023146018000 192029016000
005062061100 192056205000
023246060184 190185152000
008010066000 184105135240
001009244014 192030143000
003161221000 185085209232
004016048240 192178246150
023237186000 192178078112
013108000016 192086150000
031041014000 192193208000
001024064000 192137040000
004016051064 192064215000
018065048000 192188121000
008015201000 189218056000
004069231245 190114168000
023026217000 192178078088
002021175234 192178046046
001178198242 192146115000
002189045000 192077152000
005231230000 192178121048
005135235224 190228095000
017080152000 192112160214
005011009032 192232054000
002019214009 192047248000
005159238014 192197223000
023027123000 192203036000
003175144000 192187192000
002255249174 192216138000
023206250000 192048102000
023012036060 192072064000
018002032000 191101056000
005008200000 192178072004
013225026000 192197158128
004068062026 191234075000
002057255016 185230124000
001249109000 186121236000
004069249042 192156246000
017118195168 190082120000
003173227000 192156024000
001025088000 192149252000
023141221000 174076224000
002017120044 184104193135
014206004000 190109096000
005062059229 192094088000
005062061146 188137156000
001007084000 192244246000
008048050000 192221252000
004004193208 192190004000
001255048000 184104194125
003002076000 192195137000
008035088000 192178068238
004068073056 192232034000
002017108232 192178070012
005196098224 192231036192
023255005088 192178045010
002189228000 192178070022
004036040008 192227104000
038122088000 192178083048
003171200000 192178104074
002019052000 192139206000
001179208000 185134048000
020157198000 192138016000
001230000000 192088200000
002021098000 188095153192
005042219000 190006156000
004068106160 190012157000
003175024000 192092164000
004069170136 185233130000
004068071115 192132054000
008062176000 184104202130
005008183000 192169220000
005010194000 192178205000
001208178224 192169006000
023137066000 192205208000
008034028000 192178121244
013108001236 192223046000
002058174000 192178250044
005083222000 185141091000
005062085111 192109110000
001178203031 192195197000
014139047000 192178108042
001187176000 192084074000
023011112000 185156026000
012034128000 192228005000
002189224000 189218142000
015251000030 192178120087
012007204000 192076188000
004068062238 192152248208
005180054036 192147154000
008029231139 192178071060
008227116122 192141224000
008042120048 192177134000
001178202000 192223010128
005143227000 192153144000
004145000000 190116130214
001208148008 192178045028
008048246184 192154240000
013034117064 192177110000
004014000000 188121057000
004068072201 192152223000
002021175213 191096251000
003161220000 183048000000
014143083095 192140228000
002181192000 192197160058
008227116137 192067168000
005053004069 192137184000
004069142253 192178121028
023255008160 192178244220
002018212070 190159056000
002017120108 192203035000
023165176000 192190112000
023009128000 192178121032
008224179000 192207124000
014102054008 190220016000
005135015192 192064038000
005009000000 192233197096
004001117112 188125012000
003174173000 192173152000
004069171000 192233200244
005101089000 187253253070
008029228152 192152196000
008010084000 192178107142
005180108000 192131088000
013105026000 192178247128
023019240000 189149000000
023215054029 192206194000
005062059248 185022029000
004001088000 187214005048
020157120000 192122032000
003004012044 192225056000
031058222000 187084148000
001000196000 192086015000
005172177128 192131093000
005056016000 192193038000
002018213056 185110044000
013105018064 192188174000
012071224000 192178098168
023134001000 192149140000
004144128000 192233193160
001237240000 192178244216
001009243048 188114220064
005159218071 188235112000
004059178010 192178078047
005062054000 192170130000
032114104248 192178097098
005039019235 185208172160
005062062224 192238002000
002019004102 188128015192
015248002168 192178121134
002255251215 192075212000
005062042144 192064249000
023135019000 192237128000
001020117000 192234206000
005104038064 192131028000
002059195000 192139147000
023032063082 192178029198
005039022192 192049076000
013106162022 192229168000
004068111190 192076123000
008042124128 185163204000
005196190070 189194008000
005144135000 188035128000
012146032000 192030249000
005053007056 190123128000
017248010000 192158234000
005154156050 192178251190
004068039220 192206087000
002058236000 192086104000
005056020104 192094227000
003169114000 192178029222
005062057116 192107252000
002180254000 192236212000
005154154112 192129010000
005105230000 180190152000
002016102000 192178075232
004016055036 192178138224
005062063116 192178068170
005101108000 185000014172
001235104000 192178252096
002016144000 192178109114
001208147222 192139139000
001178094000 192178244238
015158141000 185129056000
004069203114 192136120000
002058048152 192193171000
003164203000 192178108000
005231075000 191096019000
001023095000 191101251000
002037111000 192119111188
002180240000 188249096000
001025092000 192109126000
015158198000 192197152000
034143098016 192100197000
008029230027 190158082000
001237224000 192228093000
002059026000 192178138208
006042128000 192189184000
005253204098 185235199000
003002077000 192175112000
004232128000 192178075176
002016236000 185123035064
004069215020 192195003000
001213153109 192234204000
003004012031 192233199012
002255249162 192178081184
001213150000 192131108000
002021088000 192207138000
003171194000 192188096000
005195192000 192016185000
002017108090 192100112000
002019206000 185120244000
008041136000 188093010000
008049140000 192040244000
003164002000 192223162000
001208108000 192043202000
004069240022 192135199000
005056019043 192219090000
005188208000 192098039000
002017109111 192178252012
005181171000 192178253144
017001089024 192163002000
001255228000 190023254000
002057184000 192195187000
003162184000 192178249156
002027042000 188051128000
008045173000 185207126000
013034019008 192081102000
017127248000 186170088000
002017109033 192034198000
002188235000 192056226000
001204000000 192193149000
002021012000 192197222000
031058146000 190182140000
004036040224 191117000000
004068062160 192154196128
002056168000 187061027000
006049080000 192196000000
023032005000 192065204000
001024094000 192152089000
004068039022 192151199000
023142212253 192178029188
005253084000 185242128000
005183110000 192233193176
002018182000 192233197102
004069151240 185160160000
008014136000 192233196192
008003066000 192154092000
002017132000 192046160000
001244195000 192231174000
005180135017 192083199000
027035024000 192178045200
004068074156 192137120000
003163239224 192178046040
008029230217 192233196040
008012012000 192231078000
004001115248 188065240000
003175046000 189196040000
005230032000 192102215000
004068068091 192198208000
017000011216 185214110240
001232012000 192152063000
023224238000 190123068000
005042211122 192132011000
023197220000 192028104000
014001100056 192081194000
014022120000 192055225000
002021175251 192195149000
004069219221 192157189000
002056222000 192240125168
020190158000 192052052000
005159080000 192101088000
002255249080 190181016000
004069211080 190171003000
005178044128 192200160000
003174064000 192233201120
004068070240 188165017120
003174076000 192030223000
002017108248 185160136000
014148144000 192233207141
005062042160 188165171076
005104042160 192187144000
014129144000 187251021040
018155254000 192236072000
005105160000 192137092000
002057251000 191101155000
001230224000 190001072000
005181052000 192054080000
002017240000 192124230000
004068073154 188165133079
002018212232 192245037000
005053003044 192042148000
005062061173 189076000000
001208172128 192178029110
003161024000 192111223000
015248012124 192178244120
005053007051 192206068000
023222120000 192238162000
004028143088 188191105000
027041000000 185112135009
001208179172 190111064000
023165001000 192020247000
002021175046 192178240146
005003090000 192233194064
002016212000 192178240230
001071128000 192178120107
004069239008 192178073110
008044002000 192245006000
001227197000 190152093000
002019007186 192178122000
004001114064 192157160000
023151028000 192205024000
013104186144 192152129000
005062061058 192237125000
003172064128 192178110096
002057162000 188145000000
005196237200 192157025104
004068039148 192237113000
005062114000 192198170000
008211224000 192178106218
018068221000 192154036000
005253204160 185237008000
005196253181 191101247000
004068068020 188212249000
014104000000 192241084000
005056064000 192178029103
013070000000 192178158190
001039075000 192188155000
005008074000 192103176000
001236064000 190156076000
002255254088 192188007000
009144251000 192197208000
023156136000 192178254128
003034000000 185236041016
002056038000 185164057000
004069171052 192049078000
008052233064 189246048000
002022118000 192208158000
013017148000 192178109132
002017111218 185201254000
013104134000 192233198143
005133096000 192178252092
005035160050 188253008000
002017109026 185143132000
001018128080 192177047000
002018072000 192198072000
005208000000 192204144000
001022021000 192153088000
005062061169 192231033000
005159218040 192138196000
005062061230 192186192000
014038112000 192112021000
005056019216 190089033000
002056186000 190158000000
018067096000 192178105162
005135042184 192240159000
014226000000 192150243000
002019007228 192207082000
004068037121 192190007000
004068074012 192121074000
012152000000 192229091000
